seed,MAX_CANDS,user,matched_ctx,total_cands,in_context,out_context,contamination_rate
42,20,บุคคล1,งานฌาปนกิจศพ,20,20,0,0.0
42,20,บุคคล10,การเผยแพร่วัฒนธรรมในประเทศ,20,20,0,0.0
42,20,บุคคล11,งานเปิดบริษัท,20,20,0,0.0
42,20,บุคคล12,การเผยแพร่วัฒนธรรมในประเทศ,20,20,0,0.0
42,20,บุคคล13,งานทำบุญ,20,20,0,0.0
42,20,บุคคล14,งานเทศมหาชาติ,20,20,0,0.0
42,20,บุคคล15,งานไหว้ครู,20,20,0,0.0
42,20,บุคคล16,วันสงกรานต์,20,20,0,0.0
42,20,บุคคล17,งานต้อนรับอาคันตุกะ,20,20,0,0.0
42,20,บุคคล18,การเผยแพร่วัฒนธรรมต่างประเทศ,20,20,0,0.0
42,20,บุคคล19,วันสงกรานต์,20,20,0,0.0
42,20,บุคคล2,วันลอยกระทง,20,20,0,0.0
42,20,บุคคล20,งานสวดอภิธรรม,20,20,0,0.0
42,20,บุคคล21,งานพระราชทานเพลิงศพ,20,20,0,0.0
42,20,บุคคล22,งานขึ้นบ้านใหม่,20,20,0,0.0
42,20,บุคคล23,งานพระราชทานเพลิงศพ,20,20,0,0.0
42,20,บุคคล24,งานฌาปนกิจศพ,20,20,0,0.0
42,20,บุคคล25,งานฌาปนกิจศพ,20,20,0,0.0
42,20,บุคคล26,การเผยแพร่วัฒนธรรมต่างประเทศ,20,20,0,0.0
42,20,บุคคล27,การเผยแพร่วัฒนธรรมในประเทศ,20,20,0,0.0
42,20,บุคคล28,การเผยแพร่วัฒนธรรมต่างประเทศ,20,20,0,0.0
42,20,บุคคล29,การเผยแพร่วัฒนธรรมในประเทศ,20,20,0,0.0
42,20,บุคคล3,งานขึ้นบ้านใหม่,20,20,0,0.0
42,20,บุคคล30,การเผยแพร่วัฒนธรรมในประเทศ,20,20,0,0.0
42,20,บุคคล31,การเผยแพร่วัฒนธรรมในประเทศ,20,20,0,0.0
42,20,บุคคล32,การเผยแพร่วัฒนธรรมในประเทศ,20,20,0,0.0
42,20,บุคคล33,งานแต่งงาน,20,20,0,0.0
42,20,บุคคล34,งานขึ้นบ้านใหม่,20,20,0,0.0
42,20,บุคคล35,งานพระราชทานเพลิงศพ,20,20,0,0.0
42,20,บุคคล36,งานฌาปนกิจศพ,20,20,0,0.0
42,20,บุคคล37,งานต้อนรับอาคันตุกะ,20,20,0,0.0
42,20,บุคคล38,การเผยแพร่วัฒนธรรมในประเทศ,20,20,0,0.0
42,20,บุคคล39,การเผยแพร่วัฒนธรรมต่างประเทศ,20,20,0,0.0
42,20,บุคคล4,วันเข้าพรรษา,19,19,0,0.0
42,20,บุคคล40,งานต้อนรับอาคันตุกะ,20,20,0,0.0
42,20,บุคคล5,งานเปิดบริษัท,20,20,0,0.0
42,20,บุคคล6,งานพระราชทานเพลิงศพ,20,20,0,0.0
42,20,บุคคล7,การเผยแพร่วัฒนธรรมในประเทศ,20,20,0,0.0
42,20,บุคคล8,วันสงกรานต์,20,20,0,0.0
42,20,บุคคล9,การเผยแพร่วัฒนธรรมต่างประเทศ,20,20,0,0.0
42,20,ราชการ1,การเผยแพร่วัฒนธรรมในประเทศ,20,20,0,0.0
42,20,ราชการ10,งานแต่งงาน,20,20,0,0.0
42,20,ราชการ11,การเผยแพร่วัฒนธรรมต่างประเทศ,20,20,0,0.0
42,20,ราชการ12,งานเฉลิมพระชนมพรรษาพระบรมวงศานุวงศ์,20,20,0,0.0
42,20,ราชการ13,งานสวดอภิธรรม,20,20,0,0.0
42,20,ราชการ14,งานแต่งงาน,20,20,0,0.0
42,20,ราชการ15,งานสโมสรสันนิบาต,16,16,0,0.0
42,20,ราชการ16,การเผยแพร่วัฒนธรรมในประเทศ,20,20,0,0.0
42,20,ราชการ17,งานทำบุญ,20,20,0,0.0
42,20,ราชการ18,งานพระราชทานเพลิงศพ,20,20,0,0.0
42,20,ราชการ19,งานพระราชทานเพลิงศพ,20,20,0,0.0
42,20,ราชการ2,การเผยแพร่วัฒนธรรมในประเทศ,20,20,0,0.0
42,20,ราชการ20,งานฌาปนกิจศพ,20,20,0,0.0
42,20,ราชการ21,งานฌาปนกิจศพ,20,20,0,0.0
42,20,ราชการ22,การเผยแพร่วัฒนธรรมในประเทศ,20,20,0,0.0
42,20,ราชการ23,วันสงกรานต์,20,20,0,0.0
42,20,ราชการ24,งานบวงสรวง,20,20,0,0.0
42,20,ราชการ25,งานวันเกิด,20,20,0,0.0
42,20,ราชการ26,งานแต่งงาน,20,20,0,0.0
42,20,ราชการ27,งานพระราชทานเพลิงศพ,20,20,0,0.0
42,20,ราชการ28,งานพระราชทานเพลิงศพ,20,20,0,0.0
42,20,ราชการ3,วันตรุษจีน,20,20,0,0.0
42,20,ราชการ4,งานบวงสรวง,20,20,0,0.0
42,20,ราชการ5,การเผยแพร่วัฒนธรรมในประเทศ,20,20,0,0.0
42,20,ราชการ6,งานสวดอภิธรรม,20,20,0,0.0
42,20,ราชการ7,วันสงกรานต์,20,20,0,0.0
42,20,ราชการ8,งานเปิดบริษัท,20,20,0,0.0
42,20,ราชการ9,งานสวดอภิธรรม,20,20,0,0.0
42,20,องค์การระหว่างประเทศ1,งานเปิดบริษัท,20,20,0,0.0
42,20,องค์การระหว่างประเทศ10,การเผยแพร่วัฒนธรรมต่างประเทศ,20,20,0,0.0
42,20,องค์การระหว่างประเทศ11,การเผยแพร่วัฒนธรรมในประเทศ,20,20,0,0.0
42,20,องค์การระหว่างประเทศ12,งานต้อนรับอาคันตุกะ,20,20,0,0.0
42,20,องค์การระหว่างประเทศ13,การเผยแพร่วัฒนธรรมต่างประเทศ,20,20,0,0.0
42,20,องค์การระหว่างประเทศ14,วันขึ้นปีใหม่,20,20,0,0.0
42,20,องค์การระหว่างประเทศ15,งานบวงสรวง,20,20,0,0.0
42,20,องค์การระหว่างประเทศ16,งานฌาปนกิจศพ,20,20,0,0.0
42,20,องค์การระหว่างประเทศ17,งานสวดอภิธรรม,20,20,0,0.0
42,20,องค์การระหว่างประเทศ18,งานทำบุญ,20,20,0,0.0
42,20,องค์การระหว่างประเทศ19,งานฌาปนกิจศพ,20,20,0,0.0
42,20,องค์การระหว่างประเทศ2,งานสโมสรสันนิบาต,16,16,0,0.0
42,20,องค์การระหว่างประเทศ20,การเผยแพร่วัฒนธรรมในประเทศ,20,20,0,0.0
42,20,องค์การระหว่างประเทศ21,งานเปิดบริษัท,20,20,0,0.0
42,20,องค์การระหว่างประเทศ22,วันสงกรานต์,20,20,0,0.0
42,20,องค์การระหว่างประเทศ23,งานพระราชทานเพลิงศพ,20,20,0,0.0
42,20,องค์การระหว่างประเทศ24,งานฌาปนกิจศพ,20,20,0,0.0
42,20,องค์การระหว่างประเทศ25,วันลอยกระทง,20,20,0,0.0
42,20,องค์การระหว่างประเทศ26,การเผยแพร่วัฒนธรรมต่างประเทศ,20,20,0,0.0
42,20,องค์การระหว่างประเทศ27,งานพระราชทานเพลิงศพ,20,20,0,0.0
42,20,องค์การระหว่างประเทศ3,งานสวดอภิธรรม,20,20,0,0.0
42,20,องค์การระหว่างประเทศ4,งานวันเกิด,20,20,0,0.0
42,20,องค์การระหว่างประเทศ5,การเผยแพร่วัฒนธรรมในประเทศ,20,20,0,0.0
42,20,องค์การระหว่างประเทศ6,งานต้อนรับอาคันตุกะ,20,20,0,0.0
42,20,องค์การระหว่างประเทศ7,งานขึ้นบ้านใหม่,20,20,0,0.0
42,20,องค์การระหว่างประเทศ8,งานต้อนรับอาคันตุกะ,20,20,0,0.0
42,20,องค์การระหว่างประเทศ9,การเผยแพร่วัฒนธรรมในประเทศ,20,20,0,0.0
42,20,เอกชน1,การเผยแพร่วัฒนธรรมในประเทศ,20,20,0,0.0
42,20,เอกชน10,การเผยแพร่วัฒนธรรมในประเทศ,20,20,0,0.0
42,20,เอกชน11,วันสงกรานต์,20,20,0,0.0
42,20,เอกชน12,การเผยแพร่วัฒนธรรมต่างประเทศ,20,20,0,0.0
42,20,เอกชน13,การเผยแพร่วัฒนธรรมต่างประเทศ,20,20,0,0.0
42,20,เอกชน14,งานฌาปนกิจศพ,20,20,0,0.0
42,20,เอกชน15,งานเฉลิมพระชนมพรรษาพระบรมวงศานุวงศ์,20,20,0,0.0
42,20,เอกชน16,งานทำบุญ,20,20,0,0.0
42,20,เอกชน17,งานฌาปนกิจศพ,20,20,0,0.0
42,20,เอกชน18,งานทำบุญ,20,20,0,0.0
42,20,เอกชน19,การเผยแพร่วัฒนธรรมในประเทศ,20,20,0,0.0
42,20,เอกชน2,งานบวงสรวง,20,20,0,0.0
42,20,เอกชน20,งานเปิดบริษัท,20,20,0,0.0
42,20,เอกชน21,งานพระราชทานเพลิงศพ,20,20,0,0.0
42,20,เอกชน22,งานพระราชทานเพลิงศพ,20,20,0,0.0
42,20,เอกชน23,การเผยแพร่วัฒนธรรมในประเทศ,20,20,0,0.0
42,20,เอกชน24,การเผยแพร่วัฒนธรรมในประเทศ,20,20,0,0.0
42,20,เอกชน25,การเผยแพร่วัฒนธรรมในประเทศ,20,20,0,0.0
42,20,เอกชน26,การเผยแพร่วัฒนธรรมในประเทศ,20,20,0,0.0
42,20,เอกชน27,งานฌาปนกิจศพ,20,20,0,0.0
42,20,เอกชน28,งานสวดมนต์ข้ามปี,20,20,0,0.0
42,20,เอกชน29,งานต้อนรับอาคันตุกะ,20,20,0,0.0
42,20,เอกชน3,การเผยแพร่วัฒนธรรมในประเทศ,20,20,0,0.0
42,20,เอกชน30,งานทำบุญ,20,20,0,0.0
42,20,เอกชน31,งานสวดอภิธรรม,20,20,0,0.0
42,20,เอกชน32,งานทำบุญ,20,20,0,0.0
42,20,เอกชน33,การเผยแพร่วัฒนธรรมในประเทศ,20,20,0,0.0
42,20,เอกชน34,วันขึ้นปีใหม่,20,20,0,0.0
42,20,เอกชน35,งานสวดอภิธรรม,20,20,0,0.0
42,20,เอกชน36,วันสงกรานต์,20,20,0,0.0
42,20,เอกชน37,วันขึ้นปีใหม่,20,20,0,0.0
42,20,เอกชน38,วันสงกรานต์,20,20,0,0.0
42,20,เอกชน39,วันขึ้นปีใหม่,20,20,0,0.0
42,20,เอกชน4,งานแต่งงาน,20,20,0,0.0
42,20,เอกชน40,วันตรุษจีน,20,20,0,0.0
42,20,เอกชน41,วันลอยกระทง,20,20,0,0.0
42,20,เอกชน42,การเผยแพร่วัฒนธรรมในประเทศ,20,20,0,0.0
42,20,เอกชน43,วันขึ้นปีใหม่,20,20,0,0.0
42,20,เอกชน44,วันลอยกระทง,20,20,0,0.0
42,20,เอกชน45,วันตรุษจีน,20,20,0,0.0
42,20,เอกชน46,งานทำบุญ,20,20,0,0.0
42,20,เอกชน47,งานวันเกิด,20,20,0,0.0
42,20,เอกชน48,งานบวงสรวง,20,20,0,0.0
42,20,เอกชน49,งานสวดอภิธรรม,20,20,0,0.0
42,20,เอกชน5,งานขึ้นบ้านใหม่,20,20,0,0.0
42,20,เอกชน50,การเผยแพร่วัฒนธรรมต่างประเทศ,20,20,0,0.0
42,20,เอกชน51,การเผยแพร่วัฒนธรรมต่างประเทศ,20,20,0,0.0
42,20,เอกชน52,วันตรุษจีน,20,20,0,0.0
42,20,เอกชน53,วันลอยกระทง,20,20,0,0.0
42,20,เอกชน54,การเผยแพร่วัฒนธรรมในประเทศ,20,20,0,0.0
42,20,เอกชน55,วันสงกรานต์,20,20,0,0.0
42,20,เอกชน56,วันลอยกระทง,20,20,0,0.0
42,20,เอกชน57,งานพระราชทานเพลิงศพ,20,20,0,0.0
42,20,เอกชน58,วันขึ้นปีใหม่,20,20,0,0.0
42,20,เอกชน59,งานวันเกิด,20,20,0,0.0
42,20,เอกชน6,งานเปิดบริษัท,20,20,0,0.0
42,20,เอกชน60,วันสงกรานต์,20,20,0,0.0
42,20,เอกชน61,การเผยแพร่วัฒนธรรมในประเทศ,20,20,0,0.0
42,20,เอกชน7,งานพระราชทานเพลิงศพ,20,20,0,0.0
42,20,เอกชน8,วันขึ้นปีใหม่,20,20,0,0.0
42,20,เอกชน9,งานต้อนรับอาคันตุกะ,20,20,0,0.0
42,40,บุคคล1,งานฌาปนกิจศพ,40,40,0,0.0
42,40,บุคคล10,การเผยแพร่วัฒนธรรมในประเทศ,40,40,0,0.0
42,40,บุคคล11,งานเปิดบริษัท,40,40,0,0.0
42,40,บุคคล12,การเผยแพร่วัฒนธรรมในประเทศ,40,40,0,0.0
42,40,บุคคล13,งานทำบุญ,40,40,0,0.0
42,40,บุคคล14,งานเทศมหาชาติ,22,22,0,0.0
42,40,บุคคล15,งานไหว้ครู,23,23,0,0.0
42,40,บุคคล16,วันสงกรานต์,40,40,0,0.0
42,40,บุคคล17,งานต้อนรับอาคันตุกะ,40,40,0,0.0
42,40,บุคคล18,การเผยแพร่วัฒนธรรมต่างประเทศ,40,40,0,0.0
42,40,บุคคล19,วันสงกรานต์,40,40,0,0.0
42,40,บุคคล2,วันลอยกระทง,40,40,0,0.0
42,40,บุคคล20,งานสวดอภิธรรม,40,40,0,0.0
42,40,บุคคล21,งานพระราชทานเพลิงศพ,36,36,0,0.0
42,40,บุคคล22,งานขึ้นบ้านใหม่,40,40,0,0.0
42,40,บุคคล23,งานพระราชทานเพลิงศพ,36,36,0,0.0
42,40,บุคคล24,งานฌาปนกิจศพ,40,40,0,0.0
42,40,บุคคล25,งานฌาปนกิจศพ,40,40,0,0.0
42,40,บุคคล26,การเผยแพร่วัฒนธรรมต่างประเทศ,40,40,0,0.0
42,40,บุคคล27,การเผยแพร่วัฒนธรรมในประเทศ,40,40,0,0.0
42,40,บุคคล28,การเผยแพร่วัฒนธรรมต่างประเทศ,40,40,0,0.0
42,40,บุคคล29,การเผยแพร่วัฒนธรรมในประเทศ,40,40,0,0.0
42,40,บุคคล3,งานขึ้นบ้านใหม่,40,40,0,0.0
42,40,บุคคล30,การเผยแพร่วัฒนธรรมในประเทศ,40,40,0,0.0
42,40,บุคคล31,การเผยแพร่วัฒนธรรมในประเทศ,40,40,0,0.0
42,40,บุคคล32,การเผยแพร่วัฒนธรรมในประเทศ,40,40,0,0.0
42,40,บุคคล33,งานแต่งงาน,33,33,0,0.0
42,40,บุคคล34,งานขึ้นบ้านใหม่,40,40,0,0.0
42,40,บุคคล35,งานพระราชทานเพลิงศพ,36,36,0,0.0
42,40,บุคคล36,งานฌาปนกิจศพ,40,40,0,0.0
42,40,บุคคล37,งานต้อนรับอาคันตุกะ,40,40,0,0.0
42,40,บุคคล38,การเผยแพร่วัฒนธรรมในประเทศ,40,40,0,0.0
42,40,บุคคล39,การเผยแพร่วัฒนธรรมต่างประเทศ,40,40,0,0.0
42,40,บุคคล4,วันเข้าพรรษา,19,19,0,0.0
42,40,บุคคล40,งานต้อนรับอาคันตุกะ,40,40,0,0.0
42,40,บุคคล5,งานเปิดบริษัท,40,40,0,0.0
42,40,บุคคล6,งานพระราชทานเพลิงศพ,36,36,0,0.0
42,40,บุคคล7,การเผยแพร่วัฒนธรรมในประเทศ,40,40,0,0.0
42,40,บุคคล8,วันสงกรานต์,40,40,0,0.0
42,40,บุคคล9,การเผยแพร่วัฒนธรรมต่างประเทศ,40,40,0,0.0
42,40,ราชการ1,การเผยแพร่วัฒนธรรมในประเทศ,40,40,0,0.0
42,40,ราชการ10,งานแต่งงาน,33,33,0,0.0
42,40,ราชการ11,การเผยแพร่วัฒนธรรมต่างประเทศ,40,40,0,0.0
42,40,ราชการ12,งานเฉลิมพระชนมพรรษาพระบรมวงศานุวงศ์,23,23,0,0.0
42,40,ราชการ13,งานสวดอภิธรรม,40,40,0,0.0
42,40,ราชการ14,งานแต่งงาน,33,33,0,0.0
42,40,ราชการ15,งานสโมสรสันนิบาต,16,16,0,0.0
42,40,ราชการ16,การเผยแพร่วัฒนธรรมในประเทศ,40,40,0,0.0
42,40,ราชการ17,งานทำบุญ,40,40,0,0.0
42,40,ราชการ18,งานพระราชทานเพลิงศพ,36,36,0,0.0
42,40,ราชการ19,งานพระราชทานเพลิงศพ,36,36,0,0.0
42,40,ราชการ2,การเผยแพร่วัฒนธรรมในประเทศ,40,40,0,0.0
42,40,ราชการ20,งานฌาปนกิจศพ,40,40,0,0.0
42,40,ราชการ21,งานฌาปนกิจศพ,40,40,0,0.0
42,40,ราชการ22,การเผยแพร่วัฒนธรรมในประเทศ,40,40,0,0.0
42,40,ราชการ23,วันสงกรานต์,40,40,0,0.0
42,40,ราชการ24,งานบวงสรวง,30,30,0,0.0
42,40,ราชการ25,งานวันเกิด,40,40,0,0.0
42,40,ราชการ26,งานแต่งงาน,33,33,0,0.0
42,40,ราชการ27,งานพระราชทานเพลิงศพ,36,36,0,0.0
42,40,ราชการ28,งานพระราชทานเพลิงศพ,36,36,0,0.0
42,40,ราชการ3,วันตรุษจีน,38,38,0,0.0
42,40,ราชการ4,งานบวงสรวง,30,30,0,0.0
42,40,ราชการ5,การเผยแพร่วัฒนธรรมในประเทศ,40,40,0,0.0
42,40,ราชการ6,งานสวดอภิธรรม,40,40,0,0.0
42,40,ราชการ7,วันสงกรานต์,40,40,0,0.0
42,40,ราชการ8,งานเปิดบริษัท,40,40,0,0.0
42,40,ราชการ9,งานสวดอภิธรรม,40,40,0,0.0
42,40,องค์การระหว่างประเทศ1,งานเปิดบริษัท,40,40,0,0.0
42,40,องค์การระหว่างประเทศ10,การเผยแพร่วัฒนธรรมต่างประเทศ,40,40,0,0.0
42,40,องค์การระหว่างประเทศ11,การเผยแพร่วัฒนธรรมในประเทศ,40,40,0,0.0
42,40,องค์การระหว่างประเทศ12,งานต้อนรับอาคันตุกะ,40,40,0,0.0
42,40,องค์การระหว่างประเทศ13,การเผยแพร่วัฒนธรรมต่างประเทศ,40,40,0,0.0
42,40,องค์การระหว่างประเทศ14,วันขึ้นปีใหม่,40,40,0,0.0
42,40,องค์การระหว่างประเทศ15,งานบวงสรวง,30,30,0,0.0
42,40,องค์การระหว่างประเทศ16,งานฌาปนกิจศพ,40,40,0,0.0
42,40,องค์การระหว่างประเทศ17,งานสวดอภิธรรม,40,40,0,0.0
42,40,องค์การระหว่างประเทศ18,งานทำบุญ,40,40,0,0.0
42,40,องค์การระหว่างประเทศ19,งานฌาปนกิจศพ,40,40,0,0.0
42,40,องค์การระหว่างประเทศ2,งานสโมสรสันนิบาต,16,16,0,0.0
42,40,องค์การระหว่างประเทศ20,การเผยแพร่วัฒนธรรมในประเทศ,40,40,0,0.0
42,40,องค์การระหว่างประเทศ21,งานเปิดบริษัท,40,40,0,0.0
42,40,องค์การระหว่างประเทศ22,วันสงกรานต์,40,40,0,0.0
42,40,องค์การระหว่างประเทศ23,งานพระราชทานเพลิงศพ,36,36,0,0.0
42,40,องค์การระหว่างประเทศ24,งานฌาปนกิจศพ,40,40,0,0.0
42,40,องค์การระหว่างประเทศ25,วันลอยกระทง,40,40,0,0.0
42,40,องค์การระหว่างประเทศ26,การเผยแพร่วัฒนธรรมต่างประเทศ,40,40,0,0.0
42,40,องค์การระหว่างประเทศ27,งานพระราชทานเพลิงศพ,36,36,0,0.0
42,40,องค์การระหว่างประเทศ3,งานสวดอภิธรรม,40,40,0,0.0
42,40,องค์การระหว่างประเทศ4,งานวันเกิด,40,40,0,0.0
42,40,องค์การระหว่างประเทศ5,การเผยแพร่วัฒนธรรมในประเทศ,40,40,0,0.0
42,40,องค์การระหว่างประเทศ6,งานต้อนรับอาคันตุกะ,40,40,0,0.0
42,40,องค์การระหว่างประเทศ7,งานขึ้นบ้านใหม่,40,40,0,0.0
42,40,องค์การระหว่างประเทศ8,งานต้อนรับอาคันตุกะ,40,40,0,0.0
42,40,องค์การระหว่างประเทศ9,การเผยแพร่วัฒนธรรมในประเทศ,40,40,0,0.0
42,40,เอกชน1,การเผยแพร่วัฒนธรรมในประเทศ,40,40,0,0.0
42,40,เอกชน10,การเผยแพร่วัฒนธรรมในประเทศ,40,40,0,0.0
42,40,เอกชน11,วันสงกรานต์,40,40,0,0.0
42,40,เอกชน12,การเผยแพร่วัฒนธรรมต่างประเทศ,40,40,0,0.0
42,40,เอกชน13,การเผยแพร่วัฒนธรรมต่างประเทศ,40,40,0,0.0
42,40,เอกชน14,งานฌาปนกิจศพ,40,40,0,0.0
42,40,เอกชน15,งานเฉลิมพระชนมพรรษาพระบรมวงศานุวงศ์,23,23,0,0.0
42,40,เอกชน16,งานทำบุญ,40,40,0,0.0
42,40,เอกชน17,งานฌาปนกิจศพ,40,40,0,0.0
42,40,เอกชน18,งานทำบุญ,40,40,0,0.0
42,40,เอกชน19,การเผยแพร่วัฒนธรรมในประเทศ,40,40,0,0.0
42,40,เอกชน2,งานบวงสรวง,30,30,0,0.0
42,40,เอกชน20,งานเปิดบริษัท,40,40,0,0.0
42,40,เอกชน21,งานพระราชทานเพลิงศพ,36,36,0,0.0
42,40,เอกชน22,งานพระราชทานเพลิงศพ,36,36,0,0.0
42,40,เอกชน23,การเผยแพร่วัฒนธรรมในประเทศ,40,40,0,0.0
42,40,เอกชน24,การเผยแพร่วัฒนธรรมในประเทศ,40,40,0,0.0
42,40,เอกชน25,การเผยแพร่วัฒนธรรมในประเทศ,40,40,0,0.0
42,40,เอกชน26,การเผยแพร่วัฒนธรรมในประเทศ,40,40,0,0.0
42,40,เอกชน27,งานฌาปนกิจศพ,40,40,0,0.0
42,40,เอกชน28,งานสวดมนต์ข้ามปี,29,29,0,0.0
42,40,เอกชน29,งานต้อนรับอาคันตุกะ,40,40,0,0.0
42,40,เอกชน3,การเผยแพร่วัฒนธรรมในประเทศ,40,40,0,0.0
42,40,เอกชน30,งานทำบุญ,40,40,0,0.0
42,40,เอกชน31,งานสวดอภิธรรม,40,40,0,0.0
42,40,เอกชน32,งานทำบุญ,40,40,0,0.0
42,40,เอกชน33,การเผยแพร่วัฒนธรรมในประเทศ,40,40,0,0.0
42,40,เอกชน34,วันขึ้นปีใหม่,40,40,0,0.0
42,40,เอกชน35,งานสวดอภิธรรม,40,40,0,0.0
42,40,เอกชน36,วันสงกรานต์,40,40,0,0.0
42,40,เอกชน37,วันขึ้นปีใหม่,40,40,0,0.0
42,40,เอกชน38,วันสงกรานต์,40,40,0,0.0
42,40,เอกชน39,วันขึ้นปีใหม่,40,40,0,0.0
42,40,เอกชน4,งานแต่งงาน,33,33,0,0.0
42,40,เอกชน40,วันตรุษจีน,38,38,0,0.0
42,40,เอกชน41,วันลอยกระทง,40,40,0,0.0
42,40,เอกชน42,การเผยแพร่วัฒนธรรมในประเทศ,40,40,0,0.0
42,40,เอกชน43,วันขึ้นปีใหม่,40,40,0,0.0
42,40,เอกชน44,วันลอยกระทง,40,40,0,0.0
42,40,เอกชน45,วันตรุษจีน,38,38,0,0.0
42,40,เอกชน46,งานทำบุญ,40,40,0,0.0
42,40,เอกชน47,งานวันเกิด,40,40,0,0.0
42,40,เอกชน48,งานบวงสรวง,30,30,0,0.0
42,40,เอกชน49,งานสวดอภิธรรม,40,40,0,0.0
42,40,เอกชน5,งานขึ้นบ้านใหม่,40,40,0,0.0
42,40,เอกชน50,การเผยแพร่วัฒนธรรมต่างประเทศ,40,40,0,0.0
42,40,เอกชน51,การเผยแพร่วัฒนธรรมต่างประเทศ,40,40,0,0.0
42,40,เอกชน52,วันตรุษจีน,38,38,0,0.0
42,40,เอกชน53,วันลอยกระทง,40,40,0,0.0
42,40,เอกชน54,การเผยแพร่วัฒนธรรมในประเทศ,40,40,0,0.0
42,40,เอกชน55,วันสงกรานต์,40,40,0,0.0
42,40,เอกชน56,วันลอยกระทง,40,40,0,0.0
42,40,เอกชน57,งานพระราชทานเพลิงศพ,36,36,0,0.0
42,40,เอกชน58,วันขึ้นปีใหม่,40,40,0,0.0
42,40,เอกชน59,งานวันเกิด,40,40,0,0.0
42,40,เอกชน6,งานเปิดบริษัท,40,40,0,0.0
42,40,เอกชน60,วันสงกรานต์,40,40,0,0.0
42,40,เอกชน61,การเผยแพร่วัฒนธรรมในประเทศ,40,40,0,0.0
42,40,เอกชน7,งานพระราชทานเพลิงศพ,36,36,0,0.0
42,40,เอกชน8,วันขึ้นปีใหม่,40,40,0,0.0
42,40,เอกชน9,งานต้อนรับอาคันตุกะ,40,40,0,0.0
42,80,บุคคล1,งานฌาปนกิจศพ,40,40,0,0.0
42,80,บุคคล10,การเผยแพร่วัฒนธรรมในประเทศ,80,80,0,0.0
42,80,บุคคล11,งานเปิดบริษัท,47,47,0,0.0
42,80,บุคคล12,การเผยแพร่วัฒนธรรมในประเทศ,80,80,0,0.0
42,80,บุคคล13,งานทำบุญ,47,47,0,0.0
42,80,บุคคล14,งานเทศมหาชาติ,22,22,0,0.0
42,80,บุคคล15,งานไหว้ครู,23,23,0,0.0
42,80,บุคคล16,วันสงกรานต์,62,62,0,0.0
42,80,บุคคล17,งานต้อนรับอาคันตุกะ,64,64,0,0.0
42,80,บุคคล18,การเผยแพร่วัฒนธรรมต่างประเทศ,66,66,0,0.0
42,80,บุคคล19,วันสงกรานต์,62,62,0,0.0
42,80,บุคคล2,วันลอยกระทง,54,54,0,0.0
42,80,บุคคล20,งานสวดอภิธรรม,40,40,0,0.0
42,80,บุคคล21,งานพระราชทานเพลิงศพ,36,36,0,0.0
42,80,บุคคล22,งานขึ้นบ้านใหม่,43,43,0,0.0
42,80,บุคคล23,งานพระราชทานเพลิงศพ,36,36,0,0.0
42,80,บุคคล24,งานฌาปนกิจศพ,40,40,0,0.0
42,80,บุคคล25,งานฌาปนกิจศพ,40,40,0,0.0
42,80,บุคคล26,การเผยแพร่วัฒนธรรมต่างประเทศ,66,66,0,0.0
42,80,บุคคล27,การเผยแพร่วัฒนธรรมในประเทศ,80,80,0,0.0
42,80,บุคคล28,การเผยแพร่วัฒนธรรมต่างประเทศ,66,66,0,0.0
42,80,บุคคล29,การเผยแพร่วัฒนธรรมในประเทศ,80,80,0,0.0
42,80,บุคคล3,งานขึ้นบ้านใหม่,43,43,0,0.0
42,80,บุคคล30,การเผยแพร่วัฒนธรรมในประเทศ,80,80,0,0.0
42,80,บุคคล31,การเผยแพร่วัฒนธรรมในประเทศ,80,80,0,0.0
42,80,บุคคล32,การเผยแพร่วัฒนธรรมในประเทศ,80,80,0,0.0
42,80,บุคคล33,งานแต่งงาน,33,33,0,0.0
42,80,บุคคล34,งานขึ้นบ้านใหม่,43,43,0,0.0
42,80,บุคคล35,งานพระราชทานเพลิงศพ,36,36,0,0.0
42,80,บุคคล36,งานฌาปนกิจศพ,40,40,0,0.0
42,80,บุคคล37,งานต้อนรับอาคันตุกะ,64,64,0,0.0
42,80,บุคคล38,การเผยแพร่วัฒนธรรมในประเทศ,80,80,0,0.0
42,80,บุคคล39,การเผยแพร่วัฒนธรรมต่างประเทศ,66,66,0,0.0
42,80,บุคคล4,วันเข้าพรรษา,19,19,0,0.0
42,80,บุคคล40,งานต้อนรับอาคันตุกะ,64,64,0,0.0
42,80,บุคคล5,งานเปิดบริษัท,47,47,0,0.0
42,80,บุคคล6,งานพระราชทานเพลิงศพ,36,36,0,0.0
42,80,บุคคล7,การเผยแพร่วัฒนธรรมในประเทศ,80,80,0,0.0
42,80,บุคคล8,วันสงกรานต์,62,62,0,0.0
42,80,บุคคล9,การเผยแพร่วัฒนธรรมต่างประเทศ,66,66,0,0.0
42,80,ราชการ1,การเผยแพร่วัฒนธรรมในประเทศ,80,80,0,0.0
42,80,ราชการ10,งานแต่งงาน,33,33,0,0.0
42,80,ราชการ11,การเผยแพร่วัฒนธรรมต่างประเทศ,66,66,0,0.0
42,80,ราชการ12,งานเฉลิมพระชนมพรรษาพระบรมวงศานุวงศ์,23,23,0,0.0
42,80,ราชการ13,งานสวดอภิธรรม,40,40,0,0.0
42,80,ราชการ14,งานแต่งงาน,33,33,0,0.0
42,80,ราชการ15,งานสโมสรสันนิบาต,16,16,0,0.0
42,80,ราชการ16,การเผยแพร่วัฒนธรรมในประเทศ,80,80,0,0.0
42,80,ราชการ17,งานทำบุญ,47,47,0,0.0
42,80,ราชการ18,งานพระราชทานเพลิงศพ,36,36,0,0.0
42,80,ราชการ19,งานพระราชทานเพลิงศพ,36,36,0,0.0
42,80,ราชการ2,การเผยแพร่วัฒนธรรมในประเทศ,80,80,0,0.0
42,80,ราชการ20,งานฌาปนกิจศพ,40,40,0,0.0
42,80,ราชการ21,งานฌาปนกิจศพ,40,40,0,0.0
42,80,ราชการ22,การเผยแพร่วัฒนธรรมในประเทศ,80,80,0,0.0
42,80,ราชการ23,วันสงกรานต์,62,62,0,0.0
42,80,ราชการ24,งานบวงสรวง,30,30,0,0.0
42,80,ราชการ25,งานวันเกิด,44,44,0,0.0
42,80,ราชการ26,งานแต่งงาน,33,33,0,0.0
42,80,ราชการ27,งานพระราชทานเพลิงศพ,36,36,0,0.0
42,80,ราชการ28,งานพระราชทานเพลิงศพ,36,36,0,0.0
42,80,ราชการ3,วันตรุษจีน,38,38,0,0.0
42,80,ราชการ4,งานบวงสรวง,30,30,0,0.0
42,80,ราชการ5,การเผยแพร่วัฒนธรรมในประเทศ,80,80,0,0.0
42,80,ราชการ6,งานสวดอภิธรรม,40,40,0,0.0
42,80,ราชการ7,วันสงกรานต์,62,62,0,0.0
42,80,ราชการ8,งานเปิดบริษัท,47,47,0,0.0
42,80,ราชการ9,งานสวดอภิธรรม,40,40,0,0.0
42,80,องค์การระหว่างประเทศ1,งานเปิดบริษัท,47,47,0,0.0
42,80,องค์การระหว่างประเทศ10,การเผยแพร่วัฒนธรรมต่างประเทศ,66,66,0,0.0
42,80,องค์การระหว่างประเทศ11,การเผยแพร่วัฒนธรรมในประเทศ,80,80,0,0.0
42,80,องค์การระหว่างประเทศ12,งานต้อนรับอาคันตุกะ,64,64,0,0.0
42,80,องค์การระหว่างประเทศ13,การเผยแพร่วัฒนธรรมต่างประเทศ,66,66,0,0.0
42,80,องค์การระหว่างประเทศ14,วันขึ้นปีใหม่,60,60,0,0.0
42,80,องค์การระหว่างประเทศ15,งานบวงสรวง,30,30,0,0.0
42,80,องค์การระหว่างประเทศ16,งานฌาปนกิจศพ,40,40,0,0.0
42,80,องค์การระหว่างประเทศ17,งานสวดอภิธรรม,40,40,0,0.0
42,80,องค์การระหว่างประเทศ18,งานทำบุญ,47,47,0,0.0
42,80,องค์การระหว่างประเทศ19,งานฌาปนกิจศพ,40,40,0,0.0
42,80,องค์การระหว่างประเทศ2,งานสโมสรสันนิบาต,16,16,0,0.0
42,80,องค์การระหว่างประเทศ20,การเผยแพร่วัฒนธรรมในประเทศ,80,80,0,0.0
42,80,องค์การระหว่างประเทศ21,งานเปิดบริษัท,47,47,0,0.0
42,80,องค์การระหว่างประเทศ22,วันสงกรานต์,62,62,0,0.0
42,80,องค์การระหว่างประเทศ23,งานพระราชทานเพลิงศพ,36,36,0,0.0
42,80,องค์การระหว่างประเทศ24,งานฌาปนกิจศพ,40,40,0,0.0
42,80,องค์การระหว่างประเทศ25,วันลอยกระทง,54,54,0,0.0
42,80,องค์การระหว่างประเทศ26,การเผยแพร่วัฒนธรรมต่างประเทศ,66,66,0,0.0
42,80,องค์การระหว่างประเทศ27,งานพระราชทานเพลิงศพ,36,36,0,0.0
42,80,องค์การระหว่างประเทศ3,งานสวดอภิธรรม,40,40,0,0.0
42,80,องค์การระหว่างประเทศ4,งานวันเกิด,44,44,0,0.0
42,80,องค์การระหว่างประเทศ5,การเผยแพร่วัฒนธรรมในประเทศ,80,80,0,0.0
42,80,องค์การระหว่างประเทศ6,งานต้อนรับอาคันตุกะ,64,64,0,0.0
42,80,องค์การระหว่างประเทศ7,งานขึ้นบ้านใหม่,43,43,0,0.0
42,80,องค์การระหว่างประเทศ8,งานต้อนรับอาคันตุกะ,64,64,0,0.0
42,80,องค์การระหว่างประเทศ9,การเผยแพร่วัฒนธรรมในประเทศ,80,80,0,0.0
42,80,เอกชน1,การเผยแพร่วัฒนธรรมในประเทศ,80,80,0,0.0
42,80,เอกชน10,การเผยแพร่วัฒนธรรมในประเทศ,80,80,0,0.0
42,80,เอกชน11,วันสงกรานต์,62,62,0,0.0
42,80,เอกชน12,การเผยแพร่วัฒนธรรมต่างประเทศ,66,66,0,0.0
42,80,เอกชน13,การเผยแพร่วัฒนธรรมต่างประเทศ,66,66,0,0.0
42,80,เอกชน14,งานฌาปนกิจศพ,40,40,0,0.0
42,80,เอกชน15,งานเฉลิมพระชนมพรรษาพระบรมวงศานุวงศ์,23,23,0,0.0
42,80,เอกชน16,งานทำบุญ,47,47,0,0.0
42,80,เอกชน17,งานฌาปนกิจศพ,40,40,0,0.0
42,80,เอกชน18,งานทำบุญ,47,47,0,0.0
42,80,เอกชน19,การเผยแพร่วัฒนธรรมในประเทศ,80,80,0,0.0
42,80,เอกชน2,งานบวงสรวง,30,30,0,0.0
42,80,เอกชน20,งานเปิดบริษัท,47,47,0,0.0
42,80,เอกชน21,งานพระราชทานเพลิงศพ,36,36,0,0.0
42,80,เอกชน22,งานพระราชทานเพลิงศพ,36,36,0,0.0
42,80,เอกชน23,การเผยแพร่วัฒนธรรมในประเทศ,80,80,0,0.0
42,80,เอกชน24,การเผยแพร่วัฒนธรรมในประเทศ,80,80,0,0.0
42,80,เอกชน25,การเผยแพร่วัฒนธรรมในประเทศ,80,80,0,0.0
42,80,เอกชน26,การเผยแพร่วัฒนธรรมในประเทศ,80,80,0,0.0
42,80,เอกชน27,งานฌาปนกิจศพ,40,40,0,0.0
42,80,เอกชน28,งานสวดมนต์ข้ามปี,29,29,0,0.0
42,80,เอกชน29,งานต้อนรับอาคันตุกะ,64,64,0,0.0
42,80,เอกชน3,การเผยแพร่วัฒนธรรมในประเทศ,80,80,0,0.0
42,80,เอกชน30,งานทำบุญ,47,47,0,0.0
42,80,เอกชน31,งานสวดอภิธรรม,40,40,0,0.0
42,80,เอกชน32,งานทำบุญ,47,47,0,0.0
42,80,เอกชน33,การเผยแพร่วัฒนธรรมในประเทศ,80,80,0,0.0
42,80,เอกชน34,วันขึ้นปีใหม่,60,60,0,0.0
42,80,เอกชน35,งานสวดอภิธรรม,40,40,0,0.0
42,80,เอกชน36,วันสงกรานต์,62,62,0,0.0
42,80,เอกชน37,วันขึ้นปีใหม่,60,60,0,0.0
42,80,เอกชน38,วันสงกรานต์,62,62,0,0.0
42,80,เอกชน39,วันขึ้นปีใหม่,60,60,0,0.0
42,80,เอกชน4,งานแต่งงาน,33,33,0,0.0
42,80,เอกชน40,วันตรุษจีน,38,38,0,0.0
42,80,เอกชน41,วันลอยกระทง,54,54,0,0.0
42,80,เอกชน42,การเผยแพร่วัฒนธรรมในประเทศ,80,80,0,0.0
42,80,เอกชน43,วันขึ้นปีใหม่,60,60,0,0.0
42,80,เอกชน44,วันลอยกระทง,54,54,0,0.0
42,80,เอกชน45,วันตรุษจีน,38,38,0,0.0
42,80,เอกชน46,งานทำบุญ,47,47,0,0.0
42,80,เอกชน47,งานวันเกิด,44,44,0,0.0
42,80,เอกชน48,งานบวงสรวง,30,30,0,0.0
42,80,เอกชน49,งานสวดอภิธรรม,40,40,0,0.0
42,80,เอกชน5,งานขึ้นบ้านใหม่,43,43,0,0.0
42,80,เอกชน50,การเผยแพร่วัฒนธรรมต่างประเทศ,66,66,0,0.0
42,80,เอกชน51,การเผยแพร่วัฒนธรรมต่างประเทศ,66,66,0,0.0
42,80,เอกชน52,วันตรุษจีน,38,38,0,0.0
42,80,เอกชน53,วันลอยกระทง,54,54,0,0.0
42,80,เอกชน54,การเผยแพร่วัฒนธรรมในประเทศ,80,80,0,0.0
42,80,เอกชน55,วันสงกรานต์,62,62,0,0.0
42,80,เอกชน56,วันลอยกระทง,54,54,0,0.0
42,80,เอกชน57,งานพระราชทานเพลิงศพ,36,36,0,0.0
42,80,เอกชน58,วันขึ้นปีใหม่,60,60,0,0.0
42,80,เอกชน59,งานวันเกิด,44,44,0,0.0
42,80,เอกชน6,งานเปิดบริษัท,47,47,0,0.0
42,80,เอกชน60,วันสงกรานต์,62,62,0,0.0
42,80,เอกชน61,การเผยแพร่วัฒนธรรมในประเทศ,80,80,0,0.0
42,80,เอกชน7,งานพระราชทานเพลิงศพ,36,36,0,0.0
42,80,เอกชน8,วันขึ้นปีใหม่,60,60,0,0.0
42,80,เอกชน9,งานต้อนรับอาคันตุกะ,64,64,0,0.0
42,all,บุคคล1,งานฌาปนกิจศพ,40,40,0,0.0
42,all,บุคคล10,การเผยแพร่วัฒนธรรมในประเทศ,108,108,0,0.0
42,all,บุคคล11,งานเปิดบริษัท,47,47,0,0.0
42,all,บุคคล12,การเผยแพร่วัฒนธรรมในประเทศ,108,108,0,0.0
42,all,บุคคล13,งานทำบุญ,47,47,0,0.0
42,all,บุคคล14,งานเทศมหาชาติ,22,22,0,0.0
42,all,บุคคล15,งานไหว้ครู,23,23,0,0.0
42,all,บุคคล16,วันสงกรานต์,62,62,0,0.0
42,all,บุคคล17,งานต้อนรับอาคันตุกะ,64,64,0,0.0
42,all,บุคคล18,การเผยแพร่วัฒนธรรมต่างประเทศ,66,66,0,0.0
42,all,บุคคล19,วันสงกรานต์,62,62,0,0.0
42,all,บุคคล2,วันลอยกระทง,54,54,0,0.0
42,all,บุคคล20,งานสวดอภิธรรม,40,40,0,0.0
42,all,บุคคล21,งานพระราชทานเพลิงศพ,36,36,0,0.0
42,all,บุคคล22,งานขึ้นบ้านใหม่,43,43,0,0.0
42,all,บุคคล23,งานพระราชทานเพลิงศพ,36,36,0,0.0
42,all,บุคคล24,งานฌาปนกิจศพ,40,40,0,0.0
42,all,บุคคล25,งานฌาปนกิจศพ,40,40,0,0.0
42,all,บุคคล26,การเผยแพร่วัฒนธรรมต่างประเทศ,66,66,0,0.0
42,all,บุคคล27,การเผยแพร่วัฒนธรรมในประเทศ,108,108,0,0.0
42,all,บุคคล28,การเผยแพร่วัฒนธรรมต่างประเทศ,66,66,0,0.0
42,all,บุคคล29,การเผยแพร่วัฒนธรรมในประเทศ,108,108,0,0.0
42,all,บุคคล3,งานขึ้นบ้านใหม่,43,43,0,0.0
42,all,บุคคล30,การเผยแพร่วัฒนธรรมในประเทศ,108,108,0,0.0
42,all,บุคคล31,การเผยแพร่วัฒนธรรมในประเทศ,108,108,0,0.0
42,all,บุคคล32,การเผยแพร่วัฒนธรรมในประเทศ,108,108,0,0.0
42,all,บุคคล33,งานแต่งงาน,33,33,0,0.0
42,all,บุคคล34,งานขึ้นบ้านใหม่,43,43,0,0.0
42,all,บุคคล35,งานพระราชทานเพลิงศพ,36,36,0,0.0
42,all,บุคคล36,งานฌาปนกิจศพ,40,40,0,0.0
42,all,บุคคล37,งานต้อนรับอาคันตุกะ,64,64,0,0.0
42,all,บุคคล38,การเผยแพร่วัฒนธรรมในประเทศ,108,108,0,0.0
42,all,บุคคล39,การเผยแพร่วัฒนธรรมต่างประเทศ,66,66,0,0.0
42,all,บุคคล4,วันเข้าพรรษา,19,19,0,0.0
42,all,บุคคล40,งานต้อนรับอาคันตุกะ,64,64,0,0.0
42,all,บุคคล5,งานเปิดบริษัท,47,47,0,0.0
42,all,บุคคล6,งานพระราชทานเพลิงศพ,36,36,0,0.0
42,all,บุคคล7,การเผยแพร่วัฒนธรรมในประเทศ,108,108,0,0.0
42,all,บุคคล8,วันสงกรานต์,62,62,0,0.0
42,all,บุคคล9,การเผยแพร่วัฒนธรรมต่างประเทศ,66,66,0,0.0
42,all,ราชการ1,การเผยแพร่วัฒนธรรมในประเทศ,108,108,0,0.0
42,all,ราชการ10,งานแต่งงาน,33,33,0,0.0
42,all,ราชการ11,การเผยแพร่วัฒนธรรมต่างประเทศ,66,66,0,0.0
42,all,ราชการ12,งานเฉลิมพระชนมพรรษาพระบรมวงศานุวงศ์,23,23,0,0.0
42,all,ราชการ13,งานสวดอภิธรรม,40,40,0,0.0
42,all,ราชการ14,งานแต่งงาน,33,33,0,0.0
42,all,ราชการ15,งานสโมสรสันนิบาต,16,16,0,0.0
42,all,ราชการ16,การเผยแพร่วัฒนธรรมในประเทศ,108,108,0,0.0
42,all,ราชการ17,งานทำบุญ,47,47,0,0.0
42,all,ราชการ18,งานพระราชทานเพลิงศพ,36,36,0,0.0
42,all,ราชการ19,งานพระราชทานเพลิงศพ,36,36,0,0.0
42,all,ราชการ2,การเผยแพร่วัฒนธรรมในประเทศ,108,108,0,0.0
42,all,ราชการ20,งานฌาปนกิจศพ,40,40,0,0.0
42,all,ราชการ21,งานฌาปนกิจศพ,40,40,0,0.0
42,all,ราชการ22,การเผยแพร่วัฒนธรรมในประเทศ,108,108,0,0.0
42,all,ราชการ23,วันสงกรานต์,62,62,0,0.0
42,all,ราชการ24,งานบวงสรวง,30,30,0,0.0
42,all,ราชการ25,งานวันเกิด,44,44,0,0.0
42,all,ราชการ26,งานแต่งงาน,33,33,0,0.0
42,all,ราชการ27,งานพระราชทานเพลิงศพ,36,36,0,0.0
42,all,ราชการ28,งานพระราชทานเพลิงศพ,36,36,0,0.0
42,all,ราชการ3,วันตรุษจีน,38,38,0,0.0
42,all,ราชการ4,งานบวงสรวง,30,30,0,0.0
42,all,ราชการ5,การเผยแพร่วัฒนธรรมในประเทศ,108,108,0,0.0
42,all,ราชการ6,งานสวดอภิธรรม,40,40,0,0.0
42,all,ราชการ7,วันสงกรานต์,62,62,0,0.0
42,all,ราชการ8,งานเปิดบริษัท,47,47,0,0.0
42,all,ราชการ9,งานสวดอภิธรรม,40,40,0,0.0
42,all,องค์การระหว่างประเทศ1,งานเปิดบริษัท,47,47,0,0.0
42,all,องค์การระหว่างประเทศ10,การเผยแพร่วัฒนธรรมต่างประเทศ,66,66,0,0.0
42,all,องค์การระหว่างประเทศ11,การเผยแพร่วัฒนธรรมในประเทศ,108,108,0,0.0
42,all,องค์การระหว่างประเทศ12,งานต้อนรับอาคันตุกะ,64,64,0,0.0
42,all,องค์การระหว่างประเทศ13,การเผยแพร่วัฒนธรรมต่างประเทศ,66,66,0,0.0
42,all,องค์การระหว่างประเทศ14,วันขึ้นปีใหม่,60,60,0,0.0
42,all,องค์การระหว่างประเทศ15,งานบวงสรวง,30,30,0,0.0
42,all,องค์การระหว่างประเทศ16,งานฌาปนกิจศพ,40,40,0,0.0
42,all,องค์การระหว่างประเทศ17,งานสวดอภิธรรม,40,40,0,0.0
42,all,องค์การระหว่างประเทศ18,งานทำบุญ,47,47,0,0.0
42,all,องค์การระหว่างประเทศ19,งานฌาปนกิจศพ,40,40,0,0.0
42,all,องค์การระหว่างประเทศ2,งานสโมสรสันนิบาต,16,16,0,0.0
42,all,องค์การระหว่างประเทศ20,การเผยแพร่วัฒนธรรมในประเทศ,108,108,0,0.0
42,all,องค์การระหว่างประเทศ21,งานเปิดบริษัท,47,47,0,0.0
42,all,องค์การระหว่างประเทศ22,วันสงกรานต์,62,62,0,0.0
42,all,องค์การระหว่างประเทศ23,งานพระราชทานเพลิงศพ,36,36,0,0.0
42,all,องค์การระหว่างประเทศ24,งานฌาปนกิจศพ,40,40,0,0.0
42,all,องค์การระหว่างประเทศ25,วันลอยกระทง,54,54,0,0.0
42,all,องค์การระหว่างประเทศ26,การเผยแพร่วัฒนธรรมต่างประเทศ,66,66,0,0.0
42,all,องค์การระหว่างประเทศ27,งานพระราชทานเพลิงศพ,36,36,0,0.0
42,all,องค์การระหว่างประเทศ3,งานสวดอภิธรรม,40,40,0,0.0
42,all,องค์การระหว่างประเทศ4,งานวันเกิด,44,44,0,0.0
42,all,องค์การระหว่างประเทศ5,การเผยแพร่วัฒนธรรมในประเทศ,108,108,0,0.0
42,all,องค์การระหว่างประเทศ6,งานต้อนรับอาคันตุกะ,64,64,0,0.0
42,all,องค์การระหว่างประเทศ7,งานขึ้นบ้านใหม่,43,43,0,0.0
42,all,องค์การระหว่างประเทศ8,งานต้อนรับอาคันตุกะ,64,64,0,0.0
42,all,องค์การระหว่างประเทศ9,การเผยแพร่วัฒนธรรมในประเทศ,108,108,0,0.0
42,all,เอกชน1,การเผยแพร่วัฒนธรรมในประเทศ,108,108,0,0.0
42,all,เอกชน10,การเผยแพร่วัฒนธรรมในประเทศ,108,108,0,0.0
42,all,เอกชน11,วันสงกรานต์,62,62,0,0.0
42,all,เอกชน12,การเผยแพร่วัฒนธรรมต่างประเทศ,66,66,0,0.0
42,all,เอกชน13,การเผยแพร่วัฒนธรรมต่างประเทศ,66,66,0,0.0
42,all,เอกชน14,งานฌาปนกิจศพ,40,40,0,0.0
42,all,เอกชน15,งานเฉลิมพระชนมพรรษาพระบรมวงศานุวงศ์,23,23,0,0.0
42,all,เอกชน16,งานทำบุญ,47,47,0,0.0
42,all,เอกชน17,งานฌาปนกิจศพ,40,40,0,0.0
42,all,เอกชน18,งานทำบุญ,47,47,0,0.0
42,all,เอกชน19,การเผยแพร่วัฒนธรรมในประเทศ,108,108,0,0.0
42,all,เอกชน2,งานบวงสรวง,30,30,0,0.0
42,all,เอกชน20,งานเปิดบริษัท,47,47,0,0.0
42,all,เอกชน21,งานพระราชทานเพลิงศพ,36,36,0,0.0
42,all,เอกชน22,งานพระราชทานเพลิงศพ,36,36,0,0.0
42,all,เอกชน23,การเผยแพร่วัฒนธรรมในประเทศ,108,108,0,0.0
42,all,เอกชน24,การเผยแพร่วัฒนธรรมในประเทศ,108,108,0,0.0
42,all,เอกชน25,การเผยแพร่วัฒนธรรมในประเทศ,108,108,0,0.0
42,all,เอกชน26,การเผยแพร่วัฒนธรรมในประเทศ,108,108,0,0.0
42,all,เอกชน27,งานฌาปนกิจศพ,40,40,0,0.0
42,all,เอกชน28,งานสวดมนต์ข้ามปี,29,29,0,0.0
42,all,เอกชน29,งานต้อนรับอาคันตุกะ,64,64,0,0.0
42,all,เอกชน3,การเผยแพร่วัฒนธรรมในประเทศ,108,108,0,0.0
42,all,เอกชน30,งานทำบุญ,47,47,0,0.0
42,all,เอกชน31,งานสวดอภิธรรม,40,40,0,0.0
42,all,เอกชน32,งานทำบุญ,47,47,0,0.0
42,all,เอกชน33,การเผยแพร่วัฒนธรรมในประเทศ,108,108,0,0.0
42,all,เอกชน34,วันขึ้นปีใหม่,60,60,0,0.0
42,all,เอกชน35,งานสวดอภิธรรม,40,40,0,0.0
42,all,เอกชน36,วันสงกรานต์,62,62,0,0.0
42,all,เอกชน37,วันขึ้นปีใหม่,60,60,0,0.0
42,all,เอกชน38,วันสงกรานต์,62,62,0,0.0
42,all,เอกชน39,วันขึ้นปีใหม่,60,60,0,0.0
42,all,เอกชน4,งานแต่งงาน,33,33,0,0.0
42,all,เอกชน40,วันตรุษจีน,38,38,0,0.0
42,all,เอกชน41,วันลอยกระทง,54,54,0,0.0
42,all,เอกชน42,การเผยแพร่วัฒนธรรมในประเทศ,108,108,0,0.0
42,all,เอกชน43,วันขึ้นปีใหม่,60,60,0,0.0
42,all,เอกชน44,วันลอยกระทง,54,54,0,0.0
42,all,เอกชน45,วันตรุษจีน,38,38,0,0.0
42,all,เอกชน46,งานทำบุญ,47,47,0,0.0
42,all,เอกชน47,งานวันเกิด,44,44,0,0.0
42,all,เอกชน48,งานบวงสรวง,30,30,0,0.0
42,all,เอกชน49,งานสวดอภิธรรม,40,40,0,0.0
42,all,เอกชน5,งานขึ้นบ้านใหม่,43,43,0,0.0
42,all,เอกชน50,การเผยแพร่วัฒนธรรมต่างประเทศ,66,66,0,0.0
42,all,เอกชน51,การเผยแพร่วัฒนธรรมต่างประเทศ,66,66,0,0.0
42,all,เอกชน52,วันตรุษจีน,38,38,0,0.0
42,all,เอกชน53,วันลอยกระทง,54,54,0,0.0
42,all,เอกชน54,การเผยแพร่วัฒนธรรมในประเทศ,108,108,0,0.0
42,all,เอกชน55,วันสงกรานต์,62,62,0,0.0
42,all,เอกชน56,วันลอยกระทง,54,54,0,0.0
42,all,เอกชน57,งานพระราชทานเพลิงศพ,36,36,0,0.0
42,all,เอกชน58,วันขึ้นปีใหม่,60,60,0,0.0
42,all,เอกชน59,งานวันเกิด,44,44,0,0.0
42,all,เอกชน6,งานเปิดบริษัท,47,47,0,0.0
42,all,เอกชน60,วันสงกรานต์,62,62,0,0.0
42,all,เอกชน61,การเผยแพร่วัฒนธรรมในประเทศ,108,108,0,0.0
42,all,เอกชน7,งานพระราชทานเพลิงศพ,36,36,0,0.0
42,all,เอกชน8,วันขึ้นปีใหม่,60,60,0,0.0
42,all,เอกชน9,งานต้อนรับอาคันตุกะ,64,64,0,0.0
123,20,บุคคล1,งานพระราชทานเพลิงศพ,20,20,0,0.0
123,20,บุคคล10,งานสวดอภิธรรม,20,20,0,0.0
123,20,บุคคล11,งานพระราชทานเพลิงศพ,20,20,0,0.0
123,20,บุคคล12,วันออกพรรษา,19,19,0,0.0
123,20,บุคคล13,การเผยแพร่วัฒนธรรมต่างประเทศ,20,20,0,0.0
123,20,บุคคล14,งานต้อนรับอาคันตุกะ,20,20,0,0.0
123,20,บุคคล15,งานพระราชทานเพลิงศพ,20,20,0,0.0
123,20,บุคคล16,งานพระราชทานเพลิงศพ,20,20,0,0.0
123,20,บุคคล17,งานขึ้นบ้านใหม่,20,20,0,0.0
123,20,บุคคล18,งานสวดอภิธรรม,20,20,0,0.0
123,20,บุคคล19,การเผยแพร่วัฒนธรรมในประเทศ,20,20,0,0.0
123,20,บุคคล2,งานต้อนรับอาคันตุกะ,20,20,0,0.0
123,20,บุคคล20,การเผยแพร่วัฒนธรรมในประเทศ,20,20,0,0.0
123,20,บุคคล21,วันตรุษจีน,20,20,0,0.0
123,20,บุคคล22,การเผยแพร่วัฒนธรรมในประเทศ,20,20,0,0.0
123,20,บุคคล23,งานบวงสรวง,20,20,0,0.0
123,20,บุคคล24,การเผยแพร่วัฒนธรรมในประเทศ,20,20,0,0.0
123,20,บุคคล25,การเผยแพร่วัฒนธรรมต่างประเทศ,20,20,0,0.0
123,20,บุคคล26,การเผยแพร่วัฒนธรรมต่างประเทศ,20,20,0,0.0
123,20,บุคคล27,วันขึ้นปีใหม่,20,20,0,0.0
123,20,บุคคล28,การเผยแพร่วัฒนธรรมในประเทศ,20,20,0,0.0
123,20,บุคคล29,งานพระราชทานเพลิงศพ,20,20,0,0.0
123,20,บุคคล3,การเผยแพร่วัฒนธรรมต่างประเทศ,20,20,0,0.0
123,20,บุคคล30,งานสวดอภิธรรม,20,20,0,0.0
123,20,บุคคล31,การเผยแพร่วัฒนธรรมในประเทศ,20,20,0,0.0
123,20,บุคคล32,การเผยแพร่วัฒนธรรมต่างประเทศ,20,20,0,0.0
123,20,บุคคล33,งานแต่งงาน,20,20,0,0.0
123,20,บุคคล34,งานสวดอภิธรรม,20,20,0,0.0
123,20,บุคคล35,งานพระราชทานเพลิงศพ,20,20,0,0.0
123,20,บุคคล36,งานฌาปนกิจศพ,20,20,0,0.0
123,20,บุคคล37,งานต้อนรับอาคันตุกะ,20,20,0,0.0
123,20,บุคคล38,การเผยแพร่วัฒนธรรมในประเทศ,20,20,0,0.0
123,20,บุคคล39,วันสงกรานต์,20,20,0,0.0
123,20,บุคคล4,งานทำบุญ,20,20,0,0.0
123,20,บุคคล40,การเผยแพร่วัฒนธรรมในประเทศ,20,20,0,0.0
123,20,บุคคล5,งานวันเกิด,20,20,0,0.0
123,20,บุคคล6,วันตรุษจีน,20,20,0,0.0
123,20,บุคคล7,การเผยแพร่วัฒนธรรมในประเทศ,20,20,0,0.0
123,20,บุคคล8,การเผยแพร่วัฒนธรรมต่างประเทศ,20,20,0,0.0
123,20,บุคคล9,งานฌาปนกิจศพ,20,20,0,0.0
123,20,ราชการ1,การเผยแพร่วัฒนธรรมต่างประเทศ,20,20,0,0.0
123,20,ราชการ10,งานขึ้นบ้านใหม่,20,20,0,0.0
123,20,ราชการ11,การเผยแพร่วัฒนธรรมต่างประเทศ,20,20,0,0.0
123,20,ราชการ12,งานต้อนรับอาคันตุกะ,20,20,0,0.0
123,20,ราชการ13,งานต้อนรับอาคันตุกะ,20,20,0,0.0
123,20,ราชการ14,งานต้อนรับอาคันตุกะ,20,20,0,0.0
123,20,ราชการ15,งานฌาปนกิจศพ,20,20,0,0.0
123,20,ราชการ16,การเผยแพร่วัฒนธรรมในประเทศ,20,20,0,0.0
123,20,ราชการ17,วันขึ้นปีใหม่,20,20,0,0.0
123,20,ราชการ18,การเผยแพร่วัฒนธรรมต่างประเทศ,20,20,0,0.0
123,20,ราชการ19,งานฌาปนกิจศพ,20,20,0,0.0
123,20,ราชการ2,วันสงกรานต์,20,20,0,0.0
123,20,ราชการ20,การเผยแพร่วัฒนธรรมในประเทศ,20,20,0,0.0
123,20,ราชการ21,การเผยแพร่วัฒนธรรมในประเทศ,20,20,0,0.0
123,20,ราชการ22,งานสวดอภิธรรม,20,20,0,0.0
123,20,ราชการ23,งานฌาปนกิจศพ,20,20,0,0.0
123,20,ราชการ24,งานต้อนรับอาคันตุกะ,20,20,0,0.0
123,20,ราชการ25,งานสวดอภิธรรม,20,20,0,0.0
123,20,ราชการ26,วันเข้าพรรษา,19,19,0,0.0
123,20,ราชการ27,งานต้อนรับอาคันตุกะ,20,20,0,0.0
123,20,ราชการ28,งานพระราชทานเพลิงศพ,20,20,0,0.0
123,20,ราชการ3,วันสงกรานต์,20,20,0,0.0
123,20,ราชการ4,การเผยแพร่วัฒนธรรมต่างประเทศ,20,20,0,0.0
123,20,ราชการ5,วันตรุษจีน,20,20,0,0.0
123,20,ราชการ6,วันสงกรานต์,20,20,0,0.0
123,20,ราชการ7,งานแต่งงาน,20,20,0,0.0
123,20,ราชการ8,งานเปิดบริษัท,20,20,0,0.0
123,20,ราชการ9,งานทำบุญ,20,20,0,0.0
123,20,องค์การระหว่างประเทศ1,งานเปิดบริษัท,20,20,0,0.0
123,20,องค์การระหว่างประเทศ10,การเผยแพร่วัฒนธรรมต่างประเทศ,20,20,0,0.0
123,20,องค์การระหว่างประเทศ11,งานพระราชทานเพลิงศพ,20,20,0,0.0
123,20,องค์การระหว่างประเทศ12,งานพระราชทานเพลิงศพ,20,20,0,0.0
123,20,องค์การระหว่างประเทศ13,การเผยแพร่วัฒนธรรมในประเทศ,20,20,0,0.0
123,20,องค์การระหว่างประเทศ14,วันสงกรานต์,20,20,0,0.0
123,20,องค์การระหว่างประเทศ15,งานสวดอภิธรรม,20,20,0,0.0
123,20,องค์การระหว่างประเทศ16,งานฌาปนกิจศพ,20,20,0,0.0
123,20,องค์การระหว่างประเทศ17,การเผยแพร่วัฒนธรรมในประเทศ,20,20,0,0.0
123,20,องค์การระหว่างประเทศ18,งานสวดอภิธรรม,20,20,0,0.0
123,20,องค์การระหว่างประเทศ19,งานฌาปนกิจศพ,20,20,0,0.0
123,20,องค์การระหว่างประเทศ2,งานต้อนรับอาคันตุกะ,20,20,0,0.0
123,20,องค์การระหว่างประเทศ20,การเผยแพร่วัฒนธรรมในประเทศ,20,20,0,0.0
123,20,องค์การระหว่างประเทศ21,งานสวดอภิธรรม,20,20,0,0.0
123,20,องค์การระหว่างประเทศ22,งานสวดอภิธรรม,20,20,0,0.0
123,20,องค์การระหว่างประเทศ23,งานฌาปนกิจศพ,20,20,0,0.0
123,20,องค์การระหว่างประเทศ24,งานฌาปนกิจศพ,20,20,0,0.0
123,20,องค์การระหว่างประเทศ25,การเผยแพร่วัฒนธรรมในประเทศ,20,20,0,0.0
123,20,องค์การระหว่างประเทศ26,การเผยแพร่วัฒนธรรมในประเทศ,20,20,0,0.0
123,20,องค์การระหว่างประเทศ27,งานบวงสรวง,20,20,0,0.0
123,20,องค์การระหว่างประเทศ3,งานสวดอภิธรรม,20,20,0,0.0
123,20,องค์การระหว่างประเทศ4,งานทำบุญ,20,20,0,0.0
123,20,องค์การระหว่างประเทศ5,งานขึ้นบ้านใหม่,20,20,0,0.0
123,20,องค์การระหว่างประเทศ6,งานต้อนรับอาคันตุกะ,20,20,0,0.0
123,20,องค์การระหว่างประเทศ7,งานขึ้นบ้านใหม่,20,20,0,0.0
123,20,องค์การระหว่างประเทศ8,งานต้อนรับอาคันตุกะ,20,20,0,0.0
123,20,องค์การระหว่างประเทศ9,วันสงกรานต์,20,20,0,0.0
123,20,เอกชน1,การเผยแพร่วัฒนธรรมต่างประเทศ,20,20,0,0.0
123,20,เอกชน10,งานทำบุญ,20,20,0,0.0
123,20,เอกชน11,การเผยแพร่วัฒนธรรมในประเทศ,20,20,0,0.0
123,20,เอกชน12,งานพระราชทานเพลิงศพ,20,20,0,0.0
123,20,เอกชน13,การเผยแพร่วัฒนธรรมต่างประเทศ,20,20,0,0.0
123,20,เอกชน14,งานฌาปนกิจศพ,20,20,0,0.0
123,20,เอกชน15,การเผยแพร่วัฒนธรรมในประเทศ,20,20,0,0.0
123,20,เอกชน16,งานสวดอภิธรรม,20,20,0,0.0
123,20,เอกชน17,การเผยแพร่วัฒนธรรมในประเทศ,20,20,0,0.0
123,20,เอกชน18,งานทำบุญ,20,20,0,0.0
123,20,เอกชน19,การเผยแพร่วัฒนธรรมในประเทศ,20,20,0,0.0
123,20,เอกชน2,งานบวงสรวง,20,20,0,0.0
123,20,เอกชน20,งานเปิดบริษัท,20,20,0,0.0
123,20,เอกชน21,การเผยแพร่วัฒนธรรมในประเทศ,20,20,0,0.0
123,20,เอกชน22,งานฌาปนกิจศพ,20,20,0,0.0
123,20,เอกชน23,งานฌาปนกิจศพ,20,20,0,0.0
123,20,เอกชน24,การเผยแพร่วัฒนธรรมในประเทศ,20,20,0,0.0
123,20,เอกชน25,งานพระราชทานเพลิงศพ,20,20,0,0.0
123,20,เอกชน26,การเผยแพร่วัฒนธรรมในประเทศ,20,20,0,0.0
123,20,เอกชน27,งานสโมสรสันนิบาต,16,16,0,0.0
123,20,เอกชน28,วันสงกรานต์,20,20,0,0.0
123,20,เอกชน29,วันลอยกระทง,20,20,0,0.0
123,20,เอกชน3,การเผยแพร่วัฒนธรรมในประเทศ,20,20,0,0.0
123,20,เอกชน30,การเผยแพร่วัฒนธรรมต่างประเทศ,20,20,0,0.0
123,20,เอกชน31,งานวันเกิด,20,20,0,0.0
123,20,เอกชน32,งานทำบุญ,20,20,0,0.0
123,20,เอกชน33,วันสงกรานต์,20,20,0,0.0
123,20,เอกชน34,วันขึ้นปีใหม่,20,20,0,0.0
123,20,เอกชน35,งานสวดอภิธรรม,20,20,0,0.0
123,20,เอกชน36,งานพระราชทานเพลิงศพ,20,20,0,0.0
123,20,เอกชน37,งานทำบุญ,20,20,0,0.0
123,20,เอกชน38,วันตรุษจีน,20,20,0,0.0
123,20,เอกชน39,วันขึ้นปีใหม่,20,20,0,0.0
123,20,เอกชน4,การเผยแพร่วัฒนธรรมต่างประเทศ,20,20,0,0.0
123,20,เอกชน40,วันตรุษจีน,20,20,0,0.0
123,20,เอกชน41,งานเปิดบริษัท,20,20,0,0.0
123,20,เอกชน42,การเผยแพร่วัฒนธรรมในประเทศ,20,20,0,0.0
123,20,เอกชน43,งานทำบุญ,20,20,0,0.0
123,20,เอกชน44,งานวันเกิด,20,20,0,0.0
123,20,เอกชน45,งานต้อนรับอาคันตุกะ,20,20,0,0.0
123,20,เอกชน46,การเผยแพร่วัฒนธรรมในประเทศ,20,20,0,0.0
123,20,เอกชน47,งานวันเกิด,20,20,0,0.0
123,20,เอกชน48,งานบวงสรวง,20,20,0,0.0
123,20,เอกชน49,การเผยแพร่วัฒนธรรมในประเทศ,20,20,0,0.0
123,20,เอกชน5,งานเปิดบริษัท,20,20,0,0.0
123,20,เอกชน50,งานต้อนรับอาคันตุกะ,20,20,0,0.0
123,20,เอกชน51,งานวันเกิด,20,20,0,0.0
123,20,เอกชน52,งานขึ้นบ้านใหม่,20,20,0,0.0
123,20,เอกชน53,การเผยแพร่วัฒนธรรมในประเทศ,20,20,0,0.0
123,20,เอกชน54,การเผยแพร่วัฒนธรรมต่างประเทศ,20,20,0,0.0
123,20,เอกชน55,งานสวดอภิธรรม,20,20,0,0.0
123,20,เอกชน56,วันลอยกระทง,20,20,0,0.0
123,20,เอกชน57,วันเข้าพรรษา,19,19,0,0.0
123,20,เอกชน58,งานทำบุญ,20,20,0,0.0
123,20,เอกชน59,งานพระราชทานเพลิงศพ,20,20,0,0.0
123,20,เอกชน6,งานฌาปนกิจศพ,20,20,0,0.0
123,20,เอกชน60,วันขึ้นปีใหม่,20,20,0,0.0
123,20,เอกชน61,งานต้อนรับอาคันตุกะ,20,20,0,0.0
123,20,เอกชน7,งานทำบุญ,20,20,0,0.0
123,20,เอกชน8,งานวันเกิด,20,20,0,0.0
123,20,เอกชน9,งานวันเกิด,20,20,0,0.0
123,40,บุคคล1,งานพระราชทานเพลิงศพ,36,36,0,0.0
123,40,บุคคล10,งานสวดอภิธรรม,40,40,0,0.0
123,40,บุคคล11,งานพระราชทานเพลิงศพ,36,36,0,0.0
123,40,บุคคล12,วันออกพรรษา,19,19,0,0.0
123,40,บุคคล13,การเผยแพร่วัฒนธรรมต่างประเทศ,40,40,0,0.0
123,40,บุคคล14,งานต้อนรับอาคันตุกะ,40,40,0,0.0
123,40,บุคคล15,งานพระราชทานเพลิงศพ,36,36,0,0.0
123,40,บุคคล16,งานพระราชทานเพลิงศพ,36,36,0,0.0
123,40,บุคคล17,งานขึ้นบ้านใหม่,40,40,0,0.0
123,40,บุคคล18,งานสวดอภิธรรม,40,40,0,0.0
123,40,บุคคล19,การเผยแพร่วัฒนธรรมในประเทศ,40,40,0,0.0
123,40,บุคคล2,งานต้อนรับอาคันตุกะ,40,40,0,0.0
123,40,บุคคล20,การเผยแพร่วัฒนธรรมในประเทศ,40,40,0,0.0
123,40,บุคคล21,วันตรุษจีน,38,38,0,0.0
123,40,บุคคล22,การเผยแพร่วัฒนธรรมในประเทศ,40,40,0,0.0
123,40,บุคคล23,งานบวงสรวง,30,30,0,0.0
123,40,บุคคล24,การเผยแพร่วัฒนธรรมในประเทศ,40,40,0,0.0
123,40,บุคคล25,การเผยแพร่วัฒนธรรมต่างประเทศ,40,40,0,0.0
123,40,บุคคล26,การเผยแพร่วัฒนธรรมต่างประเทศ,40,40,0,0.0
123,40,บุคคล27,วันขึ้นปีใหม่,40,40,0,0.0
123,40,บุคคล28,การเผยแพร่วัฒนธรรมในประเทศ,40,40,0,0.0
123,40,บุคคล29,งานพระราชทานเพลิงศพ,36,36,0,0.0
123,40,บุคคล3,การเผยแพร่วัฒนธรรมต่างประเทศ,40,40,0,0.0
123,40,บุคคล30,งานสวดอภิธรรม,40,40,0,0.0
123,40,บุคคล31,การเผยแพร่วัฒนธรรมในประเทศ,40,40,0,0.0
123,40,บุคคล32,การเผยแพร่วัฒนธรรมต่างประเทศ,40,40,0,0.0
123,40,บุคคล33,งานแต่งงาน,33,33,0,0.0
123,40,บุคคล34,งานสวดอภิธรรม,40,40,0,0.0
123,40,บุคคล35,งานพระราชทานเพลิงศพ,36,36,0,0.0
123,40,บุคคล36,งานฌาปนกิจศพ,40,40,0,0.0
123,40,บุคคล37,งานต้อนรับอาคันตุกะ,40,40,0,0.0
123,40,บุคคล38,การเผยแพร่วัฒนธรรมในประเทศ,40,40,0,0.0
123,40,บุคคล39,วันสงกรานต์,40,40,0,0.0
123,40,บุคคล4,งานทำบุญ,40,40,0,0.0
123,40,บุคคล40,การเผยแพร่วัฒนธรรมในประเทศ,40,40,0,0.0
123,40,บุคคล5,งานวันเกิด,40,40,0,0.0
123,40,บุคคล6,วันตรุษจีน,38,38,0,0.0
123,40,บุคคล7,การเผยแพร่วัฒนธรรมในประเทศ,40,40,0,0.0
123,40,บุคคล8,การเผยแพร่วัฒนธรรมต่างประเทศ,40,40,0,0.0
123,40,บุคคล9,งานฌาปนกิจศพ,40,40,0,0.0
123,40,ราชการ1,การเผยแพร่วัฒนธรรมต่างประเทศ,40,40,0,0.0
123,40,ราชการ10,งานขึ้นบ้านใหม่,40,40,0,0.0
123,40,ราชการ11,การเผยแพร่วัฒนธรรมต่างประเทศ,40,40,0,0.0
123,40,ราชการ12,งานต้อนรับอาคันตุกะ,40,40,0,0.0
123,40,ราชการ13,งานต้อนรับอาคันตุกะ,40,40,0,0.0
123,40,ราชการ14,งานต้อนรับอาคันตุกะ,40,40,0,0.0
123,40,ราชการ15,งานฌาปนกิจศพ,40,40,0,0.0
123,40,ราชการ16,การเผยแพร่วัฒนธรรมในประเทศ,40,40,0,0.0
123,40,ราชการ17,วันขึ้นปีใหม่,40,40,0,0.0
123,40,ราชการ18,การเผยแพร่วัฒนธรรมต่างประเทศ,40,40,0,0.0
123,40,ราชการ19,งานฌาปนกิจศพ,40,40,0,0.0
123,40,ราชการ2,วันสงกรานต์,40,40,0,0.0
123,40,ราชการ20,การเผยแพร่วัฒนธรรมในประเทศ,40,40,0,0.0
123,40,ราชการ21,การเผยแพร่วัฒนธรรมในประเทศ,40,40,0,0.0
123,40,ราชการ22,งานสวดอภิธรรม,40,40,0,0.0
123,40,ราชการ23,งานฌาปนกิจศพ,40,40,0,0.0
123,40,ราชการ24,งานต้อนรับอาคันตุกะ,40,40,0,0.0
123,40,ราชการ25,งานสวดอภิธรรม,40,40,0,0.0
123,40,ราชการ26,วันเข้าพรรษา,19,19,0,0.0
123,40,ราชการ27,งานต้อนรับอาคันตุกะ,40,40,0,0.0
123,40,ราชการ28,งานพระราชทานเพลิงศพ,36,36,0,0.0
123,40,ราชการ3,วันสงกรานต์,40,40,0,0.0
123,40,ราชการ4,การเผยแพร่วัฒนธรรมต่างประเทศ,40,40,0,0.0
123,40,ราชการ5,วันตรุษจีน,38,38,0,0.0
123,40,ราชการ6,วันสงกรานต์,40,40,0,0.0
123,40,ราชการ7,งานแต่งงาน,33,33,0,0.0
123,40,ราชการ8,งานเปิดบริษัท,40,40,0,0.0
123,40,ราชการ9,งานทำบุญ,40,40,0,0.0
123,40,องค์การระหว่างประเทศ1,งานเปิดบริษัท,40,40,0,0.0
123,40,องค์การระหว่างประเทศ10,การเผยแพร่วัฒนธรรมต่างประเทศ,40,40,0,0.0
123,40,องค์การระหว่างประเทศ11,งานพระราชทานเพลิงศพ,36,36,0,0.0
123,40,องค์การระหว่างประเทศ12,งานพระราชทานเพลิงศพ,36,36,0,0.0
123,40,องค์การระหว่างประเทศ13,การเผยแพร่วัฒนธรรมในประเทศ,40,40,0,0.0
123,40,องค์การระหว่างประเทศ14,วันสงกรานต์,40,40,0,0.0
123,40,องค์การระหว่างประเทศ15,งานสวดอภิธรรม,40,40,0,0.0
123,40,องค์การระหว่างประเทศ16,งานฌาปนกิจศพ,40,40,0,0.0
123,40,องค์การระหว่างประเทศ17,การเผยแพร่วัฒนธรรมในประเทศ,40,40,0,0.0
123,40,องค์การระหว่างประเทศ18,งานสวดอภิธรรม,40,40,0,0.0
123,40,องค์การระหว่างประเทศ19,งานฌาปนกิจศพ,40,40,0,0.0
123,40,องค์การระหว่างประเทศ2,งานต้อนรับอาคันตุกะ,40,40,0,0.0
123,40,องค์การระหว่างประเทศ20,การเผยแพร่วัฒนธรรมในประเทศ,40,40,0,0.0
123,40,องค์การระหว่างประเทศ21,งานสวดอภิธรรม,40,40,0,0.0
123,40,องค์การระหว่างประเทศ22,งานสวดอภิธรรม,40,40,0,0.0
123,40,องค์การระหว่างประเทศ23,งานฌาปนกิจศพ,40,40,0,0.0
123,40,องค์การระหว่างประเทศ24,งานฌาปนกิจศพ,40,40,0,0.0
123,40,องค์การระหว่างประเทศ25,การเผยแพร่วัฒนธรรมในประเทศ,40,40,0,0.0
123,40,องค์การระหว่างประเทศ26,การเผยแพร่วัฒนธรรมในประเทศ,40,40,0,0.0
123,40,องค์การระหว่างประเทศ27,งานบวงสรวง,30,30,0,0.0
123,40,องค์การระหว่างประเทศ3,งานสวดอภิธรรม,40,40,0,0.0
123,40,องค์การระหว่างประเทศ4,งานทำบุญ,40,40,0,0.0
123,40,องค์การระหว่างประเทศ5,งานขึ้นบ้านใหม่,40,40,0,0.0
123,40,องค์การระหว่างประเทศ6,งานต้อนรับอาคันตุกะ,40,40,0,0.0
123,40,องค์การระหว่างประเทศ7,งานขึ้นบ้านใหม่,40,40,0,0.0
123,40,องค์การระหว่างประเทศ8,งานต้อนรับอาคันตุกะ,40,40,0,0.0
123,40,องค์การระหว่างประเทศ9,วันสงกรานต์,40,40,0,0.0
123,40,เอกชน1,การเผยแพร่วัฒนธรรมต่างประเทศ,40,40,0,0.0
123,40,เอกชน10,งานทำบุญ,40,40,0,0.0
123,40,เอกชน11,การเผยแพร่วัฒนธรรมในประเทศ,40,40,0,0.0
123,40,เอกชน12,งานพระราชทานเพลิงศพ,36,36,0,0.0
123,40,เอกชน13,การเผยแพร่วัฒนธรรมต่างประเทศ,40,40,0,0.0
123,40,เอกชน14,งานฌาปนกิจศพ,40,40,0,0.0
123,40,เอกชน15,การเผยแพร่วัฒนธรรมในประเทศ,40,40,0,0.0
123,40,เอกชน16,งานสวดอภิธรรม,40,40,0,0.0
123,40,เอกชน17,การเผยแพร่วัฒนธรรมในประเทศ,40,40,0,0.0
123,40,เอกชน18,งานทำบุญ,40,40,0,0.0
123,40,เอกชน19,การเผยแพร่วัฒนธรรมในประเทศ,40,40,0,0.0
123,40,เอกชน2,งานบวงสรวง,30,30,0,0.0
123,40,เอกชน20,งานเปิดบริษัท,40,40,0,0.0
123,40,เอกชน21,การเผยแพร่วัฒนธรรมในประเทศ,40,40,0,0.0
123,40,เอกชน22,งานฌาปนกิจศพ,40,40,0,0.0
123,40,เอกชน23,งานฌาปนกิจศพ,40,40,0,0.0
123,40,เอกชน24,การเผยแพร่วัฒนธรรมในประเทศ,40,40,0,0.0
123,40,เอกชน25,งานพระราชทานเพลิงศพ,36,36,0,0.0
123,40,เอกชน26,การเผยแพร่วัฒนธรรมในประเทศ,40,40,0,0.0
123,40,เอกชน27,งานสโมสรสันนิบาต,16,16,0,0.0
123,40,เอกชน28,วันสงกรานต์,40,40,0,0.0
123,40,เอกชน29,วันลอยกระทง,40,40,0,0.0
123,40,เอกชน3,การเผยแพร่วัฒนธรรมในประเทศ,40,40,0,0.0
123,40,เอกชน30,การเผยแพร่วัฒนธรรมต่างประเทศ,40,40,0,0.0
123,40,เอกชน31,งานวันเกิด,40,40,0,0.0
123,40,เอกชน32,งานทำบุญ,40,40,0,0.0
123,40,เอกชน33,วันสงกรานต์,40,40,0,0.0
123,40,เอกชน34,วันขึ้นปีใหม่,40,40,0,0.0
123,40,เอกชน35,งานสวดอภิธรรม,40,40,0,0.0
123,40,เอกชน36,งานพระราชทานเพลิงศพ,36,36,0,0.0
123,40,เอกชน37,งานทำบุญ,40,40,0,0.0
123,40,เอกชน38,วันตรุษจีน,38,38,0,0.0
123,40,เอกชน39,วันขึ้นปีใหม่,40,40,0,0.0
123,40,เอกชน4,การเผยแพร่วัฒนธรรมต่างประเทศ,40,40,0,0.0
123,40,เอกชน40,วันตรุษจีน,38,38,0,0.0
123,40,เอกชน41,งานเปิดบริษัท,40,40,0,0.0
123,40,เอกชน42,การเผยแพร่วัฒนธรรมในประเทศ,40,40,0,0.0
123,40,เอกชน43,งานทำบุญ,40,40,0,0.0
123,40,เอกชน44,งานวันเกิด,40,40,0,0.0
123,40,เอกชน45,งานต้อนรับอาคันตุกะ,40,40,0,0.0
123,40,เอกชน46,การเผยแพร่วัฒนธรรมในประเทศ,40,40,0,0.0
123,40,เอกชน47,งานวันเกิด,40,40,0,0.0
123,40,เอกชน48,งานบวงสรวง,30,30,0,0.0
123,40,เอกชน49,การเผยแพร่วัฒนธรรมในประเทศ,40,40,0,0.0
123,40,เอกชน5,งานเปิดบริษัท,40,40,0,0.0
123,40,เอกชน50,งานต้อนรับอาคันตุกะ,40,40,0,0.0
123,40,เอกชน51,งานวันเกิด,40,40,0,0.0
123,40,เอกชน52,งานขึ้นบ้านใหม่,40,40,0,0.0
123,40,เอกชน53,การเผยแพร่วัฒนธรรมในประเทศ,40,40,0,0.0
123,40,เอกชน54,การเผยแพร่วัฒนธรรมต่างประเทศ,40,40,0,0.0
123,40,เอกชน55,งานสวดอภิธรรม,40,40,0,0.0
123,40,เอกชน56,วันลอยกระทง,40,40,0,0.0
123,40,เอกชน57,วันเข้าพรรษา,19,19,0,0.0
123,40,เอกชน58,งานทำบุญ,40,40,0,0.0
123,40,เอกชน59,งานพระราชทานเพลิงศพ,36,36,0,0.0
123,40,เอกชน6,งานฌาปนกิจศพ,40,40,0,0.0
123,40,เอกชน60,วันขึ้นปีใหม่,40,40,0,0.0
123,40,เอกชน61,งานต้อนรับอาคันตุกะ,40,40,0,0.0
123,40,เอกชน7,งานทำบุญ,40,40,0,0.0
123,40,เอกชน8,งานวันเกิด,40,40,0,0.0
123,40,เอกชน9,งานวันเกิด,40,40,0,0.0
123,80,บุคคล1,งานพระราชทานเพลิงศพ,36,36,0,0.0
123,80,บุคคล10,งานสวดอภิธรรม,40,40,0,0.0
123,80,บุคคล11,งานพระราชทานเพลิงศพ,36,36,0,0.0
123,80,บุคคล12,วันออกพรรษา,19,19,0,0.0
123,80,บุคคล13,การเผยแพร่วัฒนธรรมต่างประเทศ,66,66,0,0.0
123,80,บุคคล14,งานต้อนรับอาคันตุกะ,64,64,0,0.0
123,80,บุคคล15,งานพระราชทานเพลิงศพ,36,36,0,0.0
123,80,บุคคล16,งานพระราชทานเพลิงศพ,36,36,0,0.0
123,80,บุคคล17,งานขึ้นบ้านใหม่,43,43,0,0.0
123,80,บุคคล18,งานสวดอภิธรรม,40,40,0,0.0
123,80,บุคคล19,การเผยแพร่วัฒนธรรมในประเทศ,80,80,0,0.0
123,80,บุคคล2,งานต้อนรับอาคันตุกะ,64,64,0,0.0
123,80,บุคคล20,การเผยแพร่วัฒนธรรมในประเทศ,80,80,0,0.0
123,80,บุคคล21,วันตรุษจีน,38,38,0,0.0
123,80,บุคคล22,การเผยแพร่วัฒนธรรมในประเทศ,80,80,0,0.0
123,80,บุคคล23,งานบวงสรวง,30,30,0,0.0
123,80,บุคคล24,การเผยแพร่วัฒนธรรมในประเทศ,80,80,0,0.0
123,80,บุคคล25,การเผยแพร่วัฒนธรรมต่างประเทศ,66,66,0,0.0
123,80,บุคคล26,การเผยแพร่วัฒนธรรมต่างประเทศ,66,66,0,0.0
123,80,บุคคล27,วันขึ้นปีใหม่,60,60,0,0.0
123,80,บุคคล28,การเผยแพร่วัฒนธรรมในประเทศ,80,80,0,0.0
123,80,บุคคล29,งานพระราชทานเพลิงศพ,36,36,0,0.0
123,80,บุคคล3,การเผยแพร่วัฒนธรรมต่างประเทศ,66,66,0,0.0
123,80,บุคคล30,งานสวดอภิธรรม,40,40,0,0.0
123,80,บุคคล31,การเผยแพร่วัฒนธรรมในประเทศ,80,80,0,0.0
123,80,บุคคล32,การเผยแพร่วัฒนธรรมต่างประเทศ,66,66,0,0.0
123,80,บุคคล33,งานแต่งงาน,33,33,0,0.0
123,80,บุคคล34,งานสวดอภิธรรม,40,40,0,0.0
123,80,บุคคล35,งานพระราชทานเพลิงศพ,36,36,0,0.0
123,80,บุคคล36,งานฌาปนกิจศพ,40,40,0,0.0
123,80,บุคคล37,งานต้อนรับอาคันตุกะ,64,64,0,0.0
123,80,บุคคล38,การเผยแพร่วัฒนธรรมในประเทศ,80,80,0,0.0
123,80,บุคคล39,วันสงกรานต์,62,62,0,0.0
123,80,บุคคล4,งานทำบุญ,47,47,0,0.0
123,80,บุคคล40,การเผยแพร่วัฒนธรรมในประเทศ,80,80,0,0.0
123,80,บุคคล5,งานวันเกิด,44,44,0,0.0
123,80,บุคคล6,วันตรุษจีน,38,38,0,0.0
123,80,บุคคล7,การเผยแพร่วัฒนธรรมในประเทศ,80,80,0,0.0
123,80,บุคคล8,การเผยแพร่วัฒนธรรมต่างประเทศ,66,66,0,0.0
123,80,บุคคล9,งานฌาปนกิจศพ,40,40,0,0.0
123,80,ราชการ1,การเผยแพร่วัฒนธรรมต่างประเทศ,66,66,0,0.0
123,80,ราชการ10,งานขึ้นบ้านใหม่,43,43,0,0.0
123,80,ราชการ11,การเผยแพร่วัฒนธรรมต่างประเทศ,66,66,0,0.0
123,80,ราชการ12,งานต้อนรับอาคันตุกะ,64,64,0,0.0
123,80,ราชการ13,งานต้อนรับอาคันตุกะ,64,64,0,0.0
123,80,ราชการ14,งานต้อนรับอาคันตุกะ,64,64,0,0.0
123,80,ราชการ15,งานฌาปนกิจศพ,40,40,0,0.0
123,80,ราชการ16,การเผยแพร่วัฒนธรรมในประเทศ,80,80,0,0.0
123,80,ราชการ17,วันขึ้นปีใหม่,60,60,0,0.0
123,80,ราชการ18,การเผยแพร่วัฒนธรรมต่างประเทศ,66,66,0,0.0
123,80,ราชการ19,งานฌาปนกิจศพ,40,40,0,0.0
123,80,ราชการ2,วันสงกรานต์,62,62,0,0.0
123,80,ราชการ20,การเผยแพร่วัฒนธรรมในประเทศ,80,80,0,0.0
123,80,ราชการ21,การเผยแพร่วัฒนธรรมในประเทศ,80,80,0,0.0
123,80,ราชการ22,งานสวดอภิธรรม,40,40,0,0.0
123,80,ราชการ23,งานฌาปนกิจศพ,40,40,0,0.0
123,80,ราชการ24,งานต้อนรับอาคันตุกะ,64,64,0,0.0
123,80,ราชการ25,งานสวดอภิธรรม,40,40,0,0.0
123,80,ราชการ26,วันเข้าพรรษา,19,19,0,0.0
123,80,ราชการ27,งานต้อนรับอาคันตุกะ,64,64,0,0.0
123,80,ราชการ28,งานพระราชทานเพลิงศพ,36,36,0,0.0
123,80,ราชการ3,วันสงกรานต์,62,62,0,0.0
123,80,ราชการ4,การเผยแพร่วัฒนธรรมต่างประเทศ,66,66,0,0.0
123,80,ราชการ5,วันตรุษจีน,38,38,0,0.0
123,80,ราชการ6,วันสงกรานต์,62,62,0,0.0
123,80,ราชการ7,งานแต่งงาน,33,33,0,0.0
123,80,ราชการ8,งานเปิดบริษัท,47,47,0,0.0
123,80,ราชการ9,งานทำบุญ,47,47,0,0.0
123,80,องค์การระหว่างประเทศ1,งานเปิดบริษัท,47,47,0,0.0
123,80,องค์การระหว่างประเทศ10,การเผยแพร่วัฒนธรรมต่างประเทศ,66,66,0,0.0
123,80,องค์การระหว่างประเทศ11,งานพระราชทานเพลิงศพ,36,36,0,0.0
123,80,องค์การระหว่างประเทศ12,งานพระราชทานเพลิงศพ,36,36,0,0.0
123,80,องค์การระหว่างประเทศ13,การเผยแพร่วัฒนธรรมในประเทศ,80,80,0,0.0
123,80,องค์การระหว่างประเทศ14,วันสงกรานต์,62,62,0,0.0
123,80,องค์การระหว่างประเทศ15,งานสวดอภิธรรม,40,40,0,0.0
123,80,องค์การระหว่างประเทศ16,งานฌาปนกิจศพ,40,40,0,0.0
123,80,องค์การระหว่างประเทศ17,การเผยแพร่วัฒนธรรมในประเทศ,80,80,0,0.0
123,80,องค์การระหว่างประเทศ18,งานสวดอภิธรรม,40,40,0,0.0
123,80,องค์การระหว่างประเทศ19,งานฌาปนกิจศพ,40,40,0,0.0
123,80,องค์การระหว่างประเทศ2,งานต้อนรับอาคันตุกะ,64,64,0,0.0
123,80,องค์การระหว่างประเทศ20,การเผยแพร่วัฒนธรรมในประเทศ,80,80,0,0.0
123,80,องค์การระหว่างประเทศ21,งานสวดอภิธรรม,40,40,0,0.0
123,80,องค์การระหว่างประเทศ22,งานสวดอภิธรรม,40,40,0,0.0
123,80,องค์การระหว่างประเทศ23,งานฌาปนกิจศพ,40,40,0,0.0
123,80,องค์การระหว่างประเทศ24,งานฌาปนกิจศพ,40,40,0,0.0
123,80,องค์การระหว่างประเทศ25,การเผยแพร่วัฒนธรรมในประเทศ,80,80,0,0.0
123,80,องค์การระหว่างประเทศ26,การเผยแพร่วัฒนธรรมในประเทศ,80,80,0,0.0
123,80,องค์การระหว่างประเทศ27,งานบวงสรวง,30,30,0,0.0
123,80,องค์การระหว่างประเทศ3,งานสวดอภิธรรม,40,40,0,0.0
123,80,องค์การระหว่างประเทศ4,งานทำบุญ,47,47,0,0.0
123,80,องค์การระหว่างประเทศ5,งานขึ้นบ้านใหม่,43,43,0,0.0
123,80,องค์การระหว่างประเทศ6,งานต้อนรับอาคันตุกะ,64,64,0,0.0
123,80,องค์การระหว่างประเทศ7,งานขึ้นบ้านใหม่,43,43,0,0.0
123,80,องค์การระหว่างประเทศ8,งานต้อนรับอาคันตุกะ,64,64,0,0.0
123,80,องค์การระหว่างประเทศ9,วันสงกรานต์,62,62,0,0.0
123,80,เอกชน1,การเผยแพร่วัฒนธรรมต่างประเทศ,66,66,0,0.0
123,80,เอกชน10,งานทำบุญ,47,47,0,0.0
123,80,เอกชน11,การเผยแพร่วัฒนธรรมในประเทศ,80,80,0,0.0
123,80,เอกชน12,งานพระราชทานเพลิงศพ,36,36,0,0.0
123,80,เอกชน13,การเผยแพร่วัฒนธรรมต่างประเทศ,66,66,0,0.0
123,80,เอกชน14,งานฌาปนกิจศพ,40,40,0,0.0
123,80,เอกชน15,การเผยแพร่วัฒนธรรมในประเทศ,80,80,0,0.0
123,80,เอกชน16,งานสวดอภิธรรม,40,40,0,0.0
123,80,เอกชน17,การเผยแพร่วัฒนธรรมในประเทศ,80,80,0,0.0
123,80,เอกชน18,งานทำบุญ,47,47,0,0.0
123,80,เอกชน19,การเผยแพร่วัฒนธรรมในประเทศ,80,80,0,0.0
123,80,เอกชน2,งานบวงสรวง,30,30,0,0.0
123,80,เอกชน20,งานเปิดบริษัท,47,47,0,0.0
123,80,เอกชน21,การเผยแพร่วัฒนธรรมในประเทศ,80,80,0,0.0
123,80,เอกชน22,งานฌาปนกิจศพ,40,40,0,0.0
123,80,เอกชน23,งานฌาปนกิจศพ,40,40,0,0.0
123,80,เอกชน24,การเผยแพร่วัฒนธรรมในประเทศ,80,80,0,0.0
123,80,เอกชน25,งานพระราชทานเพลิงศพ,36,36,0,0.0
123,80,เอกชน26,การเผยแพร่วัฒนธรรมในประเทศ,80,80,0,0.0
123,80,เอกชน27,งานสโมสรสันนิบาต,16,16,0,0.0
123,80,เอกชน28,วันสงกรานต์,62,62,0,0.0
123,80,เอกชน29,วันลอยกระทง,54,54,0,0.0
123,80,เอกชน3,การเผยแพร่วัฒนธรรมในประเทศ,80,80,0,0.0
123,80,เอกชน30,การเผยแพร่วัฒนธรรมต่างประเทศ,66,66,0,0.0
123,80,เอกชน31,งานวันเกิด,44,44,0,0.0
123,80,เอกชน32,งานทำบุญ,47,47,0,0.0
123,80,เอกชน33,วันสงกรานต์,62,62,0,0.0
123,80,เอกชน34,วันขึ้นปีใหม่,60,60,0,0.0
123,80,เอกชน35,งานสวดอภิธรรม,40,40,0,0.0
123,80,เอกชน36,งานพระราชทานเพลิงศพ,36,36,0,0.0
123,80,เอกชน37,งานทำบุญ,47,47,0,0.0
123,80,เอกชน38,วันตรุษจีน,38,38,0,0.0
123,80,เอกชน39,วันขึ้นปีใหม่,60,60,0,0.0
123,80,เอกชน4,การเผยแพร่วัฒนธรรมต่างประเทศ,66,66,0,0.0
123,80,เอกชน40,วันตรุษจีน,38,38,0,0.0
123,80,เอกชน41,งานเปิดบริษัท,47,47,0,0.0
123,80,เอกชน42,การเผยแพร่วัฒนธรรมในประเทศ,80,80,0,0.0
123,80,เอกชน43,งานทำบุญ,47,47,0,0.0
123,80,เอกชน44,งานวันเกิด,44,44,0,0.0
123,80,เอกชน45,งานต้อนรับอาคันตุกะ,64,64,0,0.0
123,80,เอกชน46,การเผยแพร่วัฒนธรรมในประเทศ,80,80,0,0.0
123,80,เอกชน47,งานวันเกิด,44,44,0,0.0
123,80,เอกชน48,งานบวงสรวง,30,30,0,0.0
123,80,เอกชน49,การเผยแพร่วัฒนธรรมในประเทศ,80,80,0,0.0
123,80,เอกชน5,งานเปิดบริษัท,47,47,0,0.0
123,80,เอกชน50,งานต้อนรับอาคันตุกะ,64,64,0,0.0
123,80,เอกชน51,งานวันเกิด,44,44,0,0.0
123,80,เอกชน52,งานขึ้นบ้านใหม่,43,43,0,0.0
123,80,เอกชน53,การเผยแพร่วัฒนธรรมในประเทศ,80,80,0,0.0
123,80,เอกชน54,การเผยแพร่วัฒนธรรมต่างประเทศ,66,66,0,0.0
123,80,เอกชน55,งานสวดอภิธรรม,40,40,0,0.0
123,80,เอกชน56,วันลอยกระทง,54,54,0,0.0
123,80,เอกชน57,วันเข้าพรรษา,19,19,0,0.0
123,80,เอกชน58,งานทำบุญ,47,47,0,0.0
123,80,เอกชน59,งานพระราชทานเพลิงศพ,36,36,0,0.0
123,80,เอกชน6,งานฌาปนกิจศพ,40,40,0,0.0
123,80,เอกชน60,วันขึ้นปีใหม่,60,60,0,0.0
123,80,เอกชน61,งานต้อนรับอาคันตุกะ,64,64,0,0.0
123,80,เอกชน7,งานทำบุญ,47,47,0,0.0
123,80,เอกชน8,งานวันเกิด,44,44,0,0.0
123,80,เอกชน9,งานวันเกิด,44,44,0,0.0
123,all,บุคคล1,งานพระราชทานเพลิงศพ,36,36,0,0.0
123,all,บุคคล10,งานสวดอภิธรรม,40,40,0,0.0
123,all,บุคคล11,งานพระราชทานเพลิงศพ,36,36,0,0.0
123,all,บุคคล12,วันออกพรรษา,19,19,0,0.0
123,all,บุคคล13,การเผยแพร่วัฒนธรรมต่างประเทศ,66,66,0,0.0
123,all,บุคคล14,งานต้อนรับอาคันตุกะ,64,64,0,0.0
123,all,บุคคล15,งานพระราชทานเพลิงศพ,36,36,0,0.0
123,all,บุคคล16,งานพระราชทานเพลิงศพ,36,36,0,0.0
123,all,บุคคล17,งานขึ้นบ้านใหม่,43,43,0,0.0
123,all,บุคคล18,งานสวดอภิธรรม,40,40,0,0.0
123,all,บุคคล19,การเผยแพร่วัฒนธรรมในประเทศ,108,108,0,0.0
123,all,บุคคล2,งานต้อนรับอาคันตุกะ,64,64,0,0.0
123,all,บุคคล20,การเผยแพร่วัฒนธรรมในประเทศ,108,108,0,0.0
123,all,บุคคล21,วันตรุษจีน,38,38,0,0.0
123,all,บุคคล22,การเผยแพร่วัฒนธรรมในประเทศ,108,108,0,0.0
123,all,บุคคล23,งานบวงสรวง,30,30,0,0.0
123,all,บุคคล24,การเผยแพร่วัฒนธรรมในประเทศ,108,108,0,0.0
123,all,บุคคล25,การเผยแพร่วัฒนธรรมต่างประเทศ,66,66,0,0.0
123,all,บุคคล26,การเผยแพร่วัฒนธรรมต่างประเทศ,66,66,0,0.0
123,all,บุคคล27,วันขึ้นปีใหม่,60,60,0,0.0
123,all,บุคคล28,การเผยแพร่วัฒนธรรมในประเทศ,108,108,0,0.0
123,all,บุคคล29,งานพระราชทานเพลิงศพ,36,36,0,0.0
123,all,บุคคล3,การเผยแพร่วัฒนธรรมต่างประเทศ,66,66,0,0.0
123,all,บุคคล30,งานสวดอภิธรรม,40,40,0,0.0
123,all,บุคคล31,การเผยแพร่วัฒนธรรมในประเทศ,108,108,0,0.0
123,all,บุคคล32,การเผยแพร่วัฒนธรรมต่างประเทศ,66,66,0,0.0
123,all,บุคคล33,งานแต่งงาน,33,33,0,0.0
123,all,บุคคล34,งานสวดอภิธรรม,40,40,0,0.0
123,all,บุคคล35,งานพระราชทานเพลิงศพ,36,36,0,0.0
123,all,บุคคล36,งานฌาปนกิจศพ,40,40,0,0.0
123,all,บุคคล37,งานต้อนรับอาคันตุกะ,64,64,0,0.0
123,all,บุคคล38,การเผยแพร่วัฒนธรรมในประเทศ,108,108,0,0.0
123,all,บุคคล39,วันสงกรานต์,62,62,0,0.0
123,all,บุคคล4,งานทำบุญ,47,47,0,0.0
123,all,บุคคล40,การเผยแพร่วัฒนธรรมในประเทศ,108,108,0,0.0
123,all,บุคคล5,งานวันเกิด,44,44,0,0.0
123,all,บุคคล6,วันตรุษจีน,38,38,0,0.0
123,all,บุคคล7,การเผยแพร่วัฒนธรรมในประเทศ,108,108,0,0.0
123,all,บุคคล8,การเผยแพร่วัฒนธรรมต่างประเทศ,66,66,0,0.0
123,all,บุคคล9,งานฌาปนกิจศพ,40,40,0,0.0
123,all,ราชการ1,การเผยแพร่วัฒนธรรมต่างประเทศ,66,66,0,0.0
123,all,ราชการ10,งานขึ้นบ้านใหม่,43,43,0,0.0
123,all,ราชการ11,การเผยแพร่วัฒนธรรมต่างประเทศ,66,66,0,0.0
123,all,ราชการ12,งานต้อนรับอาคันตุกะ,64,64,0,0.0
123,all,ราชการ13,งานต้อนรับอาคันตุกะ,64,64,0,0.0
123,all,ราชการ14,งานต้อนรับอาคันตุกะ,64,64,0,0.0
123,all,ราชการ15,งานฌาปนกิจศพ,40,40,0,0.0
123,all,ราชการ16,การเผยแพร่วัฒนธรรมในประเทศ,108,108,0,0.0
123,all,ราชการ17,วันขึ้นปีใหม่,60,60,0,0.0
123,all,ราชการ18,การเผยแพร่วัฒนธรรมต่างประเทศ,66,66,0,0.0
123,all,ราชการ19,งานฌาปนกิจศพ,40,40,0,0.0
123,all,ราชการ2,วันสงกรานต์,62,62,0,0.0
123,all,ราชการ20,การเผยแพร่วัฒนธรรมในประเทศ,108,108,0,0.0
123,all,ราชการ21,การเผยแพร่วัฒนธรรมในประเทศ,108,108,0,0.0
123,all,ราชการ22,งานสวดอภิธรรม,40,40,0,0.0
123,all,ราชการ23,งานฌาปนกิจศพ,40,40,0,0.0
123,all,ราชการ24,งานต้อนรับอาคันตุกะ,64,64,0,0.0
123,all,ราชการ25,งานสวดอภิธรรม,40,40,0,0.0
123,all,ราชการ26,วันเข้าพรรษา,19,19,0,0.0
123,all,ราชการ27,งานต้อนรับอาคันตุกะ,64,64,0,0.0
123,all,ราชการ28,งานพระราชทานเพลิงศพ,36,36,0,0.0
123,all,ราชการ3,วันสงกรานต์,62,62,0,0.0
123,all,ราชการ4,การเผยแพร่วัฒนธรรมต่างประเทศ,66,66,0,0.0
123,all,ราชการ5,วันตรุษจีน,38,38,0,0.0
123,all,ราชการ6,วันสงกรานต์,62,62,0,0.0
123,all,ราชการ7,งานแต่งงาน,33,33,0,0.0
123,all,ราชการ8,งานเปิดบริษัท,47,47,0,0.0
123,all,ราชการ9,งานทำบุญ,47,47,0,0.0
123,all,องค์การระหว่างประเทศ1,งานเปิดบริษัท,47,47,0,0.0
123,all,องค์การระหว่างประเทศ10,การเผยแพร่วัฒนธรรมต่างประเทศ,66,66,0,0.0
123,all,องค์การระหว่างประเทศ11,งานพระราชทานเพลิงศพ,36,36,0,0.0
123,all,องค์การระหว่างประเทศ12,งานพระราชทานเพลิงศพ,36,36,0,0.0
123,all,องค์การระหว่างประเทศ13,การเผยแพร่วัฒนธรรมในประเทศ,108,108,0,0.0
123,all,องค์การระหว่างประเทศ14,วันสงกรานต์,62,62,0,0.0
123,all,องค์การระหว่างประเทศ15,งานสวดอภิธรรม,40,40,0,0.0
123,all,องค์การระหว่างประเทศ16,งานฌาปนกิจศพ,40,40,0,0.0
123,all,องค์การระหว่างประเทศ17,การเผยแพร่วัฒนธรรมในประเทศ,108,108,0,0.0
123,all,องค์การระหว่างประเทศ18,งานสวดอภิธรรม,40,40,0,0.0
123,all,องค์การระหว่างประเทศ19,งานฌาปนกิจศพ,40,40,0,0.0
123,all,องค์การระหว่างประเทศ2,งานต้อนรับอาคันตุกะ,64,64,0,0.0
123,all,องค์การระหว่างประเทศ20,การเผยแพร่วัฒนธรรมในประเทศ,108,108,0,0.0
123,all,องค์การระหว่างประเทศ21,งานสวดอภิธรรม,40,40,0,0.0
123,all,องค์การระหว่างประเทศ22,งานสวดอภิธรรม,40,40,0,0.0
123,all,องค์การระหว่างประเทศ23,งานฌาปนกิจศพ,40,40,0,0.0
123,all,องค์การระหว่างประเทศ24,งานฌาปนกิจศพ,40,40,0,0.0
123,all,องค์การระหว่างประเทศ25,การเผยแพร่วัฒนธรรมในประเทศ,108,108,0,0.0
123,all,องค์การระหว่างประเทศ26,การเผยแพร่วัฒนธรรมในประเทศ,108,108,0,0.0
123,all,องค์การระหว่างประเทศ27,งานบวงสรวง,30,30,0,0.0
123,all,องค์การระหว่างประเทศ3,งานสวดอภิธรรม,40,40,0,0.0
123,all,องค์การระหว่างประเทศ4,งานทำบุญ,47,47,0,0.0
123,all,องค์การระหว่างประเทศ5,งานขึ้นบ้านใหม่,43,43,0,0.0
123,all,องค์การระหว่างประเทศ6,งานต้อนรับอาคันตุกะ,64,64,0,0.0
123,all,องค์การระหว่างประเทศ7,งานขึ้นบ้านใหม่,43,43,0,0.0
123,all,องค์การระหว่างประเทศ8,งานต้อนรับอาคันตุกะ,64,64,0,0.0
123,all,องค์การระหว่างประเทศ9,วันสงกรานต์,62,62,0,0.0
123,all,เอกชน1,การเผยแพร่วัฒนธรรมต่างประเทศ,66,66,0,0.0
123,all,เอกชน10,งานทำบุญ,47,47,0,0.0
123,all,เอกชน11,การเผยแพร่วัฒนธรรมในประเทศ,108,108,0,0.0
123,all,เอกชน12,งานพระราชทานเพลิงศพ,36,36,0,0.0
123,all,เอกชน13,การเผยแพร่วัฒนธรรมต่างประเทศ,66,66,0,0.0
123,all,เอกชน14,งานฌาปนกิจศพ,40,40,0,0.0
123,all,เอกชน15,การเผยแพร่วัฒนธรรมในประเทศ,108,108,0,0.0
123,all,เอกชน16,งานสวดอภิธรรม,40,40,0,0.0
123,all,เอกชน17,การเผยแพร่วัฒนธรรมในประเทศ,108,108,0,0.0
123,all,เอกชน18,งานทำบุญ,47,47,0,0.0
123,all,เอกชน19,การเผยแพร่วัฒนธรรมในประเทศ,108,108,0,0.0
123,all,เอกชน2,งานบวงสรวง,30,30,0,0.0
123,all,เอกชน20,งานเปิดบริษัท,47,47,0,0.0
123,all,เอกชน21,การเผยแพร่วัฒนธรรมในประเทศ,108,108,0,0.0
123,all,เอกชน22,งานฌาปนกิจศพ,40,40,0,0.0
123,all,เอกชน23,งานฌาปนกิจศพ,40,40,0,0.0
123,all,เอกชน24,การเผยแพร่วัฒนธรรมในประเทศ,108,108,0,0.0
123,all,เอกชน25,งานพระราชทานเพลิงศพ,36,36,0,0.0
123,all,เอกชน26,การเผยแพร่วัฒนธรรมในประเทศ,108,108,0,0.0
123,all,เอกชน27,งานสโมสรสันนิบาต,16,16,0,0.0
123,all,เอกชน28,วันสงกรานต์,62,62,0,0.0
123,all,เอกชน29,วันลอยกระทง,54,54,0,0.0
123,all,เอกชน3,การเผยแพร่วัฒนธรรมในประเทศ,108,108,0,0.0
123,all,เอกชน30,การเผยแพร่วัฒนธรรมต่างประเทศ,66,66,0,0.0
123,all,เอกชน31,งานวันเกิด,44,44,0,0.0
123,all,เอกชน32,งานทำบุญ,47,47,0,0.0
123,all,เอกชน33,วันสงกรานต์,62,62,0,0.0
123,all,เอกชน34,วันขึ้นปีใหม่,60,60,0,0.0
123,all,เอกชน35,งานสวดอภิธรรม,40,40,0,0.0
123,all,เอกชน36,งานพระราชทานเพลิงศพ,36,36,0,0.0
123,all,เอกชน37,งานทำบุญ,47,47,0,0.0
123,all,เอกชน38,วันตรุษจีน,38,38,0,0.0
123,all,เอกชน39,วันขึ้นปีใหม่,60,60,0,0.0
123,all,เอกชน4,การเผยแพร่วัฒนธรรมต่างประเทศ,66,66,0,0.0
123,all,เอกชน40,วันตรุษจีน,38,38,0,0.0
123,all,เอกชน41,งานเปิดบริษัท,47,47,0,0.0
123,all,เอกชน42,การเผยแพร่วัฒนธรรมในประเทศ,108,108,0,0.0
123,all,เอกชน43,งานทำบุญ,47,47,0,0.0
123,all,เอกชน44,งานวันเกิด,44,44,0,0.0
123,all,เอกชน45,งานต้อนรับอาคันตุกะ,64,64,0,0.0
123,all,เอกชน46,การเผยแพร่วัฒนธรรมในประเทศ,108,108,0,0.0
123,all,เอกชน47,งานวันเกิด,44,44,0,0.0
123,all,เอกชน48,งานบวงสรวง,30,30,0,0.0
123,all,เอกชน49,การเผยแพร่วัฒนธรรมในประเทศ,108,108,0,0.0
123,all,เอกชน5,งานเปิดบริษัท,47,47,0,0.0
123,all,เอกชน50,งานต้อนรับอาคันตุกะ,64,64,0,0.0
123,all,เอกชน51,งานวันเกิด,44,44,0,0.0
123,all,เอกชน52,งานขึ้นบ้านใหม่,43,43,0,0.0
123,all,เอกชน53,การเผยแพร่วัฒนธรรมในประเทศ,108,108,0,0.0
123,all,เอกชน54,การเผยแพร่วัฒนธรรมต่างประเทศ,66,66,0,0.0
123,all,เอกชน55,งานสวดอภิธรรม,40,40,0,0.0
123,all,เอกชน56,วันลอยกระทง,54,54,0,0.0
123,all,เอกชน57,วันเข้าพรรษา,19,19,0,0.0
123,all,เอกชน58,งานทำบุญ,47,47,0,0.0
123,all,เอกชน59,งานพระราชทานเพลิงศพ,36,36,0,0.0
123,all,เอกชน6,งานฌาปนกิจศพ,40,40,0,0.0
123,all,เอกชน60,วันขึ้นปีใหม่,60,60,0,0.0
123,all,เอกชน61,งานต้อนรับอาคันตุกะ,64,64,0,0.0
123,all,เอกชน7,งานทำบุญ,47,47,0,0.0
123,all,เอกชน8,งานวันเกิด,44,44,0,0.0
123,all,เอกชน9,งานวันเกิด,44,44,0,0.0
999,20,บุคคล1,การเผยแพร่วัฒนธรรมต่างประเทศ,20,20,0,0.0
999,20,บุคคล10,งานขึ้นบ้านใหม่,20,20,0,0.0
999,20,บุคคล11,งานเปิดบริษัท,20,20,0,0.0
999,20,บุคคล12,วันลอยกระทง,20,20,0,0.0
999,20,บุคคล13,การเผยแพร่วัฒนธรรมในประเทศ,20,20,0,0.0
999,20,บุคคล14,การเผยแพร่วัฒนธรรมต่างประเทศ,20,20,0,0.0
999,20,บุคคล15,งานบวงสรวง,20,20,0,0.0
999,20,บุคคล16,งานวันเกิด,20,20,0,0.0
999,20,บุคคล17,งานขึ้นบ้านใหม่,20,20,0,0.0
999,20,บุคคล18,การเผยแพร่วัฒนธรรมในประเทศ,20,20,0,0.0
999,20,บุคคล19,การเผยแพร่วัฒนธรรมในประเทศ,20,20,0,0.0
999,20,บุคคล2,งานแต่งงาน,20,20,0,0.0
999,20,บุคคล20,งานขึ้นบ้านใหม่,20,20,0,0.0
999,20,บุคคล21,งานพระราชทานเพลิงศพ,20,20,0,0.0
999,20,บุคคล22,งานฌาปนกิจศพ,20,20,0,0.0
999,20,บุคคล23,การเผยแพร่วัฒนธรรมในประเทศ,20,20,0,0.0
999,20,บุคคล24,การเผยแพร่วัฒนธรรมในประเทศ,20,20,0,0.0
999,20,บุคคล25,การเผยแพร่วัฒนธรรมต่างประเทศ,20,20,0,0.0
999,20,บุคคล26,งานต้อนรับอาคันตุกะ,20,20,0,0.0
999,20,บุคคล27,การเผยแพร่วัฒนธรรมในประเทศ,20,20,0,0.0
999,20,บุคคล28,การเผยแพร่วัฒนธรรมต่างประเทศ,20,20,0,0.0
999,20,บุคคล29,การเผยแพร่วัฒนธรรมในประเทศ,20,20,0,0.0
999,20,บุคคล3,วันขึ้นปีใหม่,20,20,0,0.0
999,20,บุคคล30,งานเฉลิมพระชนมพรรษาพระบรมวงศานุวงศ์,20,20,0,0.0
999,20,บุคคล31,การเผยแพร่วัฒนธรรมในประเทศ,20,20,0,0.0
999,20,บุคคล32,งานฌาปนกิจศพ,20,20,0,0.0
999,20,บุคคล33,การเผยแพร่วัฒนธรรมในประเทศ,20,20,0,0.0
999,20,บุคคล34,งานสวดอภิธรรม,20,20,0,0.0
999,20,บุคคล35,งานเปิดบริษัท,20,20,0,0.0
999,20,บุคคล36,งานฌาปนกิจศพ,20,20,0,0.0
999,20,บุคคล37,การเผยแพร่วัฒนธรรมในประเทศ,20,20,0,0.0
999,20,บุคคล38,การเผยแพร่วัฒนธรรมต่างประเทศ,20,20,0,0.0
999,20,บุคคล39,วันขึ้นปีใหม่,20,20,0,0.0
999,20,บุคคล4,งานทำบุญ,20,20,0,0.0
999,20,บุคคล40,งานบวงสรวง,20,20,0,0.0
999,20,บุคคล5,งานขึ้นบ้านใหม่,20,20,0,0.0
999,20,บุคคล6,งานต้อนรับอาคันตุกะ,20,20,0,0.0
999,20,บุคคล7,วันลอยกระทง,20,20,0,0.0
999,20,บุคคล8,งานพระราชทานเพลิงศพ,20,20,0,0.0
999,20,บุคคล9,วันขึ้นปีใหม่,20,20,0,0.0
999,20,ราชการ1,งานฌาปนกิจศพ,20,20,0,0.0
999,20,ราชการ10,งานสวดอภิธรรม,20,20,0,0.0
999,20,ราชการ11,งานขึ้นบ้านใหม่,20,20,0,0.0
999,20,ราชการ12,งานสวดอภิธรรม,20,20,0,0.0
999,20,ราชการ13,งานสวดอภิธรรม,20,20,0,0.0
999,20,ราชการ14,งานแต่งงาน,20,20,0,0.0
999,20,ราชการ15,วันตรุษจีน,20,20,0,0.0
999,20,ราชการ16,งานเฉลิมพระชนมพรรษาพระบรมวงศานุวงศ์,20,20,0,0.0
999,20,ราชการ17,งานสวดอภิธรรม,20,20,0,0.0
999,20,ราชการ18,การเผยแพร่วัฒนธรรมต่างประเทศ,20,20,0,0.0
999,20,ราชการ19,งานสโมสรสันนิบาต,16,16,0,0.0
999,20,ราชการ2,งานเทศมหาชาติ,20,20,0,0.0
999,20,ราชการ20,งานทำบุญ,20,20,0,0.0
999,20,ราชการ21,การเผยแพร่วัฒนธรรมในประเทศ,20,20,0,0.0
999,20,ราชการ22,งานพระราชทานเพลิงศพ,20,20,0,0.0
999,20,ราชการ23,งานพระราชทานเพลิงศพ,20,20,0,0.0
999,20,ราชการ24,งานฌาปนกิจศพ,20,20,0,0.0
999,20,ราชการ25,วันตรุษจีน,20,20,0,0.0
999,20,ราชการ26,งานพระราชทานเพลิงศพ,20,20,0,0.0
999,20,ราชการ27,การเผยแพร่วัฒนธรรมในประเทศ,20,20,0,0.0
999,20,ราชการ28,งานฌาปนกิจศพ,20,20,0,0.0
999,20,ราชการ3,งานพระราชทานเพลิงศพ,20,20,0,0.0
999,20,ราชการ4,งานเปิดบริษัท,20,20,0,0.0
999,20,ราชการ5,งานต้อนรับอาคันตุกะ,20,20,0,0.0
999,20,ราชการ6,วันขึ้นปีใหม่,20,20,0,0.0
999,20,ราชการ7,งานแต่งงาน,20,20,0,0.0
999,20,ราชการ8,วันลอยกระทง,20,20,0,0.0
999,20,ราชการ9,งานสวดอภิธรรม,20,20,0,0.0
999,20,องค์การระหว่างประเทศ1,งานต้อนรับอาคันตุกะ,20,20,0,0.0
999,20,องค์การระหว่างประเทศ10,งานพระราชทานเพลิงศพ,20,20,0,0.0
999,20,องค์การระหว่างประเทศ11,การเผยแพร่วัฒนธรรมต่างประเทศ,20,20,0,0.0
999,20,องค์การระหว่างประเทศ12,งานฌาปนกิจศพ,20,20,0,0.0
999,20,องค์การระหว่างประเทศ13,งานต้อนรับอาคันตุกะ,20,20,0,0.0
999,20,องค์การระหว่างประเทศ14,วันเข้าพรรษา,19,19,0,0.0
999,20,องค์การระหว่างประเทศ15,งานทำบุญ,20,20,0,0.0
999,20,องค์การระหว่างประเทศ16,งานฌาปนกิจศพ,20,20,0,0.0
999,20,องค์การระหว่างประเทศ17,งานต้อนรับอาคันตุกะ,20,20,0,0.0
999,20,องค์การระหว่างประเทศ18,งานพระราชทานเพลิงศพ,20,20,0,0.0
999,20,องค์การระหว่างประเทศ19,งานพระราชทานเพลิงศพ,20,20,0,0.0
999,20,องค์การระหว่างประเทศ2,วันสงกรานต์,20,20,0,0.0
999,20,องค์การระหว่างประเทศ20,งานบวงสรวง,20,20,0,0.0
999,20,องค์การระหว่างประเทศ21,งานเปิดบริษัท,20,20,0,0.0
999,20,องค์การระหว่างประเทศ22,วันสงกรานต์,20,20,0,0.0
999,20,องค์การระหว่างประเทศ23,งานพระราชทานเพลิงศพ,20,20,0,0.0
999,20,องค์การระหว่างประเทศ24,การเผยแพร่วัฒนธรรมในประเทศ,20,20,0,0.0
999,20,องค์การระหว่างประเทศ25,การเผยแพร่วัฒนธรรมต่างประเทศ,20,20,0,0.0
999,20,องค์การระหว่างประเทศ26,งานสวดอภิธรรม,20,20,0,0.0
999,20,องค์การระหว่างประเทศ27,งานบวงสรวง,20,20,0,0.0
999,20,องค์การระหว่างประเทศ3,งานเฉลิมพระชนมพรรษาพระบรมวงศานุวงศ์,20,20,0,0.0
999,20,องค์การระหว่างประเทศ4,วันลอยกระทง,20,20,0,0.0
999,20,องค์การระหว่างประเทศ5,การเผยแพร่วัฒนธรรมในประเทศ,20,20,0,0.0
999,20,องค์การระหว่างประเทศ6,งานต้อนรับอาคันตุกะ,20,20,0,0.0
999,20,องค์การระหว่างประเทศ7,การเผยแพร่วัฒนธรรมต่างประเทศ,20,20,0,0.0
999,20,องค์การระหว่างประเทศ8,งานเปิดบริษัท,20,20,0,0.0
999,20,องค์การระหว่างประเทศ9,การเผยแพร่วัฒนธรรมในประเทศ,20,20,0,0.0
999,20,เอกชน1,วันสงกรานต์,20,20,0,0.0
999,20,เอกชน10,งานต้อนรับอาคันตุกะ,20,20,0,0.0
999,20,เอกชน11,วันสงกรานต์,20,20,0,0.0
999,20,เอกชน12,งานวันเกิด,20,20,0,0.0
999,20,เอกชน13,งานพระราชทานเพลิงศพ,20,20,0,0.0
999,20,เอกชน14,วันลอยกระทง,20,20,0,0.0
999,20,เอกชน15,การเผยแพร่วัฒนธรรมต่างประเทศ,20,20,0,0.0
999,20,เอกชน16,วันขึ้นปีใหม่,20,20,0,0.0
999,20,เอกชน17,งานขึ้นบ้านใหม่,20,20,0,0.0
999,20,เอกชน18,การเผยแพร่วัฒนธรรมในประเทศ,20,20,0,0.0
999,20,เอกชน19,วันสงกรานต์,20,20,0,0.0
999,20,เอกชน2,งานต้อนรับอาคันตุกะ,20,20,0,0.0
999,20,เอกชน20,งานแต่งงาน,20,20,0,0.0
999,20,เอกชน21,การเผยแพร่วัฒนธรรมในประเทศ,20,20,0,0.0
999,20,เอกชน22,วันสงกรานต์,20,20,0,0.0
999,20,เอกชน23,งานสวดอภิธรรม,20,20,0,0.0
999,20,เอกชน24,วันสงกรานต์,20,20,0,0.0
999,20,เอกชน25,งานพระราชทานเพลิงศพ,20,20,0,0.0
999,20,เอกชน26,งานต้อนรับอาคันตุกะ,20,20,0,0.0
999,20,เอกชน27,งานฌาปนกิจศพ,20,20,0,0.0
999,20,เอกชน28,การเผยแพร่วัฒนธรรมต่างประเทศ,20,20,0,0.0
999,20,เอกชน29,งานต้อนรับอาคันตุกะ,20,20,0,0.0
999,20,เอกชน3,การเผยแพร่วัฒนธรรมต่างประเทศ,20,20,0,0.0
999,20,เอกชน30,งานทำบุญ,20,20,0,0.0
999,20,เอกชน31,งานสวดอภิธรรม,20,20,0,0.0
999,20,เอกชน32,งานทำบุญ,20,20,0,0.0
999,20,เอกชน33,วันสงกรานต์,20,20,0,0.0
999,20,เอกชน34,งานขึ้นบ้านใหม่,20,20,0,0.0
999,20,เอกชน35,งานเปิดบริษัท,20,20,0,0.0
999,20,เอกชน36,งานพระราชทานเพลิงศพ,20,20,0,0.0
999,20,เอกชน37,งานฌาปนกิจศพ,20,20,0,0.0
999,20,เอกชน38,วันสงกรานต์,20,20,0,0.0
999,20,เอกชน39,วันขึ้นปีใหม่,20,20,0,0.0
999,20,เอกชน4,งานพระราชทานเพลิงศพ,20,20,0,0.0
999,20,เอกชน40,งานขึ้นบ้านใหม่,20,20,0,0.0
999,20,เอกชน41,งานเปิดบริษัท,20,20,0,0.0
999,20,เอกชน42,วันสงกรานต์,20,20,0,0.0
999,20,เอกชน43,งานทำบุญ,20,20,0,0.0
999,20,เอกชน44,วันลอยกระทง,20,20,0,0.0
999,20,เอกชน45,งานแต่งงาน,20,20,0,0.0
999,20,เอกชน46,การเผยแพร่วัฒนธรรมในประเทศ,20,20,0,0.0
999,20,เอกชน47,การเผยแพร่วัฒนธรรมต่างประเทศ,20,20,0,0.0
999,20,เอกชน48,งานบวงสรวง,20,20,0,0.0
999,20,เอกชน49,งานไหว้ครู,20,20,0,0.0
999,20,เอกชน5,งานขึ้นบ้านใหม่,20,20,0,0.0
999,20,เอกชน50,วันตรุษจีน,20,20,0,0.0
999,20,เอกชน51,การเผยแพร่วัฒนธรรมต่างประเทศ,20,20,0,0.0
999,20,เอกชน52,วันตรุษจีน,20,20,0,0.0
999,20,เอกชน53,การเผยแพร่วัฒนธรรมในประเทศ,20,20,0,0.0
999,20,เอกชน54,การเผยแพร่วัฒนธรรมในประเทศ,20,20,0,0.0
999,20,เอกชน55,งานเฉลิมพระชนมพรรษาพระบรมวงศานุวงศ์,20,20,0,0.0
999,20,เอกชน56,การเผยแพร่วัฒนธรรมในประเทศ,20,20,0,0.0
999,20,เอกชน57,งานต้อนรับอาคันตุกะ,20,20,0,0.0
999,20,เอกชน58,งานทำบุญ,20,20,0,0.0
999,20,เอกชน59,งานเฉลิมพระชนมพรรษาพระบรมวงศานุวงศ์,20,20,0,0.0
999,20,เอกชน6,งานทำบุญ,20,20,0,0.0
999,20,เอกชน60,งานแต่งงาน,20,20,0,0.0
999,20,เอกชน61,การเผยแพร่วัฒนธรรมในประเทศ,20,20,0,0.0
999,20,เอกชน7,งานสวดอภิธรรม,20,20,0,0.0
999,20,เอกชน8,งานต้อนรับอาคันตุกะ,20,20,0,0.0
999,20,เอกชน9,วันลอยกระทง,20,20,0,0.0
999,40,บุคคล1,การเผยแพร่วัฒนธรรมต่างประเทศ,40,40,0,0.0
999,40,บุคคล10,งานขึ้นบ้านใหม่,40,40,0,0.0
999,40,บุคคล11,งานเปิดบริษัท,40,40,0,0.0
999,40,บุคคล12,วันลอยกระทง,40,40,0,0.0
999,40,บุคคล13,การเผยแพร่วัฒนธรรมในประเทศ,40,40,0,0.0
999,40,บุคคล14,การเผยแพร่วัฒนธรรมต่างประเทศ,40,40,0,0.0
999,40,บุคคล15,งานบวงสรวง,30,30,0,0.0
999,40,บุคคล16,งานวันเกิด,40,40,0,0.0
999,40,บุคคล17,งานขึ้นบ้านใหม่,40,40,0,0.0
999,40,บุคคล18,การเผยแพร่วัฒนธรรมในประเทศ,40,40,0,0.0
999,40,บุคคล19,การเผยแพร่วัฒนธรรมในประเทศ,40,40,0,0.0
999,40,บุคคล2,งานแต่งงาน,33,33,0,0.0
999,40,บุคคล20,งานขึ้นบ้านใหม่,40,40,0,0.0
999,40,บุคคล21,งานพระราชทานเพลิงศพ,36,36,0,0.0
999,40,บุคคล22,งานฌาปนกิจศพ,40,40,0,0.0
999,40,บุคคล23,การเผยแพร่วัฒนธรรมในประเทศ,40,40,0,0.0
999,40,บุคคล24,การเผยแพร่วัฒนธรรมในประเทศ,40,40,0,0.0
999,40,บุคคล25,การเผยแพร่วัฒนธรรมต่างประเทศ,40,40,0,0.0
999,40,บุคคล26,งานต้อนรับอาคันตุกะ,40,40,0,0.0
999,40,บุคคล27,การเผยแพร่วัฒนธรรมในประเทศ,40,40,0,0.0
999,40,บุคคล28,การเผยแพร่วัฒนธรรมต่างประเทศ,40,40,0,0.0
999,40,บุคคล29,การเผยแพร่วัฒนธรรมในประเทศ,40,40,0,0.0
999,40,บุคคล3,วันขึ้นปีใหม่,40,40,0,0.0
999,40,บุคคล30,งานเฉลิมพระชนมพรรษาพระบรมวงศานุวงศ์,23,23,0,0.0
999,40,บุคคล31,การเผยแพร่วัฒนธรรมในประเทศ,40,40,0,0.0
999,40,บุคคล32,งานฌาปนกิจศพ,40,40,0,0.0
999,40,บุคคล33,การเผยแพร่วัฒนธรรมในประเทศ,40,40,0,0.0
999,40,บุคคล34,งานสวดอภิธรรม,40,40,0,0.0
999,40,บุคคล35,งานเปิดบริษัท,40,40,0,0.0
999,40,บุคคล36,งานฌาปนกิจศพ,40,40,0,0.0
999,40,บุคคล37,การเผยแพร่วัฒนธรรมในประเทศ,40,40,0,0.0
999,40,บุคคล38,การเผยแพร่วัฒนธรรมต่างประเทศ,40,40,0,0.0
999,40,บุคคล39,วันขึ้นปีใหม่,40,40,0,0.0
999,40,บุคคล4,งานทำบุญ,40,40,0,0.0
999,40,บุคคล40,งานบวงสรวง,30,30,0,0.0
999,40,บุคคล5,งานขึ้นบ้านใหม่,40,40,0,0.0
999,40,บุคคล6,งานต้อนรับอาคันตุกะ,40,40,0,0.0
999,40,บุคคล7,วันลอยกระทง,40,40,0,0.0
999,40,บุคคล8,งานพระราชทานเพลิงศพ,36,36,0,0.0
999,40,บุคคล9,วันขึ้นปีใหม่,40,40,0,0.0
999,40,ราชการ1,งานฌาปนกิจศพ,40,40,0,0.0
999,40,ราชการ10,งานสวดอภิธรรม,40,40,0,0.0
999,40,ราชการ11,งานขึ้นบ้านใหม่,40,40,0,0.0
999,40,ราชการ12,งานสวดอภิธรรม,40,40,0,0.0
999,40,ราชการ13,งานสวดอภิธรรม,40,40,0,0.0
999,40,ราชการ14,งานแต่งงาน,33,33,0,0.0
999,40,ราชการ15,วันตรุษจีน,38,38,0,0.0
999,40,ราชการ16,งานเฉลิมพระชนมพรรษาพระบรมวงศานุวงศ์,23,23,0,0.0
999,40,ราชการ17,งานสวดอภิธรรม,40,40,0,0.0
999,40,ราชการ18,การเผยแพร่วัฒนธรรมต่างประเทศ,40,40,0,0.0
999,40,ราชการ19,งานสโมสรสันนิบาต,16,16,0,0.0
999,40,ราชการ2,งานเทศมหาชาติ,22,22,0,0.0
999,40,ราชการ20,งานทำบุญ,40,40,0,0.0
999,40,ราชการ21,การเผยแพร่วัฒนธรรมในประเทศ,40,40,0,0.0
999,40,ราชการ22,งานพระราชทานเพลิงศพ,36,36,0,0.0
999,40,ราชการ23,งานพระราชทานเพลิงศพ,36,36,0,0.0
999,40,ราชการ24,งานฌาปนกิจศพ,40,40,0,0.0
999,40,ราชการ25,วันตรุษจีน,38,38,0,0.0
999,40,ราชการ26,งานพระราชทานเพลิงศพ,36,36,0,0.0
999,40,ราชการ27,การเผยแพร่วัฒนธรรมในประเทศ,40,40,0,0.0
999,40,ราชการ28,งานฌาปนกิจศพ,40,40,0,0.0
999,40,ราชการ3,งานพระราชทานเพลิงศพ,36,36,0,0.0
999,40,ราชการ4,งานเปิดบริษัท,40,40,0,0.0
999,40,ราชการ5,งานต้อนรับอาคันตุกะ,40,40,0,0.0
999,40,ราชการ6,วันขึ้นปีใหม่,40,40,0,0.0
999,40,ราชการ7,งานแต่งงาน,33,33,0,0.0
999,40,ราชการ8,วันลอยกระทง,40,40,0,0.0
999,40,ราชการ9,งานสวดอภิธรรม,40,40,0,0.0
999,40,องค์การระหว่างประเทศ1,งานต้อนรับอาคันตุกะ,40,40,0,0.0
999,40,องค์การระหว่างประเทศ10,งานพระราชทานเพลิงศพ,36,36,0,0.0
999,40,องค์การระหว่างประเทศ11,การเผยแพร่วัฒนธรรมต่างประเทศ,40,40,0,0.0
999,40,องค์การระหว่างประเทศ12,งานฌาปนกิจศพ,40,40,0,0.0
999,40,องค์การระหว่างประเทศ13,งานต้อนรับอาคันตุกะ,40,40,0,0.0
999,40,องค์การระหว่างประเทศ14,วันเข้าพรรษา,19,19,0,0.0
999,40,องค์การระหว่างประเทศ15,งานทำบุญ,40,40,0,0.0
999,40,องค์การระหว่างประเทศ16,งานฌาปนกิจศพ,40,40,0,0.0
999,40,องค์การระหว่างประเทศ17,งานต้อนรับอาคันตุกะ,40,40,0,0.0
999,40,องค์การระหว่างประเทศ18,งานพระราชทานเพลิงศพ,36,36,0,0.0
999,40,องค์การระหว่างประเทศ19,งานพระราชทานเพลิงศพ,36,36,0,0.0
999,40,องค์การระหว่างประเทศ2,วันสงกรานต์,40,40,0,0.0
999,40,องค์การระหว่างประเทศ20,งานบวงสรวง,30,30,0,0.0
999,40,องค์การระหว่างประเทศ21,งานเปิดบริษัท,40,40,0,0.0
999,40,องค์การระหว่างประเทศ22,วันสงกรานต์,40,40,0,0.0
999,40,องค์การระหว่างประเทศ23,งานพระราชทานเพลิงศพ,36,36,0,0.0
999,40,องค์การระหว่างประเทศ24,การเผยแพร่วัฒนธรรมในประเทศ,40,40,0,0.0
999,40,องค์การระหว่างประเทศ25,การเผยแพร่วัฒนธรรมต่างประเทศ,40,40,0,0.0
999,40,องค์การระหว่างประเทศ26,งานสวดอภิธรรม,40,40,0,0.0
999,40,องค์การระหว่างประเทศ27,งานบวงสรวง,30,30,0,0.0
999,40,องค์การระหว่างประเทศ3,งานเฉลิมพระชนมพรรษาพระบรมวงศานุวงศ์,23,23,0,0.0
999,40,องค์การระหว่างประเทศ4,วันลอยกระทง,40,40,0,0.0
999,40,องค์การระหว่างประเทศ5,การเผยแพร่วัฒนธรรมในประเทศ,40,40,0,0.0
999,40,องค์การระหว่างประเทศ6,งานต้อนรับอาคันตุกะ,40,40,0,0.0
999,40,องค์การระหว่างประเทศ7,การเผยแพร่วัฒนธรรมต่างประเทศ,40,40,0,0.0
999,40,องค์การระหว่างประเทศ8,งานเปิดบริษัท,40,40,0,0.0
999,40,องค์การระหว่างประเทศ9,การเผยแพร่วัฒนธรรมในประเทศ,40,40,0,0.0
999,40,เอกชน1,วันสงกรานต์,40,40,0,0.0
999,40,เอกชน10,งานต้อนรับอาคันตุกะ,40,40,0,0.0
999,40,เอกชน11,วันสงกรานต์,40,40,0,0.0
999,40,เอกชน12,งานวันเกิด,40,40,0,0.0
999,40,เอกชน13,งานพระราชทานเพลิงศพ,36,36,0,0.0
999,40,เอกชน14,วันลอยกระทง,40,40,0,0.0
999,40,เอกชน15,การเผยแพร่วัฒนธรรมต่างประเทศ,40,40,0,0.0
999,40,เอกชน16,วันขึ้นปีใหม่,40,40,0,0.0
999,40,เอกชน17,งานขึ้นบ้านใหม่,40,40,0,0.0
999,40,เอกชน18,การเผยแพร่วัฒนธรรมในประเทศ,40,40,0,0.0
999,40,เอกชน19,วันสงกรานต์,40,40,0,0.0
999,40,เอกชน2,งานต้อนรับอาคันตุกะ,40,40,0,0.0
999,40,เอกชน20,งานแต่งงาน,33,33,0,0.0
999,40,เอกชน21,การเผยแพร่วัฒนธรรมในประเทศ,40,40,0,0.0
999,40,เอกชน22,วันสงกรานต์,40,40,0,0.0
999,40,เอกชน23,งานสวดอภิธรรม,40,40,0,0.0
999,40,เอกชน24,วันสงกรานต์,40,40,0,0.0
999,40,เอกชน25,งานพระราชทานเพลิงศพ,36,36,0,0.0
999,40,เอกชน26,งานต้อนรับอาคันตุกะ,40,40,0,0.0
999,40,เอกชน27,งานฌาปนกิจศพ,40,40,0,0.0
999,40,เอกชน28,การเผยแพร่วัฒนธรรมต่างประเทศ,40,40,0,0.0
999,40,เอกชน29,งานต้อนรับอาคันตุกะ,40,40,0,0.0
999,40,เอกชน3,การเผยแพร่วัฒนธรรมต่างประเทศ,40,40,0,0.0
999,40,เอกชน30,งานทำบุญ,40,40,0,0.0
999,40,เอกชน31,งานสวดอภิธรรม,40,40,0,0.0
999,40,เอกชน32,งานทำบุญ,40,40,0,0.0
999,40,เอกชน33,วันสงกรานต์,40,40,0,0.0
999,40,เอกชน34,งานขึ้นบ้านใหม่,40,40,0,0.0
999,40,เอกชน35,งานเปิดบริษัท,40,40,0,0.0
999,40,เอกชน36,งานพระราชทานเพลิงศพ,36,36,0,0.0
999,40,เอกชน37,งานฌาปนกิจศพ,40,40,0,0.0
999,40,เอกชน38,วันสงกรานต์,40,40,0,0.0
999,40,เอกชน39,วันขึ้นปีใหม่,40,40,0,0.0
999,40,เอกชน4,งานพระราชทานเพลิงศพ,36,36,0,0.0
999,40,เอกชน40,งานขึ้นบ้านใหม่,40,40,0,0.0
999,40,เอกชน41,งานเปิดบริษัท,40,40,0,0.0
999,40,เอกชน42,วันสงกรานต์,40,40,0,0.0
999,40,เอกชน43,งานทำบุญ,40,40,0,0.0
999,40,เอกชน44,วันลอยกระทง,40,40,0,0.0
999,40,เอกชน45,งานแต่งงาน,33,33,0,0.0
999,40,เอกชน46,การเผยแพร่วัฒนธรรมในประเทศ,40,40,0,0.0
999,40,เอกชน47,การเผยแพร่วัฒนธรรมต่างประเทศ,40,40,0,0.0
999,40,เอกชน48,งานบวงสรวง,30,30,0,0.0
999,40,เอกชน49,งานไหว้ครู,23,23,0,0.0
999,40,เอกชน5,งานขึ้นบ้านใหม่,40,40,0,0.0
999,40,เอกชน50,วันตรุษจีน,38,38,0,0.0
999,40,เอกชน51,การเผยแพร่วัฒนธรรมต่างประเทศ,40,40,0,0.0
999,40,เอกชน52,วันตรุษจีน,38,38,0,0.0
999,40,เอกชน53,การเผยแพร่วัฒนธรรมในประเทศ,40,40,0,0.0
999,40,เอกชน54,การเผยแพร่วัฒนธรรมในประเทศ,40,40,0,0.0
999,40,เอกชน55,งานเฉลิมพระชนมพรรษาพระบรมวงศานุวงศ์,23,23,0,0.0
999,40,เอกชน56,การเผยแพร่วัฒนธรรมในประเทศ,40,40,0,0.0
999,40,เอกชน57,งานต้อนรับอาคันตุกะ,40,40,0,0.0
999,40,เอกชน58,งานทำบุญ,40,40,0,0.0
999,40,เอกชน59,งานเฉลิมพระชนมพรรษาพระบรมวงศานุวงศ์,23,23,0,0.0
999,40,เอกชน6,งานทำบุญ,40,40,0,0.0
999,40,เอกชน60,งานแต่งงาน,33,33,0,0.0
999,40,เอกชน61,การเผยแพร่วัฒนธรรมในประเทศ,40,40,0,0.0
999,40,เอกชน7,งานสวดอภิธรรม,40,40,0,0.0
999,40,เอกชน8,งานต้อนรับอาคันตุกะ,40,40,0,0.0
999,40,เอกชน9,วันลอยกระทง,40,40,0,0.0
999,80,บุคคล1,การเผยแพร่วัฒนธรรมต่างประเทศ,66,66,0,0.0
999,80,บุคคล10,งานขึ้นบ้านใหม่,43,43,0,0.0
999,80,บุคคล11,งานเปิดบริษัท,47,47,0,0.0
999,80,บุคคล12,วันลอยกระทง,54,54,0,0.0
999,80,บุคคล13,การเผยแพร่วัฒนธรรมในประเทศ,80,80,0,0.0
999,80,บุคคล14,การเผยแพร่วัฒนธรรมต่างประเทศ,66,66,0,0.0
999,80,บุคคล15,งานบวงสรวง,30,30,0,0.0
999,80,บุคคล16,งานวันเกิด,44,44,0,0.0
999,80,บุคคล17,งานขึ้นบ้านใหม่,43,43,0,0.0
999,80,บุคคล18,การเผยแพร่วัฒนธรรมในประเทศ,80,80,0,0.0
999,80,บุคคล19,การเผยแพร่วัฒนธรรมในประเทศ,80,80,0,0.0
999,80,บุคคล2,งานแต่งงาน,33,33,0,0.0
999,80,บุคคล20,งานขึ้นบ้านใหม่,43,43,0,0.0
999,80,บุคคล21,งานพระราชทานเพลิงศพ,36,36,0,0.0
999,80,บุคคล22,งานฌาปนกิจศพ,40,40,0,0.0
999,80,บุคคล23,การเผยแพร่วัฒนธรรมในประเทศ,80,80,0,0.0
999,80,บุคคล24,การเผยแพร่วัฒนธรรมในประเทศ,80,80,0,0.0
999,80,บุคคล25,การเผยแพร่วัฒนธรรมต่างประเทศ,66,66,0,0.0
999,80,บุคคล26,งานต้อนรับอาคันตุกะ,64,64,0,0.0
999,80,บุคคล27,การเผยแพร่วัฒนธรรมในประเทศ,80,80,0,0.0
999,80,บุคคล28,การเผยแพร่วัฒนธรรมต่างประเทศ,66,66,0,0.0
999,80,บุคคล29,การเผยแพร่วัฒนธรรมในประเทศ,80,80,0,0.0
999,80,บุคคล3,วันขึ้นปีใหม่,60,60,0,0.0
999,80,บุคคล30,งานเฉลิมพระชนมพรรษาพระบรมวงศานุวงศ์,23,23,0,0.0
999,80,บุคคล31,การเผยแพร่วัฒนธรรมในประเทศ,80,80,0,0.0
999,80,บุคคล32,งานฌาปนกิจศพ,40,40,0,0.0
999,80,บุคคล33,การเผยแพร่วัฒนธรรมในประเทศ,80,80,0,0.0
999,80,บุคคล34,งานสวดอภิธรรม,40,40,0,0.0
999,80,บุคคล35,งานเปิดบริษัท,47,47,0,0.0
999,80,บุคคล36,งานฌาปนกิจศพ,40,40,0,0.0
999,80,บุคคล37,การเผยแพร่วัฒนธรรมในประเทศ,80,80,0,0.0
999,80,บุคคล38,การเผยแพร่วัฒนธรรมต่างประเทศ,66,66,0,0.0
999,80,บุคคล39,วันขึ้นปีใหม่,60,60,0,0.0
999,80,บุคคล4,งานทำบุญ,47,47,0,0.0
999,80,บุคคล40,งานบวงสรวง,30,30,0,0.0
999,80,บุคคล5,งานขึ้นบ้านใหม่,43,43,0,0.0
999,80,บุคคล6,งานต้อนรับอาคันตุกะ,64,64,0,0.0
999,80,บุคคล7,วันลอยกระทง,54,54,0,0.0
999,80,บุคคล8,งานพระราชทานเพลิงศพ,36,36,0,0.0
999,80,บุคคล9,วันขึ้นปีใหม่,60,60,0,0.0
999,80,ราชการ1,งานฌาปนกิจศพ,40,40,0,0.0
999,80,ราชการ10,งานสวดอภิธรรม,40,40,0,0.0
999,80,ราชการ11,งานขึ้นบ้านใหม่,43,43,0,0.0
999,80,ราชการ12,งานสวดอภิธรรม,40,40,0,0.0
999,80,ราชการ13,งานสวดอภิธรรม,40,40,0,0.0
999,80,ราชการ14,งานแต่งงาน,33,33,0,0.0
999,80,ราชการ15,วันตรุษจีน,38,38,0,0.0
999,80,ราชการ16,งานเฉลิมพระชนมพรรษาพระบรมวงศานุวงศ์,23,23,0,0.0
999,80,ราชการ17,งานสวดอภิธรรม,40,40,0,0.0
999,80,ราชการ18,การเผยแพร่วัฒนธรรมต่างประเทศ,66,66,0,0.0
999,80,ราชการ19,งานสโมสรสันนิบาต,16,16,0,0.0
999,80,ราชการ2,งานเทศมหาชาติ,22,22,0,0.0
999,80,ราชการ20,งานทำบุญ,47,47,0,0.0
999,80,ราชการ21,การเผยแพร่วัฒนธรรมในประเทศ,80,80,0,0.0
999,80,ราชการ22,งานพระราชทานเพลิงศพ,36,36,0,0.0
999,80,ราชการ23,งานพระราชทานเพลิงศพ,36,36,0,0.0
999,80,ราชการ24,งานฌาปนกิจศพ,40,40,0,0.0
999,80,ราชการ25,วันตรุษจีน,38,38,0,0.0
999,80,ราชการ26,งานพระราชทานเพลิงศพ,36,36,0,0.0
999,80,ราชการ27,การเผยแพร่วัฒนธรรมในประเทศ,80,80,0,0.0
999,80,ราชการ28,งานฌาปนกิจศพ,40,40,0,0.0
999,80,ราชการ3,งานพระราชทานเพลิงศพ,36,36,0,0.0
999,80,ราชการ4,งานเปิดบริษัท,47,47,0,0.0
999,80,ราชการ5,งานต้อนรับอาคันตุกะ,64,64,0,0.0
999,80,ราชการ6,วันขึ้นปีใหม่,60,60,0,0.0
999,80,ราชการ7,งานแต่งงาน,33,33,0,0.0
999,80,ราชการ8,วันลอยกระทง,54,54,0,0.0
999,80,ราชการ9,งานสวดอภิธรรม,40,40,0,0.0
999,80,องค์การระหว่างประเทศ1,งานต้อนรับอาคันตุกะ,64,64,0,0.0
999,80,องค์การระหว่างประเทศ10,งานพระราชทานเพลิงศพ,36,36,0,0.0
999,80,องค์การระหว่างประเทศ11,การเผยแพร่วัฒนธรรมต่างประเทศ,66,66,0,0.0
999,80,องค์การระหว่างประเทศ12,งานฌาปนกิจศพ,40,40,0,0.0
999,80,องค์การระหว่างประเทศ13,งานต้อนรับอาคันตุกะ,64,64,0,0.0
999,80,องค์การระหว่างประเทศ14,วันเข้าพรรษา,19,19,0,0.0
999,80,องค์การระหว่างประเทศ15,งานทำบุญ,47,47,0,0.0
999,80,องค์การระหว่างประเทศ16,งานฌาปนกิจศพ,40,40,0,0.0
999,80,องค์การระหว่างประเทศ17,งานต้อนรับอาคันตุกะ,64,64,0,0.0
999,80,องค์การระหว่างประเทศ18,งานพระราชทานเพลิงศพ,36,36,0,0.0
999,80,องค์การระหว่างประเทศ19,งานพระราชทานเพลิงศพ,36,36,0,0.0
999,80,องค์การระหว่างประเทศ2,วันสงกรานต์,62,62,0,0.0
999,80,องค์การระหว่างประเทศ20,งานบวงสรวง,30,30,0,0.0
999,80,องค์การระหว่างประเทศ21,งานเปิดบริษัท,47,47,0,0.0
999,80,องค์การระหว่างประเทศ22,วันสงกรานต์,62,62,0,0.0
999,80,องค์การระหว่างประเทศ23,งานพระราชทานเพลิงศพ,36,36,0,0.0
999,80,องค์การระหว่างประเทศ24,การเผยแพร่วัฒนธรรมในประเทศ,80,80,0,0.0
999,80,องค์การระหว่างประเทศ25,การเผยแพร่วัฒนธรรมต่างประเทศ,66,66,0,0.0
999,80,องค์การระหว่างประเทศ26,งานสวดอภิธรรม,40,40,0,0.0
999,80,องค์การระหว่างประเทศ27,งานบวงสรวง,30,30,0,0.0
999,80,องค์การระหว่างประเทศ3,งานเฉลิมพระชนมพรรษาพระบรมวงศานุวงศ์,23,23,0,0.0
999,80,องค์การระหว่างประเทศ4,วันลอยกระทง,54,54,0,0.0
999,80,องค์การระหว่างประเทศ5,การเผยแพร่วัฒนธรรมในประเทศ,80,80,0,0.0
999,80,องค์การระหว่างประเทศ6,งานต้อนรับอาคันตุกะ,64,64,0,0.0
999,80,องค์การระหว่างประเทศ7,การเผยแพร่วัฒนธรรมต่างประเทศ,66,66,0,0.0
999,80,องค์การระหว่างประเทศ8,งานเปิดบริษัท,47,47,0,0.0
999,80,องค์การระหว่างประเทศ9,การเผยแพร่วัฒนธรรมในประเทศ,80,80,0,0.0
999,80,เอกชน1,วันสงกรานต์,62,62,0,0.0
999,80,เอกชน10,งานต้อนรับอาคันตุกะ,64,64,0,0.0
999,80,เอกชน11,วันสงกรานต์,62,62,0,0.0
999,80,เอกชน12,งานวันเกิด,44,44,0,0.0
999,80,เอกชน13,งานพระราชทานเพลิงศพ,36,36,0,0.0
999,80,เอกชน14,วันลอยกระทง,54,54,0,0.0
999,80,เอกชน15,การเผยแพร่วัฒนธรรมต่างประเทศ,66,66,0,0.0
999,80,เอกชน16,วันขึ้นปีใหม่,60,60,0,0.0
999,80,เอกชน17,งานขึ้นบ้านใหม่,43,43,0,0.0
999,80,เอกชน18,การเผยแพร่วัฒนธรรมในประเทศ,80,80,0,0.0
999,80,เอกชน19,วันสงกรานต์,62,62,0,0.0
999,80,เอกชน2,งานต้อนรับอาคันตุกะ,64,64,0,0.0
999,80,เอกชน20,งานแต่งงาน,33,33,0,0.0
999,80,เอกชน21,การเผยแพร่วัฒนธรรมในประเทศ,80,80,0,0.0
999,80,เอกชน22,วันสงกรานต์,62,62,0,0.0
999,80,เอกชน23,งานสวดอภิธรรม,40,40,0,0.0
999,80,เอกชน24,วันสงกรานต์,62,62,0,0.0
999,80,เอกชน25,งานพระราชทานเพลิงศพ,36,36,0,0.0
999,80,เอกชน26,งานต้อนรับอาคันตุกะ,64,64,0,0.0
999,80,เอกชน27,งานฌาปนกิจศพ,40,40,0,0.0
999,80,เอกชน28,การเผยแพร่วัฒนธรรมต่างประเทศ,66,66,0,0.0
999,80,เอกชน29,งานต้อนรับอาคันตุกะ,64,64,0,0.0
999,80,เอกชน3,การเผยแพร่วัฒนธรรมต่างประเทศ,66,66,0,0.0
999,80,เอกชน30,งานทำบุญ,47,47,0,0.0
999,80,เอกชน31,งานสวดอภิธรรม,40,40,0,0.0
999,80,เอกชน32,งานทำบุญ,47,47,0,0.0
999,80,เอกชน33,วันสงกรานต์,62,62,0,0.0
999,80,เอกชน34,งานขึ้นบ้านใหม่,43,43,0,0.0
999,80,เอกชน35,งานเปิดบริษัท,47,47,0,0.0
999,80,เอกชน36,งานพระราชทานเพลิงศพ,36,36,0,0.0
999,80,เอกชน37,งานฌาปนกิจศพ,40,40,0,0.0
999,80,เอกชน38,วันสงกรานต์,62,62,0,0.0
999,80,เอกชน39,วันขึ้นปีใหม่,60,60,0,0.0
999,80,เอกชน4,งานพระราชทานเพลิงศพ,36,36,0,0.0
999,80,เอกชน40,งานขึ้นบ้านใหม่,43,43,0,0.0
999,80,เอกชน41,งานเปิดบริษัท,47,47,0,0.0
999,80,เอกชน42,วันสงกรานต์,62,62,0,0.0
999,80,เอกชน43,งานทำบุญ,47,47,0,0.0
999,80,เอกชน44,วันลอยกระทง,54,54,0,0.0
999,80,เอกชน45,งานแต่งงาน,33,33,0,0.0
999,80,เอกชน46,การเผยแพร่วัฒนธรรมในประเทศ,80,80,0,0.0
999,80,เอกชน47,การเผยแพร่วัฒนธรรมต่างประเทศ,66,66,0,0.0
999,80,เอกชน48,งานบวงสรวง,30,30,0,0.0
999,80,เอกชน49,งานไหว้ครู,23,23,0,0.0
999,80,เอกชน5,งานขึ้นบ้านใหม่,43,43,0,0.0
999,80,เอกชน50,วันตรุษจีน,38,38,0,0.0
999,80,เอกชน51,การเผยแพร่วัฒนธรรมต่างประเทศ,66,66,0,0.0
999,80,เอกชน52,วันตรุษจีน,38,38,0,0.0
999,80,เอกชน53,การเผยแพร่วัฒนธรรมในประเทศ,80,80,0,0.0
999,80,เอกชน54,การเผยแพร่วัฒนธรรมในประเทศ,80,80,0,0.0
999,80,เอกชน55,งานเฉลิมพระชนมพรรษาพระบรมวงศานุวงศ์,23,23,0,0.0
999,80,เอกชน56,การเผยแพร่วัฒนธรรมในประเทศ,80,80,0,0.0
999,80,เอกชน57,งานต้อนรับอาคันตุกะ,64,64,0,0.0
999,80,เอกชน58,งานทำบุญ,47,47,0,0.0
999,80,เอกชน59,งานเฉลิมพระชนมพรรษาพระบรมวงศานุวงศ์,23,23,0,0.0
999,80,เอกชน6,งานทำบุญ,47,47,0,0.0
999,80,เอกชน60,งานแต่งงาน,33,33,0,0.0
999,80,เอกชน61,การเผยแพร่วัฒนธรรมในประเทศ,80,80,0,0.0
999,80,เอกชน7,งานสวดอภิธรรม,40,40,0,0.0
999,80,เอกชน8,งานต้อนรับอาคันตุกะ,64,64,0,0.0
999,80,เอกชน9,วันลอยกระทง,54,54,0,0.0
999,all,บุคคล1,การเผยแพร่วัฒนธรรมต่างประเทศ,66,66,0,0.0
999,all,บุคคล10,งานขึ้นบ้านใหม่,43,43,0,0.0
999,all,บุคคล11,งานเปิดบริษัท,47,47,0,0.0
999,all,บุคคล12,วันลอยกระทง,54,54,0,0.0
999,all,บุคคล13,การเผยแพร่วัฒนธรรมในประเทศ,108,108,0,0.0
999,all,บุคคล14,การเผยแพร่วัฒนธรรมต่างประเทศ,66,66,0,0.0
999,all,บุคคล15,งานบวงสรวง,30,30,0,0.0
999,all,บุคคล16,งานวันเกิด,44,44,0,0.0
999,all,บุคคล17,งานขึ้นบ้านใหม่,43,43,0,0.0
999,all,บุคคล18,การเผยแพร่วัฒนธรรมในประเทศ,108,108,0,0.0
999,all,บุคคล19,การเผยแพร่วัฒนธรรมในประเทศ,108,108,0,0.0
999,all,บุคคล2,งานแต่งงาน,33,33,0,0.0
999,all,บุคคล20,งานขึ้นบ้านใหม่,43,43,0,0.0
999,all,บุคคล21,งานพระราชทานเพลิงศพ,36,36,0,0.0
999,all,บุคคล22,งานฌาปนกิจศพ,40,40,0,0.0
999,all,บุคคล23,การเผยแพร่วัฒนธรรมในประเทศ,108,108,0,0.0
999,all,บุคคล24,การเผยแพร่วัฒนธรรมในประเทศ,108,108,0,0.0
999,all,บุคคล25,การเผยแพร่วัฒนธรรมต่างประเทศ,66,66,0,0.0
999,all,บุคคล26,งานต้อนรับอาคันตุกะ,64,64,0,0.0
999,all,บุคคล27,การเผยแพร่วัฒนธรรมในประเทศ,108,108,0,0.0
999,all,บุคคล28,การเผยแพร่วัฒนธรรมต่างประเทศ,66,66,0,0.0
999,all,บุคคล29,การเผยแพร่วัฒนธรรมในประเทศ,108,108,0,0.0
999,all,บุคคล3,วันขึ้นปีใหม่,60,60,0,0.0
999,all,บุคคล30,งานเฉลิมพระชนมพรรษาพระบรมวงศานุวงศ์,23,23,0,0.0
999,all,บุคคล31,การเผยแพร่วัฒนธรรมในประเทศ,108,108,0,0.0
999,all,บุคคล32,งานฌาปนกิจศพ,40,40,0,0.0
999,all,บุคคล33,การเผยแพร่วัฒนธรรมในประเทศ,108,108,0,0.0
999,all,บุคคล34,งานสวดอภิธรรม,40,40,0,0.0
999,all,บุคคล35,งานเปิดบริษัท,47,47,0,0.0
999,all,บุคคล36,งานฌาปนกิจศพ,40,40,0,0.0
999,all,บุคคล37,การเผยแพร่วัฒนธรรมในประเทศ,108,108,0,0.0
999,all,บุคคล38,การเผยแพร่วัฒนธรรมต่างประเทศ,66,66,0,0.0
999,all,บุคคล39,วันขึ้นปีใหม่,60,60,0,0.0
999,all,บุคคล4,งานทำบุญ,47,47,0,0.0
999,all,บุคคล40,งานบวงสรวง,30,30,0,0.0
999,all,บุคคล5,งานขึ้นบ้านใหม่,43,43,0,0.0
999,all,บุคคล6,งานต้อนรับอาคันตุกะ,64,64,0,0.0
999,all,บุคคล7,วันลอยกระทง,54,54,0,0.0
999,all,บุคคล8,งานพระราชทานเพลิงศพ,36,36,0,0.0
999,all,บุคคล9,วันขึ้นปีใหม่,60,60,0,0.0
999,all,ราชการ1,งานฌาปนกิจศพ,40,40,0,0.0
999,all,ราชการ10,งานสวดอภิธรรม,40,40,0,0.0
999,all,ราชการ11,งานขึ้นบ้านใหม่,43,43,0,0.0
999,all,ราชการ12,งานสวดอภิธรรม,40,40,0,0.0
999,all,ราชการ13,งานสวดอภิธรรม,40,40,0,0.0
999,all,ราชการ14,งานแต่งงาน,33,33,0,0.0
999,all,ราชการ15,วันตรุษจีน,38,38,0,0.0
999,all,ราชการ16,งานเฉลิมพระชนมพรรษาพระบรมวงศานุวงศ์,23,23,0,0.0
999,all,ราชการ17,งานสวดอภิธรรม,40,40,0,0.0
999,all,ราชการ18,การเผยแพร่วัฒนธรรมต่างประเทศ,66,66,0,0.0
999,all,ราชการ19,งานสโมสรสันนิบาต,16,16,0,0.0
999,all,ราชการ2,งานเทศมหาชาติ,22,22,0,0.0
999,all,ราชการ20,งานทำบุญ,47,47,0,0.0
999,all,ราชการ21,การเผยแพร่วัฒนธรรมในประเทศ,108,108,0,0.0
999,all,ราชการ22,งานพระราชทานเพลิงศพ,36,36,0,0.0
999,all,ราชการ23,งานพระราชทานเพลิงศพ,36,36,0,0.0
999,all,ราชการ24,งานฌาปนกิจศพ,40,40,0,0.0
999,all,ราชการ25,วันตรุษจีน,38,38,0,0.0
999,all,ราชการ26,งานพระราชทานเพลิงศพ,36,36,0,0.0
999,all,ราชการ27,การเผยแพร่วัฒนธรรมในประเทศ,108,108,0,0.0
999,all,ราชการ28,งานฌาปนกิจศพ,40,40,0,0.0
999,all,ราชการ3,งานพระราชทานเพลิงศพ,36,36,0,0.0
999,all,ราชการ4,งานเปิดบริษัท,47,47,0,0.0
999,all,ราชการ5,งานต้อนรับอาคันตุกะ,64,64,0,0.0
999,all,ราชการ6,วันขึ้นปีใหม่,60,60,0,0.0
999,all,ราชการ7,งานแต่งงาน,33,33,0,0.0
999,all,ราชการ8,วันลอยกระทง,54,54,0,0.0
999,all,ราชการ9,งานสวดอภิธรรม,40,40,0,0.0
999,all,องค์การระหว่างประเทศ1,งานต้อนรับอาคันตุกะ,64,64,0,0.0
999,all,องค์การระหว่างประเทศ10,งานพระราชทานเพลิงศพ,36,36,0,0.0
999,all,องค์การระหว่างประเทศ11,การเผยแพร่วัฒนธรรมต่างประเทศ,66,66,0,0.0
999,all,องค์การระหว่างประเทศ12,งานฌาปนกิจศพ,40,40,0,0.0
999,all,องค์การระหว่างประเทศ13,งานต้อนรับอาคันตุกะ,64,64,0,0.0
999,all,องค์การระหว่างประเทศ14,วันเข้าพรรษา,19,19,0,0.0
999,all,องค์การระหว่างประเทศ15,งานทำบุญ,47,47,0,0.0
999,all,องค์การระหว่างประเทศ16,งานฌาปนกิจศพ,40,40,0,0.0
999,all,องค์การระหว่างประเทศ17,งานต้อนรับอาคันตุกะ,64,64,0,0.0
999,all,องค์การระหว่างประเทศ18,งานพระราชทานเพลิงศพ,36,36,0,0.0
999,all,องค์การระหว่างประเทศ19,งานพระราชทานเพลิงศพ,36,36,0,0.0
999,all,องค์การระหว่างประเทศ2,วันสงกรานต์,62,62,0,0.0
999,all,องค์การระหว่างประเทศ20,งานบวงสรวง,30,30,0,0.0
999,all,องค์การระหว่างประเทศ21,งานเปิดบริษัท,47,47,0,0.0
999,all,องค์การระหว่างประเทศ22,วันสงกรานต์,62,62,0,0.0
999,all,องค์การระหว่างประเทศ23,งานพระราชทานเพลิงศพ,36,36,0,0.0
999,all,องค์การระหว่างประเทศ24,การเผยแพร่วัฒนธรรมในประเทศ,108,108,0,0.0
999,all,องค์การระหว่างประเทศ25,การเผยแพร่วัฒนธรรมต่างประเทศ,66,66,0,0.0
999,all,องค์การระหว่างประเทศ26,งานสวดอภิธรรม,40,40,0,0.0
999,all,องค์การระหว่างประเทศ27,งานบวงสรวง,30,30,0,0.0
999,all,องค์การระหว่างประเทศ3,งานเฉลิมพระชนมพรรษาพระบรมวงศานุวงศ์,23,23,0,0.0
999,all,องค์การระหว่างประเทศ4,วันลอยกระทง,54,54,0,0.0
999,all,องค์การระหว่างประเทศ5,การเผยแพร่วัฒนธรรมในประเทศ,108,108,0,0.0
999,all,องค์การระหว่างประเทศ6,งานต้อนรับอาคันตุกะ,64,64,0,0.0
999,all,องค์การระหว่างประเทศ7,การเผยแพร่วัฒนธรรมต่างประเทศ,66,66,0,0.0
999,all,องค์การระหว่างประเทศ8,งานเปิดบริษัท,47,47,0,0.0
999,all,องค์การระหว่างประเทศ9,การเผยแพร่วัฒนธรรมในประเทศ,108,108,0,0.0
999,all,เอกชน1,วันสงกรานต์,62,62,0,0.0
999,all,เอกชน10,งานต้อนรับอาคันตุกะ,64,64,0,0.0
999,all,เอกชน11,วันสงกรานต์,62,62,0,0.0
999,all,เอกชน12,งานวันเกิด,44,44,0,0.0
999,all,เอกชน13,งานพระราชทานเพลิงศพ,36,36,0,0.0
999,all,เอกชน14,วันลอยกระทง,54,54,0,0.0
999,all,เอกชน15,การเผยแพร่วัฒนธรรมต่างประเทศ,66,66,0,0.0
999,all,เอกชน16,วันขึ้นปีใหม่,60,60,0,0.0
999,all,เอกชน17,งานขึ้นบ้านใหม่,43,43,0,0.0
999,all,เอกชน18,การเผยแพร่วัฒนธรรมในประเทศ,108,108,0,0.0
999,all,เอกชน19,วันสงกรานต์,62,62,0,0.0
999,all,เอกชน2,งานต้อนรับอาคันตุกะ,64,64,0,0.0
999,all,เอกชน20,งานแต่งงาน,33,33,0,0.0
999,all,เอกชน21,การเผยแพร่วัฒนธรรมในประเทศ,108,108,0,0.0
999,all,เอกชน22,วันสงกรานต์,62,62,0,0.0
999,all,เอกชน23,งานสวดอภิธรรม,40,40,0,0.0
999,all,เอกชน24,วันสงกรานต์,62,62,0,0.0
999,all,เอกชน25,งานพระราชทานเพลิงศพ,36,36,0,0.0
999,all,เอกชน26,งานต้อนรับอาคันตุกะ,64,64,0,0.0
999,all,เอกชน27,งานฌาปนกิจศพ,40,40,0,0.0
999,all,เอกชน28,การเผยแพร่วัฒนธรรมต่างประเทศ,66,66,0,0.0
999,all,เอกชน29,งานต้อนรับอาคันตุกะ,64,64,0,0.0
999,all,เอกชน3,การเผยแพร่วัฒนธรรมต่างประเทศ,66,66,0,0.0
999,all,เอกชน30,งานทำบุญ,47,47,0,0.0
999,all,เอกชน31,งานสวดอภิธรรม,40,40,0,0.0
999,all,เอกชน32,งานทำบุญ,47,47,0,0.0
999,all,เอกชน33,วันสงกรานต์,62,62,0,0.0
999,all,เอกชน34,งานขึ้นบ้านใหม่,43,43,0,0.0
999,all,เอกชน35,งานเปิดบริษัท,47,47,0,0.0
999,all,เอกชน36,งานพระราชทานเพลิงศพ,36,36,0,0.0
999,all,เอกชน37,งานฌาปนกิจศพ,40,40,0,0.0
999,all,เอกชน38,วันสงกรานต์,62,62,0,0.0
999,all,เอกชน39,วันขึ้นปีใหม่,60,60,0,0.0
999,all,เอกชน4,งานพระราชทานเพลิงศพ,36,36,0,0.0
999,all,เอกชน40,งานขึ้นบ้านใหม่,43,43,0,0.0
999,all,เอกชน41,งานเปิดบริษัท,47,47,0,0.0
999,all,เอกชน42,วันสงกรานต์,62,62,0,0.0
999,all,เอกชน43,งานทำบุญ,47,47,0,0.0
999,all,เอกชน44,วันลอยกระทง,54,54,0,0.0
999,all,เอกชน45,งานแต่งงาน,33,33,0,0.0
999,all,เอกชน46,การเผยแพร่วัฒนธรรมในประเทศ,108,108,0,0.0
999,all,เอกชน47,การเผยแพร่วัฒนธรรมต่างประเทศ,66,66,0,0.0
999,all,เอกชน48,งานบวงสรวง,30,30,0,0.0
999,all,เอกชน49,งานไหว้ครู,23,23,0,0.0
999,all,เอกชน5,งานขึ้นบ้านใหม่,43,43,0,0.0
999,all,เอกชน50,วันตรุษจีน,38,38,0,0.0
999,all,เอกชน51,การเผยแพร่วัฒนธรรมต่างประเทศ,66,66,0,0.0
999,all,เอกชน52,วันตรุษจีน,38,38,0,0.0
999,all,เอกชน53,การเผยแพร่วัฒนธรรมในประเทศ,108,108,0,0.0
999,all,เอกชน54,การเผยแพร่วัฒนธรรมในประเทศ,108,108,0,0.0
999,all,เอกชน55,งานเฉลิมพระชนมพรรษาพระบรมวงศานุวงศ์,23,23,0,0.0
999,all,เอกชน56,การเผยแพร่วัฒนธรรมในประเทศ,108,108,0,0.0
999,all,เอกชน57,งานต้อนรับอาคันตุกะ,64,64,0,0.0
999,all,เอกชน58,งานทำบุญ,47,47,0,0.0
999,all,เอกชน59,งานเฉลิมพระชนมพรรษาพระบรมวงศานุวงศ์,23,23,0,0.0
999,all,เอกชน6,งานทำบุญ,47,47,0,0.0
999,all,เอกชน60,งานแต่งงาน,33,33,0,0.0
999,all,เอกชน61,การเผยแพร่วัฒนธรรมในประเทศ,108,108,0,0.0
999,all,เอกชน7,งานสวดอภิธรรม,40,40,0,0.0
999,all,เอกชน8,งานต้อนรับอาคันตุกะ,64,64,0,0.0
999,all,เอกชน9,วันลอยกระทง,54,54,0,0.0
2024,20,บุคคล1,งานไหว้ครู,20,20,0,0.0
2024,20,บุคคล10,การเผยแพร่วัฒนธรรมในประเทศ,20,20,0,0.0
2024,20,บุคคล11,งานเทศมหาชาติ,20,20,0,0.0
2024,20,บุคคล12,การเผยแพร่วัฒนธรรมในประเทศ,20,20,0,0.0
2024,20,บุคคล13,การเผยแพร่วัฒนธรรมต่างประเทศ,20,20,0,0.0
2024,20,บุคคล14,วันวิสาขบูชา,19,19,0,0.0
2024,20,บุคคล15,งานสวดอภิธรรม,20,20,0,0.0
2024,20,บุคคล16,งานเปิดบริษัท,20,20,0,0.0
2024,20,บุคคล17,งานเปิดบริษัท,20,20,0,0.0
2024,20,บุคคล18,การเผยแพร่วัฒนธรรมต่างประเทศ,20,20,0,0.0
2024,20,บุคคล19,การเผยแพร่วัฒนธรรมในประเทศ,20,20,0,0.0
2024,20,บุคคล2,งานแต่งงาน,20,20,0,0.0
2024,20,บุคคล20,การเผยแพร่วัฒนธรรมต่างประเทศ,20,20,0,0.0
2024,20,บุคคล21,วันลอยกระทง,20,20,0,0.0
2024,20,บุคคล22,งานขึ้นบ้านใหม่,20,20,0,0.0
2024,20,บุคคล23,งานบวงสรวง,20,20,0,0.0
2024,20,บุคคล24,งานสวดอภิธรรม,20,20,0,0.0
2024,20,บุคคล25,การเผยแพร่วัฒนธรรมในประเทศ,20,20,0,0.0
2024,20,บุคคล26,วันสงกรานต์,20,20,0,0.0
2024,20,บุคคล27,การเผยแพร่วัฒนธรรมในประเทศ,20,20,0,0.0
2024,20,บุคคล28,การเผยแพร่วัฒนธรรมในประเทศ,20,20,0,0.0
2024,20,บุคคล29,งานสโมสรสันนิบาต,16,16,0,0.0
2024,20,บุคคล3,งานเฉลิมพระชนมพรรษาพระบรมวงศานุวงศ์,20,20,0,0.0
2024,20,บุคคล30,การเผยแพร่วัฒนธรรมในประเทศ,20,20,0,0.0
2024,20,บุคคล31,การเผยแพร่วัฒนธรรมในประเทศ,20,20,0,0.0
2024,20,บุคคล32,การเผยแพร่วัฒนธรรมต่างประเทศ,20,20,0,0.0
2024,20,บุคคล33,การเผยแพร่วัฒนธรรมในประเทศ,20,20,0,0.0
2024,20,บุคคล34,งานสวดอภิธรรม,20,20,0,0.0
2024,20,บุคคล35,งานสวดอภิธรรม,20,20,0,0.0
2024,20,บุคคล36,งานบวงสรวง,20,20,0,0.0
2024,20,บุคคล37,งานไหว้ครู,20,20,0,0.0
2024,20,บุคคล38,การเผยแพร่วัฒนธรรมต่างประเทศ,20,20,0,0.0
2024,20,บุคคล39,วันสงกรานต์,20,20,0,0.0
2024,20,บุคคล4,งานวันเกิด,20,20,0,0.0
2024,20,บุคคล40,วันขึ้นปีใหม่,20,20,0,0.0
2024,20,บุคคล5,งานทำบุญ,20,20,0,0.0
2024,20,บุคคล6,งานสวดอภิธรรม,20,20,0,0.0
2024,20,บุคคล7,การเผยแพร่วัฒนธรรมต่างประเทศ,20,20,0,0.0
2024,20,บุคคล8,การเผยแพร่วัฒนธรรมต่างประเทศ,20,20,0,0.0
2024,20,บุคคล9,งานฌาปนกิจศพ,20,20,0,0.0
2024,20,ราชการ1,วันขึ้นปีใหม่,20,20,0,0.0
2024,20,ราชการ10,การเผยแพร่วัฒนธรรมต่างประเทศ,20,20,0,0.0
2024,20,ราชการ11,การเผยแพร่วัฒนธรรมต่างประเทศ,20,20,0,0.0
2024,20,ราชการ12,การเผยแพร่วัฒนธรรมต่างประเทศ,20,20,0,0.0
2024,20,ราชการ13,วันสงกรานต์,20,20,0,0.0
2024,20,ราชการ14,งานพระราชทานเพลิงศพ,20,20,0,0.0
2024,20,ราชการ15,งานสวดมนต์ข้ามปี,20,20,0,0.0
2024,20,ราชการ16,งานต้อนรับอาคันตุกะ,20,20,0,0.0
2024,20,ราชการ17,งานสวดอภิธรรม,20,20,0,0.0
2024,20,ราชการ18,งานพระราชทานเพลิงศพ,20,20,0,0.0
2024,20,ราชการ19,งานสโมสรสันนิบาต,16,16,0,0.0
2024,20,ราชการ2,วันขึ้นปีใหม่,20,20,0,0.0
2024,20,ราชการ20,งานขึ้นบ้านใหม่,20,20,0,0.0
2024,20,ราชการ21,งานสวดอภิธรรม,20,20,0,0.0
2024,20,ราชการ22,งานสวดมนต์ข้ามปี,20,20,0,0.0
2024,20,ราชการ23,งานพระราชทานเพลิงศพ,20,20,0,0.0
2024,20,ราชการ24,การเผยแพร่วัฒนธรรมในประเทศ,20,20,0,0.0
2024,20,ราชการ25,งานวันเกิด,20,20,0,0.0
2024,20,ราชการ26,งานพระราชทานเพลิงศพ,20,20,0,0.0
2024,20,ราชการ27,งานต้อนรับอาคันตุกะ,20,20,0,0.0
2024,20,ราชการ28,การเผยแพร่วัฒนธรรมในประเทศ,20,20,0,0.0
2024,20,ราชการ3,วันตรุษจีน,20,20,0,0.0
2024,20,ราชการ4,การเผยแพร่วัฒนธรรมต่างประเทศ,20,20,0,0.0
2024,20,ราชการ5,งานพระราชทานเพลิงศพ,20,20,0,0.0
2024,20,ราชการ6,งานฌาปนกิจศพ,20,20,0,0.0
2024,20,ราชการ7,วันสงกรานต์,20,20,0,0.0
2024,20,ราชการ8,การเผยแพร่วัฒนธรรมในประเทศ,20,20,0,0.0
2024,20,ราชการ9,การเผยแพร่วัฒนธรรมต่างประเทศ,20,20,0,0.0
2024,20,องค์การระหว่างประเทศ1,งานพระราชทานเพลิงศพ,20,20,0,0.0
2024,20,องค์การระหว่างประเทศ10,งานสโมสรสันนิบาต,16,16,0,0.0
2024,20,องค์การระหว่างประเทศ11,วันลอยกระทง,20,20,0,0.0
2024,20,องค์การระหว่างประเทศ12,การเผยแพร่วัฒนธรรมในประเทศ,20,20,0,0.0
2024,20,องค์การระหว่างประเทศ13,งานสวดมนต์ข้ามปี,20,20,0,0.0
2024,20,องค์การระหว่างประเทศ14,งานสวดอภิธรรม,20,20,0,0.0
2024,20,องค์การระหว่างประเทศ15,งานสวดอภิธรรม,20,20,0,0.0
2024,20,องค์การระหว่างประเทศ16,งานบวงสรวง,20,20,0,0.0
2024,20,องค์การระหว่างประเทศ17,งานสวดอภิธรรม,20,20,0,0.0
2024,20,องค์การระหว่างประเทศ18,งานทำบุญ,20,20,0,0.0
2024,20,องค์การระหว่างประเทศ19,งานฌาปนกิจศพ,20,20,0,0.0
2024,20,องค์การระหว่างประเทศ2,งานฌาปนกิจศพ,20,20,0,0.0
2024,20,องค์การระหว่างประเทศ20,งานฌาปนกิจศพ,20,20,0,0.0
2024,20,องค์การระหว่างประเทศ21,งานเปิดบริษัท,20,20,0,0.0
2024,20,องค์การระหว่างประเทศ22,งานสวดอภิธรรม,20,20,0,0.0
2024,20,องค์การระหว่างประเทศ23,งานพระราชทานเพลิงศพ,20,20,0,0.0
2024,20,องค์การระหว่างประเทศ24,งานฌาปนกิจศพ,20,20,0,0.0
2024,20,องค์การระหว่างประเทศ25,วันลอยกระทง,20,20,0,0.0
2024,20,องค์การระหว่างประเทศ26,การเผยแพร่วัฒนธรรมในประเทศ,20,20,0,0.0
2024,20,องค์การระหว่างประเทศ27,การเผยแพร่วัฒนธรรมต่างประเทศ,20,20,0,0.0
2024,20,องค์การระหว่างประเทศ3,งานเฉลิมพระชนมพรรษาพระบรมวงศานุวงศ์,20,20,0,0.0
2024,20,องค์การระหว่างประเทศ4,วันลอยกระทง,20,20,0,0.0
2024,20,องค์การระหว่างประเทศ5,การเผยแพร่วัฒนธรรมในประเทศ,20,20,0,0.0
2024,20,องค์การระหว่างประเทศ6,งานต้อนรับอาคันตุกะ,20,20,0,0.0
2024,20,องค์การระหว่างประเทศ7,วันสงกรานต์,20,20,0,0.0
2024,20,องค์การระหว่างประเทศ8,การเผยแพร่วัฒนธรรมในประเทศ,20,20,0,0.0
2024,20,องค์การระหว่างประเทศ9,การเผยแพร่วัฒนธรรมต่างประเทศ,20,20,0,0.0
2024,20,เอกชน1,การเผยแพร่วัฒนธรรมในประเทศ,20,20,0,0.0
2024,20,เอกชน10,การเผยแพร่วัฒนธรรมในประเทศ,20,20,0,0.0
2024,20,เอกชน11,วันขึ้นปีใหม่,20,20,0,0.0
2024,20,เอกชน12,วันขึ้นปีใหม่,20,20,0,0.0
2024,20,เอกชน13,งานพระราชทานเพลิงศพ,20,20,0,0.0
2024,20,เอกชน14,งานฌาปนกิจศพ,20,20,0,0.0
2024,20,เอกชน15,การเผยแพร่วัฒนธรรมต่างประเทศ,20,20,0,0.0
2024,20,เอกชน16,การเผยแพร่วัฒนธรรมในประเทศ,20,20,0,0.0
2024,20,เอกชน17,การเผยแพร่วัฒนธรรมในประเทศ,20,20,0,0.0
2024,20,เอกชน18,การเผยแพร่วัฒนธรรมในประเทศ,20,20,0,0.0
2024,20,เอกชน19,การเผยแพร่วัฒนธรรมในประเทศ,20,20,0,0.0
2024,20,เอกชน2,งานต้อนรับอาคันตุกะ,20,20,0,0.0
2024,20,เอกชน20,วันลอยกระทง,20,20,0,0.0
2024,20,เอกชน21,การเผยแพร่วัฒนธรรมในประเทศ,20,20,0,0.0
2024,20,เอกชน22,การเผยแพร่วัฒนธรรมต่างประเทศ,20,20,0,0.0
2024,20,เอกชน23,การเผยแพร่วัฒนธรรมในประเทศ,20,20,0,0.0
2024,20,เอกชน24,การเผยแพร่วัฒนธรรมในประเทศ,20,20,0,0.0
2024,20,เอกชน25,วันลอยกระทง,20,20,0,0.0
2024,20,เอกชน26,การเผยแพร่วัฒนธรรมในประเทศ,20,20,0,0.0
2024,20,เอกชน27,งานทำบุญ,20,20,0,0.0
2024,20,เอกชน28,งานวันเกิด,20,20,0,0.0
2024,20,เอกชน29,วันลอยกระทง,20,20,0,0.0
2024,20,เอกชน3,วันวิสาขบูชา,19,19,0,0.0
2024,20,เอกชน30,งานทำบุญ,20,20,0,0.0
2024,20,เอกชน31,งานสวดอภิธรรม,20,20,0,0.0
2024,20,เอกชน32,การเผยแพร่วัฒนธรรมต่างประเทศ,20,20,0,0.0
2024,20,เอกชน33,วันสงกรานต์,20,20,0,0.0
2024,20,เอกชน34,การเผยแพร่วัฒนธรรมในประเทศ,20,20,0,0.0
2024,20,เอกชน35,งานสวดอภิธรรม,20,20,0,0.0
2024,20,เอกชน36,งานเฉลิมพระชนมพรรษาพระบรมวงศานุวงศ์,20,20,0,0.0
2024,20,เอกชน37,งานฌาปนกิจศพ,20,20,0,0.0
2024,20,เอกชน38,วันสงกรานต์,20,20,0,0.0
2024,20,เอกชน39,งานแต่งงาน,20,20,0,0.0
2024,20,เอกชน4,วันสงกรานต์,20,20,0,0.0
2024,20,เอกชน40,วันตรุษจีน,20,20,0,0.0
2024,20,เอกชน41,วันลอยกระทง,20,20,0,0.0
2024,20,เอกชน42,วันสงกรานต์,20,20,0,0.0
2024,20,เอกชน43,วันขึ้นปีใหม่,20,20,0,0.0
2024,20,เอกชน44,วันสงกรานต์,20,20,0,0.0
2024,20,เอกชน45,งานแต่งงาน,20,20,0,0.0
2024,20,เอกชน46,งานทำบุญ,20,20,0,0.0
2024,20,เอกชน47,งานวันเกิด,20,20,0,0.0
2024,20,เอกชน48,งานแต่งงาน,20,20,0,0.0
2024,20,เอกชน49,งานสวดอภิธรรม,20,20,0,0.0
2024,20,เอกชน5,การเผยแพร่วัฒนธรรมในประเทศ,20,20,0,0.0
2024,20,เอกชน50,งานทำบุญ,20,20,0,0.0
2024,20,เอกชน51,วันสงกรานต์,20,20,0,0.0
2024,20,เอกชน52,วันขึ้นปีใหม่,20,20,0,0.0
2024,20,เอกชน53,การเผยแพร่วัฒนธรรมในประเทศ,20,20,0,0.0
2024,20,เอกชน54,วันลอยกระทง,20,20,0,0.0
2024,20,เอกชน55,วันสงกรานต์,20,20,0,0.0
2024,20,เอกชน56,งานต้อนรับอาคันตุกะ,20,20,0,0.0
2024,20,เอกชน57,วันสงกรานต์,20,20,0,0.0
2024,20,เอกชน58,งานต้อนรับอาคันตุกะ,20,20,0,0.0
2024,20,เอกชน59,งานเฉลิมพระชนมพรรษาพระบรมวงศานุวงศ์,20,20,0,0.0
2024,20,เอกชน6,การเผยแพร่วัฒนธรรมในประเทศ,20,20,0,0.0
2024,20,เอกชน60,วันสงกรานต์,20,20,0,0.0
2024,20,เอกชน61,วันลอยกระทง,20,20,0,0.0
2024,20,เอกชน7,การเผยแพร่วัฒนธรรมต่างประเทศ,20,20,0,0.0
2024,20,เอกชน8,งานต้อนรับอาคันตุกะ,20,20,0,0.0
2024,20,เอกชน9,งานแต่งงาน,20,20,0,0.0
2024,40,บุคคล1,งานไหว้ครู,23,23,0,0.0
2024,40,บุคคล10,การเผยแพร่วัฒนธรรมในประเทศ,40,40,0,0.0
2024,40,บุคคล11,งานเทศมหาชาติ,22,22,0,0.0
2024,40,บุคคล12,การเผยแพร่วัฒนธรรมในประเทศ,40,40,0,0.0
2024,40,บุคคล13,การเผยแพร่วัฒนธรรมต่างประเทศ,40,40,0,0.0
2024,40,บุคคล14,วันวิสาขบูชา,19,19,0,0.0
2024,40,บุคคล15,งานสวดอภิธรรม,40,40,0,0.0
2024,40,บุคคล16,งานเปิดบริษัท,40,40,0,0.0
2024,40,บุคคล17,งานเปิดบริษัท,40,40,0,0.0
2024,40,บุคคล18,การเผยแพร่วัฒนธรรมต่างประเทศ,40,40,0,0.0
2024,40,บุคคล19,การเผยแพร่วัฒนธรรมในประเทศ,40,40,0,0.0
2024,40,บุคคล2,งานแต่งงาน,33,33,0,0.0
2024,40,บุคคล20,การเผยแพร่วัฒนธรรมต่างประเทศ,40,40,0,0.0
2024,40,บุคคล21,วันลอยกระทง,40,40,0,0.0
2024,40,บุคคล22,งานขึ้นบ้านใหม่,40,40,0,0.0
2024,40,บุคคล23,งานบวงสรวง,30,30,0,0.0
2024,40,บุคคล24,งานสวดอภิธรรม,40,40,0,0.0
2024,40,บุคคล25,การเผยแพร่วัฒนธรรมในประเทศ,40,40,0,0.0
2024,40,บุคคล26,วันสงกรานต์,40,40,0,0.0
2024,40,บุคคล27,การเผยแพร่วัฒนธรรมในประเทศ,40,40,0,0.0
2024,40,บุคคล28,การเผยแพร่วัฒนธรรมในประเทศ,40,40,0,0.0
2024,40,บุคคล29,งานสโมสรสันนิบาต,16,16,0,0.0
2024,40,บุคคล3,งานเฉลิมพระชนมพรรษาพระบรมวงศานุวงศ์,23,23,0,0.0
2024,40,บุคคล30,การเผยแพร่วัฒนธรรมในประเทศ,40,40,0,0.0
2024,40,บุคคล31,การเผยแพร่วัฒนธรรมในประเทศ,40,40,0,0.0
2024,40,บุคคล32,การเผยแพร่วัฒนธรรมต่างประเทศ,40,40,0,0.0
2024,40,บุคคล33,การเผยแพร่วัฒนธรรมในประเทศ,40,40,0,0.0
2024,40,บุคคล34,งานสวดอภิธรรม,40,40,0,0.0
2024,40,บุคคล35,งานสวดอภิธรรม,40,40,0,0.0
2024,40,บุคคล36,งานบวงสรวง,30,30,0,0.0
2024,40,บุคคล37,งานไหว้ครู,23,23,0,0.0
2024,40,บุคคล38,การเผยแพร่วัฒนธรรมต่างประเทศ,40,40,0,0.0
2024,40,บุคคล39,วันสงกรานต์,40,40,0,0.0
2024,40,บุคคล4,งานวันเกิด,40,40,0,0.0
2024,40,บุคคล40,วันขึ้นปีใหม่,40,40,0,0.0
2024,40,บุคคล5,งานทำบุญ,40,40,0,0.0
2024,40,บุคคล6,งานสวดอภิธรรม,40,40,0,0.0
2024,40,บุคคล7,การเผยแพร่วัฒนธรรมต่างประเทศ,40,40,0,0.0
2024,40,บุคคล8,การเผยแพร่วัฒนธรรมต่างประเทศ,40,40,0,0.0
2024,40,บุคคล9,งานฌาปนกิจศพ,40,40,0,0.0
2024,40,ราชการ1,วันขึ้นปีใหม่,40,40,0,0.0
2024,40,ราชการ10,การเผยแพร่วัฒนธรรมต่างประเทศ,40,40,0,0.0
2024,40,ราชการ11,การเผยแพร่วัฒนธรรมต่างประเทศ,40,40,0,0.0
2024,40,ราชการ12,การเผยแพร่วัฒนธรรมต่างประเทศ,40,40,0,0.0
2024,40,ราชการ13,วันสงกรานต์,40,40,0,0.0
2024,40,ราชการ14,งานพระราชทานเพลิงศพ,36,36,0,0.0
2024,40,ราชการ15,งานสวดมนต์ข้ามปี,29,29,0,0.0
2024,40,ราชการ16,งานต้อนรับอาคันตุกะ,40,40,0,0.0
2024,40,ราชการ17,งานสวดอภิธรรม,40,40,0,0.0
2024,40,ราชการ18,งานพระราชทานเพลิงศพ,36,36,0,0.0
2024,40,ราชการ19,งานสโมสรสันนิบาต,16,16,0,0.0
2024,40,ราชการ2,วันขึ้นปีใหม่,40,40,0,0.0
2024,40,ราชการ20,งานขึ้นบ้านใหม่,40,40,0,0.0
2024,40,ราชการ21,งานสวดอภิธรรม,40,40,0,0.0
2024,40,ราชการ22,งานสวดมนต์ข้ามปี,29,29,0,0.0
2024,40,ราชการ23,งานพระราชทานเพลิงศพ,36,36,0,0.0
2024,40,ราชการ24,การเผยแพร่วัฒนธรรมในประเทศ,40,40,0,0.0
2024,40,ราชการ25,งานวันเกิด,40,40,0,0.0
2024,40,ราชการ26,งานพระราชทานเพลิงศพ,36,36,0,0.0
2024,40,ราชการ27,งานต้อนรับอาคันตุกะ,40,40,0,0.0
2024,40,ราชการ28,การเผยแพร่วัฒนธรรมในประเทศ,40,40,0,0.0
2024,40,ราชการ3,วันตรุษจีน,38,38,0,0.0
2024,40,ราชการ4,การเผยแพร่วัฒนธรรมต่างประเทศ,40,40,0,0.0
2024,40,ราชการ5,งานพระราชทานเพลิงศพ,36,36,0,0.0
2024,40,ราชการ6,งานฌาปนกิจศพ,40,40,0,0.0
2024,40,ราชการ7,วันสงกรานต์,40,40,0,0.0
2024,40,ราชการ8,การเผยแพร่วัฒนธรรมในประเทศ,40,40,0,0.0
2024,40,ราชการ9,การเผยแพร่วัฒนธรรมต่างประเทศ,40,40,0,0.0
2024,40,องค์การระหว่างประเทศ1,งานพระราชทานเพลิงศพ,36,36,0,0.0
2024,40,องค์การระหว่างประเทศ10,งานสโมสรสันนิบาต,16,16,0,0.0
2024,40,องค์การระหว่างประเทศ11,วันลอยกระทง,40,40,0,0.0
2024,40,องค์การระหว่างประเทศ12,การเผยแพร่วัฒนธรรมในประเทศ,40,40,0,0.0
2024,40,องค์การระหว่างประเทศ13,งานสวดมนต์ข้ามปี,29,29,0,0.0
2024,40,องค์การระหว่างประเทศ14,งานสวดอภิธรรม,40,40,0,0.0
2024,40,องค์การระหว่างประเทศ15,งานสวดอภิธรรม,40,40,0,0.0
2024,40,องค์การระหว่างประเทศ16,งานบวงสรวง,30,30,0,0.0
2024,40,องค์การระหว่างประเทศ17,งานสวดอภิธรรม,40,40,0,0.0
2024,40,องค์การระหว่างประเทศ18,งานทำบุญ,40,40,0,0.0
2024,40,องค์การระหว่างประเทศ19,งานฌาปนกิจศพ,40,40,0,0.0
2024,40,องค์การระหว่างประเทศ2,งานฌาปนกิจศพ,40,40,0,0.0
2024,40,องค์การระหว่างประเทศ20,งานฌาปนกิจศพ,40,40,0,0.0
2024,40,องค์การระหว่างประเทศ21,งานเปิดบริษัท,40,40,0,0.0
2024,40,องค์การระหว่างประเทศ22,งานสวดอภิธรรม,40,40,0,0.0
2024,40,องค์การระหว่างประเทศ23,งานพระราชทานเพลิงศพ,36,36,0,0.0
2024,40,องค์การระหว่างประเทศ24,งานฌาปนกิจศพ,40,40,0,0.0
2024,40,องค์การระหว่างประเทศ25,วันลอยกระทง,40,40,0,0.0
2024,40,องค์การระหว่างประเทศ26,การเผยแพร่วัฒนธรรมในประเทศ,40,40,0,0.0
2024,40,องค์การระหว่างประเทศ27,การเผยแพร่วัฒนธรรมต่างประเทศ,40,40,0,0.0
2024,40,องค์การระหว่างประเทศ3,งานเฉลิมพระชนมพรรษาพระบรมวงศานุวงศ์,23,23,0,0.0
2024,40,องค์การระหว่างประเทศ4,วันลอยกระทง,40,40,0,0.0
2024,40,องค์การระหว่างประเทศ5,การเผยแพร่วัฒนธรรมในประเทศ,40,40,0,0.0
2024,40,องค์การระหว่างประเทศ6,งานต้อนรับอาคันตุกะ,40,40,0,0.0
2024,40,องค์การระหว่างประเทศ7,วันสงกรานต์,40,40,0,0.0
2024,40,องค์การระหว่างประเทศ8,การเผยแพร่วัฒนธรรมในประเทศ,40,40,0,0.0
2024,40,องค์การระหว่างประเทศ9,การเผยแพร่วัฒนธรรมต่างประเทศ,40,40,0,0.0
2024,40,เอกชน1,การเผยแพร่วัฒนธรรมในประเทศ,40,40,0,0.0
2024,40,เอกชน10,การเผยแพร่วัฒนธรรมในประเทศ,40,40,0,0.0
2024,40,เอกชน11,วันขึ้นปีใหม่,40,40,0,0.0
2024,40,เอกชน12,วันขึ้นปีใหม่,40,40,0,0.0
2024,40,เอกชน13,งานพระราชทานเพลิงศพ,36,36,0,0.0
2024,40,เอกชน14,งานฌาปนกิจศพ,40,40,0,0.0
2024,40,เอกชน15,การเผยแพร่วัฒนธรรมต่างประเทศ,40,40,0,0.0
2024,40,เอกชน16,การเผยแพร่วัฒนธรรมในประเทศ,40,40,0,0.0
2024,40,เอกชน17,การเผยแพร่วัฒนธรรมในประเทศ,40,40,0,0.0
2024,40,เอกชน18,การเผยแพร่วัฒนธรรมในประเทศ,40,40,0,0.0
2024,40,เอกชน19,การเผยแพร่วัฒนธรรมในประเทศ,40,40,0,0.0
2024,40,เอกชน2,งานต้อนรับอาคันตุกะ,40,40,0,0.0
2024,40,เอกชน20,วันลอยกระทง,40,40,0,0.0
2024,40,เอกชน21,การเผยแพร่วัฒนธรรมในประเทศ,40,40,0,0.0
2024,40,เอกชน22,การเผยแพร่วัฒนธรรมต่างประเทศ,40,40,0,0.0
2024,40,เอกชน23,การเผยแพร่วัฒนธรรมในประเทศ,40,40,0,0.0
2024,40,เอกชน24,การเผยแพร่วัฒนธรรมในประเทศ,40,40,0,0.0
2024,40,เอกชน25,วันลอยกระทง,40,40,0,0.0
2024,40,เอกชน26,การเผยแพร่วัฒนธรรมในประเทศ,40,40,0,0.0
2024,40,เอกชน27,งานทำบุญ,40,40,0,0.0
2024,40,เอกชน28,งานวันเกิด,40,40,0,0.0
2024,40,เอกชน29,วันลอยกระทง,40,40,0,0.0
2024,40,เอกชน3,วันวิสาขบูชา,19,19,0,0.0
2024,40,เอกชน30,งานทำบุญ,40,40,0,0.0
2024,40,เอกชน31,งานสวดอภิธรรม,40,40,0,0.0
2024,40,เอกชน32,การเผยแพร่วัฒนธรรมต่างประเทศ,40,40,0,0.0
2024,40,เอกชน33,วันสงกรานต์,40,40,0,0.0
2024,40,เอกชน34,การเผยแพร่วัฒนธรรมในประเทศ,40,40,0,0.0
2024,40,เอกชน35,งานสวดอภิธรรม,40,40,0,0.0
2024,40,เอกชน36,งานเฉลิมพระชนมพรรษาพระบรมวงศานุวงศ์,23,23,0,0.0
2024,40,เอกชน37,งานฌาปนกิจศพ,40,40,0,0.0
2024,40,เอกชน38,วันสงกรานต์,40,40,0,0.0
2024,40,เอกชน39,งานแต่งงาน,33,33,0,0.0
2024,40,เอกชน4,วันสงกรานต์,40,40,0,0.0
2024,40,เอกชน40,วันตรุษจีน,38,38,0,0.0
2024,40,เอกชน41,วันลอยกระทง,40,40,0,0.0
2024,40,เอกชน42,วันสงกรานต์,40,40,0,0.0
2024,40,เอกชน43,วันขึ้นปีใหม่,40,40,0,0.0
2024,40,เอกชน44,วันสงกรานต์,40,40,0,0.0
2024,40,เอกชน45,งานแต่งงาน,33,33,0,0.0
2024,40,เอกชน46,งานทำบุญ,40,40,0,0.0
2024,40,เอกชน47,งานวันเกิด,40,40,0,0.0
2024,40,เอกชน48,งานแต่งงาน,33,33,0,0.0
2024,40,เอกชน49,งานสวดอภิธรรม,40,40,0,0.0
2024,40,เอกชน5,การเผยแพร่วัฒนธรรมในประเทศ,40,40,0,0.0
2024,40,เอกชน50,งานทำบุญ,40,40,0,0.0
2024,40,เอกชน51,วันสงกรานต์,40,40,0,0.0
2024,40,เอกชน52,วันขึ้นปีใหม่,40,40,0,0.0
2024,40,เอกชน53,การเผยแพร่วัฒนธรรมในประเทศ,40,40,0,0.0
2024,40,เอกชน54,วันลอยกระทง,40,40,0,0.0
2024,40,เอกชน55,วันสงกรานต์,40,40,0,0.0
2024,40,เอกชน56,งานต้อนรับอาคันตุกะ,40,40,0,0.0
2024,40,เอกชน57,วันสงกรานต์,40,40,0,0.0
2024,40,เอกชน58,งานต้อนรับอาคันตุกะ,40,40,0,0.0
2024,40,เอกชน59,งานเฉลิมพระชนมพรรษาพระบรมวงศานุวงศ์,23,23,0,0.0
2024,40,เอกชน6,การเผยแพร่วัฒนธรรมในประเทศ,40,40,0,0.0
2024,40,เอกชน60,วันสงกรานต์,40,40,0,0.0
2024,40,เอกชน61,วันลอยกระทง,40,40,0,0.0
2024,40,เอกชน7,การเผยแพร่วัฒนธรรมต่างประเทศ,40,40,0,0.0
2024,40,เอกชน8,งานต้อนรับอาคันตุกะ,40,40,0,0.0
2024,40,เอกชน9,งานแต่งงาน,33,33,0,0.0
2024,80,บุคคล1,งานไหว้ครู,23,23,0,0.0
2024,80,บุคคล10,การเผยแพร่วัฒนธรรมในประเทศ,80,80,0,0.0
2024,80,บุคคล11,งานเทศมหาชาติ,22,22,0,0.0
2024,80,บุคคล12,การเผยแพร่วัฒนธรรมในประเทศ,80,80,0,0.0
2024,80,บุคคล13,การเผยแพร่วัฒนธรรมต่างประเทศ,66,66,0,0.0
2024,80,บุคคล14,วันวิสาขบูชา,19,19,0,0.0
2024,80,บุคคล15,งานสวดอภิธรรม,40,40,0,0.0
2024,80,บุคคล16,งานเปิดบริษัท,47,47,0,0.0
2024,80,บุคคล17,งานเปิดบริษัท,47,47,0,0.0
2024,80,บุคคล18,การเผยแพร่วัฒนธรรมต่างประเทศ,66,66,0,0.0
2024,80,บุคคล19,การเผยแพร่วัฒนธรรมในประเทศ,80,80,0,0.0
2024,80,บุคคล2,งานแต่งงาน,33,33,0,0.0
2024,80,บุคคล20,การเผยแพร่วัฒนธรรมต่างประเทศ,66,66,0,0.0
2024,80,บุคคล21,วันลอยกระทง,54,54,0,0.0
2024,80,บุคคล22,งานขึ้นบ้านใหม่,43,43,0,0.0
2024,80,บุคคล23,งานบวงสรวง,30,30,0,0.0
2024,80,บุคคล24,งานสวดอภิธรรม,40,40,0,0.0
2024,80,บุคคล25,การเผยแพร่วัฒนธรรมในประเทศ,80,80,0,0.0
2024,80,บุคคล26,วันสงกรานต์,62,62,0,0.0
2024,80,บุคคล27,การเผยแพร่วัฒนธรรมในประเทศ,80,80,0,0.0
2024,80,บุคคล28,การเผยแพร่วัฒนธรรมในประเทศ,80,80,0,0.0
2024,80,บุคคล29,งานสโมสรสันนิบาต,16,16,0,0.0
2024,80,บุคคล3,งานเฉลิมพระชนมพรรษาพระบรมวงศานุวงศ์,23,23,0,0.0
2024,80,บุคคล30,การเผยแพร่วัฒนธรรมในประเทศ,80,80,0,0.0
2024,80,บุคคล31,การเผยแพร่วัฒนธรรมในประเทศ,80,80,0,0.0
2024,80,บุคคล32,การเผยแพร่วัฒนธรรมต่างประเทศ,66,66,0,0.0
2024,80,บุคคล33,การเผยแพร่วัฒนธรรมในประเทศ,80,80,0,0.0
2024,80,บุคคล34,งานสวดอภิธรรม,40,40,0,0.0
2024,80,บุคคล35,งานสวดอภิธรรม,40,40,0,0.0
2024,80,บุคคล36,งานบวงสรวง,30,30,0,0.0
2024,80,บุคคล37,งานไหว้ครู,23,23,0,0.0
2024,80,บุคคล38,การเผยแพร่วัฒนธรรมต่างประเทศ,66,66,0,0.0
2024,80,บุคคล39,วันสงกรานต์,62,62,0,0.0
2024,80,บุคคล4,งานวันเกิด,44,44,0,0.0
2024,80,บุคคล40,วันขึ้นปีใหม่,60,60,0,0.0
2024,80,บุคคล5,งานทำบุญ,47,47,0,0.0
2024,80,บุคคล6,งานสวดอภิธรรม,40,40,0,0.0
2024,80,บุคคล7,การเผยแพร่วัฒนธรรมต่างประเทศ,66,66,0,0.0
2024,80,บุคคล8,การเผยแพร่วัฒนธรรมต่างประเทศ,66,66,0,0.0
2024,80,บุคคล9,งานฌาปนกิจศพ,40,40,0,0.0
2024,80,ราชการ1,วันขึ้นปีใหม่,60,60,0,0.0
2024,80,ราชการ10,การเผยแพร่วัฒนธรรมต่างประเทศ,66,66,0,0.0
2024,80,ราชการ11,การเผยแพร่วัฒนธรรมต่างประเทศ,66,66,0,0.0
2024,80,ราชการ12,การเผยแพร่วัฒนธรรมต่างประเทศ,66,66,0,0.0
2024,80,ราชการ13,วันสงกรานต์,62,62,0,0.0
2024,80,ราชการ14,งานพระราชทานเพลิงศพ,36,36,0,0.0
2024,80,ราชการ15,งานสวดมนต์ข้ามปี,29,29,0,0.0
2024,80,ราชการ16,งานต้อนรับอาคันตุกะ,64,64,0,0.0
2024,80,ราชการ17,งานสวดอภิธรรม,40,40,0,0.0
2024,80,ราชการ18,งานพระราชทานเพลิงศพ,36,36,0,0.0
2024,80,ราชการ19,งานสโมสรสันนิบาต,16,16,0,0.0
2024,80,ราชการ2,วันขึ้นปีใหม่,60,60,0,0.0
2024,80,ราชการ20,งานขึ้นบ้านใหม่,43,43,0,0.0
2024,80,ราชการ21,งานสวดอภิธรรม,40,40,0,0.0
2024,80,ราชการ22,งานสวดมนต์ข้ามปี,29,29,0,0.0
2024,80,ราชการ23,งานพระราชทานเพลิงศพ,36,36,0,0.0
2024,80,ราชการ24,การเผยแพร่วัฒนธรรมในประเทศ,80,80,0,0.0
2024,80,ราชการ25,งานวันเกิด,44,44,0,0.0
2024,80,ราชการ26,งานพระราชทานเพลิงศพ,36,36,0,0.0
2024,80,ราชการ27,งานต้อนรับอาคันตุกะ,64,64,0,0.0
2024,80,ราชการ28,การเผยแพร่วัฒนธรรมในประเทศ,80,80,0,0.0
2024,80,ราชการ3,วันตรุษจีน,38,38,0,0.0
2024,80,ราชการ4,การเผยแพร่วัฒนธรรมต่างประเทศ,66,66,0,0.0
2024,80,ราชการ5,งานพระราชทานเพลิงศพ,36,36,0,0.0
2024,80,ราชการ6,งานฌาปนกิจศพ,40,40,0,0.0
2024,80,ราชการ7,วันสงกรานต์,62,62,0,0.0
2024,80,ราชการ8,การเผยแพร่วัฒนธรรมในประเทศ,80,80,0,0.0
2024,80,ราชการ9,การเผยแพร่วัฒนธรรมต่างประเทศ,66,66,0,0.0
2024,80,องค์การระหว่างประเทศ1,งานพระราชทานเพลิงศพ,36,36,0,0.0
2024,80,องค์การระหว่างประเทศ10,งานสโมสรสันนิบาต,16,16,0,0.0
2024,80,องค์การระหว่างประเทศ11,วันลอยกระทง,54,54,0,0.0
2024,80,องค์การระหว่างประเทศ12,การเผยแพร่วัฒนธรรมในประเทศ,80,80,0,0.0
2024,80,องค์การระหว่างประเทศ13,งานสวดมนต์ข้ามปี,29,29,0,0.0
2024,80,องค์การระหว่างประเทศ14,งานสวดอภิธรรม,40,40,0,0.0
2024,80,องค์การระหว่างประเทศ15,งานสวดอภิธรรม,40,40,0,0.0
2024,80,องค์การระหว่างประเทศ16,งานบวงสรวง,30,30,0,0.0
2024,80,องค์การระหว่างประเทศ17,งานสวดอภิธรรม,40,40,0,0.0
2024,80,องค์การระหว่างประเทศ18,งานทำบุญ,47,47,0,0.0
2024,80,องค์การระหว่างประเทศ19,งานฌาปนกิจศพ,40,40,0,0.0
2024,80,องค์การระหว่างประเทศ2,งานฌาปนกิจศพ,40,40,0,0.0
2024,80,องค์การระหว่างประเทศ20,งานฌาปนกิจศพ,40,40,0,0.0
2024,80,องค์การระหว่างประเทศ21,งานเปิดบริษัท,47,47,0,0.0
2024,80,องค์การระหว่างประเทศ22,งานสวดอภิธรรม,40,40,0,0.0
2024,80,องค์การระหว่างประเทศ23,งานพระราชทานเพลิงศพ,36,36,0,0.0
2024,80,องค์การระหว่างประเทศ24,งานฌาปนกิจศพ,40,40,0,0.0
2024,80,องค์การระหว่างประเทศ25,วันลอยกระทง,54,54,0,0.0
2024,80,องค์การระหว่างประเทศ26,การเผยแพร่วัฒนธรรมในประเทศ,80,80,0,0.0
2024,80,องค์การระหว่างประเทศ27,การเผยแพร่วัฒนธรรมต่างประเทศ,66,66,0,0.0
2024,80,องค์การระหว่างประเทศ3,งานเฉลิมพระชนมพรรษาพระบรมวงศานุวงศ์,23,23,0,0.0
2024,80,องค์การระหว่างประเทศ4,วันลอยกระทง,54,54,0,0.0
2024,80,องค์การระหว่างประเทศ5,การเผยแพร่วัฒนธรรมในประเทศ,80,80,0,0.0
2024,80,องค์การระหว่างประเทศ6,งานต้อนรับอาคันตุกะ,64,64,0,0.0
2024,80,องค์การระหว่างประเทศ7,วันสงกรานต์,62,62,0,0.0
2024,80,องค์การระหว่างประเทศ8,การเผยแพร่วัฒนธรรมในประเทศ,80,80,0,0.0
2024,80,องค์การระหว่างประเทศ9,การเผยแพร่วัฒนธรรมต่างประเทศ,66,66,0,0.0
2024,80,เอกชน1,การเผยแพร่วัฒนธรรมในประเทศ,80,80,0,0.0
2024,80,เอกชน10,การเผยแพร่วัฒนธรรมในประเทศ,80,80,0,0.0
2024,80,เอกชน11,วันขึ้นปีใหม่,60,60,0,0.0
2024,80,เอกชน12,วันขึ้นปีใหม่,60,60,0,0.0
2024,80,เอกชน13,งานพระราชทานเพลิงศพ,36,36,0,0.0
2024,80,เอกชน14,งานฌาปนกิจศพ,40,40,0,0.0
2024,80,เอกชน15,การเผยแพร่วัฒนธรรมต่างประเทศ,66,66,0,0.0
2024,80,เอกชน16,การเผยแพร่วัฒนธรรมในประเทศ,80,80,0,0.0
2024,80,เอกชน17,การเผยแพร่วัฒนธรรมในประเทศ,80,80,0,0.0
2024,80,เอกชน18,การเผยแพร่วัฒนธรรมในประเทศ,80,80,0,0.0
2024,80,เอกชน19,การเผยแพร่วัฒนธรรมในประเทศ,80,80,0,0.0
2024,80,เอกชน2,งานต้อนรับอาคันตุกะ,64,64,0,0.0
2024,80,เอกชน20,วันลอยกระทง,54,54,0,0.0
2024,80,เอกชน21,การเผยแพร่วัฒนธรรมในประเทศ,80,80,0,0.0
2024,80,เอกชน22,การเผยแพร่วัฒนธรรมต่างประเทศ,66,66,0,0.0
2024,80,เอกชน23,การเผยแพร่วัฒนธรรมในประเทศ,80,80,0,0.0
2024,80,เอกชน24,การเผยแพร่วัฒนธรรมในประเทศ,80,80,0,0.0
2024,80,เอกชน25,วันลอยกระทง,54,54,0,0.0
2024,80,เอกชน26,การเผยแพร่วัฒนธรรมในประเทศ,80,80,0,0.0
2024,80,เอกชน27,งานทำบุญ,47,47,0,0.0
2024,80,เอกชน28,งานวันเกิด,44,44,0,0.0
2024,80,เอกชน29,วันลอยกระทง,54,54,0,0.0
2024,80,เอกชน3,วันวิสาขบูชา,19,19,0,0.0
2024,80,เอกชน30,งานทำบุญ,47,47,0,0.0
2024,80,เอกชน31,งานสวดอภิธรรม,40,40,0,0.0
2024,80,เอกชน32,การเผยแพร่วัฒนธรรมต่างประเทศ,66,66,0,0.0
2024,80,เอกชน33,วันสงกรานต์,62,62,0,0.0
2024,80,เอกชน34,การเผยแพร่วัฒนธรรมในประเทศ,80,80,0,0.0
2024,80,เอกชน35,งานสวดอภิธรรม,40,40,0,0.0
2024,80,เอกชน36,งานเฉลิมพระชนมพรรษาพระบรมวงศานุวงศ์,23,23,0,0.0
2024,80,เอกชน37,งานฌาปนกิจศพ,40,40,0,0.0
2024,80,เอกชน38,วันสงกรานต์,62,62,0,0.0
2024,80,เอกชน39,งานแต่งงาน,33,33,0,0.0
2024,80,เอกชน4,วันสงกรานต์,62,62,0,0.0
2024,80,เอกชน40,วันตรุษจีน,38,38,0,0.0
2024,80,เอกชน41,วันลอยกระทง,54,54,0,0.0
2024,80,เอกชน42,วันสงกรานต์,62,62,0,0.0
2024,80,เอกชน43,วันขึ้นปีใหม่,60,60,0,0.0
2024,80,เอกชน44,วันสงกรานต์,62,62,0,0.0
2024,80,เอกชน45,งานแต่งงาน,33,33,0,0.0
2024,80,เอกชน46,งานทำบุญ,47,47,0,0.0
2024,80,เอกชน47,งานวันเกิด,44,44,0,0.0
2024,80,เอกชน48,งานแต่งงาน,33,33,0,0.0
2024,80,เอกชน49,งานสวดอภิธรรม,40,40,0,0.0
2024,80,เอกชน5,การเผยแพร่วัฒนธรรมในประเทศ,80,80,0,0.0
2024,80,เอกชน50,งานทำบุญ,47,47,0,0.0
2024,80,เอกชน51,วันสงกรานต์,62,62,0,0.0
2024,80,เอกชน52,วันขึ้นปีใหม่,60,60,0,0.0
2024,80,เอกชน53,การเผยแพร่วัฒนธรรมในประเทศ,80,80,0,0.0
2024,80,เอกชน54,วันลอยกระทง,54,54,0,0.0
2024,80,เอกชน55,วันสงกรานต์,62,62,0,0.0
2024,80,เอกชน56,งานต้อนรับอาคันตุกะ,64,64,0,0.0
2024,80,เอกชน57,วันสงกรานต์,62,62,0,0.0
2024,80,เอกชน58,งานต้อนรับอาคันตุกะ,64,64,0,0.0
2024,80,เอกชน59,งานเฉลิมพระชนมพรรษาพระบรมวงศานุวงศ์,23,23,0,0.0
2024,80,เอกชน6,การเผยแพร่วัฒนธรรมในประเทศ,80,80,0,0.0
2024,80,เอกชน60,วันสงกรานต์,62,62,0,0.0
2024,80,เอกชน61,วันลอยกระทง,54,54,0,0.0
2024,80,เอกชน7,การเผยแพร่วัฒนธรรมต่างประเทศ,66,66,0,0.0
2024,80,เอกชน8,งานต้อนรับอาคันตุกะ,64,64,0,0.0
2024,80,เอกชน9,งานแต่งงาน,33,33,0,0.0
2024,all,บุคคล1,งานไหว้ครู,23,23,0,0.0
2024,all,บุคคล10,การเผยแพร่วัฒนธรรมในประเทศ,108,108,0,0.0
2024,all,บุคคล11,งานเทศมหาชาติ,22,22,0,0.0
2024,all,บุคคล12,การเผยแพร่วัฒนธรรมในประเทศ,108,108,0,0.0
2024,all,บุคคล13,การเผยแพร่วัฒนธรรมต่างประเทศ,66,66,0,0.0
2024,all,บุคคล14,วันวิสาขบูชา,19,19,0,0.0
2024,all,บุคคล15,งานสวดอภิธรรม,40,40,0,0.0
2024,all,บุคคล16,งานเปิดบริษัท,47,47,0,0.0
2024,all,บุคคล17,งานเปิดบริษัท,47,47,0,0.0
2024,all,บุคคล18,การเผยแพร่วัฒนธรรมต่างประเทศ,66,66,0,0.0
2024,all,บุคคล19,การเผยแพร่วัฒนธรรมในประเทศ,108,108,0,0.0
2024,all,บุคคล2,งานแต่งงาน,33,33,0,0.0
2024,all,บุคคล20,การเผยแพร่วัฒนธรรมต่างประเทศ,66,66,0,0.0
2024,all,บุคคล21,วันลอยกระทง,54,54,0,0.0
2024,all,บุคคล22,งานขึ้นบ้านใหม่,43,43,0,0.0
2024,all,บุคคล23,งานบวงสรวง,30,30,0,0.0
2024,all,บุคคล24,งานสวดอภิธรรม,40,40,0,0.0
2024,all,บุคคล25,การเผยแพร่วัฒนธรรมในประเทศ,108,108,0,0.0
2024,all,บุคคล26,วันสงกรานต์,62,62,0,0.0
2024,all,บุคคล27,การเผยแพร่วัฒนธรรมในประเทศ,108,108,0,0.0
2024,all,บุคคล28,การเผยแพร่วัฒนธรรมในประเทศ,108,108,0,0.0
2024,all,บุคคล29,งานสโมสรสันนิบาต,16,16,0,0.0
2024,all,บุคคล3,งานเฉลิมพระชนมพรรษาพระบรมวงศานุวงศ์,23,23,0,0.0
2024,all,บุคคล30,การเผยแพร่วัฒนธรรมในประเทศ,108,108,0,0.0
2024,all,บุคคล31,การเผยแพร่วัฒนธรรมในประเทศ,108,108,0,0.0
2024,all,บุคคล32,การเผยแพร่วัฒนธรรมต่างประเทศ,66,66,0,0.0
2024,all,บุคคล33,การเผยแพร่วัฒนธรรมในประเทศ,108,108,0,0.0
2024,all,บุคคล34,งานสวดอภิธรรม,40,40,0,0.0
2024,all,บุคคล35,งานสวดอภิธรรม,40,40,0,0.0
2024,all,บุคคล36,งานบวงสรวง,30,30,0,0.0
2024,all,บุคคล37,งานไหว้ครู,23,23,0,0.0
2024,all,บุคคล38,การเผยแพร่วัฒนธรรมต่างประเทศ,66,66,0,0.0
2024,all,บุคคล39,วันสงกรานต์,62,62,0,0.0
2024,all,บุคคล4,งานวันเกิด,44,44,0,0.0
2024,all,บุคคล40,วันขึ้นปีใหม่,60,60,0,0.0
2024,all,บุคคล5,งานทำบุญ,47,47,0,0.0
2024,all,บุคคล6,งานสวดอภิธรรม,40,40,0,0.0
2024,all,บุคคล7,การเผยแพร่วัฒนธรรมต่างประเทศ,66,66,0,0.0
2024,all,บุคคล8,การเผยแพร่วัฒนธรรมต่างประเทศ,66,66,0,0.0
2024,all,บุคคล9,งานฌาปนกิจศพ,40,40,0,0.0
2024,all,ราชการ1,วันขึ้นปีใหม่,60,60,0,0.0
2024,all,ราชการ10,การเผยแพร่วัฒนธรรมต่างประเทศ,66,66,0,0.0
2024,all,ราชการ11,การเผยแพร่วัฒนธรรมต่างประเทศ,66,66,0,0.0
2024,all,ราชการ12,การเผยแพร่วัฒนธรรมต่างประเทศ,66,66,0,0.0
2024,all,ราชการ13,วันสงกรานต์,62,62,0,0.0
2024,all,ราชการ14,งานพระราชทานเพลิงศพ,36,36,0,0.0
2024,all,ราชการ15,งานสวดมนต์ข้ามปี,29,29,0,0.0
2024,all,ราชการ16,งานต้อนรับอาคันตุกะ,64,64,0,0.0
2024,all,ราชการ17,งานสวดอภิธรรม,40,40,0,0.0
2024,all,ราชการ18,งานพระราชทานเพลิงศพ,36,36,0,0.0
2024,all,ราชการ19,งานสโมสรสันนิบาต,16,16,0,0.0
2024,all,ราชการ2,วันขึ้นปีใหม่,60,60,0,0.0
2024,all,ราชการ20,งานขึ้นบ้านใหม่,43,43,0,0.0
2024,all,ราชการ21,งานสวดอภิธรรม,40,40,0,0.0
2024,all,ราชการ22,งานสวดมนต์ข้ามปี,29,29,0,0.0
2024,all,ราชการ23,งานพระราชทานเพลิงศพ,36,36,0,0.0
2024,all,ราชการ24,การเผยแพร่วัฒนธรรมในประเทศ,108,108,0,0.0
2024,all,ราชการ25,งานวันเกิด,44,44,0,0.0
2024,all,ราชการ26,งานพระราชทานเพลิงศพ,36,36,0,0.0
2024,all,ราชการ27,งานต้อนรับอาคันตุกะ,64,64,0,0.0
2024,all,ราชการ28,การเผยแพร่วัฒนธรรมในประเทศ,108,108,0,0.0
2024,all,ราชการ3,วันตรุษจีน,38,38,0,0.0
2024,all,ราชการ4,การเผยแพร่วัฒนธรรมต่างประเทศ,66,66,0,0.0
2024,all,ราชการ5,งานพระราชทานเพลิงศพ,36,36,0,0.0
2024,all,ราชการ6,งานฌาปนกิจศพ,40,40,0,0.0
2024,all,ราชการ7,วันสงกรานต์,62,62,0,0.0
2024,all,ราชการ8,การเผยแพร่วัฒนธรรมในประเทศ,108,108,0,0.0
2024,all,ราชการ9,การเผยแพร่วัฒนธรรมต่างประเทศ,66,66,0,0.0
2024,all,องค์การระหว่างประเทศ1,งานพระราชทานเพลิงศพ,36,36,0,0.0
2024,all,องค์การระหว่างประเทศ10,งานสโมสรสันนิบาต,16,16,0,0.0
2024,all,องค์การระหว่างประเทศ11,วันลอยกระทง,54,54,0,0.0
2024,all,องค์การระหว่างประเทศ12,การเผยแพร่วัฒนธรรมในประเทศ,108,108,0,0.0
2024,all,องค์การระหว่างประเทศ13,งานสวดมนต์ข้ามปี,29,29,0,0.0
2024,all,องค์การระหว่างประเทศ14,งานสวดอภิธรรม,40,40,0,0.0
2024,all,องค์การระหว่างประเทศ15,งานสวดอภิธรรม,40,40,0,0.0
2024,all,องค์การระหว่างประเทศ16,งานบวงสรวง,30,30,0,0.0
2024,all,องค์การระหว่างประเทศ17,งานสวดอภิธรรม,40,40,0,0.0
2024,all,องค์การระหว่างประเทศ18,งานทำบุญ,47,47,0,0.0
2024,all,องค์การระหว่างประเทศ19,งานฌาปนกิจศพ,40,40,0,0.0
2024,all,องค์การระหว่างประเทศ2,งานฌาปนกิจศพ,40,40,0,0.0
2024,all,องค์การระหว่างประเทศ20,งานฌาปนกิจศพ,40,40,0,0.0
2024,all,องค์การระหว่างประเทศ21,งานเปิดบริษัท,47,47,0,0.0
2024,all,องค์การระหว่างประเทศ22,งานสวดอภิธรรม,40,40,0,0.0
2024,all,องค์การระหว่างประเทศ23,งานพระราชทานเพลิงศพ,36,36,0,0.0
2024,all,องค์การระหว่างประเทศ24,งานฌาปนกิจศพ,40,40,0,0.0
2024,all,องค์การระหว่างประเทศ25,วันลอยกระทง,54,54,0,0.0
2024,all,องค์การระหว่างประเทศ26,การเผยแพร่วัฒนธรรมในประเทศ,108,108,0,0.0
2024,all,องค์การระหว่างประเทศ27,การเผยแพร่วัฒนธรรมต่างประเทศ,66,66,0,0.0
2024,all,องค์การระหว่างประเทศ3,งานเฉลิมพระชนมพรรษาพระบรมวงศานุวงศ์,23,23,0,0.0
2024,all,องค์การระหว่างประเทศ4,วันลอยกระทง,54,54,0,0.0
2024,all,องค์การระหว่างประเทศ5,การเผยแพร่วัฒนธรรมในประเทศ,108,108,0,0.0
2024,all,องค์การระหว่างประเทศ6,งานต้อนรับอาคันตุกะ,64,64,0,0.0
2024,all,องค์การระหว่างประเทศ7,วันสงกรานต์,62,62,0,0.0
2024,all,องค์การระหว่างประเทศ8,การเผยแพร่วัฒนธรรมในประเทศ,108,108,0,0.0
2024,all,องค์การระหว่างประเทศ9,การเผยแพร่วัฒนธรรมต่างประเทศ,66,66,0,0.0
2024,all,เอกชน1,การเผยแพร่วัฒนธรรมในประเทศ,108,108,0,0.0
2024,all,เอกชน10,การเผยแพร่วัฒนธรรมในประเทศ,108,108,0,0.0
2024,all,เอกชน11,วันขึ้นปีใหม่,60,60,0,0.0
2024,all,เอกชน12,วันขึ้นปีใหม่,60,60,0,0.0
2024,all,เอกชน13,งานพระราชทานเพลิงศพ,36,36,0,0.0
2024,all,เอกชน14,งานฌาปนกิจศพ,40,40,0,0.0
2024,all,เอกชน15,การเผยแพร่วัฒนธรรมต่างประเทศ,66,66,0,0.0
2024,all,เอกชน16,การเผยแพร่วัฒนธรรมในประเทศ,108,108,0,0.0
2024,all,เอกชน17,การเผยแพร่วัฒนธรรมในประเทศ,108,108,0,0.0
2024,all,เอกชน18,การเผยแพร่วัฒนธรรมในประเทศ,108,108,0,0.0
2024,all,เอกชน19,การเผยแพร่วัฒนธรรมในประเทศ,108,108,0,0.0
2024,all,เอกชน2,งานต้อนรับอาคันตุกะ,64,64,0,0.0
2024,all,เอกชน20,วันลอยกระทง,54,54,0,0.0
2024,all,เอกชน21,การเผยแพร่วัฒนธรรมในประเทศ,108,108,0,0.0
2024,all,เอกชน22,การเผยแพร่วัฒนธรรมต่างประเทศ,66,66,0,0.0
2024,all,เอกชน23,การเผยแพร่วัฒนธรรมในประเทศ,108,108,0,0.0
2024,all,เอกชน24,การเผยแพร่วัฒนธรรมในประเทศ,108,108,0,0.0
2024,all,เอกชน25,วันลอยกระทง,54,54,0,0.0
2024,all,เอกชน26,การเผยแพร่วัฒนธรรมในประเทศ,108,108,0,0.0
2024,all,เอกชน27,งานทำบุญ,47,47,0,0.0
2024,all,เอกชน28,งานวันเกิด,44,44,0,0.0
2024,all,เอกชน29,วันลอยกระทง,54,54,0,0.0
2024,all,เอกชน3,วันวิสาขบูชา,19,19,0,0.0
2024,all,เอกชน30,งานทำบุญ,47,47,0,0.0
2024,all,เอกชน31,งานสวดอภิธรรม,40,40,0,0.0
2024,all,เอกชน32,การเผยแพร่วัฒนธรรมต่างประเทศ,66,66,0,0.0
2024,all,เอกชน33,วันสงกรานต์,62,62,0,0.0
2024,all,เอกชน34,การเผยแพร่วัฒนธรรมในประเทศ,108,108,0,0.0
2024,all,เอกชน35,งานสวดอภิธรรม,40,40,0,0.0
2024,all,เอกชน36,งานเฉลิมพระชนมพรรษาพระบรมวงศานุวงศ์,23,23,0,0.0
2024,all,เอกชน37,งานฌาปนกิจศพ,40,40,0,0.0
2024,all,เอกชน38,วันสงกรานต์,62,62,0,0.0
2024,all,เอกชน39,งานแต่งงาน,33,33,0,0.0
2024,all,เอกชน4,วันสงกรานต์,62,62,0,0.0
2024,all,เอกชน40,วันตรุษจีน,38,38,0,0.0
2024,all,เอกชน41,วันลอยกระทง,54,54,0,0.0
2024,all,เอกชน42,วันสงกรานต์,62,62,0,0.0
2024,all,เอกชน43,วันขึ้นปีใหม่,60,60,0,0.0
2024,all,เอกชน44,วันสงกรานต์,62,62,0,0.0
2024,all,เอกชน45,งานแต่งงาน,33,33,0,0.0
2024,all,เอกชน46,งานทำบุญ,47,47,0,0.0
2024,all,เอกชน47,งานวันเกิด,44,44,0,0.0
2024,all,เอกชน48,งานแต่งงาน,33,33,0,0.0
2024,all,เอกชน49,งานสวดอภิธรรม,40,40,0,0.0
2024,all,เอกชน5,การเผยแพร่วัฒนธรรมในประเทศ,108,108,0,0.0
2024,all,เอกชน50,งานทำบุญ,47,47,0,0.0
2024,all,เอกชน51,วันสงกรานต์,62,62,0,0.0
2024,all,เอกชน52,วันขึ้นปีใหม่,60,60,0,0.0
2024,all,เอกชน53,การเผยแพร่วัฒนธรรมในประเทศ,108,108,0,0.0
2024,all,เอกชน54,วันลอยกระทง,54,54,0,0.0
2024,all,เอกชน55,วันสงกรานต์,62,62,0,0.0
2024,all,เอกชน56,งานต้อนรับอาคันตุกะ,64,64,0,0.0
2024,all,เอกชน57,วันสงกรานต์,62,62,0,0.0
2024,all,เอกชน58,งานต้อนรับอาคันตุกะ,64,64,0,0.0
2024,all,เอกชน59,งานเฉลิมพระชนมพรรษาพระบรมวงศานุวงศ์,23,23,0,0.0
2024,all,เอกชน6,การเผยแพร่วัฒนธรรมในประเทศ,108,108,0,0.0
2024,all,เอกชน60,วันสงกรานต์,62,62,0,0.0
2024,all,เอกชน61,วันลอยกระทง,54,54,0,0.0
2024,all,เอกชน7,การเผยแพร่วัฒนธรรมต่างประเทศ,66,66,0,0.0
2024,all,เอกชน8,งานต้อนรับอาคันตุกะ,64,64,0,0.0
2024,all,เอกชน9,งานแต่งงาน,33,33,0,0.0
555,20,บุคคล1,งานฌาปนกิจศพ,20,20,0,0.0
555,20,บุคคล10,งานไหว้ครู,20,20,0,0.0
555,20,บุคคล11,งานเปิดบริษัท,20,20,0,0.0
555,20,บุคคล12,วันออกพรรษา,19,19,0,0.0
555,20,บุคคล13,การเผยแพร่วัฒนธรรมในประเทศ,20,20,0,0.0
555,20,บุคคล14,งานต้อนรับอาคันตุกะ,20,20,0,0.0
555,20,บุคคล15,วันลอยกระทง,20,20,0,0.0
555,20,บุคคล16,การเผยแพร่วัฒนธรรมต่างประเทศ,20,20,0,0.0
555,20,บุคคล17,การเผยแพร่วัฒนธรรมในประเทศ,20,20,0,0.0
555,20,บุคคล18,งานเปิดบริษัท,20,20,0,0.0
555,20,บุคคล19,การเผยแพร่วัฒนธรรมในประเทศ,20,20,0,0.0
555,20,บุคคล2,งานบวงสรวง,20,20,0,0.0
555,20,บุคคล20,วันขึ้นปีใหม่,20,20,0,0.0
555,20,บุคคล21,งานแต่งงาน,20,20,0,0.0
555,20,บุคคล22,งานสโมสรสันนิบาต,16,16,0,0.0
555,20,บุคคล23,การเผยแพร่วัฒนธรรมในประเทศ,20,20,0,0.0
555,20,บุคคล24,งานต้อนรับอาคันตุกะ,20,20,0,0.0
555,20,บุคคล25,การเผยแพร่วัฒนธรรมในประเทศ,20,20,0,0.0
555,20,บุคคล26,การเผยแพร่วัฒนธรรมต่างประเทศ,20,20,0,0.0
555,20,บุคคล27,การเผยแพร่วัฒนธรรมในประเทศ,20,20,0,0.0
555,20,บุคคล28,การเผยแพร่วัฒนธรรมในประเทศ,20,20,0,0.0
555,20,บุคคล29,การเผยแพร่วัฒนธรรมในประเทศ,20,20,0,0.0
555,20,บุคคล3,การเผยแพร่วัฒนธรรมในประเทศ,20,20,0,0.0
555,20,บุคคล30,การเผยแพร่วัฒนธรรมในประเทศ,20,20,0,0.0
555,20,บุคคล31,การเผยแพร่วัฒนธรรมในประเทศ,20,20,0,0.0
555,20,บุคคล32,การเผยแพร่วัฒนธรรมต่างประเทศ,20,20,0,0.0
555,20,บุคคล33,การเผยแพร่วัฒนธรรมในประเทศ,20,20,0,0.0
555,20,บุคคล34,งานสวดอภิธรรม,20,20,0,0.0
555,20,บุคคล35,การเผยแพร่วัฒนธรรมในประเทศ,20,20,0,0.0
555,20,บุคคล36,งานพระราชทานเพลิงศพ,20,20,0,0.0
555,20,บุคคล37,งานไหว้ครู,20,20,0,0.0
555,20,บุคคล38,การเผยแพร่วัฒนธรรมในประเทศ,20,20,0,0.0
555,20,บุคคล39,งานพระราชทานเพลิงศพ,20,20,0,0.0
555,20,บุคคล4,การเผยแพร่วัฒนธรรมในประเทศ,20,20,0,0.0
555,20,บุคคล40,วันสงกรานต์,20,20,0,0.0
555,20,บุคคล5,งานขึ้นบ้านใหม่,20,20,0,0.0
555,20,บุคคล6,งานทำบุญ,20,20,0,0.0
555,20,บุคคล7,งานฌาปนกิจศพ,20,20,0,0.0
555,20,บุคคล8,วันสงกรานต์,20,20,0,0.0
555,20,บุคคล9,การเผยแพร่วัฒนธรรมในประเทศ,20,20,0,0.0
555,20,ราชการ1,วันตรุษจีน,20,20,0,0.0
555,20,ราชการ10,การเผยแพร่วัฒนธรรมในประเทศ,20,20,0,0.0
555,20,ราชการ11,งานทำบุญ,20,20,0,0.0
555,20,ราชการ12,งานเทศมหาชาติ,20,20,0,0.0
555,20,ราชการ13,การเผยแพร่วัฒนธรรมในประเทศ,20,20,0,0.0
555,20,ราชการ14,งานฌาปนกิจศพ,20,20,0,0.0
555,20,ราชการ15,การเผยแพร่วัฒนธรรมในประเทศ,20,20,0,0.0
555,20,ราชการ16,การเผยแพร่วัฒนธรรมในประเทศ,20,20,0,0.0
555,20,ราชการ17,งานไหว้ครู,20,20,0,0.0
555,20,ราชการ18,การเผยแพร่วัฒนธรรมในประเทศ,20,20,0,0.0
555,20,ราชการ19,งานสวดอภิธรรม,20,20,0,0.0
555,20,ราชการ2,งานฌาปนกิจศพ,20,20,0,0.0
555,20,ราชการ20,งานพระราชทานเพลิงศพ,20,20,0,0.0
555,20,ราชการ21,งานฌาปนกิจศพ,20,20,0,0.0
555,20,ราชการ22,งานสวดมนต์ข้ามปี,20,20,0,0.0
555,20,ราชการ23,งานต้อนรับอาคันตุกะ,20,20,0,0.0
555,20,ราชการ24,การเผยแพร่วัฒนธรรมในประเทศ,20,20,0,0.0
555,20,ราชการ25,วันตรุษจีน,20,20,0,0.0
555,20,ราชการ26,งานแต่งงาน,20,20,0,0.0
555,20,ราชการ27,งานฌาปนกิจศพ,20,20,0,0.0
555,20,ราชการ28,การเผยแพร่วัฒนธรรมในประเทศ,20,20,0,0.0
555,20,ราชการ3,วันขึ้นปีใหม่,20,20,0,0.0
555,20,ราชการ4,งานสวดอภิธรรม,20,20,0,0.0
555,20,ราชการ5,งานฌาปนกิจศพ,20,20,0,0.0
555,20,ราชการ6,งานต้อนรับอาคันตุกะ,20,20,0,0.0
555,20,ราชการ7,งานขึ้นบ้านใหม่,20,20,0,0.0
555,20,ราชการ8,การเผยแพร่วัฒนธรรมในประเทศ,20,20,0,0.0
555,20,ราชการ9,งานต้อนรับอาคันตุกะ,20,20,0,0.0
555,20,องค์การระหว่างประเทศ1,งานพระราชทานเพลิงศพ,20,20,0,0.0
555,20,องค์การระหว่างประเทศ10,งานพระราชทานเพลิงศพ,20,20,0,0.0
555,20,องค์การระหว่างประเทศ11,งานต้อนรับอาคันตุกะ,20,20,0,0.0
555,20,องค์การระหว่างประเทศ12,วันวิสาขบูชา,19,19,0,0.0
555,20,องค์การระหว่างประเทศ13,การเผยแพร่วัฒนธรรมต่างประเทศ,20,20,0,0.0
555,20,องค์การระหว่างประเทศ14,งานต้อนรับอาคันตุกะ,20,20,0,0.0
555,20,องค์การระหว่างประเทศ15,งานฌาปนกิจศพ,20,20,0,0.0
555,20,องค์การระหว่างประเทศ16,งานบวงสรวง,20,20,0,0.0
555,20,องค์การระหว่างประเทศ17,การเผยแพร่วัฒนธรรมในประเทศ,20,20,0,0.0
555,20,องค์การระหว่างประเทศ18,งานทำบุญ,20,20,0,0.0
555,20,องค์การระหว่างประเทศ19,งานฌาปนกิจศพ,20,20,0,0.0
555,20,องค์การระหว่างประเทศ2,วันสงกรานต์,20,20,0,0.0
555,20,องค์การระหว่างประเทศ20,งานบวงสรวง,20,20,0,0.0
555,20,องค์การระหว่างประเทศ21,งานไหว้ครู,20,20,0,0.0
555,20,องค์การระหว่างประเทศ22,งานสวดอภิธรรม,20,20,0,0.0
555,20,องค์การระหว่างประเทศ23,งานพระราชทานเพลิงศพ,20,20,0,0.0
555,20,องค์การระหว่างประเทศ24,วันตรุษจีน,20,20,0,0.0
555,20,องค์การระหว่างประเทศ25,การเผยแพร่วัฒนธรรมต่างประเทศ,20,20,0,0.0
555,20,องค์การระหว่างประเทศ26,งานสวดอภิธรรม,20,20,0,0.0
555,20,องค์การระหว่างประเทศ27,งานพระราชทานเพลิงศพ,20,20,0,0.0
555,20,องค์การระหว่างประเทศ3,งานเฉลิมพระชนมพรรษาพระบรมวงศานุวงศ์,20,20,0,0.0
555,20,องค์การระหว่างประเทศ4,งานพระราชทานเพลิงศพ,20,20,0,0.0
555,20,องค์การระหว่างประเทศ5,งานฌาปนกิจศพ,20,20,0,0.0
555,20,องค์การระหว่างประเทศ6,งานต้อนรับอาคันตุกะ,20,20,0,0.0
555,20,องค์การระหว่างประเทศ7,งานขึ้นบ้านใหม่,20,20,0,0.0
555,20,องค์การระหว่างประเทศ8,การเผยแพร่วัฒนธรรมในประเทศ,20,20,0,0.0
555,20,องค์การระหว่างประเทศ9,วันสงกรานต์,20,20,0,0.0
555,20,เอกชน1,การเผยแพร่วัฒนธรรมในประเทศ,20,20,0,0.0
555,20,เอกชน10,งานบวงสรวง,20,20,0,0.0
555,20,เอกชน11,งานพระราชทานเพลิงศพ,20,20,0,0.0
555,20,เอกชน12,งานต้อนรับอาคันตุกะ,20,20,0,0.0
555,20,เอกชน13,งานฌาปนกิจศพ,20,20,0,0.0
555,20,เอกชน14,การเผยแพร่วัฒนธรรมในประเทศ,20,20,0,0.0
555,20,เอกชน15,วันขึ้นปีใหม่,20,20,0,0.0
555,20,เอกชน16,งานสวดอภิธรรม,20,20,0,0.0
555,20,เอกชน17,งานวันเกิด,20,20,0,0.0
555,20,เอกชน18,งานทำบุญ,20,20,0,0.0
555,20,เอกชน19,วันสงกรานต์,20,20,0,0.0
555,20,เอกชน2,วันสงกรานต์,20,20,0,0.0
555,20,เอกชน20,วันลอยกระทง,20,20,0,0.0
555,20,เอกชน21,งานสวดอภิธรรม,20,20,0,0.0
555,20,เอกชน22,งานฌาปนกิจศพ,20,20,0,0.0
555,20,เอกชน23,การเผยแพร่วัฒนธรรมในประเทศ,20,20,0,0.0
555,20,เอกชน24,วันตรุษจีน,20,20,0,0.0
555,20,เอกชน25,การเผยแพร่วัฒนธรรมในประเทศ,20,20,0,0.0
555,20,เอกชน26,การเผยแพร่วัฒนธรรมในประเทศ,20,20,0,0.0
555,20,เอกชน27,การเผยแพร่วัฒนธรรมในประเทศ,20,20,0,0.0
555,20,เอกชน28,งานสวดมนต์ข้ามปี,20,20,0,0.0
555,20,เอกชน29,วันลอยกระทง,20,20,0,0.0
555,20,เอกชน3,งานบวงสรวง,20,20,0,0.0
555,20,เอกชน30,งานทำบุญ,20,20,0,0.0
555,20,เอกชน31,งานสวดอภิธรรม,20,20,0,0.0
555,20,เอกชน32,งานสวดมนต์ข้ามปี,20,20,0,0.0
555,20,เอกชน33,งานวันเกิด,20,20,0,0.0
555,20,เอกชน34,วันขึ้นปีใหม่,20,20,0,0.0
555,20,เอกชน35,งานเปิดบริษัท,20,20,0,0.0
555,20,เอกชน36,วันสงกรานต์,20,20,0,0.0
555,20,เอกชน37,งานฌาปนกิจศพ,20,20,0,0.0
555,20,เอกชน38,วันตรุษจีน,20,20,0,0.0
555,20,เอกชน39,วันสงกรานต์,20,20,0,0.0
555,20,เอกชน4,งานสวดอภิธรรม,20,20,0,0.0
555,20,เอกชน40,วันตรุษจีน,20,20,0,0.0
555,20,เอกชน41,วันลอยกระทง,20,20,0,0.0
555,20,เอกชน42,งานต้อนรับอาคันตุกะ,20,20,0,0.0
555,20,เอกชน43,วันขึ้นปีใหม่,20,20,0,0.0
555,20,เอกชน44,วันสงกรานต์,20,20,0,0.0
555,20,เอกชน45,วันตรุษจีน,20,20,0,0.0
555,20,เอกชน46,งานขึ้นบ้านใหม่,20,20,0,0.0
555,20,เอกชน47,งานวันเกิด,20,20,0,0.0
555,20,เอกชน48,งานต้อนรับอาคันตุกะ,20,20,0,0.0
555,20,เอกชน49,วันตรุษจีน,20,20,0,0.0
555,20,เอกชน5,งานต้อนรับอาคันตุกะ,20,20,0,0.0
555,20,เอกชน50,งานพระราชทานเพลิงศพ,20,20,0,0.0
555,20,เอกชน51,การเผยแพร่วัฒนธรรมต่างประเทศ,20,20,0,0.0
555,20,เอกชน52,งานขึ้นบ้านใหม่,20,20,0,0.0
555,20,เอกชน53,วันลอยกระทง,20,20,0,0.0
555,20,เอกชน54,วันสงกรานต์,20,20,0,0.0
555,20,เอกชน55,วันขึ้นปีใหม่,20,20,0,0.0
555,20,เอกชน56,การเผยแพร่วัฒนธรรมในประเทศ,20,20,0,0.0
555,20,เอกชน57,งานสวดอภิธรรม,20,20,0,0.0
555,20,เอกชน58,วันลอยกระทง,20,20,0,0.0
555,20,เอกชน59,งานวันเกิด,20,20,0,0.0
555,20,เอกชน6,งานเฉลิมพระชนมพรรษาพระบรมวงศานุวงศ์,20,20,0,0.0
555,20,เอกชน60,วันสงกรานต์,20,20,0,0.0
555,20,เอกชน61,งานขึ้นบ้านใหม่,20,20,0,0.0
555,20,เอกชน7,การเผยแพร่วัฒนธรรมในประเทศ,20,20,0,0.0
555,20,เอกชน8,วันขึ้นปีใหม่,20,20,0,0.0
555,20,เอกชน9,งานแต่งงาน,20,20,0,0.0
555,40,บุคคล1,งานฌาปนกิจศพ,40,40,0,0.0
555,40,บุคคล10,งานไหว้ครู,23,23,0,0.0
555,40,บุคคล11,งานเปิดบริษัท,40,40,0,0.0
555,40,บุคคล12,วันออกพรรษา,19,19,0,0.0
555,40,บุคคล13,การเผยแพร่วัฒนธรรมในประเทศ,40,40,0,0.0
555,40,บุคคล14,งานต้อนรับอาคันตุกะ,40,40,0,0.0
555,40,บุคคล15,วันลอยกระทง,40,40,0,0.0
555,40,บุคคล16,การเผยแพร่วัฒนธรรมต่างประเทศ,40,40,0,0.0
555,40,บุคคล17,การเผยแพร่วัฒนธรรมในประเทศ,40,40,0,0.0
555,40,บุคคล18,งานเปิดบริษัท,40,40,0,0.0
555,40,บุคคล19,การเผยแพร่วัฒนธรรมในประเทศ,40,40,0,0.0
555,40,บุคคล2,งานบวงสรวง,30,30,0,0.0
555,40,บุคคล20,วันขึ้นปีใหม่,40,40,0,0.0
555,40,บุคคล21,งานแต่งงาน,33,33,0,0.0
555,40,บุคคล22,งานสโมสรสันนิบาต,16,16,0,0.0
555,40,บุคคล23,การเผยแพร่วัฒนธรรมในประเทศ,40,40,0,0.0
555,40,บุคคล24,งานต้อนรับอาคันตุกะ,40,40,0,0.0
555,40,บุคคล25,การเผยแพร่วัฒนธรรมในประเทศ,40,40,0,0.0
555,40,บุคคล26,การเผยแพร่วัฒนธรรมต่างประเทศ,40,40,0,0.0
555,40,บุคคล27,การเผยแพร่วัฒนธรรมในประเทศ,40,40,0,0.0
555,40,บุคคล28,การเผยแพร่วัฒนธรรมในประเทศ,40,40,0,0.0
555,40,บุคคล29,การเผยแพร่วัฒนธรรมในประเทศ,40,40,0,0.0
555,40,บุคคล3,การเผยแพร่วัฒนธรรมในประเทศ,40,40,0,0.0
555,40,บุคคล30,การเผยแพร่วัฒนธรรมในประเทศ,40,40,0,0.0
555,40,บุคคล31,การเผยแพร่วัฒนธรรมในประเทศ,40,40,0,0.0
555,40,บุคคล32,การเผยแพร่วัฒนธรรมต่างประเทศ,40,40,0,0.0
555,40,บุคคล33,การเผยแพร่วัฒนธรรมในประเทศ,40,40,0,0.0
555,40,บุคคล34,งานสวดอภิธรรม,40,40,0,0.0
555,40,บุคคล35,การเผยแพร่วัฒนธรรมในประเทศ,40,40,0,0.0
555,40,บุคคล36,งานพระราชทานเพลิงศพ,36,36,0,0.0
555,40,บุคคล37,งานไหว้ครู,23,23,0,0.0
555,40,บุคคล38,การเผยแพร่วัฒนธรรมในประเทศ,40,40,0,0.0
555,40,บุคคล39,งานพระราชทานเพลิงศพ,36,36,0,0.0
555,40,บุคคล4,การเผยแพร่วัฒนธรรมในประเทศ,40,40,0,0.0
555,40,บุคคล40,วันสงกรานต์,40,40,0,0.0
555,40,บุคคล5,งานขึ้นบ้านใหม่,40,40,0,0.0
555,40,บุคคล6,งานทำบุญ,40,40,0,0.0
555,40,บุคคล7,งานฌาปนกิจศพ,40,40,0,0.0
555,40,บุคคล8,วันสงกรานต์,40,40,0,0.0
555,40,บุคคล9,การเผยแพร่วัฒนธรรมในประเทศ,40,40,0,0.0
555,40,ราชการ1,วันตรุษจีน,38,38,0,0.0
555,40,ราชการ10,การเผยแพร่วัฒนธรรมในประเทศ,40,40,0,0.0
555,40,ราชการ11,งานทำบุญ,40,40,0,0.0
555,40,ราชการ12,งานเทศมหาชาติ,22,22,0,0.0
555,40,ราชการ13,การเผยแพร่วัฒนธรรมในประเทศ,40,40,0,0.0
555,40,ราชการ14,งานฌาปนกิจศพ,40,40,0,0.0
555,40,ราชการ15,การเผยแพร่วัฒนธรรมในประเทศ,40,40,0,0.0
555,40,ราชการ16,การเผยแพร่วัฒนธรรมในประเทศ,40,40,0,0.0
555,40,ราชการ17,งานไหว้ครู,23,23,0,0.0
555,40,ราชการ18,การเผยแพร่วัฒนธรรมในประเทศ,40,40,0,0.0
555,40,ราชการ19,งานสวดอภิธรรม,40,40,0,0.0
555,40,ราชการ2,งานฌาปนกิจศพ,40,40,0,0.0
555,40,ราชการ20,งานพระราชทานเพลิงศพ,36,36,0,0.0
555,40,ราชการ21,งานฌาปนกิจศพ,40,40,0,0.0
555,40,ราชการ22,งานสวดมนต์ข้ามปี,29,29,0,0.0
555,40,ราชการ23,งานต้อนรับอาคันตุกะ,40,40,0,0.0
555,40,ราชการ24,การเผยแพร่วัฒนธรรมในประเทศ,40,40,0,0.0
555,40,ราชการ25,วันตรุษจีน,38,38,0,0.0
555,40,ราชการ26,งานแต่งงาน,33,33,0,0.0
555,40,ราชการ27,งานฌาปนกิจศพ,40,40,0,0.0
555,40,ราชการ28,การเผยแพร่วัฒนธรรมในประเทศ,40,40,0,0.0
555,40,ราชการ3,วันขึ้นปีใหม่,40,40,0,0.0
555,40,ราชการ4,งานสวดอภิธรรม,40,40,0,0.0
555,40,ราชการ5,งานฌาปนกิจศพ,40,40,0,0.0
555,40,ราชการ6,งานต้อนรับอาคันตุกะ,40,40,0,0.0
555,40,ราชการ7,งานขึ้นบ้านใหม่,40,40,0,0.0
555,40,ราชการ8,การเผยแพร่วัฒนธรรมในประเทศ,40,40,0,0.0
555,40,ราชการ9,งานต้อนรับอาคันตุกะ,40,40,0,0.0
555,40,องค์การระหว่างประเทศ1,งานพระราชทานเพลิงศพ,36,36,0,0.0
555,40,องค์การระหว่างประเทศ10,งานพระราชทานเพลิงศพ,36,36,0,0.0
555,40,องค์การระหว่างประเทศ11,งานต้อนรับอาคันตุกะ,40,40,0,0.0
555,40,องค์การระหว่างประเทศ12,วันวิสาขบูชา,19,19,0,0.0
555,40,องค์การระหว่างประเทศ13,การเผยแพร่วัฒนธรรมต่างประเทศ,40,40,0,0.0
555,40,องค์การระหว่างประเทศ14,งานต้อนรับอาคันตุกะ,40,40,0,0.0
555,40,องค์การระหว่างประเทศ15,งานฌาปนกิจศพ,40,40,0,0.0
555,40,องค์การระหว่างประเทศ16,งานบวงสรวง,30,30,0,0.0
555,40,องค์การระหว่างประเทศ17,การเผยแพร่วัฒนธรรมในประเทศ,40,40,0,0.0
555,40,องค์การระหว่างประเทศ18,งานทำบุญ,40,40,0,0.0
555,40,องค์การระหว่างประเทศ19,งานฌาปนกิจศพ,40,40,0,0.0
555,40,องค์การระหว่างประเทศ2,วันสงกรานต์,40,40,0,0.0
555,40,องค์การระหว่างประเทศ20,งานบวงสรวง,30,30,0,0.0
555,40,องค์การระหว่างประเทศ21,งานไหว้ครู,23,23,0,0.0
555,40,องค์การระหว่างประเทศ22,งานสวดอภิธรรม,40,40,0,0.0
555,40,องค์การระหว่างประเทศ23,งานพระราชทานเพลิงศพ,36,36,0,0.0
555,40,องค์การระหว่างประเทศ24,วันตรุษจีน,38,38,0,0.0
555,40,องค์การระหว่างประเทศ25,การเผยแพร่วัฒนธรรมต่างประเทศ,40,40,0,0.0
555,40,องค์การระหว่างประเทศ26,งานสวดอภิธรรม,40,40,0,0.0
555,40,องค์การระหว่างประเทศ27,งานพระราชทานเพลิงศพ,36,36,0,0.0
555,40,องค์การระหว่างประเทศ3,งานเฉลิมพระชนมพรรษาพระบรมวงศานุวงศ์,23,23,0,0.0
555,40,องค์การระหว่างประเทศ4,งานพระราชทานเพลิงศพ,36,36,0,0.0
555,40,องค์การระหว่างประเทศ5,งานฌาปนกิจศพ,40,40,0,0.0
555,40,องค์การระหว่างประเทศ6,งานต้อนรับอาคันตุกะ,40,40,0,0.0
555,40,องค์การระหว่างประเทศ7,งานขึ้นบ้านใหม่,40,40,0,0.0
555,40,องค์การระหว่างประเทศ8,การเผยแพร่วัฒนธรรมในประเทศ,40,40,0,0.0
555,40,องค์การระหว่างประเทศ9,วันสงกรานต์,40,40,0,0.0
555,40,เอกชน1,การเผยแพร่วัฒนธรรมในประเทศ,40,40,0,0.0
555,40,เอกชน10,งานบวงสรวง,30,30,0,0.0
555,40,เอกชน11,งานพระราชทานเพลิงศพ,36,36,0,0.0
555,40,เอกชน12,งานต้อนรับอาคันตุกะ,40,40,0,0.0
555,40,เอกชน13,งานฌาปนกิจศพ,40,40,0,0.0
555,40,เอกชน14,การเผยแพร่วัฒนธรรมในประเทศ,40,40,0,0.0
555,40,เอกชน15,วันขึ้นปีใหม่,40,40,0,0.0
555,40,เอกชน16,งานสวดอภิธรรม,40,40,0,0.0
555,40,เอกชน17,งานวันเกิด,40,40,0,0.0
555,40,เอกชน18,งานทำบุญ,40,40,0,0.0
555,40,เอกชน19,วันสงกรานต์,40,40,0,0.0
555,40,เอกชน2,วันสงกรานต์,40,40,0,0.0
555,40,เอกชน20,วันลอยกระทง,40,40,0,0.0
555,40,เอกชน21,งานสวดอภิธรรม,40,40,0,0.0
555,40,เอกชน22,งานฌาปนกิจศพ,40,40,0,0.0
555,40,เอกชน23,การเผยแพร่วัฒนธรรมในประเทศ,40,40,0,0.0
555,40,เอกชน24,วันตรุษจีน,38,38,0,0.0
555,40,เอกชน25,การเผยแพร่วัฒนธรรมในประเทศ,40,40,0,0.0
555,40,เอกชน26,การเผยแพร่วัฒนธรรมในประเทศ,40,40,0,0.0
555,40,เอกชน27,การเผยแพร่วัฒนธรรมในประเทศ,40,40,0,0.0
555,40,เอกชน28,งานสวดมนต์ข้ามปี,29,29,0,0.0
555,40,เอกชน29,วันลอยกระทง,40,40,0,0.0
555,40,เอกชน3,งานบวงสรวง,30,30,0,0.0
555,40,เอกชน30,งานทำบุญ,40,40,0,0.0
555,40,เอกชน31,งานสวดอภิธรรม,40,40,0,0.0
555,40,เอกชน32,งานสวดมนต์ข้ามปี,29,29,0,0.0
555,40,เอกชน33,งานวันเกิด,40,40,0,0.0
555,40,เอกชน34,วันขึ้นปีใหม่,40,40,0,0.0
555,40,เอกชน35,งานเปิดบริษัท,40,40,0,0.0
555,40,เอกชน36,วันสงกรานต์,40,40,0,0.0
555,40,เอกชน37,งานฌาปนกิจศพ,40,40,0,0.0
555,40,เอกชน38,วันตรุษจีน,38,38,0,0.0
555,40,เอกชน39,วันสงกรานต์,40,40,0,0.0
555,40,เอกชน4,งานสวดอภิธรรม,40,40,0,0.0
555,40,เอกชน40,วันตรุษจีน,38,38,0,0.0
555,40,เอกชน41,วันลอยกระทง,40,40,0,0.0
555,40,เอกชน42,งานต้อนรับอาคันตุกะ,40,40,0,0.0
555,40,เอกชน43,วันขึ้นปีใหม่,40,40,0,0.0
555,40,เอกชน44,วันสงกรานต์,40,40,0,0.0
555,40,เอกชน45,วันตรุษจีน,38,38,0,0.0
555,40,เอกชน46,งานขึ้นบ้านใหม่,40,40,0,0.0
555,40,เอกชน47,งานวันเกิด,40,40,0,0.0
555,40,เอกชน48,งานต้อนรับอาคันตุกะ,40,40,0,0.0
555,40,เอกชน49,วันตรุษจีน,38,38,0,0.0
555,40,เอกชน5,งานต้อนรับอาคันตุกะ,40,40,0,0.0
555,40,เอกชน50,งานพระราชทานเพลิงศพ,36,36,0,0.0
555,40,เอกชน51,การเผยแพร่วัฒนธรรมต่างประเทศ,40,40,0,0.0
555,40,เอกชน52,งานขึ้นบ้านใหม่,40,40,0,0.0
555,40,เอกชน53,วันลอยกระทง,40,40,0,0.0
555,40,เอกชน54,วันสงกรานต์,40,40,0,0.0
555,40,เอกชน55,วันขึ้นปีใหม่,40,40,0,0.0
555,40,เอกชน56,การเผยแพร่วัฒนธรรมในประเทศ,40,40,0,0.0
555,40,เอกชน57,งานสวดอภิธรรม,40,40,0,0.0
555,40,เอกชน58,วันลอยกระทง,40,40,0,0.0
555,40,เอกชน59,งานวันเกิด,40,40,0,0.0
555,40,เอกชน6,งานเฉลิมพระชนมพรรษาพระบรมวงศานุวงศ์,23,23,0,0.0
555,40,เอกชน60,วันสงกรานต์,40,40,0,0.0
555,40,เอกชน61,งานขึ้นบ้านใหม่,40,40,0,0.0
555,40,เอกชน7,การเผยแพร่วัฒนธรรมในประเทศ,40,40,0,0.0
555,40,เอกชน8,วันขึ้นปีใหม่,40,40,0,0.0
555,40,เอกชน9,งานแต่งงาน,33,33,0,0.0
555,80,บุคคล1,งานฌาปนกิจศพ,40,40,0,0.0
555,80,บุคคล10,งานไหว้ครู,23,23,0,0.0
555,80,บุคคล11,งานเปิดบริษัท,47,47,0,0.0
555,80,บุคคล12,วันออกพรรษา,19,19,0,0.0
555,80,บุคคล13,การเผยแพร่วัฒนธรรมในประเทศ,80,80,0,0.0
555,80,บุคคล14,งานต้อนรับอาคันตุกะ,64,64,0,0.0
555,80,บุคคล15,วันลอยกระทง,54,54,0,0.0
555,80,บุคคล16,การเผยแพร่วัฒนธรรมต่างประเทศ,66,66,0,0.0
555,80,บุคคล17,การเผยแพร่วัฒนธรรมในประเทศ,80,80,0,0.0
555,80,บุคคล18,งานเปิดบริษัท,47,47,0,0.0
555,80,บุคคล19,การเผยแพร่วัฒนธรรมในประเทศ,80,80,0,0.0
555,80,บุคคล2,งานบวงสรวง,30,30,0,0.0
555,80,บุคคล20,วันขึ้นปีใหม่,60,60,0,0.0
555,80,บุคคล21,งานแต่งงาน,33,33,0,0.0
555,80,บุคคล22,งานสโมสรสันนิบาต,16,16,0,0.0
555,80,บุคคล23,การเผยแพร่วัฒนธรรมในประเทศ,80,80,0,0.0
555,80,บุคคล24,งานต้อนรับอาคันตุกะ,64,64,0,0.0
555,80,บุคคล25,การเผยแพร่วัฒนธรรมในประเทศ,80,80,0,0.0
555,80,บุคคล26,การเผยแพร่วัฒนธรรมต่างประเทศ,66,66,0,0.0
555,80,บุคคล27,การเผยแพร่วัฒนธรรมในประเทศ,80,80,0,0.0
555,80,บุคคล28,การเผยแพร่วัฒนธรรมในประเทศ,80,80,0,0.0
555,80,บุคคล29,การเผยแพร่วัฒนธรรมในประเทศ,80,80,0,0.0
555,80,บุคคล3,การเผยแพร่วัฒนธรรมในประเทศ,80,80,0,0.0
555,80,บุคคล30,การเผยแพร่วัฒนธรรมในประเทศ,80,80,0,0.0
555,80,บุคคล31,การเผยแพร่วัฒนธรรมในประเทศ,80,80,0,0.0
555,80,บุคคล32,การเผยแพร่วัฒนธรรมต่างประเทศ,66,66,0,0.0
555,80,บุคคล33,การเผยแพร่วัฒนธรรมในประเทศ,80,80,0,0.0
555,80,บุคคล34,งานสวดอภิธรรม,40,40,0,0.0
555,80,บุคคล35,การเผยแพร่วัฒนธรรมในประเทศ,80,80,0,0.0
555,80,บุคคล36,งานพระราชทานเพลิงศพ,36,36,0,0.0
555,80,บุคคล37,งานไหว้ครู,23,23,0,0.0
555,80,บุคคล38,การเผยแพร่วัฒนธรรมในประเทศ,80,80,0,0.0
555,80,บุคคล39,งานพระราชทานเพลิงศพ,36,36,0,0.0
555,80,บุคคล4,การเผยแพร่วัฒนธรรมในประเทศ,80,80,0,0.0
555,80,บุคคล40,วันสงกรานต์,62,62,0,0.0
555,80,บุคคล5,งานขึ้นบ้านใหม่,43,43,0,0.0
555,80,บุคคล6,งานทำบุญ,47,47,0,0.0
555,80,บุคคล7,งานฌาปนกิจศพ,40,40,0,0.0
555,80,บุคคล8,วันสงกรานต์,62,62,0,0.0
555,80,บุคคล9,การเผยแพร่วัฒนธรรมในประเทศ,80,80,0,0.0
555,80,ราชการ1,วันตรุษจีน,38,38,0,0.0
555,80,ราชการ10,การเผยแพร่วัฒนธรรมในประเทศ,80,80,0,0.0
555,80,ราชการ11,งานทำบุญ,47,47,0,0.0
555,80,ราชการ12,งานเทศมหาชาติ,22,22,0,0.0
555,80,ราชการ13,การเผยแพร่วัฒนธรรมในประเทศ,80,80,0,0.0
555,80,ราชการ14,งานฌาปนกิจศพ,40,40,0,0.0
555,80,ราชการ15,การเผยแพร่วัฒนธรรมในประเทศ,80,80,0,0.0
555,80,ราชการ16,การเผยแพร่วัฒนธรรมในประเทศ,80,80,0,0.0
555,80,ราชการ17,งานไหว้ครู,23,23,0,0.0
555,80,ราชการ18,การเผยแพร่วัฒนธรรมในประเทศ,80,80,0,0.0
555,80,ราชการ19,งานสวดอภิธรรม,40,40,0,0.0
555,80,ราชการ2,งานฌาปนกิจศพ,40,40,0,0.0
555,80,ราชการ20,งานพระราชทานเพลิงศพ,36,36,0,0.0
555,80,ราชการ21,งานฌาปนกิจศพ,40,40,0,0.0
555,80,ราชการ22,งานสวดมนต์ข้ามปี,29,29,0,0.0
555,80,ราชการ23,งานต้อนรับอาคันตุกะ,64,64,0,0.0
555,80,ราชการ24,การเผยแพร่วัฒนธรรมในประเทศ,80,80,0,0.0
555,80,ราชการ25,วันตรุษจีน,38,38,0,0.0
555,80,ราชการ26,งานแต่งงาน,33,33,0,0.0
555,80,ราชการ27,งานฌาปนกิจศพ,40,40,0,0.0
555,80,ราชการ28,การเผยแพร่วัฒนธรรมในประเทศ,80,80,0,0.0
555,80,ราชการ3,วันขึ้นปีใหม่,60,60,0,0.0
555,80,ราชการ4,งานสวดอภิธรรม,40,40,0,0.0
555,80,ราชการ5,งานฌาปนกิจศพ,40,40,0,0.0
555,80,ราชการ6,งานต้อนรับอาคันตุกะ,64,64,0,0.0
555,80,ราชการ7,งานขึ้นบ้านใหม่,43,43,0,0.0
555,80,ราชการ8,การเผยแพร่วัฒนธรรมในประเทศ,80,80,0,0.0
555,80,ราชการ9,งานต้อนรับอาคันตุกะ,64,64,0,0.0
555,80,องค์การระหว่างประเทศ1,งานพระราชทานเพลิงศพ,36,36,0,0.0
555,80,องค์การระหว่างประเทศ10,งานพระราชทานเพลิงศพ,36,36,0,0.0
555,80,องค์การระหว่างประเทศ11,งานต้อนรับอาคันตุกะ,64,64,0,0.0
555,80,องค์การระหว่างประเทศ12,วันวิสาขบูชา,19,19,0,0.0
555,80,องค์การระหว่างประเทศ13,การเผยแพร่วัฒนธรรมต่างประเทศ,66,66,0,0.0
555,80,องค์การระหว่างประเทศ14,งานต้อนรับอาคันตุกะ,64,64,0,0.0
555,80,องค์การระหว่างประเทศ15,งานฌาปนกิจศพ,40,40,0,0.0
555,80,องค์การระหว่างประเทศ16,งานบวงสรวง,30,30,0,0.0
555,80,องค์การระหว่างประเทศ17,การเผยแพร่วัฒนธรรมในประเทศ,80,80,0,0.0
555,80,องค์การระหว่างประเทศ18,งานทำบุญ,47,47,0,0.0
555,80,องค์การระหว่างประเทศ19,งานฌาปนกิจศพ,40,40,0,0.0
555,80,องค์การระหว่างประเทศ2,วันสงกรานต์,62,62,0,0.0
555,80,องค์การระหว่างประเทศ20,งานบวงสรวง,30,30,0,0.0
555,80,องค์การระหว่างประเทศ21,งานไหว้ครู,23,23,0,0.0
555,80,องค์การระหว่างประเทศ22,งานสวดอภิธรรม,40,40,0,0.0
555,80,องค์การระหว่างประเทศ23,งานพระราชทานเพลิงศพ,36,36,0,0.0
555,80,องค์การระหว่างประเทศ24,วันตรุษจีน,38,38,0,0.0
555,80,องค์การระหว่างประเทศ25,การเผยแพร่วัฒนธรรมต่างประเทศ,66,66,0,0.0
555,80,องค์การระหว่างประเทศ26,งานสวดอภิธรรม,40,40,0,0.0
555,80,องค์การระหว่างประเทศ27,งานพระราชทานเพลิงศพ,36,36,0,0.0
555,80,องค์การระหว่างประเทศ3,งานเฉลิมพระชนมพรรษาพระบรมวงศานุวงศ์,23,23,0,0.0
555,80,องค์การระหว่างประเทศ4,งานพระราชทานเพลิงศพ,36,36,0,0.0
555,80,องค์การระหว่างประเทศ5,งานฌาปนกิจศพ,40,40,0,0.0
555,80,องค์การระหว่างประเทศ6,งานต้อนรับอาคันตุกะ,64,64,0,0.0
555,80,องค์การระหว่างประเทศ7,งานขึ้นบ้านใหม่,43,43,0,0.0
555,80,องค์การระหว่างประเทศ8,การเผยแพร่วัฒนธรรมในประเทศ,80,80,0,0.0
555,80,องค์การระหว่างประเทศ9,วันสงกรานต์,62,62,0,0.0
555,80,เอกชน1,การเผยแพร่วัฒนธรรมในประเทศ,80,80,0,0.0
555,80,เอกชน10,งานบวงสรวง,30,30,0,0.0
555,80,เอกชน11,งานพระราชทานเพลิงศพ,36,36,0,0.0
555,80,เอกชน12,งานต้อนรับอาคันตุกะ,64,64,0,0.0
555,80,เอกชน13,งานฌาปนกิจศพ,40,40,0,0.0
555,80,เอกชน14,การเผยแพร่วัฒนธรรมในประเทศ,80,80,0,0.0
555,80,เอกชน15,วันขึ้นปีใหม่,60,60,0,0.0
555,80,เอกชน16,งานสวดอภิธรรม,40,40,0,0.0
555,80,เอกชน17,งานวันเกิด,44,44,0,0.0
555,80,เอกชน18,งานทำบุญ,47,47,0,0.0
555,80,เอกชน19,วันสงกรานต์,62,62,0,0.0
555,80,เอกชน2,วันสงกรานต์,62,62,0,0.0
555,80,เอกชน20,วันลอยกระทง,54,54,0,0.0
555,80,เอกชน21,งานสวดอภิธรรม,40,40,0,0.0
555,80,เอกชน22,งานฌาปนกิจศพ,40,40,0,0.0
555,80,เอกชน23,การเผยแพร่วัฒนธรรมในประเทศ,80,80,0,0.0
555,80,เอกชน24,วันตรุษจีน,38,38,0,0.0
555,80,เอกชน25,การเผยแพร่วัฒนธรรมในประเทศ,80,80,0,0.0
555,80,เอกชน26,การเผยแพร่วัฒนธรรมในประเทศ,80,80,0,0.0
555,80,เอกชน27,การเผยแพร่วัฒนธรรมในประเทศ,80,80,0,0.0
555,80,เอกชน28,งานสวดมนต์ข้ามปี,29,29,0,0.0
555,80,เอกชน29,วันลอยกระทง,54,54,0,0.0
555,80,เอกชน3,งานบวงสรวง,30,30,0,0.0
555,80,เอกชน30,งานทำบุญ,47,47,0,0.0
555,80,เอกชน31,งานสวดอภิธรรม,40,40,0,0.0
555,80,เอกชน32,งานสวดมนต์ข้ามปี,29,29,0,0.0
555,80,เอกชน33,งานวันเกิด,44,44,0,0.0
555,80,เอกชน34,วันขึ้นปีใหม่,60,60,0,0.0
555,80,เอกชน35,งานเปิดบริษัท,47,47,0,0.0
555,80,เอกชน36,วันสงกรานต์,62,62,0,0.0
555,80,เอกชน37,งานฌาปนกิจศพ,40,40,0,0.0
555,80,เอกชน38,วันตรุษจีน,38,38,0,0.0
555,80,เอกชน39,วันสงกรานต์,62,62,0,0.0
555,80,เอกชน4,งานสวดอภิธรรม,40,40,0,0.0
555,80,เอกชน40,วันตรุษจีน,38,38,0,0.0
555,80,เอกชน41,วันลอยกระทง,54,54,0,0.0
555,80,เอกชน42,งานต้อนรับอาคันตุกะ,64,64,0,0.0
555,80,เอกชน43,วันขึ้นปีใหม่,60,60,0,0.0
555,80,เอกชน44,วันสงกรานต์,62,62,0,0.0
555,80,เอกชน45,วันตรุษจีน,38,38,0,0.0
555,80,เอกชน46,งานขึ้นบ้านใหม่,43,43,0,0.0
555,80,เอกชน47,งานวันเกิด,44,44,0,0.0
555,80,เอกชน48,งานต้อนรับอาคันตุกะ,64,64,0,0.0
555,80,เอกชน49,วันตรุษจีน,38,38,0,0.0
555,80,เอกชน5,งานต้อนรับอาคันตุกะ,64,64,0,0.0
555,80,เอกชน50,งานพระราชทานเพลิงศพ,36,36,0,0.0
555,80,เอกชน51,การเผยแพร่วัฒนธรรมต่างประเทศ,66,66,0,0.0
555,80,เอกชน52,งานขึ้นบ้านใหม่,43,43,0,0.0
555,80,เอกชน53,วันลอยกระทง,54,54,0,0.0
555,80,เอกชน54,วันสงกรานต์,62,62,0,0.0
555,80,เอกชน55,วันขึ้นปีใหม่,60,60,0,0.0
555,80,เอกชน56,การเผยแพร่วัฒนธรรมในประเทศ,80,80,0,0.0
555,80,เอกชน57,งานสวดอภิธรรม,40,40,0,0.0
555,80,เอกชน58,วันลอยกระทง,54,54,0,0.0
555,80,เอกชน59,งานวันเกิด,44,44,0,0.0
555,80,เอกชน6,งานเฉลิมพระชนมพรรษาพระบรมวงศานุวงศ์,23,23,0,0.0
555,80,เอกชน60,วันสงกรานต์,62,62,0,0.0
555,80,เอกชน61,งานขึ้นบ้านใหม่,43,43,0,0.0
555,80,เอกชน7,การเผยแพร่วัฒนธรรมในประเทศ,80,80,0,0.0
555,80,เอกชน8,วันขึ้นปีใหม่,60,60,0,0.0
555,80,เอกชน9,งานแต่งงาน,33,33,0,0.0
555,all,บุคคล1,งานฌาปนกิจศพ,40,40,0,0.0
555,all,บุคคล10,งานไหว้ครู,23,23,0,0.0
555,all,บุคคล11,งานเปิดบริษัท,47,47,0,0.0
555,all,บุคคล12,วันออกพรรษา,19,19,0,0.0
555,all,บุคคล13,การเผยแพร่วัฒนธรรมในประเทศ,108,108,0,0.0
555,all,บุคคล14,งานต้อนรับอาคันตุกะ,64,64,0,0.0
555,all,บุคคล15,วันลอยกระทง,54,54,0,0.0
555,all,บุคคล16,การเผยแพร่วัฒนธรรมต่างประเทศ,66,66,0,0.0
555,all,บุคคล17,การเผยแพร่วัฒนธรรมในประเทศ,108,108,0,0.0
555,all,บุคคล18,งานเปิดบริษัท,47,47,0,0.0
555,all,บุคคล19,การเผยแพร่วัฒนธรรมในประเทศ,108,108,0,0.0
555,all,บุคคล2,งานบวงสรวง,30,30,0,0.0
555,all,บุคคล20,วันขึ้นปีใหม่,60,60,0,0.0
555,all,บุคคล21,งานแต่งงาน,33,33,0,0.0
555,all,บุคคล22,งานสโมสรสันนิบาต,16,16,0,0.0
555,all,บุคคล23,การเผยแพร่วัฒนธรรมในประเทศ,108,108,0,0.0
555,all,บุคคล24,งานต้อนรับอาคันตุกะ,64,64,0,0.0
555,all,บุคคล25,การเผยแพร่วัฒนธรรมในประเทศ,108,108,0,0.0
555,all,บุคคล26,การเผยแพร่วัฒนธรรมต่างประเทศ,66,66,0,0.0
555,all,บุคคล27,การเผยแพร่วัฒนธรรมในประเทศ,108,108,0,0.0
555,all,บุคคล28,การเผยแพร่วัฒนธรรมในประเทศ,108,108,0,0.0
555,all,บุคคล29,การเผยแพร่วัฒนธรรมในประเทศ,108,108,0,0.0
555,all,บุคคล3,การเผยแพร่วัฒนธรรมในประเทศ,108,108,0,0.0
555,all,บุคคล30,การเผยแพร่วัฒนธรรมในประเทศ,108,108,0,0.0
555,all,บุคคล31,การเผยแพร่วัฒนธรรมในประเทศ,108,108,0,0.0
555,all,บุคคล32,การเผยแพร่วัฒนธรรมต่างประเทศ,66,66,0,0.0
555,all,บุคคล33,การเผยแพร่วัฒนธรรมในประเทศ,108,108,0,0.0
555,all,บุคคล34,งานสวดอภิธรรม,40,40,0,0.0
555,all,บุคคล35,การเผยแพร่วัฒนธรรมในประเทศ,108,108,0,0.0
555,all,บุคคล36,งานพระราชทานเพลิงศพ,36,36,0,0.0
555,all,บุคคล37,งานไหว้ครู,23,23,0,0.0
555,all,บุคคล38,การเผยแพร่วัฒนธรรมในประเทศ,108,108,0,0.0
555,all,บุคคล39,งานพระราชทานเพลิงศพ,36,36,0,0.0
555,all,บุคคล4,การเผยแพร่วัฒนธรรมในประเทศ,108,108,0,0.0
555,all,บุคคล40,วันสงกรานต์,62,62,0,0.0
555,all,บุคคล5,งานขึ้นบ้านใหม่,43,43,0,0.0
555,all,บุคคล6,งานทำบุญ,47,47,0,0.0
555,all,บุคคล7,งานฌาปนกิจศพ,40,40,0,0.0
555,all,บุคคล8,วันสงกรานต์,62,62,0,0.0
555,all,บุคคล9,การเผยแพร่วัฒนธรรมในประเทศ,108,108,0,0.0
555,all,ราชการ1,วันตรุษจีน,38,38,0,0.0
555,all,ราชการ10,การเผยแพร่วัฒนธรรมในประเทศ,108,108,0,0.0
555,all,ราชการ11,งานทำบุญ,47,47,0,0.0
555,all,ราชการ12,งานเทศมหาชาติ,22,22,0,0.0
555,all,ราชการ13,การเผยแพร่วัฒนธรรมในประเทศ,108,108,0,0.0
555,all,ราชการ14,งานฌาปนกิจศพ,40,40,0,0.0
555,all,ราชการ15,การเผยแพร่วัฒนธรรมในประเทศ,108,108,0,0.0
555,all,ราชการ16,การเผยแพร่วัฒนธรรมในประเทศ,108,108,0,0.0
555,all,ราชการ17,งานไหว้ครู,23,23,0,0.0
555,all,ราชการ18,การเผยแพร่วัฒนธรรมในประเทศ,108,108,0,0.0
555,all,ราชการ19,งานสวดอภิธรรม,40,40,0,0.0
555,all,ราชการ2,งานฌาปนกิจศพ,40,40,0,0.0
555,all,ราชการ20,งานพระราชทานเพลิงศพ,36,36,0,0.0
555,all,ราชการ21,งานฌาปนกิจศพ,40,40,0,0.0
555,all,ราชการ22,งานสวดมนต์ข้ามปี,29,29,0,0.0
555,all,ราชการ23,งานต้อนรับอาคันตุกะ,64,64,0,0.0
555,all,ราชการ24,การเผยแพร่วัฒนธรรมในประเทศ,108,108,0,0.0
555,all,ราชการ25,วันตรุษจีน,38,38,0,0.0
555,all,ราชการ26,งานแต่งงาน,33,33,0,0.0
555,all,ราชการ27,งานฌาปนกิจศพ,40,40,0,0.0
555,all,ราชการ28,การเผยแพร่วัฒนธรรมในประเทศ,108,108,0,0.0
555,all,ราชการ3,วันขึ้นปีใหม่,60,60,0,0.0
555,all,ราชการ4,งานสวดอภิธรรม,40,40,0,0.0
555,all,ราชการ5,งานฌาปนกิจศพ,40,40,0,0.0
555,all,ราชการ6,งานต้อนรับอาคันตุกะ,64,64,0,0.0
555,all,ราชการ7,งานขึ้นบ้านใหม่,43,43,0,0.0
555,all,ราชการ8,การเผยแพร่วัฒนธรรมในประเทศ,108,108,0,0.0
555,all,ราชการ9,งานต้อนรับอาคันตุกะ,64,64,0,0.0
555,all,องค์การระหว่างประเทศ1,งานพระราชทานเพลิงศพ,36,36,0,0.0
555,all,องค์การระหว่างประเทศ10,งานพระราชทานเพลิงศพ,36,36,0,0.0
555,all,องค์การระหว่างประเทศ11,งานต้อนรับอาคันตุกะ,64,64,0,0.0
555,all,องค์การระหว่างประเทศ12,วันวิสาขบูชา,19,19,0,0.0
555,all,องค์การระหว่างประเทศ13,การเผยแพร่วัฒนธรรมต่างประเทศ,66,66,0,0.0
555,all,องค์การระหว่างประเทศ14,งานต้อนรับอาคันตุกะ,64,64,0,0.0
555,all,องค์การระหว่างประเทศ15,งานฌาปนกิจศพ,40,40,0,0.0
555,all,องค์การระหว่างประเทศ16,งานบวงสรวง,30,30,0,0.0
555,all,องค์การระหว่างประเทศ17,การเผยแพร่วัฒนธรรมในประเทศ,108,108,0,0.0
555,all,องค์การระหว่างประเทศ18,งานทำบุญ,47,47,0,0.0
555,all,องค์การระหว่างประเทศ19,งานฌาปนกิจศพ,40,40,0,0.0
555,all,องค์การระหว่างประเทศ2,วันสงกรานต์,62,62,0,0.0
555,all,องค์การระหว่างประเทศ20,งานบวงสรวง,30,30,0,0.0
555,all,องค์การระหว่างประเทศ21,งานไหว้ครู,23,23,0,0.0
555,all,องค์การระหว่างประเทศ22,งานสวดอภิธรรม,40,40,0,0.0
555,all,องค์การระหว่างประเทศ23,งานพระราชทานเพลิงศพ,36,36,0,0.0
555,all,องค์การระหว่างประเทศ24,วันตรุษจีน,38,38,0,0.0
555,all,องค์การระหว่างประเทศ25,การเผยแพร่วัฒนธรรมต่างประเทศ,66,66,0,0.0
555,all,องค์การระหว่างประเทศ26,งานสวดอภิธรรม,40,40,0,0.0
555,all,องค์การระหว่างประเทศ27,งานพระราชทานเพลิงศพ,36,36,0,0.0
555,all,องค์การระหว่างประเทศ3,งานเฉลิมพระชนมพรรษาพระบรมวงศานุวงศ์,23,23,0,0.0
555,all,องค์การระหว่างประเทศ4,งานพระราชทานเพลิงศพ,36,36,0,0.0
555,all,องค์การระหว่างประเทศ5,งานฌาปนกิจศพ,40,40,0,0.0
555,all,องค์การระหว่างประเทศ6,งานต้อนรับอาคันตุกะ,64,64,0,0.0
555,all,องค์การระหว่างประเทศ7,งานขึ้นบ้านใหม่,43,43,0,0.0
555,all,องค์การระหว่างประเทศ8,การเผยแพร่วัฒนธรรมในประเทศ,108,108,0,0.0
555,all,องค์การระหว่างประเทศ9,วันสงกรานต์,62,62,0,0.0
555,all,เอกชน1,การเผยแพร่วัฒนธรรมในประเทศ,108,108,0,0.0
555,all,เอกชน10,งานบวงสรวง,30,30,0,0.0
555,all,เอกชน11,งานพระราชทานเพลิงศพ,36,36,0,0.0
555,all,เอกชน12,งานต้อนรับอาคันตุกะ,64,64,0,0.0
555,all,เอกชน13,งานฌาปนกิจศพ,40,40,0,0.0
555,all,เอกชน14,การเผยแพร่วัฒนธรรมในประเทศ,108,108,0,0.0
555,all,เอกชน15,วันขึ้นปีใหม่,60,60,0,0.0
555,all,เอกชน16,งานสวดอภิธรรม,40,40,0,0.0
555,all,เอกชน17,งานวันเกิด,44,44,0,0.0
555,all,เอกชน18,งานทำบุญ,47,47,0,0.0
555,all,เอกชน19,วันสงกรานต์,62,62,0,0.0
555,all,เอกชน2,วันสงกรานต์,62,62,0,0.0
555,all,เอกชน20,วันลอยกระทง,54,54,0,0.0
555,all,เอกชน21,งานสวดอภิธรรม,40,40,0,0.0
555,all,เอกชน22,งานฌาปนกิจศพ,40,40,0,0.0
555,all,เอกชน23,การเผยแพร่วัฒนธรรมในประเทศ,108,108,0,0.0
555,all,เอกชน24,วันตรุษจีน,38,38,0,0.0
555,all,เอกชน25,การเผยแพร่วัฒนธรรมในประเทศ,108,108,0,0.0
555,all,เอกชน26,การเผยแพร่วัฒนธรรมในประเทศ,108,108,0,0.0
555,all,เอกชน27,การเผยแพร่วัฒนธรรมในประเทศ,108,108,0,0.0
555,all,เอกชน28,งานสวดมนต์ข้ามปี,29,29,0,0.0
555,all,เอกชน29,วันลอยกระทง,54,54,0,0.0
555,all,เอกชน3,งานบวงสรวง,30,30,0,0.0
555,all,เอกชน30,งานทำบุญ,47,47,0,0.0
555,all,เอกชน31,งานสวดอภิธรรม,40,40,0,0.0
555,all,เอกชน32,งานสวดมนต์ข้ามปี,29,29,0,0.0
555,all,เอกชน33,งานวันเกิด,44,44,0,0.0
555,all,เอกชน34,วันขึ้นปีใหม่,60,60,0,0.0
555,all,เอกชน35,งานเปิดบริษัท,47,47,0,0.0
555,all,เอกชน36,วันสงกรานต์,62,62,0,0.0
555,all,เอกชน37,งานฌาปนกิจศพ,40,40,0,0.0
555,all,เอกชน38,วันตรุษจีน,38,38,0,0.0
555,all,เอกชน39,วันสงกรานต์,62,62,0,0.0
555,all,เอกชน4,งานสวดอภิธรรม,40,40,0,0.0
555,all,เอกชน40,วันตรุษจีน,38,38,0,0.0
555,all,เอกชน41,วันลอยกระทง,54,54,0,0.0
555,all,เอกชน42,งานต้อนรับอาคันตุกะ,64,64,0,0.0
555,all,เอกชน43,วันขึ้นปีใหม่,60,60,0,0.0
555,all,เอกชน44,วันสงกรานต์,62,62,0,0.0
555,all,เอกชน45,วันตรุษจีน,38,38,0,0.0
555,all,เอกชน46,งานขึ้นบ้านใหม่,43,43,0,0.0
555,all,เอกชน47,งานวันเกิด,44,44,0,0.0
555,all,เอกชน48,งานต้อนรับอาคันตุกะ,64,64,0,0.0
555,all,เอกชน49,วันตรุษจีน,38,38,0,0.0
555,all,เอกชน5,งานต้อนรับอาคันตุกะ,64,64,0,0.0
555,all,เอกชน50,งานพระราชทานเพลิงศพ,36,36,0,0.0
555,all,เอกชน51,การเผยแพร่วัฒนธรรมต่างประเทศ,66,66,0,0.0
555,all,เอกชน52,งานขึ้นบ้านใหม่,43,43,0,0.0
555,all,เอกชน53,วันลอยกระทง,54,54,0,0.0
555,all,เอกชน54,วันสงกรานต์,62,62,0,0.0
555,all,เอกชน55,วันขึ้นปีใหม่,60,60,0,0.0
555,all,เอกชน56,การเผยแพร่วัฒนธรรมในประเทศ,108,108,0,0.0
555,all,เอกชน57,งานสวดอภิธรรม,40,40,0,0.0
555,all,เอกชน58,วันลอยกระทง,54,54,0,0.0
555,all,เอกชน59,งานวันเกิด,44,44,0,0.0
555,all,เอกชน6,งานเฉลิมพระชนมพรรษาพระบรมวงศานุวงศ์,23,23,0,0.0
555,all,เอกชน60,วันสงกรานต์,62,62,0,0.0
555,all,เอกชน61,งานขึ้นบ้านใหม่,43,43,0,0.0
555,all,เอกชน7,การเผยแพร่วัฒนธรรมในประเทศ,108,108,0,0.0
555,all,เอกชน8,วันขึ้นปีใหม่,60,60,0,0.0
555,all,เอกชน9,งานแต่งงาน,33,33,0,0.0
