Words,lvl1,lvl2,lvl3,agreement,n_models,consensus_label,artifact_id
กรมศิลปากร,บริบทเชิงประวัติศาสตร์ ภูมิศาสตร์ และพื้นที่,พื้นที่ทางวัฒนธรรมและสถาบัน,สถานที่จัดแสดงและเขตพระราชฐาน,0.25,4,บริบทเชิงประวัติศาสตร์ ภูมิศาสตร์ และพื้นที่||พื้นที่ทางวัฒนธรรมและสถาบัน||สถานที่จัดแสดงและเขตพระราชฐาน,บริบทเชิงประวัติศาสตร์ ภูมิศาสตร์ และพื้นที่ > พื้นที่ทางวัฒนธรรมและสถาบัน > สถานที่จัดแสดงและเขตพระราชฐาน
กระทบไม้,ศิลปะการแสดงและดนตรี,ดุริยางคศิลป์และคีตศิลป์,เครื่องดนตรีและวงดนตรี,0.5,4,ศิลปะการแสดงและดนตรี||ดุริยางคศิลป์และคีตศิลป์||เครื่องดนตรีและวงดนตรี,ศิลปะการแสดงและดนตรี > ดุริยางคศิลป์และคีตศิลป์ > เครื่องดนตรีและวงดนตรี
กระทุ้ง,ศิลปะการแสดงและดนตรี,นาฏยศิลป์และการแสดง,กระบวนท่ารำและจารีตการแสดง,0.5,4,ศิลปะการแสดงและดนตรี||นาฏยศิลป์และการแสดง||กระบวนท่ารำและจารีตการแสดง,ศิลปะการแสดงและดนตรี > นาฏยศิลป์และการแสดง > กระบวนท่ารำและจารีตการแสดง
กระบวนท่ารำ,ศิลปะการแสดงและดนตรี,นาฏยศิลป์และการแสดง,กระบวนท่ารำและจารีตการแสดง,1.0,4,ศิลปะการแสดงและดนตรี||นาฏยศิลป์และการแสดง||กระบวนท่ารำและจารีตการแสดง,ศิลปะการแสดงและดนตรี > นาฏยศิลป์และการแสดง > กระบวนท่ารำและจารีตการแสดง
กรับพวง,ศิลปะการแสดงและดนตรี,ดุริยางคศิลป์และคีตศิลป์,เครื่องดนตรีและวงดนตรี,0.5,4,ศิลปะการแสดงและดนตรี||ดุริยางคศิลป์และคีตศิลป์||เครื่องดนตรีและวงดนตรี,ศิลปะการแสดงและดนตรี > ดุริยางคศิลป์และคีตศิลป์ > เครื่องดนตรีและวงดนตรี
กราบทูล,วรรณคดีและสิ่งมีชีวิตเชิงตำนาน,สถานภาพและลำดับชั้นทางสังคมในวรรณกรรม,ฐานันดรศักดิ์และระบบเครือญาติ,0.5,4,วรรณคดีและสิ่งมีชีวิตเชิงตำนาน||สถานภาพและลำดับชั้นทางสังคมในวรรณกรรม||ฐานันดรศักดิ์และระบบเครือญาติ,วรรณคดีและสิ่งมีชีวิตเชิงตำนาน > สถานภาพและลำดับชั้นทางสังคมในวรรณกรรม > ฐานันดรศักดิ์และระบบเครือญาติ
กราววีรชัยลิง,ศิลปะการแสดงและดนตรี,ดุริยางคศิลป์และคีตศิลป์,ระเบียบวิธีทางดนตรีและประเภทบทเพลง,0.5,4,ศิลปะการแสดงและดนตรี||ดุริยางคศิลป์และคีตศิลป์||ระเบียบวิธีทางดนตรีและประเภทบทเพลง,ศิลปะการแสดงและดนตรี > ดุริยางคศิลป์และคีตศิลป์ > ระเบียบวิธีทางดนตรีและประเภทบทเพลง
กรุงรัตนโกสินทร์,บริบทเชิงประวัติศาสตร์ ภูมิศาสตร์ และพื้นที่,ภูมิศาสตร์และอาณาบริเวณ,เขตปกครองและภูมิภาค,0.75,4,บริบทเชิงประวัติศาสตร์ ภูมิศาสตร์ และพื้นที่||ภูมิศาสตร์และอาณาบริเวณ||เขตปกครองและภูมิภาค,บริบทเชิงประวัติศาสตร์ ภูมิศาสตร์ และพื้นที่ > ภูมิศาสตร์และอาณาบริเวณ > เขตปกครองและภูมิภาค
กรุงลงกา,วรรณคดีและสิ่งมีชีวิตเชิงตำนาน,นามานุกรมและประเภทตัวละคร,เทวปกรณ์ อสูร และอมนุษย์,0.5,4,วรรณคดีและสิ่งมีชีวิตเชิงตำนาน||นามานุกรมและประเภทตัวละคร||เทวปกรณ์ อสูร และอมนุษย์,วรรณคดีและสิ่งมีชีวิตเชิงตำนาน > นามานุกรมและประเภทตัวละคร > เทวปกรณ์ อสูร และอมนุษย์
กรุงเทพ,บริบทเชิงประวัติศาสตร์ ภูมิศาสตร์ และพื้นที่,ภูมิศาสตร์และอาณาบริเวณ,เขตปกครองและภูมิภาค,1.0,4,บริบทเชิงประวัติศาสตร์ ภูมิศาสตร์ และพื้นที่||ภูมิศาสตร์และอาณาบริเวณ||เขตปกครองและภูมิภาค,บริบทเชิงประวัติศาสตร์ ภูมิศาสตร์ และพื้นที่ > ภูมิศาสตร์และอาณาบริเวณ > เขตปกครองและภูมิภาค
กลองยาว,ศิลปะการแสดงและดนตรี,ดุริยางคศิลป์และคีตศิลป์,เครื่องดนตรีและวงดนตรี,0.75,4,ศิลปะการแสดงและดนตรี||ดุริยางคศิลป์และคีตศิลป์||เครื่องดนตรีและวงดนตรี,ศิลปะการแสดงและดนตรี > ดุริยางคศิลป์และคีตศิลป์ > เครื่องดนตรีและวงดนตรี
กลองสะบัดชัย,ศิลปะการแสดงและดนตรี,ดุริยางคศิลป์และคีตศิลป์,เครื่องดนตรีและวงดนตรี,1.0,4,ศิลปะการแสดงและดนตรี||ดุริยางคศิลป์และคีตศิลป์||เครื่องดนตรีและวงดนตรี,ศิลปะการแสดงและดนตรี > ดุริยางคศิลป์และคีตศิลป์ > เครื่องดนตรีและวงดนตรี
กลอุบาย,ศิลปะการแสดงและดนตรี,บุคลากรและทักษะทางศิลปะ,กลวิธีและสมรรถนะการแสดง,0.5,4,ศิลปะการแสดงและดนตรี||บุคลากรและทักษะทางศิลปะ||กลวิธีและสมรรถนะการแสดง,ศิลปะการแสดงและดนตรี > บุคลากรและทักษะทางศิลปะ > กลวิธีและสมรรถนะการแสดง
กลับบ้าน,กลุ่มชาติพันธุ์ ชุมชน และวิถีชีวิต,วิถีชีวิตและพฤติกรรมทางสังคม,จารีตการปฏิบัติและพรรณไม้ในวิถีชีวิต,0.75,4,กลุ่มชาติพันธุ์ ชุมชน และวิถีชีวิต||วิถีชีวิตและพฤติกรรมทางสังคม||จารีตการปฏิบัติและพรรณไม้ในวิถีชีวิต,กลุ่มชาติพันธุ์ ชุมชน และวิถีชีวิต > วิถีชีวิตและพฤติกรรมทางสังคม > จารีตการปฏิบัติและพรรณไม้ในวิถีชีวิต
กลางคืน,กลุ่มชาติพันธุ์ ชุมชน และวิถีชีวิต,วิถีชีวิตและพฤติกรรมทางสังคม,จารีตการปฏิบัติและพรรณไม้ในวิถีชีวิต,0.5,4,กลุ่มชาติพันธุ์ ชุมชน และวิถีชีวิต||วิถีชีวิตและพฤติกรรมทางสังคม||จารีตการปฏิบัติและพรรณไม้ในวิถีชีวิต,กลุ่มชาติพันธุ์ ชุมชน และวิถีชีวิต > วิถีชีวิตและพฤติกรรมทางสังคม > จารีตการปฏิบัติและพรรณไม้ในวิถีชีวิต
กลายร่าง,พิธีกรรม ความเชื่อ และจารีตวัฒนธรรม,คติความเชื่อและไสยศาสตร์,การขจัดปัดเป่าและอำนาจเหนือธรรมชาติ,0.5,4,พิธีกรรม ความเชื่อ และจารีตวัฒนธรรม||คติความเชื่อและไสยศาสตร์||การขจัดปัดเป่าและอำนาจเหนือธรรมชาติ,พิธีกรรม ความเชื่อ และจารีตวัฒนธรรม > คติความเชื่อและไสยศาสตร์ > การขจัดปัดเป่าและอำนาจเหนือธรรมชาติ
กลุ่มชาติพันธุ์,กลุ่มชาติพันธุ์ ชุมชน และวิถีชีวิต,อัตลักษณ์ทางสังคมและกลุ่มคน,กลุ่มชาติพันธุ์และชุมชนท้องถิ่น,1.0,4,กลุ่มชาติพันธุ์ ชุมชน และวิถีชีวิต||อัตลักษณ์ทางสังคมและกลุ่มคน||กลุ่มชาติพันธุ์และชุมชนท้องถิ่น,กลุ่มชาติพันธุ์ ชุมชน และวิถีชีวิต > อัตลักษณ์ทางสังคมและกลุ่มคน > กลุ่มชาติพันธุ์และชุมชนท้องถิ่น
กวางทอง,วรรณคดีและสิ่งมีชีวิตเชิงตำนาน,นามานุกรมและประเภทตัวละคร,เทวปกรณ์ อสูร และอมนุษย์,1.0,4,วรรณคดีและสิ่งมีชีวิตเชิงตำนาน||นามานุกรมและประเภทตัวละคร||เทวปกรณ์ อสูร และอมนุษย์,วรรณคดีและสิ่งมีชีวิตเชิงตำนาน > นามานุกรมและประเภทตัวละคร > เทวปกรณ์ อสูร และอมนุษย์
กสิกรรม,กลุ่มชาติพันธุ์ ชุมชน และวิถีชีวิต,วิถีชีวิตและระบบเศรษฐกิจ,การประกอบอาชีพและโภชนาการ,1.0,4,กลุ่มชาติพันธุ์ ชุมชน และวิถีชีวิต||วิถีชีวิตและระบบเศรษฐกิจ||การประกอบอาชีพและโภชนาการ,กลุ่มชาติพันธุ์ ชุมชน และวิถีชีวิต > วิถีชีวิตและระบบเศรษฐกิจ > การประกอบอาชีพและโภชนาการ
กองทัพ,บริบทเชิงประวัติศาสตร์ ภูมิศาสตร์ และพื้นที่,ยุคสมัยและเหตุการณ์สำคัญ,ลำดับเวลาและประวัติศาสตร์การสงคราม,1.0,4,บริบทเชิงประวัติศาสตร์ ภูมิศาสตร์ และพื้นที่||ยุคสมัยและเหตุการณ์สำคัญ||ลำดับเวลาและประวัติศาสตร์การสงคราม,บริบทเชิงประวัติศาสตร์ ภูมิศาสตร์ และพื้นที่ > ยุคสมัยและเหตุการณ์สำคัญ > ลำดับเวลาและประวัติศาสตร์การสงคราม
กองไฟ,พิธีกรรม ความเชื่อ และจารีตวัฒนธรรม,จารีตประเพณีและพิธีกรรม,พิธีการสำคัญและจารีตทางสังคม,0.75,4,พิธีกรรม ความเชื่อ และจารีตวัฒนธรรม||จารีตประเพณีและพิธีกรรม||พิธีการสำคัญและจารีตทางสังคม,พิธีกรรม ความเชื่อ และจารีตวัฒนธรรม > จารีตประเพณีและพิธีกรรม > พิธีการสำคัญและจารีตทางสังคม
กะลา,วัฒนธรรมวัตถุ ศิลปกรรม และงานช่าง,วัสดุและอัญมณี,วัสดุธรรมชาติและรัตนชาติ,0.5,4,วัฒนธรรมวัตถุ ศิลปกรรม และงานช่าง||วัสดุและอัญมณี||วัสดุธรรมชาติและรัตนชาติ,วัฒนธรรมวัตถุ ศิลปกรรม และงานช่าง > วัสดุและอัญมณี > วัสดุธรรมชาติและรัตนชาติ
กากนาสูร,วรรณคดีและสิ่งมีชีวิตเชิงตำนาน,นามานุกรมและประเภทตัวละคร,เทวปกรณ์ อสูร และอมนุษย์,1.0,4,วรรณคดีและสิ่งมีชีวิตเชิงตำนาน||นามานุกรมและประเภทตัวละคร||เทวปกรณ์ อสูร และอมนุษย์,วรรณคดีและสิ่งมีชีวิตเชิงตำนาน > นามานุกรมและประเภทตัวละคร > เทวปกรณ์ อสูร และอมนุษย์
กาญจนบุรี,บริบทเชิงประวัติศาสตร์ ภูมิศาสตร์ และพื้นที่,ภูมิศาสตร์และอาณาบริเวณ,เขตปกครองและภูมิภาค,1.0,4,บริบทเชิงประวัติศาสตร์ ภูมิศาสตร์ และพื้นที่||ภูมิศาสตร์และอาณาบริเวณ||เขตปกครองและภูมิภาค,บริบทเชิงประวัติศาสตร์ ภูมิศาสตร์ และพื้นที่ > ภูมิศาสตร์และอาณาบริเวณ > เขตปกครองและภูมิภาค
การขับร้อง,ศิลปะการแสดงและดนตรี,ดุริยางคศิลป์และคีตศิลป์,ระเบียบวิธีทางดนตรีและประเภทบทเพลง,1.0,4,ศิลปะการแสดงและดนตรี||ดุริยางคศิลป์และคีตศิลป์||ระเบียบวิธีทางดนตรีและประเภทบทเพลง,ศิลปะการแสดงและดนตรี > ดุริยางคศิลป์และคีตศิลป์ > ระเบียบวิธีทางดนตรีและประเภทบทเพลง
การขึ้นลอย,พิธีกรรม ความเชื่อ และจารีตวัฒนธรรม,จารีตประเพณีและพิธีกรรม,พิธีการสำคัญและจารีตทางสังคม,0.5,4,พิธีกรรม ความเชื่อ และจารีตวัฒนธรรม||จารีตประเพณีและพิธีกรรม||พิธีการสำคัญและจารีตทางสังคม,พิธีกรรม ความเชื่อ และจารีตวัฒนธรรม > จารีตประเพณีและพิธีกรรม > พิธีการสำคัญและจารีตทางสังคม
การจับปลา,กลุ่มชาติพันธุ์ ชุมชน และวิถีชีวิต,วิถีชีวิตและระบบเศรษฐกิจ,การประกอบอาชีพและโภชนาการ,1.0,4,กลุ่มชาติพันธุ์ ชุมชน และวิถีชีวิต||วิถีชีวิตและระบบเศรษฐกิจ||การประกอบอาชีพและโภชนาการ,กลุ่มชาติพันธุ์ ชุมชน และวิถีชีวิต > วิถีชีวิตและระบบเศรษฐกิจ > การประกอบอาชีพและโภชนาการ
การดีด,ศิลปะการแสดงและดนตรี,บุคลากรและทักษะทางศิลปะ,กลวิธีและสมรรถนะการแสดง,0.5,4,ศิลปะการแสดงและดนตรี||บุคลากรและทักษะทางศิลปะ||กลวิธีและสมรรถนะการแสดง,ศิลปะการแสดงและดนตรี > บุคลากรและทักษะทางศิลปะ > กลวิธีและสมรรถนะการแสดง
การตีกลอง,ศิลปะการแสดงและดนตรี,ดุริยางคศิลป์และคีตศิลป์,เครื่องดนตรีและวงดนตรี,0.75,4,ศิลปะการแสดงและดนตรี||ดุริยางคศิลป์และคีตศิลป์||เครื่องดนตรีและวงดนตรี,ศิลปะการแสดงและดนตรี > ดุริยางคศิลป์และคีตศิลป์ > เครื่องดนตรีและวงดนตรี
การต่อสู้,บริบทเชิงประวัติศาสตร์ ภูมิศาสตร์ และพื้นที่,ยุคสมัยและเหตุการณ์สำคัญ,ลำดับเวลาและประวัติศาสตร์การสงคราม,0.75,4,บริบทเชิงประวัติศาสตร์ ภูมิศาสตร์ และพื้นที่||ยุคสมัยและเหตุการณ์สำคัญ||ลำดับเวลาและประวัติศาสตร์การสงคราม,บริบทเชิงประวัติศาสตร์ ภูมิศาสตร์ และพื้นที่ > ยุคสมัยและเหตุการณ์สำคัญ > ลำดับเวลาและประวัติศาสตร์การสงคราม
การทอ,วัฒนธรรมวัตถุ ศิลปกรรม และงานช่าง,ประณีตศิลป์และทัศนศิลป์,งานช่างศิลปกรรมและเทคนิควิธี,0.5,4,วัฒนธรรมวัตถุ ศิลปกรรม และงานช่าง||ประณีตศิลป์และทัศนศิลป์||งานช่างศิลปกรรมและเทคนิควิธี,วัฒนธรรมวัตถุ ศิลปกรรม และงานช่าง > ประณีตศิลป์และทัศนศิลป์ > งานช่างศิลปกรรมและเทคนิควิธี
การทำขวัญ,พิธีกรรม ความเชื่อ และจารีตวัฒนธรรม,จารีตประเพณีและพิธีกรรม,พิธีการสำคัญและจารีตทางสังคม,1.0,4,พิธีกรรม ความเชื่อ และจารีตวัฒนธรรม||จารีตประเพณีและพิธีกรรม||พิธีการสำคัญและจารีตทางสังคม,พิธีกรรม ความเชื่อ และจารีตวัฒนธรรม > จารีตประเพณีและพิธีกรรม > พิธีการสำคัญและจารีตทางสังคม
การนุ่งห่ม,วัฒนธรรมวัตถุ ศิลปกรรม และงานช่าง,พัสตราภรณ์และเครื่องแต่งกาย,ระเบียบการแต่งกายและอาวุธจำลอง,1.0,4,วัฒนธรรมวัตถุ ศิลปกรรม และงานช่าง||พัสตราภรณ์และเครื่องแต่งกาย||ระเบียบการแต่งกายและอาวุธจำลอง,วัฒนธรรมวัตถุ ศิลปกรรม และงานช่าง > พัสตราภรณ์และเครื่องแต่งกาย > ระเบียบการแต่งกายและอาวุธจำลอง
การปั้น,วัฒนธรรมวัตถุ ศิลปกรรม และงานช่าง,ประณีตศิลป์และทัศนศิลป์,งานช่างศิลปกรรมและเทคนิควิธี,1.0,4,วัฒนธรรมวัตถุ ศิลปกรรม และงานช่าง||ประณีตศิลป์และทัศนศิลป์||งานช่างศิลปกรรมและเทคนิควิธี,วัฒนธรรมวัตถุ ศิลปกรรม และงานช่าง > ประณีตศิลป์และทัศนศิลป์ > งานช่างศิลปกรรมและเทคนิควิธี
การรบ,บริบทเชิงประวัติศาสตร์ ภูมิศาสตร์ และพื้นที่,ยุคสมัยและเหตุการณ์สำคัญ,ลำดับเวลาและประวัติศาสตร์การสงคราม,1.0,4,บริบทเชิงประวัติศาสตร์ ภูมิศาสตร์ และพื้นที่||ยุคสมัยและเหตุการณ์สำคัญ||ลำดับเวลาและประวัติศาสตร์การสงคราม,บริบทเชิงประวัติศาสตร์ ภูมิศาสตร์ และพื้นที่ > ยุคสมัยและเหตุการณ์สำคัญ > ลำดับเวลาและประวัติศาสตร์การสงคราม
การร่อนแร่,กลุ่มชาติพันธุ์ ชุมชน และวิถีชีวิต,วิถีชีวิตและระบบเศรษฐกิจ,การประกอบอาชีพและโภชนาการ,1.0,4,กลุ่มชาติพันธุ์ ชุมชน และวิถีชีวิต||วิถีชีวิตและระบบเศรษฐกิจ||การประกอบอาชีพและโภชนาการ,กลุ่มชาติพันธุ์ ชุมชน และวิถีชีวิต > วิถีชีวิตและระบบเศรษฐกิจ > การประกอบอาชีพและโภชนาการ
การละเล่นพื้นเมือง,ศิลปะการแสดงและดนตรี,นาฏยศิลป์และการแสดง,รูปแบบการแสดงและนาฏศิลป์ท้องถิ่น,0.5,4,ศิลปะการแสดงและดนตรี||นาฏยศิลป์และการแสดง||รูปแบบการแสดงและนาฏศิลป์ท้องถิ่น,ศิลปะการแสดงและดนตรี > นาฏยศิลป์และการแสดง > รูปแบบการแสดงและนาฏศิลป์ท้องถิ่น
การศึก,บริบทเชิงประวัติศาสตร์ ภูมิศาสตร์ และพื้นที่,ยุคสมัยและเหตุการณ์สำคัญ,ลำดับเวลาและประวัติศาสตร์การสงคราม,1.0,4,บริบทเชิงประวัติศาสตร์ ภูมิศาสตร์ และพื้นที่||ยุคสมัยและเหตุการณ์สำคัญ||ลำดับเวลาและประวัติศาสตร์การสงคราม,บริบทเชิงประวัติศาสตร์ ภูมิศาสตร์ และพื้นที่ > ยุคสมัยและเหตุการณ์สำคัญ > ลำดับเวลาและประวัติศาสตร์การสงคราม
การสอน,กลุ่มชาติพันธุ์ ชุมชน และวิถีชีวิต,วิถีชีวิตและพฤติกรรมทางสังคม,จารีตการปฏิบัติและพรรณไม้ในวิถีชีวิต,0.5,4,กลุ่มชาติพันธุ์ ชุมชน และวิถีชีวิต||วิถีชีวิตและพฤติกรรมทางสังคม||จารีตการปฏิบัติและพรรณไม้ในวิถีชีวิต,กลุ่มชาติพันธุ์ ชุมชน และวิถีชีวิต > วิถีชีวิตและพฤติกรรมทางสังคม > จารีตการปฏิบัติและพรรณไม้ในวิถีชีวิต
การุณราช,วรรณคดีและสิ่งมีชีวิตเชิงตำนาน,นามานุกรมและประเภทตัวละคร,เทวปกรณ์ อสูร และอมนุษย์,0.25,4,วรรณคดีและสิ่งมีชีวิตเชิงตำนาน||นามานุกรมและประเภทตัวละคร||เทวปกรณ์ อสูร และอมนุษย์,วรรณคดีและสิ่งมีชีวิตเชิงตำนาน > นามานุกรมและประเภทตัวละคร > เทวปกรณ์ อสูร และอมนุษย์
การเกี้ยวพาราสี,พิธีกรรม ความเชื่อ และจารีตวัฒนธรรม,จารีตประเพณีและพิธีกรรม,พิธีการสำคัญและจารีตทางสังคม,0.5,4,พิธีกรรม ความเชื่อ และจารีตวัฒนธรรม||จารีตประเพณีและพิธีกรรม||พิธีการสำคัญและจารีตทางสังคม,พิธีกรรม ความเชื่อ และจารีตวัฒนธรรม > จารีตประเพณีและพิธีกรรม > พิธีการสำคัญและจารีตทางสังคม
การเก็บใบชา,กลุ่มชาติพันธุ์ ชุมชน และวิถีชีวิต,วิถีชีวิตและระบบเศรษฐกิจ,การประกอบอาชีพและโภชนาการ,1.0,4,กลุ่มชาติพันธุ์ ชุมชน และวิถีชีวิต||วิถีชีวิตและระบบเศรษฐกิจ||การประกอบอาชีพและโภชนาการ,กลุ่มชาติพันธุ์ ชุมชน และวิถีชีวิต > วิถีชีวิตและระบบเศรษฐกิจ > การประกอบอาชีพและโภชนาการ
การโปรย,พิธีกรรม ความเชื่อ และจารีตวัฒนธรรม,จารีตประเพณีและพิธีกรรม,พิธีการสำคัญและจารีตทางสังคม,1.0,4,พิธีกรรม ความเชื่อ และจารีตวัฒนธรรม||จารีตประเพณีและพิธีกรรม||พิธีการสำคัญและจารีตทางสังคม,พิธีกรรม ความเชื่อ และจารีตวัฒนธรรม > จารีตประเพณีและพิธีกรรม > พิธีการสำคัญและจารีตทางสังคม
การไถ,กลุ่มชาติพันธุ์ ชุมชน และวิถีชีวิต,วิถีชีวิตและระบบเศรษฐกิจ,การประกอบอาชีพและโภชนาการ,1.0,4,กลุ่มชาติพันธุ์ ชุมชน และวิถีชีวิต||วิถีชีวิตและระบบเศรษฐกิจ||การประกอบอาชีพและโภชนาการ,กลุ่มชาติพันธุ์ ชุมชน และวิถีชีวิต > วิถีชีวิตและระบบเศรษฐกิจ > การประกอบอาชีพและโภชนาการ
กาลสูร,วรรณคดีและสิ่งมีชีวิตเชิงตำนาน,นามานุกรมและประเภทตัวละคร,เทวปกรณ์ อสูร และอมนุษย์,0.75,4,วรรณคดีและสิ่งมีชีวิตเชิงตำนาน||นามานุกรมและประเภทตัวละคร||เทวปกรณ์ อสูร และอมนุษย์,วรรณคดีและสิ่งมีชีวิตเชิงตำนาน > นามานุกรมและประเภทตัวละคร > เทวปกรณ์ อสูร และอมนุษย์
กาฬสินธุ์,บริบทเชิงประวัติศาสตร์ ภูมิศาสตร์ และพื้นที่,ภูมิศาสตร์และอาณาบริเวณ,เขตปกครองและภูมิภาค,1.0,4,บริบทเชิงประวัติศาสตร์ ภูมิศาสตร์ และพื้นที่||ภูมิศาสตร์และอาณาบริเวณ||เขตปกครองและภูมิภาค,บริบทเชิงประวัติศาสตร์ ภูมิศาสตร์ และพื้นที่ > ภูมิศาสตร์และอาณาบริเวณ > เขตปกครองและภูมิภาค
กิจจะ,พิธีกรรม ความเชื่อ และจารีตวัฒนธรรม,จารีตประเพณีและพิธีกรรม,พิธีการสำคัญและจารีตทางสังคม,0.75,4,พิธีกรรม ความเชื่อ และจารีตวัฒนธรรม||จารีตประเพณีและพิธีกรรม||พิธีการสำคัญและจารีตทางสังคม,พิธีกรรม ความเชื่อ และจารีตวัฒนธรรม > จารีตประเพณีและพิธีกรรม > พิธีการสำคัญและจารีตทางสังคม
กิจวัตร,กลุ่มชาติพันธุ์ ชุมชน และวิถีชีวิต,วิถีชีวิตและพฤติกรรมทางสังคม,จารีตการปฏิบัติและพรรณไม้ในวิถีชีวิต,0.75,4,กลุ่มชาติพันธุ์ ชุมชน และวิถีชีวิต||วิถีชีวิตและพฤติกรรมทางสังคม||จารีตการปฏิบัติและพรรณไม้ในวิถีชีวิต,กลุ่มชาติพันธุ์ ชุมชน และวิถีชีวิต > วิถีชีวิตและพฤติกรรมทางสังคม > จารีตการปฏิบัติและพรรณไม้ในวิถีชีวิต
กินรี,วรรณคดีและสิ่งมีชีวิตเชิงตำนาน,นามานุกรมและประเภทตัวละคร,เทวปกรณ์ อสูร และอมนุษย์,1.0,4,วรรณคดีและสิ่งมีชีวิตเชิงตำนาน||นามานุกรมและประเภทตัวละคร||เทวปกรณ์ อสูร และอมนุษย์,วรรณคดีและสิ่งมีชีวิตเชิงตำนาน > นามานุกรมและประเภทตัวละคร > เทวปกรณ์ อสูร และอมนุษย์
กินเนสส์บุ๊ค,กลุ่มชาติพันธุ์ ชุมชน และวิถีชีวิต,วิถีชีวิตและพฤติกรรมทางสังคม,จารีตการปฏิบัติและพรรณไม้ในวิถีชีวิต,0.25,4,กลุ่มชาติพันธุ์ ชุมชน และวิถีชีวิต||วิถีชีวิตและพฤติกรรมทางสังคม||จารีตการปฏิบัติและพรรณไม้ในวิถีชีวิต,กลุ่มชาติพันธุ์ ชุมชน และวิถีชีวิต > วิถีชีวิตและพฤติกรรมทางสังคม > จารีตการปฏิบัติและพรรณไม้ในวิถีชีวิต
กุณฑล,วัฒนธรรมวัตถุ ศิลปกรรม และงานช่าง,พัสตราภรณ์และเครื่องแต่งกาย,ระเบียบการแต่งกายและอาวุธจำลอง,0.75,4,วัฒนธรรมวัตถุ ศิลปกรรม และงานช่าง||พัสตราภรณ์และเครื่องแต่งกาย||ระเบียบการแต่งกายและอาวุธจำลอง,วัฒนธรรมวัตถุ ศิลปกรรม และงานช่าง > พัสตราภรณ์และเครื่องแต่งกาย > ระเบียบการแต่งกายและอาวุธจำลอง
กุมภกรรณ,วรรณคดีและสิ่งมีชีวิตเชิงตำนาน,นามานุกรมและประเภทตัวละคร,เทวปกรณ์ อสูร และอมนุษย์,1.0,4,วรรณคดีและสิ่งมีชีวิตเชิงตำนาน||นามานุกรมและประเภทตัวละคร||เทวปกรณ์ อสูร และอมนุษย์,วรรณคดีและสิ่งมีชีวิตเชิงตำนาน > นามานุกรมและประเภทตัวละคร > เทวปกรณ์ อสูร และอมนุษย์
กุลสตรี,กลุ่มชาติพันธุ์ ชุมชน และวิถีชีวิต,โครงสร้างสังคมและบุคคลสำคัญ,ฐานันดรศักดิ์และบทบาททางสังคม,0.5,4,กลุ่มชาติพันธุ์ ชุมชน และวิถีชีวิต||โครงสร้างสังคมและบุคคลสำคัญ||ฐานันดรศักดิ์และบทบาททางสังคม,กลุ่มชาติพันธุ์ ชุมชน และวิถีชีวิต > โครงสร้างสังคมและบุคคลสำคัญ > ฐานันดรศักดิ์และบทบาททางสังคม
ขนเพชร,วรรณคดีและสิ่งมีชีวิตเชิงตำนาน,นามานุกรมและประเภทตัวละคร,เทวปกรณ์ อสูร และอมนุษย์,0.5,4,วรรณคดีและสิ่งมีชีวิตเชิงตำนาน||นามานุกรมและประเภทตัวละคร||เทวปกรณ์ อสูร และอมนุษย์,วรรณคดีและสิ่งมีชีวิตเชิงตำนาน > นามานุกรมและประเภทตัวละคร > เทวปกรณ์ อสูร และอมนุษย์
ขบวนแห่,พิธีกรรม ความเชื่อ และจารีตวัฒนธรรม,จารีตประเพณีและพิธีกรรม,พิธีการสำคัญและจารีตทางสังคม,1.0,4,พิธีกรรม ความเชื่อ และจารีตวัฒนธรรม||จารีตประเพณีและพิธีกรรม||พิธีการสำคัญและจารีตทางสังคม,พิธีกรรม ความเชื่อ และจารีตวัฒนธรรม > จารีตประเพณีและพิธีกรรม > พิธีการสำคัญและจารีตทางสังคม
ขอขมา,พิธีกรรม ความเชื่อ และจารีตวัฒนธรรม,จารีตประเพณีและพิธีกรรม,พิธีการสำคัญและจารีตทางสังคม,1.0,4,พิธีกรรม ความเชื่อ และจารีตวัฒนธรรม||จารีตประเพณีและพิธีกรรม||พิธีการสำคัญและจารีตทางสังคม,พิธีกรรม ความเชื่อ และจารีตวัฒนธรรม > จารีตประเพณีและพิธีกรรม > พิธีการสำคัญและจารีตทางสังคม
ของที่ระลึก,วัฒนธรรมวัตถุ ศิลปกรรม และงานช่าง,ประณีตศิลป์และทัศนศิลป์,งานช่างศิลปกรรมและเทคนิควิธี,0.5,4,วัฒนธรรมวัตถุ ศิลปกรรม และงานช่าง||ประณีตศิลป์และทัศนศิลป์||งานช่างศิลปกรรมและเทคนิควิธี,วัฒนธรรมวัตถุ ศิลปกรรม และงานช่าง > ประณีตศิลป์และทัศนศิลป์ > งานช่างศิลปกรรมและเทคนิควิธี
ของป่า,กลุ่มชาติพันธุ์ ชุมชน และวิถีชีวิต,วิถีชีวิตและระบบเศรษฐกิจ,การประกอบอาชีพและโภชนาการ,0.75,4,กลุ่มชาติพันธุ์ ชุมชน และวิถีชีวิต||วิถีชีวิตและระบบเศรษฐกิจ||การประกอบอาชีพและโภชนาการ,กลุ่มชาติพันธุ์ ชุมชน และวิถีชีวิต > วิถีชีวิตและระบบเศรษฐกิจ > การประกอบอาชีพและโภชนาการ
ขัดตาทัพ,บริบทเชิงประวัติศาสตร์ ภูมิศาสตร์ และพื้นที่,ยุคสมัยและเหตุการณ์สำคัญ,ลำดับเวลาและประวัติศาสตร์การสงคราม,0.75,4,บริบทเชิงประวัติศาสตร์ ภูมิศาสตร์ และพื้นที่||ยุคสมัยและเหตุการณ์สำคัญ||ลำดับเวลาและประวัติศาสตร์การสงคราม,บริบทเชิงประวัติศาสตร์ ภูมิศาสตร์ และพื้นที่ > ยุคสมัยและเหตุการณ์สำคัญ > ลำดับเวลาและประวัติศาสตร์การสงคราม
ขันดอก,พิธีกรรม ความเชื่อ และจารีตวัฒนธรรม,จารีตประเพณีและพิธีกรรม,พิธีการสำคัญและจารีตทางสังคม,0.75,4,พิธีกรรม ความเชื่อ และจารีตวัฒนธรรม||จารีตประเพณีและพิธีกรรม||พิธีการสำคัญและจารีตทางสังคม,พิธีกรรม ความเชื่อ และจารีตวัฒนธรรม > จารีตประเพณีและพิธีกรรม > พิธีการสำคัญและจารีตทางสังคม
ขับร้อง,ศิลปะการแสดงและดนตรี,ดุริยางคศิลป์และคีตศิลป์,ระเบียบวิธีทางดนตรีและประเภทบทเพลง,1.0,4,ศิลปะการแสดงและดนตรี||ดุริยางคศิลป์และคีตศิลป์||ระเบียบวิธีทางดนตรีและประเภทบทเพลง,ศิลปะการแสดงและดนตรี > ดุริยางคศิลป์และคีตศิลป์ > ระเบียบวิธีทางดนตรีและประเภทบทเพลง
ขับลำ,ศิลปะการแสดงและดนตรี,ดุริยางคศิลป์และคีตศิลป์,ระเบียบวิธีทางดนตรีและประเภทบทเพลง,1.0,4,ศิลปะการแสดงและดนตรี||ดุริยางคศิลป์และคีตศิลป์||ระเบียบวิธีทางดนตรีและประเภทบทเพลง,ศิลปะการแสดงและดนตรี > ดุริยางคศิลป์และคีตศิลป์ > ระเบียบวิธีทางดนตรีและประเภทบทเพลง
ขับไล่,พิธีกรรม ความเชื่อ และจารีตวัฒนธรรม,คติความเชื่อและไสยศาสตร์,การขจัดปัดเป่าและอำนาจเหนือธรรมชาติ,0.5,4,พิธีกรรม ความเชื่อ และจารีตวัฒนธรรม||คติความเชื่อและไสยศาสตร์||การขจัดปัดเป่าและอำนาจเหนือธรรมชาติ,พิธีกรรม ความเชื่อ และจารีตวัฒนธรรม > คติความเชื่อและไสยศาสตร์ > การขจัดปัดเป่าและอำนาจเหนือธรรมชาติ
ขีดขิน,บริบทเชิงประวัติศาสตร์ ภูมิศาสตร์ และพื้นที่,ภูมิศาสตร์และอาณาบริเวณ,พื้นที่ในคติความเชื่อและประวัติศาสตร์,0.25,4,บริบทเชิงประวัติศาสตร์ ภูมิศาสตร์ และพื้นที่||ภูมิศาสตร์และอาณาบริเวณ||พื้นที่ในคติความเชื่อและประวัติศาสตร์,บริบทเชิงประวัติศาสตร์ ภูมิศาสตร์ และพื้นที่ > ภูมิศาสตร์และอาณาบริเวณ > พื้นที่ในคติความเชื่อและประวัติศาสตร์
ขี่ม้า,กลุ่มชาติพันธุ์ ชุมชน และวิถีชีวิต,วิถีชีวิตและพฤติกรรมทางสังคม,จารีตการปฏิบัติและพรรณไม้ในวิถีชีวิต,0.75,4,กลุ่มชาติพันธุ์ ชุมชน และวิถีชีวิต||วิถีชีวิตและพฤติกรรมทางสังคม||จารีตการปฏิบัติและพรรณไม้ในวิถีชีวิต,กลุ่มชาติพันธุ์ ชุมชน และวิถีชีวิต > วิถีชีวิตและพฤติกรรมทางสังคม > จารีตการปฏิบัติและพรรณไม้ในวิถีชีวิต
ขึ้นทะเบียน,พิธีกรรม ความเชื่อ และจารีตวัฒนธรรม,จารีตประเพณีและพิธีกรรม,พิธีการสำคัญและจารีตทางสังคม,0.25,4,พิธีกรรม ความเชื่อ และจารีตวัฒนธรรม||จารีตประเพณีและพิธีกรรม||พิธีการสำคัญและจารีตทางสังคม,พิธีกรรม ความเชื่อ และจารีตวัฒนธรรม > จารีตประเพณีและพิธีกรรม > พิธีการสำคัญและจารีตทางสังคม
ขุนช้าง,วรรณคดีและสิ่งมีชีวิตเชิงตำนาน,นามานุกรมและประเภทตัวละคร,ตัวละครหลักและบทบาทในบทละคร,1.0,4,วรรณคดีและสิ่งมีชีวิตเชิงตำนาน||นามานุกรมและประเภทตัวละคร||ตัวละครหลักและบทบาทในบทละคร,วรรณคดีและสิ่งมีชีวิตเชิงตำนาน > นามานุกรมและประเภทตัวละคร > ตัวละครหลักและบทบาทในบทละคร
ขุนแผน,วรรณคดีและสิ่งมีชีวิตเชิงตำนาน,นามานุกรมและประเภทตัวละคร,ตัวละครหลักและบทบาทในบทละคร,1.0,4,วรรณคดีและสิ่งมีชีวิตเชิงตำนาน||นามานุกรมและประเภทตัวละคร||ตัวละครหลักและบทบาทในบทละคร,วรรณคดีและสิ่งมีชีวิตเชิงตำนาน > นามานุกรมและประเภทตัวละคร > ตัวละครหลักและบทบาทในบทละคร
ข่ายเพชร,วัฒนธรรมวัตถุ ศิลปกรรม และงานช่าง,ประณีตศิลป์และทัศนศิลป์,งานช่างศิลปกรรมและเทคนิควิธี,0.5,4,วัฒนธรรมวัตถุ ศิลปกรรม และงานช่าง||ประณีตศิลป์และทัศนศิลป์||งานช่างศิลปกรรมและเทคนิควิธี,วัฒนธรรมวัตถุ ศิลปกรรม และงานช่าง > ประณีตศิลป์และทัศนศิลป์ > งานช่างศิลปกรรมและเทคนิควิธี
ข่ายเหล็ก,วัฒนธรรมวัตถุ ศิลปกรรม และงานช่าง,พัสตราภรณ์และเครื่องแต่งกาย,ระเบียบการแต่งกายและอาวุธจำลอง,0.5,4,วัฒนธรรมวัตถุ ศิลปกรรม และงานช่าง||พัสตราภรณ์และเครื่องแต่งกาย||ระเบียบการแต่งกายและอาวุธจำลอง,วัฒนธรรมวัตถุ ศิลปกรรม และงานช่าง > พัสตราภรณ์และเครื่องแต่งกาย > ระเบียบการแต่งกายและอาวุธจำลอง
ข้าวเหนียว,กลุ่มชาติพันธุ์ ชุมชน และวิถีชีวิต,วิถีชีวิตและระบบเศรษฐกิจ,การประกอบอาชีพและโภชนาการ,1.0,4,กลุ่มชาติพันธุ์ ชุมชน และวิถีชีวิต||วิถีชีวิตและระบบเศรษฐกิจ||การประกอบอาชีพและโภชนาการ,กลุ่มชาติพันธุ์ ชุมชน และวิถีชีวิต > วิถีชีวิตและระบบเศรษฐกิจ > การประกอบอาชีพและโภชนาการ
ข้าศึก,บริบทเชิงประวัติศาสตร์ ภูมิศาสตร์ และพื้นที่,ยุคสมัยและเหตุการณ์สำคัญ,ลำดับเวลาและประวัติศาสตร์การสงคราม,0.75,4,บริบทเชิงประวัติศาสตร์ ภูมิศาสตร์ และพื้นที่||ยุคสมัยและเหตุการณ์สำคัญ||ลำดับเวลาและประวัติศาสตร์การสงคราม,บริบทเชิงประวัติศาสตร์ ภูมิศาสตร์ และพื้นที่ > ยุคสมัยและเหตุการณ์สำคัญ > ลำดับเวลาและประวัติศาสตร์การสงคราม
ข้าหลวง,กลุ่มชาติพันธุ์ ชุมชน และวิถีชีวิต,โครงสร้างสังคมและบุคคลสำคัญ,ฐานันดรศักดิ์และบทบาททางสังคม,0.75,4,กลุ่มชาติพันธุ์ ชุมชน และวิถีชีวิต||โครงสร้างสังคมและบุคคลสำคัญ||ฐานันดรศักดิ์และบทบาททางสังคม,กลุ่มชาติพันธุ์ ชุมชน และวิถีชีวิต > โครงสร้างสังคมและบุคคลสำคัญ > ฐานันดรศักดิ์และบทบาททางสังคม
ความคล่องแคล่ว,ศิลปะการแสดงและดนตรี,บุคลากรและทักษะทางศิลปะ,กลวิธีและสมรรถนะการแสดง,0.75,4,ศิลปะการแสดงและดนตรี||บุคลากรและทักษะทางศิลปะ||กลวิธีและสมรรถนะการแสดง,ศิลปะการแสดงและดนตรี > บุคลากรและทักษะทางศิลปะ > กลวิธีและสมรรถนะการแสดง
คำร้อง,ศิลปะการแสดงและดนตรี,ดุริยางคศิลป์และคีตศิลป์,ระเบียบวิธีทางดนตรีและประเภทบทเพลง,1.0,4,ศิลปะการแสดงและดนตรี||ดุริยางคศิลป์และคีตศิลป์||ระเบียบวิธีทางดนตรีและประเภทบทเพลง,ศิลปะการแสดงและดนตรี > ดุริยางคศิลป์และคีตศิลป์ > ระเบียบวิธีทางดนตรีและประเภทบทเพลง
คู่ต่อสู้,วรรณคดีและสิ่งมีชีวิตเชิงตำนาน,นามานุกรมและประเภทตัวละคร,ตัวละครหลักและบทบาทในบทละคร,1.0,4,วรรณคดีและสิ่งมีชีวิตเชิงตำนาน||นามานุกรมและประเภทตัวละคร||ตัวละครหลักและบทบาทในบทละคร,วรรณคดีและสิ่งมีชีวิตเชิงตำนาน > นามานุกรมและประเภทตัวละคร > ตัวละครหลักและบทบาทในบทละคร
คู่ใจ,กลุ่มชาติพันธุ์ ชุมชน และวิถีชีวิต,วิถีชีวิตและพฤติกรรมทางสังคม,จารีตการปฏิบัติและพรรณไม้ในวิถีชีวิต,0.5,4,กลุ่มชาติพันธุ์ ชุมชน และวิถีชีวิต||วิถีชีวิตและพฤติกรรมทางสังคม||จารีตการปฏิบัติและพรรณไม้ในวิถีชีวิต,กลุ่มชาติพันธุ์ ชุมชน และวิถีชีวิต > วิถีชีวิตและพฤติกรรมทางสังคม > จารีตการปฏิบัติและพรรณไม้ในวิถีชีวิต
ค้าขาย,กลุ่มชาติพันธุ์ ชุมชน และวิถีชีวิต,วิถีชีวิตและระบบเศรษฐกิจ,การประกอบอาชีพและโภชนาการ,1.0,4,กลุ่มชาติพันธุ์ ชุมชน และวิถีชีวิต||วิถีชีวิตและระบบเศรษฐกิจ||การประกอบอาชีพและโภชนาการ,กลุ่มชาติพันธุ์ ชุมชน และวิถีชีวิต > วิถีชีวิตและระบบเศรษฐกิจ > การประกอบอาชีพและโภชนาการ
งานประติมากรรม,วัฒนธรรมวัตถุ ศิลปกรรม และงานช่าง,ประณีตศิลป์และทัศนศิลป์,งานช่างศิลปกรรมและเทคนิควิธี,1.0,4,วัฒนธรรมวัตถุ ศิลปกรรม และงานช่าง||ประณีตศิลป์และทัศนศิลป์||งานช่างศิลปกรรมและเทคนิควิธี,วัฒนธรรมวัตถุ ศิลปกรรม และงานช่าง > ประณีตศิลป์และทัศนศิลป์ > งานช่างศิลปกรรมและเทคนิควิธี
งานรื่นเริง,กลุ่มชาติพันธุ์ ชุมชน และวิถีชีวิต,วิถีชีวิตและพฤติกรรมทางสังคม,จารีตการปฏิบัติและพรรณไม้ในวิถีชีวิต,0.5,4,กลุ่มชาติพันธุ์ ชุมชน และวิถีชีวิต||วิถีชีวิตและพฤติกรรมทางสังคม||จารีตการปฏิบัติและพรรณไม้ในวิถีชีวิต,กลุ่มชาติพันธุ์ ชุมชน และวิถีชีวิต > วิถีชีวิตและพฤติกรรมทางสังคม > จารีตการปฏิบัติและพรรณไม้ในวิถีชีวิต
งานแต่งงาน,พิธีกรรม ความเชื่อ และจารีตวัฒนธรรม,จารีตประเพณีและพิธีกรรม,พิธีการสำคัญและจารีตทางสังคม,1.0,4,พิธีกรรม ความเชื่อ และจารีตวัฒนธรรม||จารีตประเพณีและพิธีกรรม||พิธีการสำคัญและจารีตทางสังคม,พิธีกรรม ความเชื่อ และจารีตวัฒนธรรม > จารีตประเพณีและพิธีกรรม > พิธีการสำคัญและจารีตทางสังคม
จนตาย,พิธีกรรม ความเชื่อ และจารีตวัฒนธรรม,จารีตประเพณีและพิธีกรรม,พิธีการสำคัญและจารีตทางสังคม,0.5,4,พิธีกรรม ความเชื่อ และจารีตวัฒนธรรม||จารีตประเพณีและพิธีกรรม||พิธีการสำคัญและจารีตทางสังคม,พิธีกรรม ความเชื่อ และจารีตวัฒนธรรม > จารีตประเพณีและพิธีกรรม > พิธีการสำคัญและจารีตทางสังคม
จองถนน,พิธีกรรม ความเชื่อ และจารีตวัฒนธรรม,จารีตประเพณีและพิธีกรรม,พิธีการสำคัญและจารีตทางสังคม,0.5,4,พิธีกรรม ความเชื่อ และจารีตวัฒนธรรม||จารีตประเพณีและพิธีกรรม||พิธีการสำคัญและจารีตทางสังคม,พิธีกรรม ความเชื่อ และจารีตวัฒนธรรม > จารีตประเพณีและพิธีกรรม > พิธีการสำคัญและจารีตทางสังคม
จัดทัพ,บริบทเชิงประวัติศาสตร์ ภูมิศาสตร์ และพื้นที่,ยุคสมัยและเหตุการณ์สำคัญ,ลำดับเวลาและประวัติศาสตร์การสงคราม,1.0,4,บริบทเชิงประวัติศาสตร์ ภูมิศาสตร์ และพื้นที่||ยุคสมัยและเหตุการณ์สำคัญ||ลำดับเวลาและประวัติศาสตร์การสงคราม,บริบทเชิงประวัติศาสตร์ ภูมิศาสตร์ และพื้นที่ > ยุคสมัยและเหตุการณ์สำคัญ > ลำดับเวลาและประวัติศาสตร์การสงคราม
จับนาง,ศิลปะการแสดงและดนตรี,นาฏยศิลป์และการแสดง,กระบวนท่ารำและจารีตการแสดง,0.5,4,ศิลปะการแสดงและดนตรี||นาฏยศิลป์และการแสดง||กระบวนท่ารำและจารีตการแสดง,ศิลปะการแสดงและดนตรี > นาฏยศิลป์และการแสดง > กระบวนท่ารำและจารีตการแสดง
จับระบำ,ศิลปะการแสดงและดนตรี,นาฏยศิลป์และการแสดง,กระบวนท่ารำและจารีตการแสดง,1.0,4,ศิลปะการแสดงและดนตรี||นาฏยศิลป์และการแสดง||กระบวนท่ารำและจารีตการแสดง,ศิลปะการแสดงและดนตรี > นาฏยศิลป์และการแสดง > กระบวนท่ารำและจารีตการแสดง
จารึก,บริบทเชิงประวัติศาสตร์ ภูมิศาสตร์ และพื้นที่,ยุคสมัยและเหตุการณ์สำคัญ,ลำดับเวลาและประวัติศาสตร์การสงคราม,0.75,4,บริบทเชิงประวัติศาสตร์ ภูมิศาสตร์ และพื้นที่||ยุคสมัยและเหตุการณ์สำคัญ||ลำดับเวลาและประวัติศาสตร์การสงคราม,บริบทเชิงประวัติศาสตร์ ภูมิศาสตร์ และพื้นที่ > ยุคสมัยและเหตุการณ์สำคัญ > ลำดับเวลาและประวัติศาสตร์การสงคราม
จำกาย,วรรณคดีและสิ่งมีชีวิตเชิงตำนาน,นามานุกรมและประเภทตัวละคร,ตัวละครหลักและบทบาทในบทละคร,0.25,4,วรรณคดีและสิ่งมีชีวิตเชิงตำนาน||นามานุกรมและประเภทตัวละคร||ตัวละครหลักและบทบาทในบทละคร,วรรณคดีและสิ่งมีชีวิตเชิงตำนาน > นามานุกรมและประเภทตัวละคร > ตัวละครหลักและบทบาทในบทละคร
จำแลง,วรรณคดีและสิ่งมีชีวิตเชิงตำนาน,นามานุกรมและประเภทตัวละคร,เทวปกรณ์ อสูร และอมนุษย์,0.5,4,วรรณคดีและสิ่งมีชีวิตเชิงตำนาน||นามานุกรมและประเภทตัวละคร||เทวปกรณ์ อสูร และอมนุษย์,วรรณคดีและสิ่งมีชีวิตเชิงตำนาน > นามานุกรมและประเภทตัวละคร > เทวปกรณ์ อสูร และอมนุษย์
จิตรกรรม,วัฒนธรรมวัตถุ ศิลปกรรม และงานช่าง,ประณีตศิลป์และทัศนศิลป์,งานช่างศิลปกรรมและเทคนิควิธี,1.0,4,วัฒนธรรมวัตถุ ศิลปกรรม และงานช่าง||ประณีตศิลป์และทัศนศิลป์||งานช่างศิลปกรรมและเทคนิควิธี,วัฒนธรรมวัตถุ ศิลปกรรม และงานช่าง > ประณีตศิลป์และทัศนศิลป์ > งานช่างศิลปกรรมและเทคนิควิธี
จีนรัว,ศิลปะการแสดงและดนตรี,ดุริยางคศิลป์และคีตศิลป์,ระเบียบวิธีทางดนตรีและประเภทบทเพลง,0.75,4,ศิลปะการแสดงและดนตรี||ดุริยางคศิลป์และคีตศิลป์||ระเบียบวิธีทางดนตรีและประเภทบทเพลง,ศิลปะการแสดงและดนตรี > ดุริยางคศิลป์และคีตศิลป์ > ระเบียบวิธีทางดนตรีและประเภทบทเพลง
จีนรำพัด,ศิลปะการแสดงและดนตรี,นาฏยศิลป์และการแสดง,รูปแบบการแสดงและนาฏศิลป์ท้องถิ่น,0.5,4,ศิลปะการแสดงและดนตรี||นาฏยศิลป์และการแสดง||รูปแบบการแสดงและนาฏศิลป์ท้องถิ่น,ศิลปะการแสดงและดนตรี > นาฏยศิลป์และการแสดง > รูปแบบการแสดงและนาฏศิลป์ท้องถิ่น
จุดไฟ,พิธีกรรม ความเชื่อ และจารีตวัฒนธรรม,จารีตประเพณีและพิธีกรรม,พิธีการสำคัญและจารีตทางสังคม,0.75,4,พิธีกรรม ความเชื่อ และจารีตวัฒนธรรม||จารีตประเพณีและพิธีกรรม||พิธีการสำคัญและจารีตทางสังคม,พิธีกรรม ความเชื่อ และจารีตวัฒนธรรม > จารีตประเพณีและพิธีกรรม > พิธีการสำคัญและจารีตทางสังคม
ฉลองพระองค์,วัฒนธรรมวัตถุ ศิลปกรรม และงานช่าง,พัสตราภรณ์และเครื่องแต่งกาย,ระเบียบการแต่งกายและอาวุธจำลอง,1.0,4,วัฒนธรรมวัตถุ ศิลปกรรม และงานช่าง||พัสตราภรณ์และเครื่องแต่งกาย||ระเบียบการแต่งกายและอาวุธจำลอง,วัฒนธรรมวัตถุ ศิลปกรรม และงานช่าง > พัสตราภรณ์และเครื่องแต่งกาย > ระเบียบการแต่งกายและอาวุธจำลอง
ฉุยฉาย,ศิลปะการแสดงและดนตรี,นาฏยศิลป์และการแสดง,กระบวนท่ารำและจารีตการแสดง,0.5,4,ศิลปะการแสดงและดนตรี||นาฏยศิลป์และการแสดง||กระบวนท่ารำและจารีตการแสดง,ศิลปะการแสดงและดนตรี > นาฏยศิลป์และการแสดง > กระบวนท่ารำและจารีตการแสดง
ชั้นเชิง,ศิลปะการแสดงและดนตรี,บุคลากรและทักษะทางศิลปะ,กลวิธีและสมรรถนะการแสดง,0.75,4,ศิลปะการแสดงและดนตรี||บุคลากรและทักษะทางศิลปะ||กลวิธีและสมรรถนะการแสดง,ศิลปะการแสดงและดนตรี > บุคลากรและทักษะทางศิลปะ > กลวิธีและสมรรถนะการแสดง
ชั้นเดียว,วัฒนธรรมวัตถุ ศิลปกรรม และงานช่าง,สถาปัตยกรรมและพุทธศิลป์,ศาสนสถานและปูชนียวัตถุ,0.5,4,วัฒนธรรมวัตถุ ศิลปกรรม และงานช่าง||สถาปัตยกรรมและพุทธศิลป์||ศาสนสถานและปูชนียวัตถุ,วัฒนธรรมวัตถุ ศิลปกรรม และงานช่าง > สถาปัตยกรรมและพุทธศิลป์ > ศาสนสถานและปูชนียวัตถุ
ชาติพันธุ์,กลุ่มชาติพันธุ์ ชุมชน และวิถีชีวิต,อัตลักษณ์ทางสังคมและกลุ่มคน,กลุ่มชาติพันธุ์และชุมชนท้องถิ่น,1.0,4,กลุ่มชาติพันธุ์ ชุมชน และวิถีชีวิต||อัตลักษณ์ทางสังคมและกลุ่มคน||กลุ่มชาติพันธุ์และชุมชนท้องถิ่น,กลุ่มชาติพันธุ์ ชุมชน และวิถีชีวิต > อัตลักษณ์ทางสังคมและกลุ่มคน > กลุ่มชาติพันธุ์และชุมชนท้องถิ่น
ชามพูวราช,วรรณคดีและสิ่งมีชีวิตเชิงตำนาน,นามานุกรมและประเภทตัวละคร,เทวปกรณ์ อสูร และอมนุษย์,0.5,4,วรรณคดีและสิ่งมีชีวิตเชิงตำนาน||นามานุกรมและประเภทตัวละคร||เทวปกรณ์ อสูร และอมนุษย์,วรรณคดีและสิ่งมีชีวิตเชิงตำนาน > นามานุกรมและประเภทตัวละคร > เทวปกรณ์ อสูร และอมนุษย์
ชายหนุ่ม,กลุ่มชาติพันธุ์ ชุมชน และวิถีชีวิต,โครงสร้างสังคมและบุคคลสำคัญ,ฐานันดรศักดิ์และบทบาททางสังคม,0.75,4,กลุ่มชาติพันธุ์ ชุมชน และวิถีชีวิต||โครงสร้างสังคมและบุคคลสำคัญ||ฐานันดรศักดิ์และบทบาททางสังคม,กลุ่มชาติพันธุ์ ชุมชน และวิถีชีวิต > โครงสร้างสังคมและบุคคลสำคัญ > ฐานันดรศักดิ์และบทบาททางสังคม
ชาวนา,กลุ่มชาติพันธุ์ ชุมชน และวิถีชีวิต,วิถีชีวิตและระบบเศรษฐกิจ,การประกอบอาชีพและโภชนาการ,1.0,4,กลุ่มชาติพันธุ์ ชุมชน และวิถีชีวิต||วิถีชีวิตและระบบเศรษฐกิจ||การประกอบอาชีพและโภชนาการ,กลุ่มชาติพันธุ์ ชุมชน และวิถีชีวิต > วิถีชีวิตและระบบเศรษฐกิจ > การประกอบอาชีพและโภชนาการ
ชาวพื้นเมือง,กลุ่มชาติพันธุ์ ชุมชน และวิถีชีวิต,อัตลักษณ์ทางสังคมและกลุ่มคน,กลุ่มชาติพันธุ์และชุมชนท้องถิ่น,1.0,4,กลุ่มชาติพันธุ์ ชุมชน และวิถีชีวิต||อัตลักษณ์ทางสังคมและกลุ่มคน||กลุ่มชาติพันธุ์และชุมชนท้องถิ่น,กลุ่มชาติพันธุ์ ชุมชน และวิถีชีวิต > อัตลักษณ์ทางสังคมและกลุ่มคน > กลุ่มชาติพันธุ์และชุมชนท้องถิ่น
ชาวภูไท,กลุ่มชาติพันธุ์ ชุมชน และวิถีชีวิต,อัตลักษณ์ทางสังคมและกลุ่มคน,กลุ่มชาติพันธุ์และชุมชนท้องถิ่น,1.0,4,กลุ่มชาติพันธุ์ ชุมชน และวิถีชีวิต||อัตลักษณ์ทางสังคมและกลุ่มคน||กลุ่มชาติพันธุ์และชุมชนท้องถิ่น,กลุ่มชาติพันธุ์ ชุมชน และวิถีชีวิต > อัตลักษณ์ทางสังคมและกลุ่มคน > กลุ่มชาติพันธุ์และชุมชนท้องถิ่น
ชาวเขา,กลุ่มชาติพันธุ์ ชุมชน และวิถีชีวิต,อัตลักษณ์ทางสังคมและกลุ่มคน,กลุ่มชาติพันธุ์และชุมชนท้องถิ่น,1.0,4,กลุ่มชาติพันธุ์ ชุมชน และวิถีชีวิต||อัตลักษณ์ทางสังคมและกลุ่มคน||กลุ่มชาติพันธุ์และชุมชนท้องถิ่น,กลุ่มชาติพันธุ์ ชุมชน และวิถีชีวิต > อัตลักษณ์ทางสังคมและกลุ่มคน > กลุ่มชาติพันธุ์และชุมชนท้องถิ่น
ชาวเหนือ,กลุ่มชาติพันธุ์ ชุมชน และวิถีชีวิต,อัตลักษณ์ทางสังคมและกลุ่มคน,กลุ่มชาติพันธุ์และชุมชนท้องถิ่น,1.0,4,กลุ่มชาติพันธุ์ ชุมชน และวิถีชีวิต||อัตลักษณ์ทางสังคมและกลุ่มคน||กลุ่มชาติพันธุ์และชุมชนท้องถิ่น,กลุ่มชาติพันธุ์ ชุมชน และวิถีชีวิต > อัตลักษณ์ทางสังคมและกลุ่มคน > กลุ่มชาติพันธุ์และชุมชนท้องถิ่น
ชุมนุม,ศิลปะการแสดงและดนตรี,ดุริยางคศิลป์และคีตศิลป์,ระเบียบวิธีทางดนตรีและประเภทบทเพลง,0.25,4,ศิลปะการแสดงและดนตรี||ดุริยางคศิลป์และคีตศิลป์||ระเบียบวิธีทางดนตรีและประเภทบทเพลง,ศิลปะการแสดงและดนตรี > ดุริยางคศิลป์และคีตศิลป์ > ระเบียบวิธีทางดนตรีและประเภทบทเพลง
ชุมพร,บริบทเชิงประวัติศาสตร์ ภูมิศาสตร์ และพื้นที่,ภูมิศาสตร์และอาณาบริเวณ,เขตปกครองและภูมิภาค,1.0,4,บริบทเชิงประวัติศาสตร์ ภูมิศาสตร์ และพื้นที่||ภูมิศาสตร์และอาณาบริเวณ||เขตปกครองและภูมิภาค,บริบทเชิงประวัติศาสตร์ ภูมิศาสตร์ และพื้นที่ > ภูมิศาสตร์และอาณาบริเวณ > เขตปกครองและภูมิภาค
ช่อดอกไม้,วัฒนธรรมวัตถุ ศิลปกรรม และงานช่าง,ประณีตศิลป์และทัศนศิลป์,งานช่างศิลปกรรมและเทคนิควิธี,0.5,4,วัฒนธรรมวัตถุ ศิลปกรรม และงานช่าง||ประณีตศิลป์และทัศนศิลป์||งานช่างศิลปกรรมและเทคนิควิธี,วัฒนธรรมวัตถุ ศิลปกรรม และงานช่าง > ประณีตศิลป์และทัศนศิลป์ > งานช่างศิลปกรรมและเทคนิควิธี
ช้างเอราวัณ,วรรณคดีและสิ่งมีชีวิตเชิงตำนาน,นามานุกรมและประเภทตัวละคร,เทวปกรณ์ อสูร และอมนุษย์,1.0,4,วรรณคดีและสิ่งมีชีวิตเชิงตำนาน||นามานุกรมและประเภทตัวละคร||เทวปกรณ์ อสูร และอมนุษย์,วรรณคดีและสิ่งมีชีวิตเชิงตำนาน > นามานุกรมและประเภทตัวละคร > เทวปกรณ์ อสูร และอมนุษย์
ดนตรีพื้นบ้าน,ศิลปะการแสดงและดนตรี,ดุริยางคศิลป์และคีตศิลป์,ระเบียบวิธีทางดนตรีและประเภทบทเพลง,0.5,4,ศิลปะการแสดงและดนตรี||ดุริยางคศิลป์และคีตศิลป์||ระเบียบวิธีทางดนตรีและประเภทบทเพลง,ศิลปะการแสดงและดนตรี > ดุริยางคศิลป์และคีตศิลป์ > ระเบียบวิธีทางดนตรีและประเภทบทเพลง
ดนตรีไทย,ศิลปะการแสดงและดนตรี,ดุริยางคศิลป์และคีตศิลป์,ระเบียบวิธีทางดนตรีและประเภทบทเพลง,0.75,4,ศิลปะการแสดงและดนตรี||ดุริยางคศิลป์และคีตศิลป์||ระเบียบวิธีทางดนตรีและประเภทบทเพลง,ศิลปะการแสดงและดนตรี > ดุริยางคศิลป์และคีตศิลป์ > ระเบียบวิธีทางดนตรีและประเภทบทเพลง
ดวงแก้ว,วัฒนธรรมวัตถุ ศิลปกรรม และงานช่าง,วัสดุและอัญมณี,วัสดุธรรมชาติและรัตนชาติ,1.0,4,วัฒนธรรมวัตถุ ศิลปกรรม และงานช่าง||วัสดุและอัญมณี||วัสดุธรรมชาติและรัตนชาติ,วัฒนธรรมวัตถุ ศิลปกรรม และงานช่าง > วัสดุและอัญมณี > วัสดุธรรมชาติและรัตนชาติ
ดอกไม้,กลุ่มชาติพันธุ์ ชุมชน และวิถีชีวิต,วิถีชีวิตและพฤติกรรมทางสังคม,จารีตการปฏิบัติและพรรณไม้ในวิถีชีวิต,1.0,4,กลุ่มชาติพันธุ์ ชุมชน และวิถีชีวิต||วิถีชีวิตและพฤติกรรมทางสังคม||จารีตการปฏิบัติและพรรณไม้ในวิถีชีวิต,กลุ่มชาติพันธุ์ ชุมชน และวิถีชีวิต > วิถีชีวิตและพฤติกรรมทางสังคม > จารีตการปฏิบัติและพรรณไม้ในวิถีชีวิต
ดอกไม้เงิน,พิธีกรรม ความเชื่อ และจารีตวัฒนธรรม,จารีตประเพณีและพิธีกรรม,พิธีการสำคัญและจารีตทางสังคม,0.5,4,พิธีกรรม ความเชื่อ และจารีตวัฒนธรรม||จารีตประเพณีและพิธีกรรม||พิธีการสำคัญและจารีตทางสังคม,พิธีกรรม ความเชื่อ และจารีตวัฒนธรรม > จารีตประเพณีและพิธีกรรม > พิธีการสำคัญและจารีตทางสังคม
ดาวดึงส์,วรรณคดีและสิ่งมีชีวิตเชิงตำนาน,นามานุกรมและประเภทตัวละคร,เทวปกรณ์ อสูร และอมนุษย์,0.5,4,วรรณคดีและสิ่งมีชีวิตเชิงตำนาน||นามานุกรมและประเภทตัวละคร||เทวปกรณ์ อสูร และอมนุษย์,วรรณคดีและสิ่งมีชีวิตเชิงตำนาน > นามานุกรมและประเภทตัวละคร > เทวปกรณ์ อสูร และอมนุษย์
ดินดาล,วัฒนธรรมวัตถุ ศิลปกรรม และงานช่าง,วัสดุและอัญมณี,วัสดุธรรมชาติและรัตนชาติ,0.25,4,วัฒนธรรมวัตถุ ศิลปกรรม และงานช่าง||วัสดุและอัญมณี||วัสดุธรรมชาติและรัตนชาติ,วัฒนธรรมวัตถุ ศิลปกรรม และงานช่าง > วัสดุและอัญมณี > วัสดุธรรมชาติและรัตนชาติ
ตะกร้อ,กลุ่มชาติพันธุ์ ชุมชน และวิถีชีวิต,วิถีชีวิตและพฤติกรรมทางสังคม,จารีตการปฏิบัติและพรรณไม้ในวิถีชีวิต,0.5,4,กลุ่มชาติพันธุ์ ชุมชน และวิถีชีวิต||วิถีชีวิตและพฤติกรรมทางสังคม||จารีตการปฏิบัติและพรรณไม้ในวิถีชีวิต,กลุ่มชาติพันธุ์ ชุมชน และวิถีชีวิต > วิถีชีวิตและพฤติกรรมทางสังคม > จารีตการปฏิบัติและพรรณไม้ในวิถีชีวิต
ตะเขิ่ง,ศิลปะการแสดงและดนตรี,ดุริยางคศิลป์และคีตศิลป์,เครื่องดนตรีและวงดนตรี,0.75,4,ศิลปะการแสดงและดนตรี||ดุริยางคศิลป์และคีตศิลป์||เครื่องดนตรีและวงดนตรี,ศิลปะการแสดงและดนตรี > ดุริยางคศิลป์และคีตศิลป์ > เครื่องดนตรีและวงดนตรี
ตัวต่อตัว,ศิลปะการแสดงและดนตรี,บุคลากรและทักษะทางศิลปะ,กลวิธีและสมรรถนะการแสดง,0.5,4,ศิลปะการแสดงและดนตรี||บุคลากรและทักษะทางศิลปะ||กลวิธีและสมรรถนะการแสดง,ศิลปะการแสดงและดนตรี > บุคลากรและทักษะทางศิลปะ > กลวิธีและสมรรถนะการแสดง
ตัวพระ,วรรณคดีและสิ่งมีชีวิตเชิงตำนาน,นามานุกรมและประเภทตัวละคร,ตัวละครหลักและบทบาทในบทละคร,0.75,4,วรรณคดีและสิ่งมีชีวิตเชิงตำนาน||นามานุกรมและประเภทตัวละคร||ตัวละครหลักและบทบาทในบทละคร,วรรณคดีและสิ่งมีชีวิตเชิงตำนาน > นามานุกรมและประเภทตัวละคร > ตัวละครหลักและบทบาทในบทละคร
ตามเพลง,ศิลปะการแสดงและดนตรี,นาฏยศิลป์และการแสดง,กระบวนท่ารำและจารีตการแสดง,0.5,4,ศิลปะการแสดงและดนตรี||นาฏยศิลป์และการแสดง||กระบวนท่ารำและจารีตการแสดง,ศิลปะการแสดงและดนตรี > นาฏยศิลป์และการแสดง > กระบวนท่ารำและจารีตการแสดง
ตารี,วรรณคดีและสิ่งมีชีวิตเชิงตำนาน,นามานุกรมและประเภทตัวละคร,ตัวละครหลักและบทบาทในบทละคร,0.5,4,วรรณคดีและสิ่งมีชีวิตเชิงตำนาน||นามานุกรมและประเภทตัวละคร||ตัวละครหลักและบทบาทในบทละคร,วรรณคดีและสิ่งมีชีวิตเชิงตำนาน > นามานุกรมและประเภทตัวละคร > ตัวละครหลักและบทบาทในบทละคร
ตารีกีปัส,ศิลปะการแสดงและดนตรี,ดุริยางคศิลป์และคีตศิลป์,เครื่องดนตรีและวงดนตรี,0.5,4,ศิลปะการแสดงและดนตรี||ดุริยางคศิลป์และคีตศิลป์||เครื่องดนตรีและวงดนตรี,ศิลปะการแสดงและดนตรี > ดุริยางคศิลป์และคีตศิลป์ > เครื่องดนตรีและวงดนตรี
ตารีบุหงา,วัฒนธรรมวัตถุ ศิลปกรรม และงานช่าง,พัสตราภรณ์และเครื่องแต่งกาย,ระเบียบการแต่งกายและอาวุธจำลอง,0.5,4,วัฒนธรรมวัตถุ ศิลปกรรม และงานช่าง||พัสตราภรณ์และเครื่องแต่งกาย||ระเบียบการแต่งกายและอาวุธจำลอง,วัฒนธรรมวัตถุ ศิลปกรรม และงานช่าง > พัสตราภรณ์และเครื่องแต่งกาย > ระเบียบการแต่งกายและอาวุธจำลอง
ตำนาน,วรรณคดีและสิ่งมีชีวิตเชิงตำนาน,นามานุกรมและประเภทตัวละคร,เทวปกรณ์ อสูร และอมนุษย์,0.75,4,วรรณคดีและสิ่งมีชีวิตเชิงตำนาน||นามานุกรมและประเภทตัวละคร||เทวปกรณ์ อสูร และอมนุษย์,วรรณคดีและสิ่งมีชีวิตเชิงตำนาน > นามานุกรมและประเภทตัวละคร > เทวปกรณ์ อสูร และอมนุษย์
ติดมือ,วัฒนธรรมวัตถุ ศิลปกรรม และงานช่าง,พัสตราภรณ์และเครื่องแต่งกาย,ระเบียบการแต่งกายและอาวุธจำลอง,0.5,4,วัฒนธรรมวัตถุ ศิลปกรรม และงานช่าง||พัสตราภรณ์และเครื่องแต่งกาย||ระเบียบการแต่งกายและอาวุธจำลอง,วัฒนธรรมวัตถุ ศิลปกรรม และงานช่าง > พัสตราภรณ์และเครื่องแต่งกาย > ระเบียบการแต่งกายและอาวุธจำลอง
ตีลังกา,ศิลปะการแสดงและดนตรี,นาฏยศิลป์และการแสดง,กระบวนท่ารำและจารีตการแสดง,0.75,4,ศิลปะการแสดงและดนตรี||นาฏยศิลป์และการแสดง||กระบวนท่ารำและจารีตการแสดง,ศิลปะการแสดงและดนตรี > นาฏยศิลป์และการแสดง > กระบวนท่ารำและจารีตการแสดง
ต่อสู้,ศิลปะการแสดงและดนตรี,นาฏยศิลป์และการแสดง,กระบวนท่ารำและจารีตการแสดง,0.25,4,ศิลปะการแสดงและดนตรี||นาฏยศิลป์และการแสดง||กระบวนท่ารำและจารีตการแสดง,ศิลปะการแสดงและดนตรี > นาฏยศิลป์และการแสดง > กระบวนท่ารำและจารีตการแสดง
ต้นขา,กลุ่มชาติพันธุ์ ชุมชน และวิถีชีวิต,วิถีชีวิตและพฤติกรรมทางสังคม,จารีตการปฏิบัติและพรรณไม้ในวิถีชีวิต,0.5,4,กลุ่มชาติพันธุ์ ชุมชน และวิถีชีวิต||วิถีชีวิตและพฤติกรรมทางสังคม||จารีตการปฏิบัติและพรรณไม้ในวิถีชีวิต,กลุ่มชาติพันธุ์ ชุมชน และวิถีชีวิต > วิถีชีวิตและพฤติกรรมทางสังคม > จารีตการปฏิบัติและพรรณไม้ในวิถีชีวิต
ต้นรัง,กลุ่มชาติพันธุ์ ชุมชน และวิถีชีวิต,วิถีชีวิตและพฤติกรรมทางสังคม,จารีตการปฏิบัติและพรรณไม้ในวิถีชีวิต,0.75,4,กลุ่มชาติพันธุ์ ชุมชน และวิถีชีวิต||วิถีชีวิตและพฤติกรรมทางสังคม||จารีตการปฏิบัติและพรรณไม้ในวิถีชีวิต,กลุ่มชาติพันธุ์ ชุมชน และวิถีชีวิต > วิถีชีวิตและพฤติกรรมทางสังคม > จารีตการปฏิบัติและพรรณไม้ในวิถีชีวิต
ต้นลีลาวดี,กลุ่มชาติพันธุ์ ชุมชน และวิถีชีวิต,วิถีชีวิตและพฤติกรรมทางสังคม,จารีตการปฏิบัติและพรรณไม้ในวิถีชีวิต,1.0,4,กลุ่มชาติพันธุ์ ชุมชน และวิถีชีวิต||วิถีชีวิตและพฤติกรรมทางสังคม||จารีตการปฏิบัติและพรรณไม้ในวิถีชีวิต,กลุ่มชาติพันธุ์ ชุมชน และวิถีชีวิต > วิถีชีวิตและพฤติกรรมทางสังคม > จารีตการปฏิบัติและพรรณไม้ในวิถีชีวิต
ถอยทัพ,บริบทเชิงประวัติศาสตร์ ภูมิศาสตร์ และพื้นที่,ยุคสมัยและเหตุการณ์สำคัญ,ลำดับเวลาและประวัติศาสตร์การสงคราม,0.75,4,บริบทเชิงประวัติศาสตร์ ภูมิศาสตร์ และพื้นที่||ยุคสมัยและเหตุการณ์สำคัญ||ลำดับเวลาและประวัติศาสตร์การสงคราม,บริบทเชิงประวัติศาสตร์ ภูมิศาสตร์ และพื้นที่ > ยุคสมัยและเหตุการณ์สำคัญ > ลำดับเวลาและประวัติศาสตร์การสงคราม
ทศกัณฐ์,วรรณคดีและสิ่งมีชีวิตเชิงตำนาน,นามานุกรมและประเภทตัวละคร,เทวปกรณ์ อสูร และอมนุษย์,0.75,4,วรรณคดีและสิ่งมีชีวิตเชิงตำนาน||นามานุกรมและประเภทตัวละคร||เทวปกรณ์ อสูร และอมนุษย์,วรรณคดีและสิ่งมีชีวิตเชิงตำนาน > นามานุกรมและประเภทตัวละคร > เทวปกรณ์ อสูร และอมนุษย์
ทหารเอก,กลุ่มชาติพันธุ์ ชุมชน และวิถีชีวิต,โครงสร้างสังคมและบุคคลสำคัญ,ฐานันดรศักดิ์และบทบาททางสังคม,0.75,4,กลุ่มชาติพันธุ์ ชุมชน และวิถีชีวิต||โครงสร้างสังคมและบุคคลสำคัญ||ฐานันดรศักดิ์และบทบาททางสังคม,กลุ่มชาติพันธุ์ ชุมชน และวิถีชีวิต > โครงสร้างสังคมและบุคคลสำคัญ > ฐานันดรศักดิ์และบทบาททางสังคม
ทอผ้า,วัฒนธรรมวัตถุ ศิลปกรรม และงานช่าง,พัสตราภรณ์และเครื่องแต่งกาย,ระเบียบการแต่งกายและอาวุธจำลอง,0.5,4,วัฒนธรรมวัตถุ ศิลปกรรม และงานช่าง||พัสตราภรณ์และเครื่องแต่งกาย||ระเบียบการแต่งกายและอาวุธจำลอง,วัฒนธรรมวัตถุ ศิลปกรรม และงานช่าง > พัสตราภรณ์และเครื่องแต่งกาย > ระเบียบการแต่งกายและอาวุธจำลอง
ทะเล,บริบทเชิงประวัติศาสตร์ ภูมิศาสตร์ และพื้นที่,ภูมิศาสตร์และอาณาบริเวณ,พื้นที่ในคติความเชื่อและประวัติศาสตร์,0.75,4,บริบทเชิงประวัติศาสตร์ ภูมิศาสตร์ และพื้นที่||ภูมิศาสตร์และอาณาบริเวณ||พื้นที่ในคติความเชื่อและประวัติศาสตร์,บริบทเชิงประวัติศาสตร์ ภูมิศาสตร์ และพื้นที่ > ภูมิศาสตร์และอาณาบริเวณ > พื้นที่ในคติความเชื่อและประวัติศาสตร์
ทับทิม,วัฒนธรรมวัตถุ ศิลปกรรม และงานช่าง,วัสดุและอัญมณี,วัสดุธรรมชาติและรัตนชาติ,0.75,4,วัฒนธรรมวัตถุ ศิลปกรรม และงานช่าง||วัสดุและอัญมณี||วัสดุธรรมชาติและรัตนชาติ,วัฒนธรรมวัตถุ ศิลปกรรม และงานช่าง > วัสดุและอัญมณี > วัสดุธรรมชาติและรัตนชาติ
ทับหลัง,วัฒนธรรมวัตถุ ศิลปกรรม และงานช่าง,สถาปัตยกรรมและพุทธศิลป์,ศาสนสถานและปูชนียวัตถุ,1.0,4,วัฒนธรรมวัตถุ ศิลปกรรม และงานช่าง||สถาปัตยกรรมและพุทธศิลป์||ศาสนสถานและปูชนียวัตถุ,วัฒนธรรมวัตถุ ศิลปกรรม และงานช่าง > สถาปัตยกรรมและพุทธศิลป์ > ศาสนสถานและปูชนียวัตถุ
ทัพหน้า,บริบทเชิงประวัติศาสตร์ ภูมิศาสตร์ และพื้นที่,ยุคสมัยและเหตุการณ์สำคัญ,ลำดับเวลาและประวัติศาสตร์การสงคราม,1.0,4,บริบทเชิงประวัติศาสตร์ ภูมิศาสตร์ และพื้นที่||ยุคสมัยและเหตุการณ์สำคัญ||ลำดับเวลาและประวัติศาสตร์การสงคราม,บริบทเชิงประวัติศาสตร์ ภูมิศาสตร์ และพื้นที่ > ยุคสมัยและเหตุการณ์สำคัญ > ลำดับเวลาและประวัติศาสตร์การสงคราม
ทางธรรมชาติ,กลุ่มชาติพันธุ์ ชุมชน และวิถีชีวิต,วิถีชีวิตและพฤติกรรมทางสังคม,จารีตการปฏิบัติและพรรณไม้ในวิถีชีวิต,0.25,4,กลุ่มชาติพันธุ์ ชุมชน และวิถีชีวิต||วิถีชีวิตและพฤติกรรมทางสังคม||จารีตการปฏิบัติและพรรณไม้ในวิถีชีวิต,กลุ่มชาติพันธุ์ ชุมชน และวิถีชีวิต > วิถีชีวิตและพฤติกรรมทางสังคม > จารีตการปฏิบัติและพรรณไม้ในวิถีชีวิต
ทำนอง,ศิลปะการแสดงและดนตรี,ดุริยางคศิลป์และคีตศิลป์,ระเบียบวิธีทางดนตรีและประเภทบทเพลง,1.0,4,ศิลปะการแสดงและดนตรี||ดุริยางคศิลป์และคีตศิลป์||ระเบียบวิธีทางดนตรีและประเภทบทเพลง,ศิลปะการแสดงและดนตรี > ดุริยางคศิลป์และคีตศิลป์ > ระเบียบวิธีทางดนตรีและประเภทบทเพลง
ทำนองเพลง,ศิลปะการแสดงและดนตรี,ดุริยางคศิลป์และคีตศิลป์,ระเบียบวิธีทางดนตรีและประเภทบทเพลง,1.0,4,ศิลปะการแสดงและดนตรี||ดุริยางคศิลป์และคีตศิลป์||ระเบียบวิธีทางดนตรีและประเภทบทเพลง,ศิลปะการแสดงและดนตรี > ดุริยางคศิลป์และคีตศิลป์ > ระเบียบวิธีทางดนตรีและประเภทบทเพลง
ทำนาย,พิธีกรรม ความเชื่อ และจารีตวัฒนธรรม,คติความเชื่อและไสยศาสตร์,การขจัดปัดเป่าและอำนาจเหนือธรรมชาติ,0.75,4,พิธีกรรม ความเชื่อ และจารีตวัฒนธรรม||คติความเชื่อและไสยศาสตร์||การขจัดปัดเป่าและอำนาจเหนือธรรมชาติ,พิธีกรรม ความเชื่อ และจารีตวัฒนธรรม > คติความเชื่อและไสยศาสตร์ > การขจัดปัดเป่าและอำนาจเหนือธรรมชาติ
ทำพิธี,พิธีกรรม ความเชื่อ และจารีตวัฒนธรรม,จารีตประเพณีและพิธีกรรม,พิธีการสำคัญและจารีตทางสังคม,1.0,4,พิธีกรรม ความเชื่อ และจารีตวัฒนธรรม||จารีตประเพณีและพิธีกรรม||พิธีการสำคัญและจารีตทางสังคม,พิธีกรรม ความเชื่อ และจารีตวัฒนธรรม > จารีตประเพณีและพิธีกรรม > พิธีการสำคัญและจารีตทางสังคม
ทิพยวิมาน,บริบทเชิงประวัติศาสตร์ ภูมิศาสตร์ และพื้นที่,ภูมิศาสตร์และอาณาบริเวณ,พื้นที่ในคติความเชื่อและประวัติศาสตร์,0.5,4,บริบทเชิงประวัติศาสตร์ ภูมิศาสตร์ และพื้นที่||ภูมิศาสตร์และอาณาบริเวณ||พื้นที่ในคติความเชื่อและประวัติศาสตร์,บริบทเชิงประวัติศาสตร์ ภูมิศาสตร์ และพื้นที่ > ภูมิศาสตร์และอาณาบริเวณ > พื้นที่ในคติความเชื่อและประวัติศาสตร์
ท่วงทำนอง,ศิลปะการแสดงและดนตรี,ดุริยางคศิลป์และคีตศิลป์,ระเบียบวิธีทางดนตรีและประเภทบทเพลง,1.0,4,ศิลปะการแสดงและดนตรี||ดุริยางคศิลป์และคีตศิลป์||ระเบียบวิธีทางดนตรีและประเภทบทเพลง,ศิลปะการแสดงและดนตรี > ดุริยางคศิลป์และคีตศิลป์ > ระเบียบวิธีทางดนตรีและประเภทบทเพลง
ท้าวพิชัยพิษณุกร,วรรณคดีและสิ่งมีชีวิตเชิงตำนาน,นามานุกรมและประเภทตัวละคร,ตัวละครหลักและบทบาทในบทละคร,1.0,4,วรรณคดีและสิ่งมีชีวิตเชิงตำนาน||นามานุกรมและประเภทตัวละคร||ตัวละครหลักและบทบาทในบทละคร,วรรณคดีและสิ่งมีชีวิตเชิงตำนาน > นามานุกรมและประเภทตัวละคร > ตัวละครหลักและบทบาทในบทละคร
ท้าวลัสเตียน,วรรณคดีและสิ่งมีชีวิตเชิงตำนาน,นามานุกรมและประเภทตัวละคร,เทวปกรณ์ อสูร และอมนุษย์,0.5,4,วรรณคดีและสิ่งมีชีวิตเชิงตำนาน||นามานุกรมและประเภทตัวละคร||เทวปกรณ์ อสูร และอมนุษย์,วรรณคดีและสิ่งมีชีวิตเชิงตำนาน > นามานุกรมและประเภทตัวละคร > เทวปกรณ์ อสูร และอมนุษย์
ท้าวสัทธาสูร,วรรณคดีและสิ่งมีชีวิตเชิงตำนาน,นามานุกรมและประเภทตัวละคร,เทวปกรณ์ อสูร และอมนุษย์,0.75,4,วรรณคดีและสิ่งมีชีวิตเชิงตำนาน||นามานุกรมและประเภทตัวละคร||เทวปกรณ์ อสูร และอมนุษย์,วรรณคดีและสิ่งมีชีวิตเชิงตำนาน > นามานุกรมและประเภทตัวละคร > เทวปกรณ์ อสูร และอมนุษย์
ธงไทย,พิธีกรรม ความเชื่อ และจารีตวัฒนธรรม,จารีตประเพณีและพิธีกรรม,พิธีการสำคัญและจารีตทางสังคม,0.5,4,พิธีกรรม ความเชื่อ และจารีตวัฒนธรรม||จารีตประเพณีและพิธีกรรม||พิธีการสำคัญและจารีตทางสังคม,พิธีกรรม ความเชื่อ และจารีตวัฒนธรรม > จารีตประเพณีและพิธีกรรม > พิธีการสำคัญและจารีตทางสังคม
ธัญญาหาร,กลุ่มชาติพันธุ์ ชุมชน และวิถีชีวิต,วิถีชีวิตและระบบเศรษฐกิจ,การประกอบอาชีพและโภชนาการ,1.0,4,กลุ่มชาติพันธุ์ ชุมชน และวิถีชีวิต||วิถีชีวิตและระบบเศรษฐกิจ||การประกอบอาชีพและโภชนาการ,กลุ่มชาติพันธุ์ ชุมชน และวิถีชีวิต > วิถีชีวิตและระบบเศรษฐกิจ > การประกอบอาชีพและโภชนาการ
ธิเบศร์,วรรณคดีและสิ่งมีชีวิตเชิงตำนาน,นามานุกรมและประเภทตัวละคร,ตัวละครหลักและบทบาทในบทละคร,0.5,4,วรรณคดีและสิ่งมีชีวิตเชิงตำนาน||นามานุกรมและประเภทตัวละคร||ตัวละครหลักและบทบาทในบทละคร,วรรณคดีและสิ่งมีชีวิตเชิงตำนาน > นามานุกรมและประเภทตัวละคร > ตัวละครหลักและบทบาทในบทละคร
นครปฐม,บริบทเชิงประวัติศาสตร์ ภูมิศาสตร์ และพื้นที่,ภูมิศาสตร์และอาณาบริเวณ,เขตปกครองและภูมิภาค,1.0,4,บริบทเชิงประวัติศาสตร์ ภูมิศาสตร์ และพื้นที่||ภูมิศาสตร์และอาณาบริเวณ||เขตปกครองและภูมิภาค,บริบทเชิงประวัติศาสตร์ ภูมิศาสตร์ และพื้นที่ > ภูมิศาสตร์และอาณาบริเวณ > เขตปกครองและภูมิภาค
นครพนม,บริบทเชิงประวัติศาสตร์ ภูมิศาสตร์ และพื้นที่,ภูมิศาสตร์และอาณาบริเวณ,เขตปกครองและภูมิภาค,1.0,4,บริบทเชิงประวัติศาสตร์ ภูมิศาสตร์ และพื้นที่||ภูมิศาสตร์และอาณาบริเวณ||เขตปกครองและภูมิภาค,บริบทเชิงประวัติศาสตร์ ภูมิศาสตร์ และพื้นที่ > ภูมิศาสตร์และอาณาบริเวณ > เขตปกครองและภูมิภาค
นครราชสีมา,บริบทเชิงประวัติศาสตร์ ภูมิศาสตร์ และพื้นที่,ภูมิศาสตร์และอาณาบริเวณ,เขตปกครองและภูมิภาค,1.0,4,บริบทเชิงประวัติศาสตร์ ภูมิศาสตร์ และพื้นที่||ภูมิศาสตร์และอาณาบริเวณ||เขตปกครองและภูมิภาค,บริบทเชิงประวัติศาสตร์ ภูมิศาสตร์ และพื้นที่ > ภูมิศาสตร์และอาณาบริเวณ > เขตปกครองและภูมิภาค
นครศรีธรรมราช,บริบทเชิงประวัติศาสตร์ ภูมิศาสตร์ และพื้นที่,ภูมิศาสตร์และอาณาบริเวณ,เขตปกครองและภูมิภาค,1.0,4,บริบทเชิงประวัติศาสตร์ ภูมิศาสตร์ และพื้นที่||ภูมิศาสตร์และอาณาบริเวณ||เขตปกครองและภูมิภาค,บริบทเชิงประวัติศาสตร์ ภูมิศาสตร์ และพื้นที่ > ภูมิศาสตร์และอาณาบริเวณ > เขตปกครองและภูมิภาค
นนทก,วรรณคดีและสิ่งมีชีวิตเชิงตำนาน,นามานุกรมและประเภทตัวละคร,เทวปกรณ์ อสูร และอมนุษย์,0.75,4,วรรณคดีและสิ่งมีชีวิตเชิงตำนาน||นามานุกรมและประเภทตัวละคร||เทวปกรณ์ อสูร และอมนุษย์,วรรณคดีและสิ่งมีชีวิตเชิงตำนาน > นามานุกรมและประเภทตัวละคร > เทวปกรณ์ อสูร และอมนุษย์
นักษัตร,พิธีกรรม ความเชื่อ และจารีตวัฒนธรรม,ระบบความเชื่อและศาสนา,คติทางศาสนาและสิ่งศักดิ์สิทธิ์,0.5,4,พิธีกรรม ความเชื่อ และจารีตวัฒนธรรม||ระบบความเชื่อและศาสนา||คติทางศาสนาและสิ่งศักดิ์สิทธิ์,พิธีกรรม ความเชื่อ และจารีตวัฒนธรรม > ระบบความเชื่อและศาสนา > คติทางศาสนาและสิ่งศักดิ์สิทธิ์
นางกินรี,วรรณคดีและสิ่งมีชีวิตเชิงตำนาน,นามานุกรมและประเภทตัวละคร,เทวปกรณ์ อสูร และอมนุษย์,1.0,4,วรรณคดีและสิ่งมีชีวิตเชิงตำนาน||นามานุกรมและประเภทตัวละคร||เทวปกรณ์ อสูร และอมนุษย์,วรรณคดีและสิ่งมีชีวิตเชิงตำนาน > นามานุกรมและประเภทตัวละคร > เทวปกรณ์ อสูร และอมนุษย์
นางพญาคำปิน,วรรณคดีและสิ่งมีชีวิตเชิงตำนาน,นามานุกรมและประเภทตัวละคร,ตัวละครหลักและบทบาทในบทละคร,1.0,4,วรรณคดีและสิ่งมีชีวิตเชิงตำนาน||นามานุกรมและประเภทตัวละคร||ตัวละครหลักและบทบาทในบทละคร,วรรณคดีและสิ่งมีชีวิตเชิงตำนาน > นามานุกรมและประเภทตัวละคร > ตัวละครหลักและบทบาทในบทละคร
นางฟ้า,วรรณคดีและสิ่งมีชีวิตเชิงตำนาน,นามานุกรมและประเภทตัวละคร,เทวปกรณ์ อสูร และอมนุษย์,1.0,4,วรรณคดีและสิ่งมีชีวิตเชิงตำนาน||นามานุกรมและประเภทตัวละคร||เทวปกรณ์ อสูร และอมนุษย์,วรรณคดีและสิ่งมีชีวิตเชิงตำนาน > นามานุกรมและประเภทตัวละคร > เทวปกรณ์ อสูร และอมนุษย์
นางรื่น,วรรณคดีและสิ่งมีชีวิตเชิงตำนาน,นามานุกรมและประเภทตัวละคร,ตัวละครหลักและบทบาทในบทละคร,1.0,4,วรรณคดีและสิ่งมีชีวิตเชิงตำนาน||นามานุกรมและประเภทตัวละคร||ตัวละครหลักและบทบาทในบทละคร,วรรณคดีและสิ่งมีชีวิตเชิงตำนาน > นามานุกรมและประเภทตัวละคร > ตัวละครหลักและบทบาทในบทละคร
นางสวาหะ,วรรณคดีและสิ่งมีชีวิตเชิงตำนาน,นามานุกรมและประเภทตัวละคร,ตัวละครหลักและบทบาทในบทละคร,1.0,4,วรรณคดีและสิ่งมีชีวิตเชิงตำนาน||นามานุกรมและประเภทตัวละคร||ตัวละครหลักและบทบาทในบทละคร,วรรณคดีและสิ่งมีชีวิตเชิงตำนาน > นามานุกรมและประเภทตัวละคร > ตัวละครหลักและบทบาทในบทละคร
นางสีดา,วรรณคดีและสิ่งมีชีวิตเชิงตำนาน,นามานุกรมและประเภทตัวละคร,ตัวละครหลักและบทบาทในบทละคร,1.0,4,วรรณคดีและสิ่งมีชีวิตเชิงตำนาน||นามานุกรมและประเภทตัวละคร||ตัวละครหลักและบทบาทในบทละคร,วรรณคดีและสิ่งมีชีวิตเชิงตำนาน > นามานุกรมและประเภทตัวละคร > ตัวละครหลักและบทบาทในบทละคร
นางอัปสราบายน,วรรณคดีและสิ่งมีชีวิตเชิงตำนาน,นามานุกรมและประเภทตัวละคร,เทวปกรณ์ อสูร และอมนุษย์,0.75,4,วรรณคดีและสิ่งมีชีวิตเชิงตำนาน||นามานุกรมและประเภทตัวละคร||เทวปกรณ์ อสูร และอมนุษย์,วรรณคดีและสิ่งมีชีวิตเชิงตำนาน > นามานุกรมและประเภทตัวละคร > เทวปกรณ์ อสูร และอมนุษย์
นางเอก,วรรณคดีและสิ่งมีชีวิตเชิงตำนาน,นามานุกรมและประเภทตัวละคร,ตัวละครหลักและบทบาทในบทละคร,0.5,4,วรรณคดีและสิ่งมีชีวิตเชิงตำนาน||นามานุกรมและประเภทตัวละคร||ตัวละครหลักและบทบาทในบทละคร,วรรณคดีและสิ่งมีชีวิตเชิงตำนาน > นามานุกรมและประเภทตัวละคร > ตัวละครหลักและบทบาทในบทละคร
นางโรย,วรรณคดีและสิ่งมีชีวิตเชิงตำนาน,นามานุกรมและประเภทตัวละคร,ตัวละครหลักและบทบาทในบทละคร,1.0,4,วรรณคดีและสิ่งมีชีวิตเชิงตำนาน||นามานุกรมและประเภทตัวละคร||ตัวละครหลักและบทบาทในบทละคร,วรรณคดีและสิ่งมีชีวิตเชิงตำนาน > นามานุกรมและประเภทตัวละคร > ตัวละครหลักและบทบาทในบทละคร
นางใน,วรรณคดีและสิ่งมีชีวิตเชิงตำนาน,นามานุกรมและประเภทตัวละคร,ตัวละครหลักและบทบาทในบทละคร,0.5,4,วรรณคดีและสิ่งมีชีวิตเชิงตำนาน||นามานุกรมและประเภทตัวละคร||ตัวละครหลักและบทบาทในบทละคร,วรรณคดีและสิ่งมีชีวิตเชิงตำนาน > นามานุกรมและประเภทตัวละคร > ตัวละครหลักและบทบาทในบทละคร
นาฏศิลป์อินเดีย,ศิลปะการแสดงและดนตรี,นาฏยศิลป์และการแสดง,รูปแบบการแสดงและนาฏศิลป์ท้องถิ่น,0.5,4,ศิลปะการแสดงและดนตรี||นาฏยศิลป์และการแสดง||รูปแบบการแสดงและนาฏศิลป์ท้องถิ่น,ศิลปะการแสดงและดนตรี > นาฏยศิลป์และการแสดง > รูปแบบการแสดงและนาฏศิลป์ท้องถิ่น
นานาชาติ,บริบทเชิงประวัติศาสตร์ ภูมิศาสตร์ และพื้นที่,ภูมิศาสตร์และอาณาบริเวณ,เขตปกครองและภูมิภาค,0.5,4,บริบทเชิงประวัติศาสตร์ ภูมิศาสตร์ และพื้นที่||ภูมิศาสตร์และอาณาบริเวณ||เขตปกครองและภูมิภาค,บริบทเชิงประวัติศาสตร์ ภูมิศาสตร์ และพื้นที่ > ภูมิศาสตร์และอาณาบริเวณ > เขตปกครองและภูมิภาค
นายขวัญ,วรรณคดีและสิ่งมีชีวิตเชิงตำนาน,นามานุกรมและประเภทตัวละคร,ตัวละครหลักและบทบาทในบทละคร,0.5,4,วรรณคดีและสิ่งมีชีวิตเชิงตำนาน||นามานุกรมและประเภทตัวละคร||ตัวละครหลักและบทบาทในบทละคร,วรรณคดีและสิ่งมีชีวิตเชิงตำนาน > นามานุกรมและประเภทตัวละคร > ตัวละครหลักและบทบาทในบทละคร
นายแก้ว,วรรณคดีและสิ่งมีชีวิตเชิงตำนาน,นามานุกรมและประเภทตัวละคร,ตัวละครหลักและบทบาทในบทละคร,1.0,4,วรรณคดีและสิ่งมีชีวิตเชิงตำนาน||นามานุกรมและประเภทตัวละคร||ตัวละครหลักและบทบาทในบทละคร,วรรณคดีและสิ่งมีชีวิตเชิงตำนาน > นามานุกรมและประเภทตัวละคร > ตัวละครหลักและบทบาทในบทละคร
นิลพาหุ,วรรณคดีและสิ่งมีชีวิตเชิงตำนาน,นามานุกรมและประเภทตัวละคร,เทวปกรณ์ อสูร และอมนุษย์,1.0,4,วรรณคดีและสิ่งมีชีวิตเชิงตำนาน||นามานุกรมและประเภทตัวละคร||เทวปกรณ์ อสูร และอมนุษย์,วรรณคดีและสิ่งมีชีวิตเชิงตำนาน > นามานุกรมและประเภทตัวละคร > เทวปกรณ์ อสูร และอมนุษย์
นิ้วเพชร,พิธีกรรม ความเชื่อ และจารีตวัฒนธรรม,คติความเชื่อและไสยศาสตร์,การขจัดปัดเป่าและอำนาจเหนือธรรมชาติ,0.25,4,พิธีกรรม ความเชื่อ และจารีตวัฒนธรรม||คติความเชื่อและไสยศาสตร์||การขจัดปัดเป่าและอำนาจเหนือธรรมชาติ,พิธีกรรม ความเชื่อ และจารีตวัฒนธรรม > คติความเชื่อและไสยศาสตร์ > การขจัดปัดเป่าและอำนาจเหนือธรรมชาติ
น้องสาว,กลุ่มชาติพันธุ์ ชุมชน และวิถีชีวิต,โครงสร้างสังคมและบุคคลสำคัญ,ฐานันดรศักดิ์และบทบาททางสังคม,0.5,4,กลุ่มชาติพันธุ์ ชุมชน และวิถีชีวิต||โครงสร้างสังคมและบุคคลสำคัญ||ฐานันดรศักดิ์และบทบาททางสังคม,กลุ่มชาติพันธุ์ ชุมชน และวิถีชีวิต > โครงสร้างสังคมและบุคคลสำคัญ > ฐานันดรศักดิ์และบทบาททางสังคม
น้อยใจยา,วรรณคดีและสิ่งมีชีวิตเชิงตำนาน,นามานุกรมและประเภทตัวละคร,ตัวละครหลักและบทบาทในบทละคร,0.75,4,วรรณคดีและสิ่งมีชีวิตเชิงตำนาน||นามานุกรมและประเภทตัวละคร||ตัวละครหลักและบทบาทในบทละคร,วรรณคดีและสิ่งมีชีวิตเชิงตำนาน > นามานุกรมและประเภทตัวละคร > ตัวละครหลักและบทบาทในบทละคร
น้ำมันยาง,วัฒนธรรมวัตถุ ศิลปกรรม และงานช่าง,วัสดุและอัญมณี,วัสดุธรรมชาติและรัตนชาติ,1.0,4,วัฒนธรรมวัตถุ ศิลปกรรม และงานช่าง||วัสดุและอัญมณี||วัสดุธรรมชาติและรัตนชาติ,วัฒนธรรมวัตถุ ศิลปกรรม และงานช่าง > วัสดุและอัญมณี > วัสดุธรรมชาติและรัตนชาติ
บทร้อง,ศิลปะการแสดงและดนตรี,ดุริยางคศิลป์และคีตศิลป์,ระเบียบวิธีทางดนตรีและประเภทบทเพลง,0.75,4,ศิลปะการแสดงและดนตรี||ดุริยางคศิลป์และคีตศิลป์||ระเบียบวิธีทางดนตรีและประเภทบทเพลง,ศิลปะการแสดงและดนตรี > ดุริยางคศิลป์และคีตศิลป์ > ระเบียบวิธีทางดนตรีและประเภทบทเพลง
บทละคร,วรรณคดีและสิ่งมีชีวิตเชิงตำนาน,นามานุกรมและประเภทตัวละคร,ตัวละครหลักและบทบาทในบทละคร,0.75,4,วรรณคดีและสิ่งมีชีวิตเชิงตำนาน||นามานุกรมและประเภทตัวละคร||ตัวละครหลักและบทบาทในบทละคร,วรรณคดีและสิ่งมีชีวิตเชิงตำนาน > นามานุกรมและประเภทตัวละคร > ตัวละครหลักและบทบาทในบทละคร
บรรพต,บริบทเชิงประวัติศาสตร์ ภูมิศาสตร์ และพื้นที่,ภูมิศาสตร์และอาณาบริเวณ,พื้นที่ในคติความเชื่อและประวัติศาสตร์,0.5,4,บริบทเชิงประวัติศาสตร์ ภูมิศาสตร์ และพื้นที่||ภูมิศาสตร์และอาณาบริเวณ||พื้นที่ในคติความเชื่อและประวัติศาสตร์,บริบทเชิงประวัติศาสตร์ ภูมิศาสตร์ และพื้นที่ > ภูมิศาสตร์และอาณาบริเวณ > พื้นที่ในคติความเชื่อและประวัติศาสตร์
บรรพบุรุษ,กลุ่มชาติพันธุ์ ชุมชน และวิถีชีวิต,โครงสร้างสังคมและบุคคลสำคัญ,ฐานันดรศักดิ์และบทบาททางสังคม,0.5,4,กลุ่มชาติพันธุ์ ชุมชน และวิถีชีวิต||โครงสร้างสังคมและบุคคลสำคัญ||ฐานันดรศักดิ์และบทบาททางสังคม,กลุ่มชาติพันธุ์ ชุมชน และวิถีชีวิต > โครงสร้างสังคมและบุคคลสำคัญ > ฐานันดรศักดิ์และบทบาททางสังคม
บริวาร,กลุ่มชาติพันธุ์ ชุมชน และวิถีชีวิต,โครงสร้างสังคมและบุคคลสำคัญ,ฐานันดรศักดิ์และบทบาททางสังคม,1.0,4,กลุ่มชาติพันธุ์ ชุมชน และวิถีชีวิต||โครงสร้างสังคมและบุคคลสำคัญ||ฐานันดรศักดิ์และบทบาททางสังคม,กลุ่มชาติพันธุ์ ชุมชน และวิถีชีวิต > โครงสร้างสังคมและบุคคลสำคัญ > ฐานันดรศักดิ์และบทบาททางสังคม
บอกทาง,บริบทเชิงประวัติศาสตร์ ภูมิศาสตร์ และพื้นที่,ภูมิศาสตร์และอาณาบริเวณ,เขตปกครองและภูมิภาค,0.5,4,บริบทเชิงประวัติศาสตร์ ภูมิศาสตร์ และพื้นที่||ภูมิศาสตร์และอาณาบริเวณ||เขตปกครองและภูมิภาค,บริบทเชิงประวัติศาสตร์ ภูมิศาสตร์ และพื้นที่ > ภูมิศาสตร์และอาณาบริเวณ > เขตปกครองและภูมิภาค
บินหนี,ศิลปะการแสดงและดนตรี,นาฏยศิลป์และการแสดง,กระบวนท่ารำและจารีตการแสดง,0.5,4,ศิลปะการแสดงและดนตรี||นาฏยศิลป์และการแสดง||กระบวนท่ารำและจารีตการแสดง,ศิลปะการแสดงและดนตรี > นาฏยศิลป์และการแสดง > กระบวนท่ารำและจารีตการแสดง
บุตรชาย,วรรณคดีและสิ่งมีชีวิตเชิงตำนาน,สถานภาพและลำดับชั้นทางสังคมในวรรณกรรม,ฐานันดรศักดิ์และระบบเครือญาติ,0.5,4,วรรณคดีและสิ่งมีชีวิตเชิงตำนาน||สถานภาพและลำดับชั้นทางสังคมในวรรณกรรม||ฐานันดรศักดิ์และระบบเครือญาติ,วรรณคดีและสิ่งมีชีวิตเชิงตำนาน > สถานภาพและลำดับชั้นทางสังคมในวรรณกรรม > ฐานันดรศักดิ์และระบบเครือญาติ
บุปเพสันนิวาส,พิธีกรรม ความเชื่อ และจารีตวัฒนธรรม,ระบบความเชื่อและศาสนา,คติทางศาสนาและสิ่งศักดิ์สิทธิ์,0.25,4,พิธีกรรม ความเชื่อ และจารีตวัฒนธรรม||ระบบความเชื่อและศาสนา||คติทางศาสนาและสิ่งศักดิ์สิทธิ์,พิธีกรรม ความเชื่อ และจารีตวัฒนธรรม > ระบบความเชื่อและศาสนา > คติทางศาสนาและสิ่งศักดิ์สิทธิ์
บุรี,บริบทเชิงประวัติศาสตร์ ภูมิศาสตร์ และพื้นที่,ภูมิศาสตร์และอาณาบริเวณ,เขตปกครองและภูมิภาค,0.5,4,บริบทเชิงประวัติศาสตร์ ภูมิศาสตร์ และพื้นที่||ภูมิศาสตร์และอาณาบริเวณ||เขตปกครองและภูมิภาค,บริบทเชิงประวัติศาสตร์ ภูมิศาสตร์ และพื้นที่ > ภูมิศาสตร์และอาณาบริเวณ > เขตปกครองและภูมิภาค
บุรีรัมย์,บริบทเชิงประวัติศาสตร์ ภูมิศาสตร์ และพื้นที่,ภูมิศาสตร์และอาณาบริเวณ,เขตปกครองและภูมิภาค,1.0,4,บริบทเชิงประวัติศาสตร์ ภูมิศาสตร์ และพื้นที่||ภูมิศาสตร์และอาณาบริเวณ||เขตปกครองและภูมิภาค,บริบทเชิงประวัติศาสตร์ ภูมิศาสตร์ และพื้นที่ > ภูมิศาสตร์และอาณาบริเวณ > เขตปกครองและภูมิภาค
บุษราคัม,วัฒนธรรมวัตถุ ศิลปกรรม และงานช่าง,วัสดุและอัญมณี,วัสดุธรรมชาติและรัตนชาติ,0.75,4,วัฒนธรรมวัตถุ ศิลปกรรม และงานช่าง||วัสดุและอัญมณี||วัสดุธรรมชาติและรัตนชาติ,วัฒนธรรมวัตถุ ศิลปกรรม และงานช่าง > วัสดุและอัญมณี > วัสดุธรรมชาติและรัตนชาติ
บุหงา,กลุ่มชาติพันธุ์ ชุมชน และวิถีชีวิต,วิถีชีวิตและพฤติกรรมทางสังคม,จารีตการปฏิบัติและพรรณไม้ในวิถีชีวิต,0.5,4,กลุ่มชาติพันธุ์ ชุมชน และวิถีชีวิต||วิถีชีวิตและพฤติกรรมทางสังคม||จารีตการปฏิบัติและพรรณไม้ในวิถีชีวิต,กลุ่มชาติพันธุ์ ชุมชน และวิถีชีวิต > วิถีชีวิตและพฤติกรรมทางสังคม > จารีตการปฏิบัติและพรรณไม้ในวิถีชีวิต
บุหรงซีงอ,ศิลปะการแสดงและดนตรี,ดุริยางคศิลป์และคีตศิลป์,ระเบียบวิธีทางดนตรีและประเภทบทเพลง,0.25,4,ศิลปะการแสดงและดนตรี||ดุริยางคศิลป์และคีตศิลป์||ระเบียบวิธีทางดนตรีและประเภทบทเพลง,ศิลปะการแสดงและดนตรี > ดุริยางคศิลป์และคีตศิลป์ > ระเบียบวิธีทางดนตรีและประเภทบทเพลง
บูชาครู,พิธีกรรม ความเชื่อ และจารีตวัฒนธรรม,จารีตประเพณีและพิธีกรรม,พิธีการสำคัญและจารีตทางสังคม,1.0,4,พิธีกรรม ความเชื่อ และจารีตวัฒนธรรม||จารีตประเพณีและพิธีกรรม||พิธีการสำคัญและจารีตทางสังคม,พิธีกรรม ความเชื่อ และจารีตวัฒนธรรม > จารีตประเพณีและพิธีกรรม > พิธีการสำคัญและจารีตทางสังคม
บูชายัญ,พิธีกรรม ความเชื่อ และจารีตวัฒนธรรม,จารีตประเพณีและพิธีกรรม,พิธีการสำคัญและจารีตทางสังคม,1.0,4,พิธีกรรม ความเชื่อ และจารีตวัฒนธรรม||จารีตประเพณีและพิธีกรรม||พิธีการสำคัญและจารีตทางสังคม,พิธีกรรม ความเชื่อ และจารีตวัฒนธรรม > จารีตประเพณีและพิธีกรรม > พิธีการสำคัญและจารีตทางสังคม
ปรศุราม,วรรณคดีและสิ่งมีชีวิตเชิงตำนาน,นามานุกรมและประเภทตัวละคร,เทวปกรณ์ อสูร และอมนุษย์,0.5,4,วรรณคดีและสิ่งมีชีวิตเชิงตำนาน||นามานุกรมและประเภทตัวละคร||เทวปกรณ์ อสูร และอมนุษย์,วรรณคดีและสิ่งมีชีวิตเชิงตำนาน > นามานุกรมและประเภทตัวละคร > เทวปกรณ์ อสูร และอมนุษย์
ประชิดตัว,ศิลปะการแสดงและดนตรี,นาฏยศิลป์และการแสดง,กระบวนท่ารำและจารีตการแสดง,0.5,4,ศิลปะการแสดงและดนตรี||นาฏยศิลป์และการแสดง||กระบวนท่ารำและจารีตการแสดง,ศิลปะการแสดงและดนตรี > นาฏยศิลป์และการแสดง > กระบวนท่ารำและจารีตการแสดง
ประติมากรรม,วัฒนธรรมวัตถุ ศิลปกรรม และงานช่าง,ประณีตศิลป์และทัศนศิลป์,งานช่างศิลปกรรมและเทคนิควิธี,1.0,4,วัฒนธรรมวัตถุ ศิลปกรรม และงานช่าง||ประณีตศิลป์และทัศนศิลป์||งานช่างศิลปกรรมและเทคนิควิธี,วัฒนธรรมวัตถุ ศิลปกรรม และงานช่าง > ประณีตศิลป์และทัศนศิลป์ > งานช่างศิลปกรรมและเทคนิควิธี
ประทาน,พิธีกรรม ความเชื่อ และจารีตวัฒนธรรม,จารีตประเพณีและพิธีกรรม,พิธีการสำคัญและจารีตทางสังคม,0.5,4,พิธีกรรม ความเชื่อ และจารีตวัฒนธรรม||จารีตประเพณีและพิธีกรรม||พิธีการสำคัญและจารีตทางสังคม,พิธีกรรม ความเชื่อ และจารีตวัฒนธรรม > จารีตประเพณีและพิธีกรรม > พิธีการสำคัญและจารีตทางสังคม
ปราชัย,บริบทเชิงประวัติศาสตร์ ภูมิศาสตร์ และพื้นที่,ยุคสมัยและเหตุการณ์สำคัญ,ลำดับเวลาและประวัติศาสตร์การสงคราม,0.5,4,บริบทเชิงประวัติศาสตร์ ภูมิศาสตร์ และพื้นที่||ยุคสมัยและเหตุการณ์สำคัญ||ลำดับเวลาและประวัติศาสตร์การสงคราม,บริบทเชิงประวัติศาสตร์ ภูมิศาสตร์ และพื้นที่ > ยุคสมัยและเหตุการณ์สำคัญ > ลำดับเวลาและประวัติศาสตร์การสงคราม
ปราสาทพนมรุ้ง,วัฒนธรรมวัตถุ ศิลปกรรม และงานช่าง,สถาปัตยกรรมและพุทธศิลป์,ศาสนสถานและปูชนียวัตถุ,0.75,4,วัฒนธรรมวัตถุ ศิลปกรรม และงานช่าง||สถาปัตยกรรมและพุทธศิลป์||ศาสนสถานและปูชนียวัตถุ,วัฒนธรรมวัตถุ ศิลปกรรม และงานช่าง > สถาปัตยกรรมและพุทธศิลป์ > ศาสนสถานและปูชนียวัตถุ
ปราสาทพระขรรค์,บริบทเชิงประวัติศาสตร์ ภูมิศาสตร์ และพื้นที่,พื้นที่ทางวัฒนธรรมและสถาบัน,สถานที่จัดแสดงและเขตพระราชฐาน,0.5,4,บริบทเชิงประวัติศาสตร์ ภูมิศาสตร์ และพื้นที่||พื้นที่ทางวัฒนธรรมและสถาบัน||สถานที่จัดแสดงและเขตพระราชฐาน,บริบทเชิงประวัติศาสตร์ ภูมิศาสตร์ และพื้นที่ > พื้นที่ทางวัฒนธรรมและสถาบัน > สถานที่จัดแสดงและเขตพระราชฐาน
ปราสาทหินพิมาย,บริบทเชิงประวัติศาสตร์ ภูมิศาสตร์ และพื้นที่,ภูมิศาสตร์และอาณาบริเวณ,พื้นที่ในคติความเชื่อและประวัติศาสตร์,0.5,4,บริบทเชิงประวัติศาสตร์ ภูมิศาสตร์ และพื้นที่||ภูมิศาสตร์และอาณาบริเวณ||พื้นที่ในคติความเชื่อและประวัติศาสตร์,บริบทเชิงประวัติศาสตร์ ภูมิศาสตร์ และพื้นที่ > ภูมิศาสตร์และอาณาบริเวณ > พื้นที่ในคติความเชื่อและประวัติศาสตร์
ปราสาทเมืองสิงห์,บริบทเชิงประวัติศาสตร์ ภูมิศาสตร์ และพื้นที่,ภูมิศาสตร์และอาณาบริเวณ,พื้นที่ในคติความเชื่อและประวัติศาสตร์,0.5,4,บริบทเชิงประวัติศาสตร์ ภูมิศาสตร์ และพื้นที่||ภูมิศาสตร์และอาณาบริเวณ||พื้นที่ในคติความเชื่อและประวัติศาสตร์,บริบทเชิงประวัติศาสตร์ ภูมิศาสตร์ และพื้นที่ > ภูมิศาสตร์และอาณาบริเวณ > พื้นที่ในคติความเชื่อและประวัติศาสตร์
ปัดเป่า,พิธีกรรม ความเชื่อ และจารีตวัฒนธรรม,คติความเชื่อและไสยศาสตร์,การขจัดปัดเป่าและอำนาจเหนือธรรมชาติ,1.0,4,พิธีกรรม ความเชื่อ และจารีตวัฒนธรรม||คติความเชื่อและไสยศาสตร์||การขจัดปัดเป่าและอำนาจเหนือธรรมชาติ,พิธีกรรม ความเชื่อ และจารีตวัฒนธรรม > คติความเชื่อและไสยศาสตร์ > การขจัดปัดเป่าและอำนาจเหนือธรรมชาติ
ปัตตานี,บริบทเชิงประวัติศาสตร์ ภูมิศาสตร์ และพื้นที่,ภูมิศาสตร์และอาณาบริเวณ,เขตปกครองและภูมิภาค,1.0,4,บริบทเชิงประวัติศาสตร์ ภูมิศาสตร์ และพื้นที่||ภูมิศาสตร์และอาณาบริเวณ||เขตปกครองและภูมิภาค,บริบทเชิงประวัติศาสตร์ ภูมิศาสตร์ และพื้นที่ > ภูมิศาสตร์และอาณาบริเวณ > เขตปกครองและภูมิภาค
ปางลีลา,วัฒนธรรมวัตถุ ศิลปกรรม และงานช่าง,สถาปัตยกรรมและพุทธศิลป์,ศาสนสถานและปูชนียวัตถุ,0.5,4,วัฒนธรรมวัตถุ ศิลปกรรม และงานช่าง||สถาปัตยกรรมและพุทธศิลป์||ศาสนสถานและปูชนียวัตถุ,วัฒนธรรมวัตถุ ศิลปกรรม และงานช่าง > สถาปัตยกรรมและพุทธศิลป์ > ศาสนสถานและปูชนียวัตถุ
ปารวตี,วรรณคดีและสิ่งมีชีวิตเชิงตำนาน,นามานุกรมและประเภทตัวละคร,เทวปกรณ์ อสูร และอมนุษย์,0.75,4,วรรณคดีและสิ่งมีชีวิตเชิงตำนาน||นามานุกรมและประเภทตัวละคร||เทวปกรณ์ อสูร และอมนุษย์,วรรณคดีและสิ่งมีชีวิตเชิงตำนาน > นามานุกรมและประเภทตัวละคร > เทวปกรณ์ อสูร และอมนุษย์
ปิดหน้า,ศิลปะการแสดงและดนตรี,นาฏยศิลป์และการแสดง,กระบวนท่ารำและจารีตการแสดง,0.75,4,ศิลปะการแสดงและดนตรี||นาฏยศิลป์และการแสดง||กระบวนท่ารำและจารีตการแสดง,ศิลปะการแสดงและดนตรี > นาฏยศิลป์และการแสดง > กระบวนท่ารำและจารีตการแสดง
ปูนปั้น,วัฒนธรรมวัตถุ ศิลปกรรม และงานช่าง,ประณีตศิลป์และทัศนศิลป์,งานช่างศิลปกรรมและเทคนิควิธี,1.0,4,วัฒนธรรมวัตถุ ศิลปกรรม และงานช่าง||ประณีตศิลป์และทัศนศิลป์||งานช่างศิลปกรรมและเทคนิควิธี,วัฒนธรรมวัตถุ ศิลปกรรม และงานช่าง > ประณีตศิลป์และทัศนศิลป์ > งานช่างศิลปกรรมและเทคนิควิธี
ป้องกันตัว,ศิลปะการแสดงและดนตรี,บุคลากรและทักษะทางศิลปะ,กลวิธีและสมรรถนะการแสดง,0.5,4,ศิลปะการแสดงและดนตรี||บุคลากรและทักษะทางศิลปะ||กลวิธีและสมรรถนะการแสดง,ศิลปะการแสดงและดนตรี > บุคลากรและทักษะทางศิลปะ > กลวิธีและสมรรถนะการแสดง
ผางประทีป,พิธีกรรม ความเชื่อ และจารีตวัฒนธรรม,จารีตประเพณีและพิธีกรรม,พิธีการสำคัญและจารีตทางสังคม,0.75,4,พิธีกรรม ความเชื่อ และจารีตวัฒนธรรม||จารีตประเพณีและพิธีกรรม||พิธีการสำคัญและจารีตทางสังคม,พิธีกรรม ความเชื่อ และจารีตวัฒนธรรม > จารีตประเพณีและพิธีกรรม > พิธีการสำคัญและจารีตทางสังคม
ผีภู,พิธีกรรม ความเชื่อ และจารีตวัฒนธรรม,คติความเชื่อและไสยศาสตร์,การขจัดปัดเป่าและอำนาจเหนือธรรมชาติ,0.5,4,พิธีกรรม ความเชื่อ และจารีตวัฒนธรรม||คติความเชื่อและไสยศาสตร์||การขจัดปัดเป่าและอำนาจเหนือธรรมชาติ,พิธีกรรม ความเชื่อ และจารีตวัฒนธรรม > คติความเชื่อและไสยศาสตร์ > การขจัดปัดเป่าและอำนาจเหนือธรรมชาติ
ผึ่งแดด,กลุ่มชาติพันธุ์ ชุมชน และวิถีชีวิต,วิถีชีวิตและพฤติกรรมทางสังคม,จารีตการปฏิบัติและพรรณไม้ในวิถีชีวิต,1.0,4,กลุ่มชาติพันธุ์ ชุมชน และวิถีชีวิต||วิถีชีวิตและพฤติกรรมทางสังคม||จารีตการปฏิบัติและพรรณไม้ในวิถีชีวิต,กลุ่มชาติพันธุ์ ชุมชน และวิถีชีวิต > วิถีชีวิตและพฤติกรรมทางสังคม > จารีตการปฏิบัติและพรรณไม้ในวิถีชีวิต
ผู้ครองนคร,กลุ่มชาติพันธุ์ ชุมชน และวิถีชีวิต,โครงสร้างสังคมและบุคคลสำคัญ,ฐานันดรศักดิ์และบทบาททางสังคม,0.75,4,กลุ่มชาติพันธุ์ ชุมชน และวิถีชีวิต||โครงสร้างสังคมและบุคคลสำคัญ||ฐานันดรศักดิ์และบทบาททางสังคม,กลุ่มชาติพันธุ์ ชุมชน และวิถีชีวิต > โครงสร้างสังคมและบุคคลสำคัญ > ฐานันดรศักดิ์และบทบาททางสังคม
ผู้มีพระคุณ,กลุ่มชาติพันธุ์ ชุมชน และวิถีชีวิต,โครงสร้างสังคมและบุคคลสำคัญ,ฐานันดรศักดิ์และบทบาททางสังคม,1.0,4,กลุ่มชาติพันธุ์ ชุมชน และวิถีชีวิต||โครงสร้างสังคมและบุคคลสำคัญ||ฐานันดรศักดิ์และบทบาททางสังคม,กลุ่มชาติพันธุ์ ชุมชน และวิถีชีวิต > โครงสร้างสังคมและบุคคลสำคัญ > ฐานันดรศักดิ์และบทบาททางสังคม
ผู้แสดงฝ่ายชาย,ศิลปะการแสดงและดนตรี,บุคลากรและทักษะทางศิลปะ,กลวิธีและสมรรถนะการแสดง,0.75,4,ศิลปะการแสดงและดนตรี||บุคลากรและทักษะทางศิลปะ||กลวิธีและสมรรถนะการแสดง,ศิลปะการแสดงและดนตรี > บุคลากรและทักษะทางศิลปะ > กลวิธีและสมรรถนะการแสดง
ผู้แสดงฝ่ายหญิง,ศิลปะการแสดงและดนตรี,บุคลากรและทักษะทางศิลปะ,กลวิธีและสมรรถนะการแสดง,1.0,4,ศิลปะการแสดงและดนตรี||บุคลากรและทักษะทางศิลปะ||กลวิธีและสมรรถนะการแสดง,ศิลปะการแสดงและดนตรี > บุคลากรและทักษะทางศิลปะ > กลวิธีและสมรรถนะการแสดง
ผ้าไหม,วัฒนธรรมวัตถุ ศิลปกรรม และงานช่าง,วัสดุและอัญมณี,วัสดุธรรมชาติและรัตนชาติ,0.5,4,วัฒนธรรมวัตถุ ศิลปกรรม และงานช่าง||วัสดุและอัญมณี||วัสดุธรรมชาติและรัตนชาติ,วัฒนธรรมวัตถุ ศิลปกรรม และงานช่าง > วัสดุและอัญมณี > วัสดุธรรมชาติและรัตนชาติ
ฝั่งน้ำ,บริบทเชิงประวัติศาสตร์ ภูมิศาสตร์ และพื้นที่,ภูมิศาสตร์และอาณาบริเวณ,พื้นที่ในคติความเชื่อและประวัติศาสตร์,0.5,4,บริบทเชิงประวัติศาสตร์ ภูมิศาสตร์ และพื้นที่||ภูมิศาสตร์และอาณาบริเวณ||พื้นที่ในคติความเชื่อและประวัติศาสตร์,บริบทเชิงประวัติศาสตร์ ภูมิศาสตร์ และพื้นที่ > ภูมิศาสตร์และอาณาบริเวณ > พื้นที่ในคติความเชื่อและประวัติศาสตร์
ฝากตัว,พิธีกรรม ความเชื่อ และจารีตวัฒนธรรม,จารีตประเพณีและพิธีกรรม,พิธีการสำคัญและจารีตทางสังคม,0.5,4,พิธีกรรม ความเชื่อ และจารีตวัฒนธรรม||จารีตประเพณีและพิธีกรรม||พิธีการสำคัญและจารีตทางสังคม,พิธีกรรม ความเชื่อ และจารีตวัฒนธรรม > จารีตประเพณีและพิธีกรรม > พิธีการสำคัญและจารีตทางสังคม
ฝ่ามือ,ศิลปะการแสดงและดนตรี,บุคลากรและทักษะทางศิลปะ,กลวิธีและสมรรถนะการแสดง,0.25,4,ศิลปะการแสดงและดนตรี||บุคลากรและทักษะทางศิลปะ||กลวิธีและสมรรถนะการแสดง,ศิลปะการแสดงและดนตรี > บุคลากรและทักษะทางศิลปะ > กลวิธีและสมรรถนะการแสดง
พญาขร,วรรณคดีและสิ่งมีชีวิตเชิงตำนาน,นามานุกรมและประเภทตัวละคร,เทวปกรณ์ อสูร และอมนุษย์,0.5,4,วรรณคดีและสิ่งมีชีวิตเชิงตำนาน||นามานุกรมและประเภทตัวละคร||เทวปกรณ์ อสูร และอมนุษย์,วรรณคดีและสิ่งมีชีวิตเชิงตำนาน > นามานุกรมและประเภทตัวละคร > เทวปกรณ์ อสูร และอมนุษย์
พญาทูษณ์,วรรณคดีและสิ่งมีชีวิตเชิงตำนาน,นามานุกรมและประเภทตัวละคร,ตัวละครหลักและบทบาทในบทละคร,0.75,4,วรรณคดีและสิ่งมีชีวิตเชิงตำนาน||นามานุกรมและประเภทตัวละคร||ตัวละครหลักและบทบาทในบทละคร,วรรณคดีและสิ่งมีชีวิตเชิงตำนาน > นามานุกรมและประเภทตัวละคร > ตัวละครหลักและบทบาทในบทละคร
พญาผานอง,วรรณคดีและสิ่งมีชีวิตเชิงตำนาน,นามานุกรมและประเภทตัวละคร,เทวปกรณ์ อสูร และอมนุษย์,0.5,4,วรรณคดีและสิ่งมีชีวิตเชิงตำนาน||นามานุกรมและประเภทตัวละคร||เทวปกรณ์ อสูร และอมนุษย์,วรรณคดีและสิ่งมีชีวิตเชิงตำนาน > นามานุกรมและประเภทตัวละคร > เทวปกรณ์ อสูร และอมนุษย์
พรหมาสตร์,พิธีกรรม ความเชื่อ และจารีตวัฒนธรรม,ระบบความเชื่อและศาสนา,คติทางศาสนาและสิ่งศักดิ์สิทธิ์,0.5,4,พิธีกรรม ความเชื่อ และจารีตวัฒนธรรม||ระบบความเชื่อและศาสนา||คติทางศาสนาและสิ่งศักดิ์สิทธิ์,พิธีกรรม ความเชื่อ และจารีตวัฒนธรรม > ระบบความเชื่อและศาสนา > คติทางศาสนาและสิ่งศักดิ์สิทธิ์
พระคเณศ,วรรณคดีและสิ่งมีชีวิตเชิงตำนาน,นามานุกรมและประเภทตัวละคร,เทวปกรณ์ อสูร และอมนุษย์,1.0,4,วรรณคดีและสิ่งมีชีวิตเชิงตำนาน||นามานุกรมและประเภทตัวละคร||เทวปกรณ์ อสูร และอมนุษย์,วรรณคดีและสิ่งมีชีวิตเชิงตำนาน > นามานุกรมและประเภทตัวละคร > เทวปกรณ์ อสูร และอมนุษย์
พระจันทร์,พิธีกรรม ความเชื่อ และจารีตวัฒนธรรม,คติความเชื่อและไสยศาสตร์,การขจัดปัดเป่าและอำนาจเหนือธรรมชาติ,0.5,4,พิธีกรรม ความเชื่อ และจารีตวัฒนธรรม||คติความเชื่อและไสยศาสตร์||การขจัดปัดเป่าและอำนาจเหนือธรรมชาติ,พิธีกรรม ความเชื่อ และจารีตวัฒนธรรม > คติความเชื่อและไสยศาสตร์ > การขจัดปัดเป่าและอำนาจเหนือธรรมชาติ
พระชายา,วรรณคดีและสิ่งมีชีวิตเชิงตำนาน,สถานภาพและลำดับชั้นทางสังคมในวรรณกรรม,ฐานันดรศักดิ์และระบบเครือญาติ,0.5,4,วรรณคดีและสิ่งมีชีวิตเชิงตำนาน||สถานภาพและลำดับชั้นทางสังคมในวรรณกรรม||ฐานันดรศักดิ์และระบบเครือญาติ,วรรณคดีและสิ่งมีชีวิตเชิงตำนาน > สถานภาพและลำดับชั้นทางสังคมในวรรณกรรม > ฐานันดรศักดิ์และระบบเครือญาติ
พระญาติ,วรรณคดีและสิ่งมีชีวิตเชิงตำนาน,สถานภาพและลำดับชั้นทางสังคมในวรรณกรรม,ฐานันดรศักดิ์และระบบเครือญาติ,0.5,4,วรรณคดีและสิ่งมีชีวิตเชิงตำนาน||สถานภาพและลำดับชั้นทางสังคมในวรรณกรรม||ฐานันดรศักดิ์และระบบเครือญาติ,วรรณคดีและสิ่งมีชีวิตเชิงตำนาน > สถานภาพและลำดับชั้นทางสังคมในวรรณกรรม > ฐานันดรศักดิ์และระบบเครือญาติ
พระตำหนัก,บริบทเชิงประวัติศาสตร์ ภูมิศาสตร์ และพื้นที่,พื้นที่ทางวัฒนธรรมและสถาบัน,สถานที่จัดแสดงและเขตพระราชฐาน,0.75,4,บริบทเชิงประวัติศาสตร์ ภูมิศาสตร์ และพื้นที่||พื้นที่ทางวัฒนธรรมและสถาบัน||สถานที่จัดแสดงและเขตพระราชฐาน,บริบทเชิงประวัติศาสตร์ ภูมิศาสตร์ และพื้นที่ > พื้นที่ทางวัฒนธรรมและสถาบัน > สถานที่จัดแสดงและเขตพระราชฐาน
พระนารายณ์,วรรณคดีและสิ่งมีชีวิตเชิงตำนาน,นามานุกรมและประเภทตัวละคร,เทวปกรณ์ อสูร และอมนุษย์,1.0,4,วรรณคดีและสิ่งมีชีวิตเชิงตำนาน||นามานุกรมและประเภทตัวละคร||เทวปกรณ์ อสูร และอมนุษย์,วรรณคดีและสิ่งมีชีวิตเชิงตำนาน > นามานุกรมและประเภทตัวละคร > เทวปกรณ์ อสูร และอมนุษย์
พระนิพนธ์,วรรณคดีและสิ่งมีชีวิตเชิงตำนาน,นามานุกรมและประเภทตัวละคร,ตัวละครหลักและบทบาทในบทละคร,0.75,4,วรรณคดีและสิ่งมีชีวิตเชิงตำนาน||นามานุกรมและประเภทตัวละคร||ตัวละครหลักและบทบาทในบทละคร,วรรณคดีและสิ่งมีชีวิตเชิงตำนาน > นามานุกรมและประเภทตัวละคร > ตัวละครหลักและบทบาทในบทละคร
พระบรมราชชนนีพันปีหลวง,กลุ่มชาติพันธุ์ ชุมชน และวิถีชีวิต,โครงสร้างสังคมและบุคคลสำคัญ,ฐานันดรศักดิ์และบทบาททางสังคม,0.75,4,กลุ่มชาติพันธุ์ ชุมชน และวิถีชีวิต||โครงสร้างสังคมและบุคคลสำคัญ||ฐานันดรศักดิ์และบทบาททางสังคม,กลุ่มชาติพันธุ์ ชุมชน และวิถีชีวิต > โครงสร้างสังคมและบุคคลสำคัญ > ฐานันดรศักดิ์และบทบาททางสังคม
พระบาทสมเด็จพระจอมเกล้าเจ้าอยู่หัว,กลุ่มชาติพันธุ์ ชุมชน และวิถีชีวิต,โครงสร้างสังคมและบุคคลสำคัญ,ฐานันดรศักดิ์และบทบาททางสังคม,0.75,4,กลุ่มชาติพันธุ์ ชุมชน และวิถีชีวิต||โครงสร้างสังคมและบุคคลสำคัญ||ฐานันดรศักดิ์และบทบาททางสังคม,กลุ่มชาติพันธุ์ ชุมชน และวิถีชีวิต > โครงสร้างสังคมและบุคคลสำคัญ > ฐานันดรศักดิ์และบทบาททางสังคม
พระบาทสมเด็จพระจุลจอมเกล้าเจ้าอยู่หัว,กลุ่มชาติพันธุ์ ชุมชน และวิถีชีวิต,โครงสร้างสังคมและบุคคลสำคัญ,ฐานันดรศักดิ์และบทบาททางสังคม,0.5,4,กลุ่มชาติพันธุ์ ชุมชน และวิถีชีวิต||โครงสร้างสังคมและบุคคลสำคัญ||ฐานันดรศักดิ์และบทบาททางสังคม,กลุ่มชาติพันธุ์ ชุมชน และวิถีชีวิต > โครงสร้างสังคมและบุคคลสำคัญ > ฐานันดรศักดิ์และบทบาททางสังคม
พระพรหม,พิธีกรรม ความเชื่อ และจารีตวัฒนธรรม,ระบบความเชื่อและศาสนา,คติทางศาสนาและสิ่งศักดิ์สิทธิ์,0.5,4,พิธีกรรม ความเชื่อ และจารีตวัฒนธรรม||ระบบความเชื่อและศาสนา||คติทางศาสนาและสิ่งศักดิ์สิทธิ์,พิธีกรรม ความเชื่อ และจารีตวัฒนธรรม > ระบบความเชื่อและศาสนา > คติทางศาสนาและสิ่งศักดิ์สิทธิ์
พระพาย,วรรณคดีและสิ่งมีชีวิตเชิงตำนาน,นามานุกรมและประเภทตัวละคร,เทวปกรณ์ อสูร และอมนุษย์,0.5,4,วรรณคดีและสิ่งมีชีวิตเชิงตำนาน||นามานุกรมและประเภทตัวละคร||เทวปกรณ์ อสูร และอมนุษย์,วรรณคดีและสิ่งมีชีวิตเชิงตำนาน > นามานุกรมและประเภทตัวละคร > เทวปกรณ์ อสูร และอมนุษย์
พระพี่เลี้ยง,กลุ่มชาติพันธุ์ ชุมชน และวิถีชีวิต,โครงสร้างสังคมและบุคคลสำคัญ,ฐานันดรศักดิ์และบทบาททางสังคม,0.75,4,กลุ่มชาติพันธุ์ ชุมชน และวิถีชีวิต||โครงสร้างสังคมและบุคคลสำคัญ||ฐานันดรศักดิ์และบทบาททางสังคม,กลุ่มชาติพันธุ์ ชุมชน และวิถีชีวิต > โครงสร้างสังคมและบุคคลสำคัญ > ฐานันดรศักดิ์และบทบาททางสังคม
พระพุทธรูป,วัฒนธรรมวัตถุ ศิลปกรรม และงานช่าง,สถาปัตยกรรมและพุทธศิลป์,ศาสนสถานและปูชนียวัตถุ,1.0,4,วัฒนธรรมวัตถุ ศิลปกรรม และงานช่าง||สถาปัตยกรรมและพุทธศิลป์||ศาสนสถานและปูชนียวัตถุ,วัฒนธรรมวัตถุ ศิลปกรรม และงานช่าง > สถาปัตยกรรมและพุทธศิลป์ > ศาสนสถานและปูชนียวัตถุ
พระมหากษัตริย์,กลุ่มชาติพันธุ์ ชุมชน และวิถีชีวิต,โครงสร้างสังคมและบุคคลสำคัญ,ฐานันดรศักดิ์และบทบาททางสังคม,0.75,4,กลุ่มชาติพันธุ์ ชุมชน และวิถีชีวิต||โครงสร้างสังคมและบุคคลสำคัญ||ฐานันดรศักดิ์และบทบาททางสังคม,กลุ่มชาติพันธุ์ ชุมชน และวิถีชีวิต > โครงสร้างสังคมและบุคคลสำคัญ > ฐานันดรศักดิ์และบทบาททางสังคม
พระยา,กลุ่มชาติพันธุ์ ชุมชน และวิถีชีวิต,โครงสร้างสังคมและบุคคลสำคัญ,ฐานันดรศักดิ์และบทบาททางสังคม,1.0,4,กลุ่มชาติพันธุ์ ชุมชน และวิถีชีวิต||โครงสร้างสังคมและบุคคลสำคัญ||ฐานันดรศักดิ์และบทบาททางสังคม,กลุ่มชาติพันธุ์ ชุมชน และวิถีชีวิต > โครงสร้างสังคมและบุคคลสำคัญ > ฐานันดรศักดิ์และบทบาททางสังคม
พระราชธิดา,วรรณคดีและสิ่งมีชีวิตเชิงตำนาน,สถานภาพและลำดับชั้นทางสังคมในวรรณกรรม,ฐานันดรศักดิ์และระบบเครือญาติ,0.5,4,วรรณคดีและสิ่งมีชีวิตเชิงตำนาน||สถานภาพและลำดับชั้นทางสังคมในวรรณกรรม||ฐานันดรศักดิ์และระบบเครือญาติ,วรรณคดีและสิ่งมีชีวิตเชิงตำนาน > สถานภาพและลำดับชั้นทางสังคมในวรรณกรรม > ฐานันดรศักดิ์และระบบเครือญาติ
พระราชบัญชา,กลุ่มชาติพันธุ์ ชุมชน และวิถีชีวิต,โครงสร้างสังคมและบุคคลสำคัญ,ฐานันดรศักดิ์และบทบาททางสังคม,0.5,4,กลุ่มชาติพันธุ์ ชุมชน และวิถีชีวิต||โครงสร้างสังคมและบุคคลสำคัญ||ฐานันดรศักดิ์และบทบาททางสังคม,กลุ่มชาติพันธุ์ ชุมชน และวิถีชีวิต > โครงสร้างสังคมและบุคคลสำคัญ > ฐานันดรศักดิ์และบทบาททางสังคม
พระราชพิธี,พิธีกรรม ความเชื่อ และจารีตวัฒนธรรม,จารีตประเพณีและพิธีกรรม,พิธีการสำคัญและจารีตทางสังคม,0.5,4,พิธีกรรม ความเชื่อ และจารีตวัฒนธรรม||จารีตประเพณีและพิธีกรรม||พิธีการสำคัญและจารีตทางสังคม,พิธีกรรม ความเชื่อ และจารีตวัฒนธรรม > จารีตประเพณีและพิธีกรรม > พิธีการสำคัญและจารีตทางสังคม
พระราชวังบวรสถานมงคล,บริบทเชิงประวัติศาสตร์ ภูมิศาสตร์ และพื้นที่,พื้นที่ทางวัฒนธรรมและสถาบัน,สถานที่จัดแสดงและเขตพระราชฐาน,1.0,4,บริบทเชิงประวัติศาสตร์ ภูมิศาสตร์ และพื้นที่||พื้นที่ทางวัฒนธรรมและสถาบัน||สถานที่จัดแสดงและเขตพระราชฐาน,บริบทเชิงประวัติศาสตร์ ภูมิศาสตร์ และพื้นที่ > พื้นที่ทางวัฒนธรรมและสถาบัน > สถานที่จัดแสดงและเขตพระราชฐาน
พระราม,วรรณคดีและสิ่งมีชีวิตเชิงตำนาน,นามานุกรมและประเภทตัวละคร,ตัวละครหลักและบทบาทในบทละคร,1.0,4,วรรณคดีและสิ่งมีชีวิตเชิงตำนาน||นามานุกรมและประเภทตัวละคร||ตัวละครหลักและบทบาทในบทละคร,วรรณคดีและสิ่งมีชีวิตเชิงตำนาน > นามานุกรมและประเภทตัวละคร > ตัวละครหลักและบทบาทในบทละคร
พระลอ,วรรณคดีและสิ่งมีชีวิตเชิงตำนาน,นามานุกรมและประเภทตัวละคร,ตัวละครหลักและบทบาทในบทละคร,1.0,4,วรรณคดีและสิ่งมีชีวิตเชิงตำนาน||นามานุกรมและประเภทตัวละคร||ตัวละครหลักและบทบาทในบทละคร,วรรณคดีและสิ่งมีชีวิตเชิงตำนาน > นามานุกรมและประเภทตัวละคร > ตัวละครหลักและบทบาทในบทละคร
พระลักษมณ์,วรรณคดีและสิ่งมีชีวิตเชิงตำนาน,นามานุกรมและประเภทตัวละคร,ตัวละครหลักและบทบาทในบทละคร,0.75,4,วรรณคดีและสิ่งมีชีวิตเชิงตำนาน||นามานุกรมและประเภทตัวละคร||ตัวละครหลักและบทบาทในบทละคร,วรรณคดีและสิ่งมีชีวิตเชิงตำนาน > นามานุกรมและประเภทตัวละคร > ตัวละครหลักและบทบาทในบทละคร
พระลาน,บริบทเชิงประวัติศาสตร์ ภูมิศาสตร์ และพื้นที่,พื้นที่ทางวัฒนธรรมและสถาบัน,สถานที่จัดแสดงและเขตพระราชฐาน,1.0,4,บริบทเชิงประวัติศาสตร์ ภูมิศาสตร์ และพื้นที่||พื้นที่ทางวัฒนธรรมและสถาบัน||สถานที่จัดแสดงและเขตพระราชฐาน,บริบทเชิงประวัติศาสตร์ ภูมิศาสตร์ และพื้นที่ > พื้นที่ทางวัฒนธรรมและสถาบัน > สถานที่จัดแสดงและเขตพระราชฐาน
พระศิวะ,วรรณคดีและสิ่งมีชีวิตเชิงตำนาน,นามานุกรมและประเภทตัวละคร,เทวปกรณ์ อสูร และอมนุษย์,1.0,4,วรรณคดีและสิ่งมีชีวิตเชิงตำนาน||นามานุกรมและประเภทตัวละคร||เทวปกรณ์ อสูร และอมนุษย์,วรรณคดีและสิ่งมีชีวิตเชิงตำนาน > นามานุกรมและประเภทตัวละคร > เทวปกรณ์ อสูร และอมนุษย์
พระสวามี,วรรณคดีและสิ่งมีชีวิตเชิงตำนาน,สถานภาพและลำดับชั้นทางสังคมในวรรณกรรม,ฐานันดรศักดิ์และระบบเครือญาติ,0.75,4,วรรณคดีและสิ่งมีชีวิตเชิงตำนาน||สถานภาพและลำดับชั้นทางสังคมในวรรณกรรม||ฐานันดรศักดิ์และระบบเครือญาติ,วรรณคดีและสิ่งมีชีวิตเชิงตำนาน > สถานภาพและลำดับชั้นทางสังคมในวรรณกรรม > ฐานันดรศักดิ์และระบบเครือญาติ
พระสังข์,วรรณคดีและสิ่งมีชีวิตเชิงตำนาน,นามานุกรมและประเภทตัวละคร,ตัวละครหลักและบทบาทในบทละคร,0.25,4,วรรณคดีและสิ่งมีชีวิตเชิงตำนาน||นามานุกรมและประเภทตัวละคร||ตัวละครหลักและบทบาทในบทละคร,วรรณคดีและสิ่งมีชีวิตเชิงตำนาน > นามานุกรมและประเภทตัวละคร > ตัวละครหลักและบทบาทในบทละคร
พระองค์,กลุ่มชาติพันธุ์ ชุมชน และวิถีชีวิต,โครงสร้างสังคมและบุคคลสำคัญ,ฐานันดรศักดิ์และบทบาททางสังคม,0.75,4,กลุ่มชาติพันธุ์ ชุมชน และวิถีชีวิต||โครงสร้างสังคมและบุคคลสำคัญ||ฐานันดรศักดิ์และบทบาททางสังคม,กลุ่มชาติพันธุ์ ชุมชน และวิถีชีวิต > โครงสร้างสังคมและบุคคลสำคัญ > ฐานันดรศักดิ์และบทบาททางสังคม
พระอินทร์,วรรณคดีและสิ่งมีชีวิตเชิงตำนาน,นามานุกรมและประเภทตัวละคร,เทวปกรณ์ อสูร และอมนุษย์,1.0,4,วรรณคดีและสิ่งมีชีวิตเชิงตำนาน||นามานุกรมและประเภทตัวละคร||เทวปกรณ์ อสูร และอมนุษย์,วรรณคดีและสิ่งมีชีวิตเชิงตำนาน > นามานุกรมและประเภทตัวละคร > เทวปกรณ์ อสูร และอมนุษย์
พระอิศวร,พิธีกรรม ความเชื่อ และจารีตวัฒนธรรม,ระบบความเชื่อและศาสนา,คติทางศาสนาและสิ่งศักดิ์สิทธิ์,0.5,4,พิธีกรรม ความเชื่อ และจารีตวัฒนธรรม||ระบบความเชื่อและศาสนา||คติทางศาสนาและสิ่งศักดิ์สิทธิ์,พิธีกรรม ความเชื่อ และจารีตวัฒนธรรม > ระบบความเชื่อและศาสนา > คติทางศาสนาและสิ่งศักดิ์สิทธิ์
พระอุมา,วรรณคดีและสิ่งมีชีวิตเชิงตำนาน,นามานุกรมและประเภทตัวละคร,เทวปกรณ์ อสูร และอมนุษย์,0.75,4,วรรณคดีและสิ่งมีชีวิตเชิงตำนาน||นามานุกรมและประเภทตัวละคร||เทวปกรณ์ อสูร และอมนุษย์,วรรณคดีและสิ่งมีชีวิตเชิงตำนาน > นามานุกรมและประเภทตัวละคร > เทวปกรณ์ อสูร และอมนุษย์
พระอุโบสถ,วัฒนธรรมวัตถุ ศิลปกรรม และงานช่าง,สถาปัตยกรรมและพุทธศิลป์,ศาสนสถานและปูชนียวัตถุ,1.0,4,วัฒนธรรมวัตถุ ศิลปกรรม และงานช่าง||สถาปัตยกรรมและพุทธศิลป์||ศาสนสถานและปูชนียวัตถุ,วัฒนธรรมวัตถุ ศิลปกรรม และงานช่าง > สถาปัตยกรรมและพุทธศิลป์ > ศาสนสถานและปูชนียวัตถุ
พระเจ้าชัยวรมัน,บริบทเชิงประวัติศาสตร์ ภูมิศาสตร์ และพื้นที่,ยุคสมัยและเหตุการณ์สำคัญ,ลำดับเวลาและประวัติศาสตร์การสงคราม,0.75,4,บริบทเชิงประวัติศาสตร์ ภูมิศาสตร์ และพื้นที่||ยุคสมัยและเหตุการณ์สำคัญ||ลำดับเวลาและประวัติศาสตร์การสงคราม,บริบทเชิงประวัติศาสตร์ ภูมิศาสตร์ และพื้นที่ > ยุคสมัยและเหตุการณ์สำคัญ > ลำดับเวลาและประวัติศาสตร์การสงคราม
พระเจ้าบรมวงศ์เธอกรมพระนราธิปประพันธ์พงศ์,กลุ่มชาติพันธุ์ ชุมชน และวิถีชีวิต,โครงสร้างสังคมและบุคคลสำคัญ,ฐานันดรศักดิ์และบทบาททางสังคม,0.75,4,กลุ่มชาติพันธุ์ ชุมชน และวิถีชีวิต||โครงสร้างสังคมและบุคคลสำคัญ||ฐานันดรศักดิ์และบทบาททางสังคม,กลุ่มชาติพันธุ์ ชุมชน และวิถีชีวิต > โครงสร้างสังคมและบุคคลสำคัญ > ฐานันดรศักดิ์และบทบาททางสังคม
พระเพื่อน,วรรณคดีและสิ่งมีชีวิตเชิงตำนาน,นามานุกรมและประเภทตัวละคร,ตัวละครหลักและบทบาทในบทละคร,0.25,4,วรรณคดีและสิ่งมีชีวิตเชิงตำนาน||นามานุกรมและประเภทตัวละคร||ตัวละครหลักและบทบาทในบทละคร,วรรณคดีและสิ่งมีชีวิตเชิงตำนาน > นามานุกรมและประเภทตัวละคร > ตัวละครหลักและบทบาทในบทละคร
พระเมรุ,พิธีกรรม ความเชื่อ และจารีตวัฒนธรรม,จารีตประเพณีและพิธีกรรม,พิธีการสำคัญและจารีตทางสังคม,0.75,4,พิธีกรรม ความเชื่อ และจารีตวัฒนธรรม||จารีตประเพณีและพิธีกรรม||พิธีการสำคัญและจารีตทางสังคม,พิธีกรรม ความเชื่อ และจารีตวัฒนธรรม > จารีตประเพณีและพิธีกรรม > พิธีการสำคัญและจารีตทางสังคม
พระเอก,วรรณคดีและสิ่งมีชีวิตเชิงตำนาน,นามานุกรมและประเภทตัวละคร,ตัวละครหลักและบทบาทในบทละคร,1.0,4,วรรณคดีและสิ่งมีชีวิตเชิงตำนาน||นามานุกรมและประเภทตัวละคร||ตัวละครหลักและบทบาทในบทละคร,วรรณคดีและสิ่งมีชีวิตเชิงตำนาน > นามานุกรมและประเภทตัวละคร > ตัวละครหลักและบทบาทในบทละคร
พระแพง,วรรณคดีและสิ่งมีชีวิตเชิงตำนาน,นามานุกรมและประเภทตัวละคร,ตัวละครหลักและบทบาทในบทละคร,0.5,4,วรรณคดีและสิ่งมีชีวิตเชิงตำนาน||นามานุกรมและประเภทตัวละคร||ตัวละครหลักและบทบาทในบทละคร,วรรณคดีและสิ่งมีชีวิตเชิงตำนาน > นามานุกรมและประเภทตัวละคร > ตัวละครหลักและบทบาทในบทละคร
พระแม่คงคา,พิธีกรรม ความเชื่อ และจารีตวัฒนธรรม,ระบบความเชื่อและศาสนา,คติทางศาสนาและสิ่งศักดิ์สิทธิ์,0.5,4,พิธีกรรม ความเชื่อ และจารีตวัฒนธรรม||ระบบความเชื่อและศาสนา||คติทางศาสนาและสิ่งศักดิ์สิทธิ์,พิธีกรรม ความเชื่อ และจารีตวัฒนธรรม > ระบบความเชื่อและศาสนา > คติทางศาสนาและสิ่งศักดิ์สิทธิ์
พระไวย,วรรณคดีและสิ่งมีชีวิตเชิงตำนาน,นามานุกรมและประเภทตัวละคร,ตัวละครหลักและบทบาทในบทละคร,1.0,4,วรรณคดีและสิ่งมีชีวิตเชิงตำนาน||นามานุกรมและประเภทตัวละคร||ตัวละครหลักและบทบาทในบทละคร,วรรณคดีและสิ่งมีชีวิตเชิงตำนาน > นามานุกรมและประเภทตัวละคร > ตัวละครหลักและบทบาทในบทละคร
พราหมณ์,พิธีกรรม ความเชื่อ และจารีตวัฒนธรรม,ระบบความเชื่อและศาสนา,คติทางศาสนาและสิ่งศักดิ์สิทธิ์,0.75,4,พิธีกรรม ความเชื่อ และจารีตวัฒนธรรม||ระบบความเชื่อและศาสนา||คติทางศาสนาและสิ่งศักดิ์สิทธิ์,พิธีกรรม ความเชื่อ และจารีตวัฒนธรรม > ระบบความเชื่อและศาสนา > คติทางศาสนาและสิ่งศักดิ์สิทธิ์
พลลิง,วรรณคดีและสิ่งมีชีวิตเชิงตำนาน,นามานุกรมและประเภทตัวละคร,ตัวละครหลักและบทบาทในบทละคร,1.0,4,วรรณคดีและสิ่งมีชีวิตเชิงตำนาน||นามานุกรมและประเภทตัวละคร||ตัวละครหลักและบทบาทในบทละคร,วรรณคดีและสิ่งมีชีวิตเชิงตำนาน > นามานุกรมและประเภทตัวละคร > ตัวละครหลักและบทบาทในบทละคร
พลวานร,วรรณคดีและสิ่งมีชีวิตเชิงตำนาน,นามานุกรมและประเภทตัวละคร,เทวปกรณ์ อสูร และอมนุษย์,0.5,4,วรรณคดีและสิ่งมีชีวิตเชิงตำนาน||นามานุกรมและประเภทตัวละคร||เทวปกรณ์ อสูร และอมนุษย์,วรรณคดีและสิ่งมีชีวิตเชิงตำนาน > นามานุกรมและประเภทตัวละคร > เทวปกรณ์ อสูร และอมนุษย์
พลับพลา,บริบทเชิงประวัติศาสตร์ ภูมิศาสตร์ และพื้นที่,พื้นที่ทางวัฒนธรรมและสถาบัน,สถานที่จัดแสดงและเขตพระราชฐาน,0.5,4,บริบทเชิงประวัติศาสตร์ ภูมิศาสตร์ และพื้นที่||พื้นที่ทางวัฒนธรรมและสถาบัน||สถานที่จัดแสดงและเขตพระราชฐาน,บริบทเชิงประวัติศาสตร์ ภูมิศาสตร์ และพื้นที่ > พื้นที่ทางวัฒนธรรมและสถาบัน > สถานที่จัดแสดงและเขตพระราชฐาน
พลายชุมพล,วรรณคดีและสิ่งมีชีวิตเชิงตำนาน,นามานุกรมและประเภทตัวละคร,ตัวละครหลักและบทบาทในบทละคร,0.75,4,วรรณคดีและสิ่งมีชีวิตเชิงตำนาน||นามานุกรมและประเภทตัวละคร||ตัวละครหลักและบทบาทในบทละคร,วรรณคดีและสิ่งมีชีวิตเชิงตำนาน > นามานุกรมและประเภทตัวละคร > ตัวละครหลักและบทบาทในบทละคร
พวงมาลัย,พิธีกรรม ความเชื่อ และจารีตวัฒนธรรม,จารีตประเพณีและพิธีกรรม,พิธีการสำคัญและจารีตทางสังคม,0.75,4,พิธีกรรม ความเชื่อ และจารีตวัฒนธรรม||จารีตประเพณีและพิธีกรรม||พิธีการสำคัญและจารีตทางสังคม,พิธีกรรม ความเชื่อ และจารีตวัฒนธรรม > จารีตประเพณีและพิธีกรรม > พิธีการสำคัญและจารีตทางสังคม
พัดเรนัง,ศิลปะการแสดงและดนตรี,ดุริยางคศิลป์และคีตศิลป์,ระเบียบวิธีทางดนตรีและประเภทบทเพลง,0.25,4,ศิลปะการแสดงและดนตรี||ดุริยางคศิลป์และคีตศิลป์||ระเบียบวิธีทางดนตรีและประเภทบทเพลง,ศิลปะการแสดงและดนตรี > ดุริยางคศิลป์และคีตศิลป์ > ระเบียบวิธีทางดนตรีและประเภทบทเพลง
พาลี,วรรณคดีและสิ่งมีชีวิตเชิงตำนาน,นามานุกรมและประเภทตัวละคร,เทวปกรณ์ อสูร และอมนุษย์,0.5,4,วรรณคดีและสิ่งมีชีวิตเชิงตำนาน||นามานุกรมและประเภทตัวละคร||เทวปกรณ์ อสูร และอมนุษย์,วรรณคดีและสิ่งมีชีวิตเชิงตำนาน > นามานุกรมและประเภทตัวละคร > เทวปกรณ์ อสูร และอมนุษย์
พิธีทางศาสนา,พิธีกรรม ความเชื่อ และจารีตวัฒนธรรม,จารีตประเพณีและพิธีกรรม,พิธีการสำคัญและจารีตทางสังคม,1.0,4,พิธีกรรม ความเชื่อ และจารีตวัฒนธรรม||จารีตประเพณีและพิธีกรรม||พิธีการสำคัญและจารีตทางสังคม,พิธีกรรม ความเชื่อ และจารีตวัฒนธรรม > จารีตประเพณีและพิธีกรรม > พิธีการสำคัญและจารีตทางสังคม
พิเภก,วรรณคดีและสิ่งมีชีวิตเชิงตำนาน,นามานุกรมและประเภทตัวละคร,ตัวละครหลักและบทบาทในบทละคร,1.0,4,วรรณคดีและสิ่งมีชีวิตเชิงตำนาน||นามานุกรมและประเภทตัวละคร||ตัวละครหลักและบทบาทในบทละคร,วรรณคดีและสิ่งมีชีวิตเชิงตำนาน > นามานุกรมและประเภทตัวละคร > ตัวละครหลักและบทบาทในบทละคร
พี่เลี้ยง,กลุ่มชาติพันธุ์ ชุมชน และวิถีชีวิต,โครงสร้างสังคมและบุคคลสำคัญ,ฐานันดรศักดิ์และบทบาททางสังคม,0.5,4,กลุ่มชาติพันธุ์ ชุมชน และวิถีชีวิต||โครงสร้างสังคมและบุคคลสำคัญ||ฐานันดรศักดิ์และบทบาททางสังคม,กลุ่มชาติพันธุ์ ชุมชน และวิถีชีวิต > โครงสร้างสังคมและบุคคลสำคัญ > ฐานันดรศักดิ์และบทบาททางสังคม
พืชพรรณ,กลุ่มชาติพันธุ์ ชุมชน และวิถีชีวิต,วิถีชีวิตและพฤติกรรมทางสังคม,จารีตการปฏิบัติและพรรณไม้ในวิถีชีวิต,1.0,4,กลุ่มชาติพันธุ์ ชุมชน และวิถีชีวิต||วิถีชีวิตและพฤติกรรมทางสังคม||จารีตการปฏิบัติและพรรณไม้ในวิถีชีวิต,กลุ่มชาติพันธุ์ ชุมชน และวิถีชีวิต > วิถีชีวิตและพฤติกรรมทางสังคม > จารีตการปฏิบัติและพรรณไม้ในวิถีชีวิต
พื้นบ้านภาคใต้,ศิลปะการแสดงและดนตรี,นาฏยศิลป์และการแสดง,รูปแบบการแสดงและนาฏศิลป์ท้องถิ่น,0.25,4,ศิลปะการแสดงและดนตรี||นาฏยศิลป์และการแสดง||รูปแบบการแสดงและนาฏศิลป์ท้องถิ่น,ศิลปะการแสดงและดนตรี > นาฏยศิลป์และการแสดง > รูปแบบการแสดงและนาฏศิลป์ท้องถิ่น
พุทธศตวรรษ,บริบทเชิงประวัติศาสตร์ ภูมิศาสตร์ และพื้นที่,ยุคสมัยและเหตุการณ์สำคัญ,ลำดับเวลาและประวัติศาสตร์การสงคราม,1.0,4,บริบทเชิงประวัติศาสตร์ ภูมิศาสตร์ และพื้นที่||ยุคสมัยและเหตุการณ์สำคัญ||ลำดับเวลาและประวัติศาสตร์การสงคราม,บริบทเชิงประวัติศาสตร์ ภูมิศาสตร์ และพื้นที่ > ยุคสมัยและเหตุการณ์สำคัญ > ลำดับเวลาและประวัติศาสตร์การสงคราม
ฟองน้ำ,วัฒนธรรมวัตถุ ศิลปกรรม และงานช่าง,วัสดุและอัญมณี,วัสดุธรรมชาติและรัตนชาติ,0.75,4,วัฒนธรรมวัตถุ ศิลปกรรม และงานช่าง||วัสดุและอัญมณี||วัสดุธรรมชาติและรัตนชาติ,วัฒนธรรมวัตถุ ศิลปกรรม และงานช่าง > วัสดุและอัญมณี > วัสดุธรรมชาติและรัตนชาติ
ฟันปลา,วัฒนธรรมวัตถุ ศิลปกรรม และงานช่าง,ประณีตศิลป์และทัศนศิลป์,งานช่างศิลปกรรมและเทคนิควิธี,0.75,4,วัฒนธรรมวัตถุ ศิลปกรรม และงานช่าง||ประณีตศิลป์และทัศนศิลป์||งานช่างศิลปกรรมและเทคนิควิธี,วัฒนธรรมวัตถุ ศิลปกรรม และงานช่าง > ประณีตศิลป์และทัศนศิลป์ > งานช่างศิลปกรรมและเทคนิควิธี
ภาคใต้,บริบทเชิงประวัติศาสตร์ ภูมิศาสตร์ และพื้นที่,ภูมิศาสตร์และอาณาบริเวณ,เขตปกครองและภูมิภาค,1.0,4,บริบทเชิงประวัติศาสตร์ ภูมิศาสตร์ และพื้นที่||ภูมิศาสตร์และอาณาบริเวณ||เขตปกครองและภูมิภาค,บริบทเชิงประวัติศาสตร์ ภูมิศาสตร์ และพื้นที่ > ภูมิศาสตร์และอาณาบริเวณ > เขตปกครองและภูมิภาค
ภาคกลาง,บริบทเชิงประวัติศาสตร์ ภูมิศาสตร์ และพื้นที่,ภูมิศาสตร์และอาณาบริเวณ,เขตปกครองและภูมิภาค,1.0,4,บริบทเชิงประวัติศาสตร์ ภูมิศาสตร์ และพื้นที่||ภูมิศาสตร์และอาณาบริเวณ||เขตปกครองและภูมิภาค,บริบทเชิงประวัติศาสตร์ ภูมิศาสตร์ และพื้นที่ > ภูมิศาสตร์และอาณาบริเวณ > เขตปกครองและภูมิภาค
ภาคตะวันออกเฉียงเหนือ,บริบทเชิงประวัติศาสตร์ ภูมิศาสตร์ และพื้นที่,ภูมิศาสตร์และอาณาบริเวณ,เขตปกครองและภูมิภาค,1.0,4,บริบทเชิงประวัติศาสตร์ ภูมิศาสตร์ และพื้นที่||ภูมิศาสตร์และอาณาบริเวณ||เขตปกครองและภูมิภาค,บริบทเชิงประวัติศาสตร์ ภูมิศาสตร์ และพื้นที่ > ภูมิศาสตร์และอาณาบริเวณ > เขตปกครองและภูมิภาค
ภาคอีสาน,บริบทเชิงประวัติศาสตร์ ภูมิศาสตร์ และพื้นที่,ภูมิศาสตร์และอาณาบริเวณ,เขตปกครองและภูมิภาค,1.0,4,บริบทเชิงประวัติศาสตร์ ภูมิศาสตร์ และพื้นที่||ภูมิศาสตร์และอาณาบริเวณ||เขตปกครองและภูมิภาค,บริบทเชิงประวัติศาสตร์ ภูมิศาสตร์ และพื้นที่ > ภูมิศาสตร์และอาณาบริเวณ > เขตปกครองและภูมิภาค
ภาคเหนือ,บริบทเชิงประวัติศาสตร์ ภูมิศาสตร์ และพื้นที่,ภูมิศาสตร์และอาณาบริเวณ,เขตปกครองและภูมิภาค,1.0,4,บริบทเชิงประวัติศาสตร์ ภูมิศาสตร์ และพื้นที่||ภูมิศาสตร์และอาณาบริเวณ||เขตปกครองและภูมิภาค,บริบทเชิงประวัติศาสตร์ ภูมิศาสตร์ และพื้นที่ > ภูมิศาสตร์และอาณาบริเวณ > เขตปกครองและภูมิภาค
ภาชนะดินเผา,วัฒนธรรมวัตถุ ศิลปกรรม และงานช่าง,ประณีตศิลป์และทัศนศิลป์,งานช่างศิลปกรรมและเทคนิควิธี,1.0,4,วัฒนธรรมวัตถุ ศิลปกรรม และงานช่าง||ประณีตศิลป์และทัศนศิลป์||งานช่างศิลปกรรมและเทคนิควิธี,วัฒนธรรมวัตถุ ศิลปกรรม และงานช่าง > ประณีตศิลป์และทัศนศิลป์ > งานช่างศิลปกรรมและเทคนิควิธี
ภาพจำหลัก,วัฒนธรรมวัตถุ ศิลปกรรม และงานช่าง,ประณีตศิลป์และทัศนศิลป์,งานช่างศิลปกรรมและเทคนิควิธี,1.0,4,วัฒนธรรมวัตถุ ศิลปกรรม และงานช่าง||ประณีตศิลป์และทัศนศิลป์||งานช่างศิลปกรรมและเทคนิควิธี,วัฒนธรรมวัตถุ ศิลปกรรม และงานช่าง > ประณีตศิลป์และทัศนศิลป์ > งานช่างศิลปกรรมและเทคนิควิธี
ภาพจิตรกรรมฝาผนัง,วัฒนธรรมวัตถุ ศิลปกรรม และงานช่าง,ประณีตศิลป์และทัศนศิลป์,งานช่างศิลปกรรมและเทคนิควิธี,0.75,4,วัฒนธรรมวัตถุ ศิลปกรรม และงานช่าง||ประณีตศิลป์และทัศนศิลป์||งานช่างศิลปกรรมและเทคนิควิธี,วัฒนธรรมวัตถุ ศิลปกรรม และงานช่าง > ประณีตศิลป์และทัศนศิลป์ > งานช่างศิลปกรรมและเทคนิควิธี
ภารตนาฏยัม,ศิลปะการแสดงและดนตรี,นาฏยศิลป์และการแสดง,รูปแบบการแสดงและนาฏศิลป์ท้องถิ่น,0.75,4,ศิลปะการแสดงและดนตรี||นาฏยศิลป์และการแสดง||รูปแบบการแสดงและนาฏศิลป์ท้องถิ่น,ศิลปะการแสดงและดนตรี > นาฏยศิลป์และการแสดง > รูปแบบการแสดงและนาฏศิลป์ท้องถิ่น
ภาษามลายู,กลุ่มชาติพันธุ์ ชุมชน และวิถีชีวิต,อัตลักษณ์ทางสังคมและกลุ่มคน,กลุ่มชาติพันธุ์และชุมชนท้องถิ่น,0.75,4,กลุ่มชาติพันธุ์ ชุมชน และวิถีชีวิต||อัตลักษณ์ทางสังคมและกลุ่มคน||กลุ่มชาติพันธุ์และชุมชนท้องถิ่น,กลุ่มชาติพันธุ์ ชุมชน และวิถีชีวิต > อัตลักษณ์ทางสังคมและกลุ่มคน > กลุ่มชาติพันธุ์และชุมชนท้องถิ่น
ภูเขา,บริบทเชิงประวัติศาสตร์ ภูมิศาสตร์ และพื้นที่,ภูมิศาสตร์และอาณาบริเวณ,พื้นที่ในคติความเชื่อและประวัติศาสตร์,0.75,4,บริบทเชิงประวัติศาสตร์ ภูมิศาสตร์ และพื้นที่||ภูมิศาสตร์และอาณาบริเวณ||พื้นที่ในคติความเชื่อและประวัติศาสตร์,บริบทเชิงประวัติศาสตร์ ภูมิศาสตร์ และพื้นที่ > ภูมิศาสตร์และอาณาบริเวณ > พื้นที่ในคติความเชื่อและประวัติศาสตร์
มณีพิชัย,วรรณคดีและสิ่งมีชีวิตเชิงตำนาน,นามานุกรมและประเภทตัวละคร,ตัวละครหลักและบทบาทในบทละคร,0.5,4,วรรณคดีและสิ่งมีชีวิตเชิงตำนาน||นามานุกรมและประเภทตัวละคร||ตัวละครหลักและบทบาทในบทละคร,วรรณคดีและสิ่งมีชีวิตเชิงตำนาน > นามานุกรมและประเภทตัวละคร > ตัวละครหลักและบทบาทในบทละคร
มรกต,วัฒนธรรมวัตถุ ศิลปกรรม และงานช่าง,วัสดุและอัญมณี,วัสดุธรรมชาติและรัตนชาติ,1.0,4,วัฒนธรรมวัตถุ ศิลปกรรม และงานช่าง||วัสดุและอัญมณี||วัสดุธรรมชาติและรัตนชาติ,วัฒนธรรมวัตถุ ศิลปกรรม และงานช่าง > วัสดุและอัญมณี > วัสดุธรรมชาติและรัตนชาติ
มลายู,กลุ่มชาติพันธุ์ ชุมชน และวิถีชีวิต,อัตลักษณ์ทางสังคมและกลุ่มคน,กลุ่มชาติพันธุ์และชุมชนท้องถิ่น,1.0,4,กลุ่มชาติพันธุ์ ชุมชน และวิถีชีวิต||อัตลักษณ์ทางสังคมและกลุ่มคน||กลุ่มชาติพันธุ์และชุมชนท้องถิ่น,กลุ่มชาติพันธุ์ ชุมชน และวิถีชีวิต > อัตลักษณ์ทางสังคมและกลุ่มคน > กลุ่มชาติพันธุ์และชุมชนท้องถิ่น
มวยโบราณ,ศิลปะการแสดงและดนตรี,บุคลากรและทักษะทางศิลปะ,กลวิธีและสมรรถนะการแสดง,0.5,4,ศิลปะการแสดงและดนตรี||บุคลากรและทักษะทางศิลปะ||กลวิธีและสมรรถนะการแสดง,ศิลปะการแสดงและดนตรี > บุคลากรและทักษะทางศิลปะ > กลวิธีและสมรรถนะการแสดง
มวยไทย,ศิลปะการแสดงและดนตรี,นาฏยศิลป์และการแสดง,รูปแบบการแสดงและนาฏศิลป์ท้องถิ่น,1.0,4,ศิลปะการแสดงและดนตรี||นาฏยศิลป์และการแสดง||รูปแบบการแสดงและนาฏศิลป์ท้องถิ่น,ศิลปะการแสดงและดนตรี > นาฏยศิลป์และการแสดง > รูปแบบการแสดงและนาฏศิลป์ท้องถิ่น
มหาสมุทร,บริบทเชิงประวัติศาสตร์ ภูมิศาสตร์ และพื้นที่,ภูมิศาสตร์และอาณาบริเวณ,พื้นที่ในคติความเชื่อและประวัติศาสตร์,1.0,4,บริบทเชิงประวัติศาสตร์ ภูมิศาสตร์ และพื้นที่||ภูมิศาสตร์และอาณาบริเวณ||พื้นที่ในคติความเชื่อและประวัติศาสตร์,บริบทเชิงประวัติศาสตร์ ภูมิศาสตร์ และพื้นที่ > ภูมิศาสตร์และอาณาบริเวณ > พื้นที่ในคติความเชื่อและประวัติศาสตร์
มังกรกัณฐ์,วรรณคดีและสิ่งมีชีวิตเชิงตำนาน,นามานุกรมและประเภทตัวละคร,เทวปกรณ์ อสูร และอมนุษย์,0.75,4,วรรณคดีและสิ่งมีชีวิตเชิงตำนาน||นามานุกรมและประเภทตัวละคร||เทวปกรณ์ อสูร และอมนุษย์,วรรณคดีและสิ่งมีชีวิตเชิงตำนาน > นามานุกรมและประเภทตัวละคร > เทวปกรณ์ อสูร และอมนุษย์
มัยราพณ์,วรรณคดีและสิ่งมีชีวิตเชิงตำนาน,นามานุกรมและประเภทตัวละคร,ตัวละครหลักและบทบาทในบทละคร,0.75,4,วรรณคดีและสิ่งมีชีวิตเชิงตำนาน||นามานุกรมและประเภทตัวละคร||ตัวละครหลักและบทบาทในบทละคร,วรรณคดีและสิ่งมีชีวิตเชิงตำนาน > นามานุกรมและประเภทตัวละคร > ตัวละครหลักและบทบาทในบทละคร
มารดา,กลุ่มชาติพันธุ์ ชุมชน และวิถีชีวิต,โครงสร้างสังคมและบุคคลสำคัญ,ฐานันดรศักดิ์และบทบาททางสังคม,0.75,4,กลุ่มชาติพันธุ์ ชุมชน และวิถีชีวิต||โครงสร้างสังคมและบุคคลสำคัญ||ฐานันดรศักดิ์และบทบาททางสังคม,กลุ่มชาติพันธุ์ ชุมชน และวิถีชีวิต > โครงสร้างสังคมและบุคคลสำคัญ > ฐานันดรศักดิ์และบทบาททางสังคม
มารีศ,วรรณคดีและสิ่งมีชีวิตเชิงตำนาน,นามานุกรมและประเภทตัวละคร,ตัวละครหลักและบทบาทในบทละคร,0.75,4,วรรณคดีและสิ่งมีชีวิตเชิงตำนาน||นามานุกรมและประเภทตัวละคร||ตัวละครหลักและบทบาทในบทละคร,วรรณคดีและสิ่งมีชีวิตเชิงตำนาน > นามานุกรมและประเภทตัวละคร > ตัวละครหลักและบทบาทในบทละคร
มีฤทธิ์,พิธีกรรม ความเชื่อ และจารีตวัฒนธรรม,คติความเชื่อและไสยศาสตร์,การขจัดปัดเป่าและอำนาจเหนือธรรมชาติ,1.0,4,พิธีกรรม ความเชื่อ และจารีตวัฒนธรรม||คติความเชื่อและไสยศาสตร์||การขจัดปัดเป่าและอำนาจเหนือธรรมชาติ,พิธีกรรม ความเชื่อ และจารีตวัฒนธรรม > คติความเชื่อและไสยศาสตร์ > การขจัดปัดเป่าและอำนาจเหนือธรรมชาติ
มีแบบแผน,พิธีกรรม ความเชื่อ และจารีตวัฒนธรรม,จารีตประเพณีและพิธีกรรม,พิธีการสำคัญและจารีตทางสังคม,0.5,4,พิธีกรรม ความเชื่อ และจารีตวัฒนธรรม||จารีตประเพณีและพิธีกรรม||พิธีการสำคัญและจารีตทางสังคม,พิธีกรรม ความเชื่อ และจารีตวัฒนธรรม > จารีตประเพณีและพิธีกรรม > พิธีการสำคัญและจารีตทางสังคม
มือขวา,กลุ่มชาติพันธุ์ ชุมชน และวิถีชีวิต,โครงสร้างสังคมและบุคคลสำคัญ,ฐานันดรศักดิ์และบทบาททางสังคม,0.75,4,กลุ่มชาติพันธุ์ ชุมชน และวิถีชีวิต||โครงสร้างสังคมและบุคคลสำคัญ||ฐานันดรศักดิ์และบทบาททางสังคม,กลุ่มชาติพันธุ์ ชุมชน และวิถีชีวิต > โครงสร้างสังคมและบุคคลสำคัญ > ฐานันดรศักดิ์และบทบาททางสังคม
มือซ้าย,กลุ่มชาติพันธุ์ ชุมชน และวิถีชีวิต,วิถีชีวิตและพฤติกรรมทางสังคม,จารีตการปฏิบัติและพรรณไม้ในวิถีชีวิต,0.5,4,กลุ่มชาติพันธุ์ ชุมชน และวิถีชีวิต||วิถีชีวิตและพฤติกรรมทางสังคม||จารีตการปฏิบัติและพรรณไม้ในวิถีชีวิต,กลุ่มชาติพันธุ์ ชุมชน และวิถีชีวิต > วิถีชีวิตและพฤติกรรมทางสังคม > จารีตการปฏิบัติและพรรณไม้ในวิถีชีวิต
มือเปล่า,ศิลปะการแสดงและดนตรี,บุคลากรและทักษะทางศิลปะ,กลวิธีและสมรรถนะการแสดง,0.25,4,ศิลปะการแสดงและดนตรี||บุคลากรและทักษะทางศิลปะ||กลวิธีและสมรรถนะการแสดง,ศิลปะการแสดงและดนตรี > บุคลากรและทักษะทางศิลปะ > กลวิธีและสมรรถนะการแสดง
มุกดาหาร,บริบทเชิงประวัติศาสตร์ ภูมิศาสตร์ และพื้นที่,ภูมิศาสตร์และอาณาบริเวณ,เขตปกครองและภูมิภาค,1.0,4,บริบทเชิงประวัติศาสตร์ ภูมิศาสตร์ และพื้นที่||ภูมิศาสตร์และอาณาบริเวณ||เขตปกครองและภูมิภาค,บริบทเชิงประวัติศาสตร์ ภูมิศาสตร์ และพื้นที่ > ภูมิศาสตร์และอาณาบริเวณ > เขตปกครองและภูมิภาค
มุสลิม,พิธีกรรม ความเชื่อ และจารีตวัฒนธรรม,ระบบความเชื่อและศาสนา,คติทางศาสนาและสิ่งศักดิ์สิทธิ์,0.5,4,พิธีกรรม ความเชื่อ และจารีตวัฒนธรรม||ระบบความเชื่อและศาสนา||คติทางศาสนาและสิ่งศักดิ์สิทธิ์,พิธีกรรม ความเชื่อ และจารีตวัฒนธรรม > ระบบความเชื่อและศาสนา > คติทางศาสนาและสิ่งศักดิ์สิทธิ์
มเหสี,วรรณคดีและสิ่งมีชีวิตเชิงตำนาน,สถานภาพและลำดับชั้นทางสังคมในวรรณกรรม,ฐานันดรศักดิ์และระบบเครือญาติ,0.5,4,วรรณคดีและสิ่งมีชีวิตเชิงตำนาน||สถานภาพและลำดับชั้นทางสังคมในวรรณกรรม||ฐานันดรศักดิ์และระบบเครือญาติ,วรรณคดีและสิ่งมีชีวิตเชิงตำนาน > สถานภาพและลำดับชั้นทางสังคมในวรรณกรรม > ฐานันดรศักดิ์และระบบเครือญาติ
มโนราห์,ศิลปะการแสดงและดนตรี,นาฏยศิลป์และการแสดง,รูปแบบการแสดงและนาฏศิลป์ท้องถิ่น,0.5,4,ศิลปะการแสดงและดนตรี||นาฏยศิลป์และการแสดง||รูปแบบการแสดงและนาฏศิลป์ท้องถิ่น,ศิลปะการแสดงและดนตรี > นาฏยศิลป์และการแสดง > รูปแบบการแสดงและนาฏศิลป์ท้องถิ่น
มโนห์รา,วรรณคดีและสิ่งมีชีวิตเชิงตำนาน,นามานุกรมและประเภทตัวละคร,ตัวละครหลักและบทบาทในบทละคร,0.75,4,วรรณคดีและสิ่งมีชีวิตเชิงตำนาน||นามานุกรมและประเภทตัวละคร||ตัวละครหลักและบทบาทในบทละคร,วรรณคดีและสิ่งมีชีวิตเชิงตำนาน > นามานุกรมและประเภทตัวละคร > ตัวละครหลักและบทบาทในบทละคร
ยมะ,พิธีกรรม ความเชื่อ และจารีตวัฒนธรรม,ระบบความเชื่อและศาสนา,คติทางศาสนาและสิ่งศักดิ์สิทธิ์,0.5,4,พิธีกรรม ความเชื่อ และจารีตวัฒนธรรม||ระบบความเชื่อและศาสนา||คติทางศาสนาและสิ่งศักดิ์สิทธิ์,พิธีกรรม ความเชื่อ และจารีตวัฒนธรรม > ระบบความเชื่อและศาสนา > คติทางศาสนาและสิ่งศักดิ์สิทธิ์
ยอพระกลิ่น,พิธีกรรม ความเชื่อ และจารีตวัฒนธรรม,จารีตประเพณีและพิธีกรรม,พิธีการสำคัญและจารีตทางสังคม,0.5,4,พิธีกรรม ความเชื่อ และจารีตวัฒนธรรม||จารีตประเพณีและพิธีกรรม||พิธีการสำคัญและจารีตทางสังคม,พิธีกรรม ความเชื่อ และจารีตวัฒนธรรม > จารีตประเพณีและพิธีกรรม > พิธีการสำคัญและจารีตทางสังคม
ยักษิณี,วรรณคดีและสิ่งมีชีวิตเชิงตำนาน,นามานุกรมและประเภทตัวละคร,เทวปกรณ์ อสูร และอมนุษย์,1.0,4,วรรณคดีและสิ่งมีชีวิตเชิงตำนาน||นามานุกรมและประเภทตัวละคร||เทวปกรณ์ อสูร และอมนุษย์,วรรณคดีและสิ่งมีชีวิตเชิงตำนาน > นามานุกรมและประเภทตัวละคร > เทวปกรณ์ อสูร และอมนุษย์
ยูเนสโก,กลุ่มชาติพันธุ์ ชุมชน และวิถีชีวิต,โครงสร้างสังคมและบุคคลสำคัญ,ฐานันดรศักดิ์และบทบาททางสังคม,0.25,4,กลุ่มชาติพันธุ์ ชุมชน และวิถีชีวิต||โครงสร้างสังคมและบุคคลสำคัญ||ฐานันดรศักดิ์และบทบาททางสังคม,กลุ่มชาติพันธุ์ ชุมชน และวิถีชีวิต > โครงสร้างสังคมและบุคคลสำคัญ > ฐานันดรศักดิ์และบทบาททางสังคม
ย่องหงิด,วรรณคดีและสิ่งมีชีวิตเชิงตำนาน,นามานุกรมและประเภทตัวละคร,ตัวละครหลักและบทบาทในบทละคร,0.5,4,วรรณคดีและสิ่งมีชีวิตเชิงตำนาน||นามานุกรมและประเภทตัวละคร||ตัวละครหลักและบทบาทในบทละคร,วรรณคดีและสิ่งมีชีวิตเชิงตำนาน > นามานุกรมและประเภทตัวละคร > ตัวละครหลักและบทบาทในบทละคร
ย่านาง,วรรณคดีและสิ่งมีชีวิตเชิงตำนาน,นามานุกรมและประเภทตัวละคร,เทวปกรณ์ อสูร และอมนุษย์,0.5,4,วรรณคดีและสิ่งมีชีวิตเชิงตำนาน||นามานุกรมและประเภทตัวละคร||เทวปกรณ์ อสูร และอมนุษย์,วรรณคดีและสิ่งมีชีวิตเชิงตำนาน > นามานุกรมและประเภทตัวละคร > เทวปกรณ์ อสูร และอมนุษย์
รจนา,วรรณคดีและสิ่งมีชีวิตเชิงตำนาน,นามานุกรมและประเภทตัวละคร,ตัวละครหลักและบทบาทในบทละคร,0.75,4,วรรณคดีและสิ่งมีชีวิตเชิงตำนาน||นามานุกรมและประเภทตัวละคร||ตัวละครหลักและบทบาทในบทละคร,วรรณคดีและสิ่งมีชีวิตเชิงตำนาน > นามานุกรมและประเภทตัวละคร > ตัวละครหลักและบทบาทในบทละคร
ระดับชาติ,บริบทเชิงประวัติศาสตร์ ภูมิศาสตร์ และพื้นที่,ภูมิศาสตร์และอาณาบริเวณ,เขตปกครองและภูมิภาค,0.75,4,บริบทเชิงประวัติศาสตร์ ภูมิศาสตร์ และพื้นที่||ภูมิศาสตร์และอาณาบริเวณ||เขตปกครองและภูมิภาค,บริบทเชิงประวัติศาสตร์ ภูมิศาสตร์ และพื้นที่ > ภูมิศาสตร์และอาณาบริเวณ > เขตปกครองและภูมิภาค
ระบำมาตรฐาน,ศิลปะการแสดงและดนตรี,นาฏยศิลป์และการแสดง,กระบวนท่ารำและจารีตการแสดง,0.75,4,ศิลปะการแสดงและดนตรี||นาฏยศิลป์และการแสดง||กระบวนท่ารำและจารีตการแสดง,ศิลปะการแสดงและดนตรี > นาฏยศิลป์และการแสดง > กระบวนท่ารำและจารีตการแสดง
ระบำโบราณคดี,ศิลปะการแสดงและดนตรี,นาฏยศิลป์และการแสดง,รูปแบบการแสดงและนาฏศิลป์ท้องถิ่น,0.75,4,ศิลปะการแสดงและดนตรี||นาฏยศิลป์และการแสดง||รูปแบบการแสดงและนาฏศิลป์ท้องถิ่น,ศิลปะการแสดงและดนตรี > นาฏยศิลป์และการแสดง > รูปแบบการแสดงและนาฏศิลป์ท้องถิ่น
รังควาญ,พิธีกรรม ความเชื่อ และจารีตวัฒนธรรม,คติความเชื่อและไสยศาสตร์,การขจัดปัดเป่าและอำนาจเหนือธรรมชาติ,0.5,4,พิธีกรรม ความเชื่อ และจารีตวัฒนธรรม||คติความเชื่อและไสยศาสตร์||การขจัดปัดเป่าและอำนาจเหนือธรรมชาติ,พิธีกรรม ความเชื่อ และจารีตวัฒนธรรม > คติความเชื่อและไสยศาสตร์ > การขจัดปัดเป่าและอำนาจเหนือธรรมชาติ
รัชกาล,บริบทเชิงประวัติศาสตร์ ภูมิศาสตร์ และพื้นที่,ยุคสมัยและเหตุการณ์สำคัญ,ลำดับเวลาและประวัติศาสตร์การสงคราม,1.0,4,บริบทเชิงประวัติศาสตร์ ภูมิศาสตร์ และพื้นที่||ยุคสมัยและเหตุการณ์สำคัญ||ลำดับเวลาและประวัติศาสตร์การสงคราม,บริบทเชิงประวัติศาสตร์ ภูมิศาสตร์ และพื้นที่ > ยุคสมัยและเหตุการณ์สำคัญ > ลำดับเวลาและประวัติศาสตร์การสงคราม
รัชฎา,วัฒนธรรมวัตถุ ศิลปกรรม และงานช่าง,วัสดุและอัญมณี,วัสดุธรรมชาติและรัตนชาติ,0.25,4,วัฒนธรรมวัตถุ ศิลปกรรม และงานช่าง||วัสดุและอัญมณี||วัสดุธรรมชาติและรัตนชาติ,วัฒนธรรมวัตถุ ศิลปกรรม และงานช่าง > วัสดุและอัญมณี > วัสดุธรรมชาติและรัตนชาติ
รับสั่ง,กลุ่มชาติพันธุ์ ชุมชน และวิถีชีวิต,โครงสร้างสังคมและบุคคลสำคัญ,ฐานันดรศักดิ์และบทบาททางสังคม,0.75,4,กลุ่มชาติพันธุ์ ชุมชน และวิถีชีวิต||โครงสร้างสังคมและบุคคลสำคัญ||ฐานันดรศักดิ์และบทบาททางสังคม,กลุ่มชาติพันธุ์ ชุมชน และวิถีชีวิต > โครงสร้างสังคมและบุคคลสำคัญ > ฐานันดรศักดิ์และบทบาททางสังคม
รับอาสา,กลุ่มชาติพันธุ์ ชุมชน และวิถีชีวิต,วิถีชีวิตและพฤติกรรมทางสังคม,จารีตการปฏิบัติและพรรณไม้ในวิถีชีวิต,0.5,4,กลุ่มชาติพันธุ์ ชุมชน และวิถีชีวิต||วิถีชีวิตและพฤติกรรมทางสังคม||จารีตการปฏิบัติและพรรณไม้ในวิถีชีวิต,กลุ่มชาติพันธุ์ ชุมชน และวิถีชีวิต > วิถีชีวิตและพฤติกรรมทางสังคม > จารีตการปฏิบัติและพรรณไม้ในวิถีชีวิต
รับใช้,กลุ่มชาติพันธุ์ ชุมชน และวิถีชีวิต,โครงสร้างสังคมและบุคคลสำคัญ,ฐานันดรศักดิ์และบทบาททางสังคม,0.75,4,กลุ่มชาติพันธุ์ ชุมชน และวิถีชีวิต||โครงสร้างสังคมและบุคคลสำคัญ||ฐานันดรศักดิ์และบทบาททางสังคม,กลุ่มชาติพันธุ์ ชุมชน และวิถีชีวิต > โครงสร้างสังคมและบุคคลสำคัญ > ฐานันดรศักดิ์และบทบาททางสังคม
รัวฉิ่ง,ศิลปะการแสดงและดนตรี,ดุริยางคศิลป์และคีตศิลป์,ระเบียบวิธีทางดนตรีและประเภทบทเพลง,1.0,4,ศิลปะการแสดงและดนตรี||ดุริยางคศิลป์และคีตศิลป์||ระเบียบวิธีทางดนตรีและประเภทบทเพลง,ศิลปะการแสดงและดนตรี > ดุริยางคศิลป์และคีตศิลป์ > ระเบียบวิธีทางดนตรีและประเภทบทเพลง
ราชสำนัก,บริบทเชิงประวัติศาสตร์ ภูมิศาสตร์ และพื้นที่,พื้นที่ทางวัฒนธรรมและสถาบัน,สถานที่จัดแสดงและเขตพระราชฐาน,0.75,4,บริบทเชิงประวัติศาสตร์ ภูมิศาสตร์ และพื้นที่||พื้นที่ทางวัฒนธรรมและสถาบัน||สถานที่จัดแสดงและเขตพระราชฐาน,บริบทเชิงประวัติศาสตร์ ภูมิศาสตร์ และพื้นที่ > พื้นที่ทางวัฒนธรรมและสถาบัน > สถานที่จัดแสดงและเขตพระราชฐาน
รามสูร,วรรณคดีและสิ่งมีชีวิตเชิงตำนาน,นามานุกรมและประเภทตัวละคร,เทวปกรณ์ อสูร และอมนุษย์,0.75,4,วรรณคดีและสิ่งมีชีวิตเชิงตำนาน||นามานุกรมและประเภทตัวละคร||เทวปกรณ์ อสูร และอมนุษย์,วรรณคดีและสิ่งมีชีวิตเชิงตำนาน > นามานุกรมและประเภทตัวละคร > เทวปกรณ์ อสูร และอมนุษย์
รามเกียรติ์,วรรณคดีและสิ่งมีชีวิตเชิงตำนาน,นามานุกรมและประเภทตัวละคร,ตัวละครหลักและบทบาทในบทละคร,1.0,4,วรรณคดีและสิ่งมีชีวิตเชิงตำนาน||นามานุกรมและประเภทตัวละคร||ตัวละครหลักและบทบาทในบทละคร,วรรณคดีและสิ่งมีชีวิตเชิงตำนาน > นามานุกรมและประเภทตัวละคร > ตัวละครหลักและบทบาทในบทละคร
รำคู่,ศิลปะการแสดงและดนตรี,นาฏยศิลป์และการแสดง,กระบวนท่ารำและจารีตการแสดง,1.0,4,ศิลปะการแสดงและดนตรี||นาฏยศิลป์และการแสดง||กระบวนท่ารำและจารีตการแสดง,ศิลปะการแสดงและดนตรี > นาฏยศิลป์และการแสดง > กระบวนท่ารำและจารีตการแสดง
รำพัด,ศิลปะการแสดงและดนตรี,นาฏยศิลป์และการแสดง,รูปแบบการแสดงและนาฏศิลป์ท้องถิ่น,0.5,4,ศิลปะการแสดงและดนตรี||นาฏยศิลป์และการแสดง||รูปแบบการแสดงและนาฏศิลป์ท้องถิ่น,ศิลปะการแสดงและดนตรี > นาฏยศิลป์และการแสดง > รูปแบบการแสดงและนาฏศิลป์ท้องถิ่น
รำมาตรฐาน,ศิลปะการแสดงและดนตรี,นาฏยศิลป์และการแสดง,กระบวนท่ารำและจารีตการแสดง,1.0,4,ศิลปะการแสดงและดนตรี||นาฏยศิลป์และการแสดง||กระบวนท่ารำและจารีตการแสดง,ศิลปะการแสดงและดนตรี > นาฏยศิลป์และการแสดง > กระบวนท่ารำและจารีตการแสดง
รำเดี่ยว,ศิลปะการแสดงและดนตรี,นาฏยศิลป์และการแสดง,รูปแบบการแสดงและนาฏศิลป์ท้องถิ่น,0.5,4,ศิลปะการแสดงและดนตรี||นาฏยศิลป์และการแสดง||รูปแบบการแสดงและนาฏศิลป์ท้องถิ่น,ศิลปะการแสดงและดนตรี > นาฏยศิลป์และการแสดง > รูปแบบการแสดงและนาฏศิลป์ท้องถิ่น
ริมแม่น้ำ,บริบทเชิงประวัติศาสตร์ ภูมิศาสตร์ และพื้นที่,ภูมิศาสตร์และอาณาบริเวณ,พื้นที่ในคติความเชื่อและประวัติศาสตร์,0.75,4,บริบทเชิงประวัติศาสตร์ ภูมิศาสตร์ และพื้นที่||ภูมิศาสตร์และอาณาบริเวณ||พื้นที่ในคติความเชื่อและประวัติศาสตร์,บริบทเชิงประวัติศาสตร์ ภูมิศาสตร์ และพื้นที่ > ภูมิศาสตร์และอาณาบริเวณ > พื้นที่ในคติความเชื่อและประวัติศาสตร์
รุทการ,ศิลปะการแสดงและดนตรี,นาฏยศิลป์และการแสดง,กระบวนท่ารำและจารีตการแสดง,0.5,4,ศิลปะการแสดงและดนตรี||นาฏยศิลป์และการแสดง||กระบวนท่ารำและจารีตการแสดง,ศิลปะการแสดงและดนตรี > นาฏยศิลป์และการแสดง > กระบวนท่ารำและจารีตการแสดง
รูปทอง,วัฒนธรรมวัตถุ ศิลปกรรม และงานช่าง,ประณีตศิลป์และทัศนศิลป์,งานช่างศิลปกรรมและเทคนิควิธี,0.5,4,วัฒนธรรมวัตถุ ศิลปกรรม และงานช่าง||ประณีตศิลป์และทัศนศิลป์||งานช่างศิลปกรรมและเทคนิควิธี,วัฒนธรรมวัตถุ ศิลปกรรม และงานช่าง > ประณีตศิลป์และทัศนศิลป์ > งานช่างศิลปกรรมและเทคนิควิธี
รูปนอก,ศิลปะการแสดงและดนตรี,นาฏยศิลป์และการแสดง,รูปแบบการแสดงและนาฏศิลป์ท้องถิ่น,0.5,4,ศิลปะการแสดงและดนตรี||นาฏยศิลป์และการแสดง||รูปแบบการแสดงและนาฏศิลป์ท้องถิ่น,ศิลปะการแสดงและดนตรี > นาฏยศิลป์และการแสดง > รูปแบบการแสดงและนาฏศิลป์ท้องถิ่น
ร่มพระบารมี,พิธีกรรม ความเชื่อ และจารีตวัฒนธรรม,ระบบความเชื่อและศาสนา,คติทางศาสนาและสิ่งศักดิ์สิทธิ์,0.5,4,พิธีกรรม ความเชื่อ และจารีตวัฒนธรรม||ระบบความเชื่อและศาสนา||คติทางศาสนาและสิ่งศักดิ์สิทธิ์,พิธีกรรม ความเชื่อ และจารีตวัฒนธรรม > ระบบความเชื่อและศาสนา > คติทางศาสนาและสิ่งศักดิ์สิทธิ์
ฤดูฝน,บริบทเชิงประวัติศาสตร์ ภูมิศาสตร์ และพื้นที่,ภูมิศาสตร์และอาณาบริเวณ,พื้นที่ในคติความเชื่อและประวัติศาสตร์,0.5,4,บริบทเชิงประวัติศาสตร์ ภูมิศาสตร์ และพื้นที่||ภูมิศาสตร์และอาณาบริเวณ||พื้นที่ในคติความเชื่อและประวัติศาสตร์,บริบทเชิงประวัติศาสตร์ ภูมิศาสตร์ และพื้นที่ > ภูมิศาสตร์และอาณาบริเวณ > พื้นที่ในคติความเชื่อและประวัติศาสตร์
ฤาษี,วรรณคดีและสิ่งมีชีวิตเชิงตำนาน,นามานุกรมและประเภทตัวละคร,เทวปกรณ์ อสูร และอมนุษย์,1.0,4,วรรณคดีและสิ่งมีชีวิตเชิงตำนาน||นามานุกรมและประเภทตัวละคร||เทวปกรณ์ อสูร และอมนุษย์,วรรณคดีและสิ่งมีชีวิตเชิงตำนาน > นามานุกรมและประเภทตัวละคร > เทวปกรณ์ อสูร และอมนุษย์
ลอยกระทง,พิธีกรรม ความเชื่อ และจารีตวัฒนธรรม,จารีตประเพณีและพิธีกรรม,พิธีการสำคัญและจารีตทางสังคม,1.0,4,พิธีกรรม ความเชื่อ และจารีตวัฒนธรรม||จารีตประเพณีและพิธีกรรม||พิธีการสำคัญและจารีตทางสังคม,พิธีกรรม ความเชื่อ และจารีตวัฒนธรรม > จารีตประเพณีและพิธีกรรม > พิธีการสำคัญและจารีตทางสังคม
ลอยน้ำ,กลุ่มชาติพันธุ์ ชุมชน และวิถีชีวิต,วิถีชีวิตและพฤติกรรมทางสังคม,จารีตการปฏิบัติและพรรณไม้ในวิถีชีวิต,0.5,4,กลุ่มชาติพันธุ์ ชุมชน และวิถีชีวิต||วิถีชีวิตและพฤติกรรมทางสังคม||จารีตการปฏิบัติและพรรณไม้ในวิถีชีวิต,กลุ่มชาติพันธุ์ ชุมชน และวิถีชีวิต > วิถีชีวิตและพฤติกรรมทางสังคม > จารีตการปฏิบัติและพรรณไม้ในวิถีชีวิต
ละครชาตรี,ศิลปะการแสดงและดนตรี,นาฏยศิลป์และการแสดง,รูปแบบการแสดงและนาฏศิลป์ท้องถิ่น,0.75,4,ศิลปะการแสดงและดนตรี||นาฏยศิลป์และการแสดง||รูปแบบการแสดงและนาฏศิลป์ท้องถิ่น,ศิลปะการแสดงและดนตรี > นาฏยศิลป์และการแสดง > รูปแบบการแสดงและนาฏศิลป์ท้องถิ่น
ละครดึกดำบรรพ์,ศิลปะการแสดงและดนตรี,นาฏยศิลป์และการแสดง,รูปแบบการแสดงและนาฏศิลป์ท้องถิ่น,1.0,4,ศิลปะการแสดงและดนตรี||นาฏยศิลป์และการแสดง||รูปแบบการแสดงและนาฏศิลป์ท้องถิ่น,ศิลปะการแสดงและดนตรี > นาฏยศิลป์และการแสดง > รูปแบบการแสดงและนาฏศิลป์ท้องถิ่น
ละครนอก,ศิลปะการแสดงและดนตรี,นาฏยศิลป์และการแสดง,รูปแบบการแสดงและนาฏศิลป์ท้องถิ่น,0.75,4,ศิลปะการแสดงและดนตรี||นาฏยศิลป์และการแสดง||รูปแบบการแสดงและนาฏศิลป์ท้องถิ่น,ศิลปะการแสดงและดนตรี > นาฏยศิลป์และการแสดง > รูปแบบการแสดงและนาฏศิลป์ท้องถิ่น
ละครพันทาง,ศิลปะการแสดงและดนตรี,นาฏยศิลป์และการแสดง,รูปแบบการแสดงและนาฏศิลป์ท้องถิ่น,0.75,4,ศิลปะการแสดงและดนตรี||นาฏยศิลป์และการแสดง||รูปแบบการแสดงและนาฏศิลป์ท้องถิ่น,ศิลปะการแสดงและดนตรี > นาฏยศิลป์และการแสดง > รูปแบบการแสดงและนาฏศิลป์ท้องถิ่น
ละครเสภา,ศิลปะการแสดงและดนตรี,นาฏยศิลป์และการแสดง,รูปแบบการแสดงและนาฏศิลป์ท้องถิ่น,0.75,4,ศิลปะการแสดงและดนตรี||นาฏยศิลป์และการแสดง||รูปแบบการแสดงและนาฏศิลป์ท้องถิ่น,ศิลปะการแสดงและดนตรี > นาฏยศิลป์และการแสดง > รูปแบบการแสดงและนาฏศิลป์ท้องถิ่น
ละครใน,ศิลปะการแสดงและดนตรี,นาฏยศิลป์และการแสดง,รูปแบบการแสดงและนาฏศิลป์ท้องถิ่น,0.75,4,ศิลปะการแสดงและดนตรี||นาฏยศิลป์และการแสดง||รูปแบบการแสดงและนาฏศิลป์ท้องถิ่น,ศิลปะการแสดงและดนตรี > นาฏยศิลป์และการแสดง > รูปแบบการแสดงและนาฏศิลป์ท้องถิ่น
ลายเส้น,วัฒนธรรมวัตถุ ศิลปกรรม และงานช่าง,ประณีตศิลป์และทัศนศิลป์,งานช่างศิลปกรรมและเทคนิควิธี,1.0,4,วัฒนธรรมวัตถุ ศิลปกรรม และงานช่าง||ประณีตศิลป์และทัศนศิลป์||งานช่างศิลปกรรมและเทคนิควิธี,วัฒนธรรมวัตถุ ศิลปกรรม และงานช่าง > ประณีตศิลป์และทัศนศิลป์ > งานช่างศิลปกรรมและเทคนิควิธี
ลาวครั่ง,กลุ่มชาติพันธุ์ ชุมชน และวิถีชีวิต,อัตลักษณ์ทางสังคมและกลุ่มคน,กลุ่มชาติพันธุ์และชุมชนท้องถิ่น,0.75,4,กลุ่มชาติพันธุ์ ชุมชน และวิถีชีวิต||อัตลักษณ์ทางสังคมและกลุ่มคน||กลุ่มชาติพันธุ์และชุมชนท้องถิ่น,กลุ่มชาติพันธุ์ ชุมชน และวิถีชีวิต > อัตลักษณ์ทางสังคมและกลุ่มคน > กลุ่มชาติพันธุ์และชุมชนท้องถิ่น
ลาวเวียง,กลุ่มชาติพันธุ์ ชุมชน และวิถีชีวิต,อัตลักษณ์ทางสังคมและกลุ่มคน,กลุ่มชาติพันธุ์และชุมชนท้องถิ่น,1.0,4,กลุ่มชาติพันธุ์ ชุมชน และวิถีชีวิต||อัตลักษณ์ทางสังคมและกลุ่มคน||กลุ่มชาติพันธุ์และชุมชนท้องถิ่น,กลุ่มชาติพันธุ์ ชุมชน และวิถีชีวิต > อัตลักษณ์ทางสังคมและกลุ่มคน > กลุ่มชาติพันธุ์และชุมชนท้องถิ่น
ลำตังหวาย,ศิลปะการแสดงและดนตรี,ดุริยางคศิลป์และคีตศิลป์,ระเบียบวิธีทางดนตรีและประเภทบทเพลง,0.5,4,ศิลปะการแสดงและดนตรี||ดุริยางคศิลป์และคีตศิลป์||ระเบียบวิธีทางดนตรีและประเภทบทเพลง,ศิลปะการแสดงและดนตรี > ดุริยางคศิลป์และคีตศิลป์ > ระเบียบวิธีทางดนตรีและประเภทบทเพลง
ลำนำ,ศิลปะการแสดงและดนตรี,ดุริยางคศิลป์และคีตศิลป์,ระเบียบวิธีทางดนตรีและประเภทบทเพลง,1.0,4,ศิลปะการแสดงและดนตรี||ดุริยางคศิลป์และคีตศิลป์||ระเบียบวิธีทางดนตรีและประเภทบทเพลง,ศิลปะการแสดงและดนตรี > ดุริยางคศิลป์และคีตศิลป์ > ระเบียบวิธีทางดนตรีและประเภทบทเพลง
ลำเพลิน,ศิลปะการแสดงและดนตรี,ดุริยางคศิลป์และคีตศิลป์,ระเบียบวิธีทางดนตรีและประเภทบทเพลง,0.75,4,ศิลปะการแสดงและดนตรี||ดุริยางคศิลป์และคีตศิลป์||ระเบียบวิธีทางดนตรีและประเภทบทเพลง,ศิลปะการแสดงและดนตรี > ดุริยางคศิลป์และคีตศิลป์ > ระเบียบวิธีทางดนตรีและประเภทบทเพลง
ลิลิตพระลอ,วรรณคดีและสิ่งมีชีวิตเชิงตำนาน,นามานุกรมและประเภทตัวละคร,ตัวละครหลักและบทบาทในบทละคร,1.0,4,วรรณคดีและสิ่งมีชีวิตเชิงตำนาน||นามานุกรมและประเภทตัวละคร||ตัวละครหลักและบทบาทในบทละคร,วรรณคดีและสิ่งมีชีวิตเชิงตำนาน > นามานุกรมและประเภทตัวละคร > ตัวละครหลักและบทบาทในบทละคร
ลูกไม้,วัฒนธรรมวัตถุ ศิลปกรรม และงานช่าง,พัสตราภรณ์และเครื่องแต่งกาย,ระเบียบการแต่งกายและอาวุธจำลอง,0.5,4,วัฒนธรรมวัตถุ ศิลปกรรม และงานช่าง||พัสตราภรณ์และเครื่องแต่งกาย||ระเบียบการแต่งกายและอาวุธจำลอง,วัฒนธรรมวัตถุ ศิลปกรรม และงานช่าง > พัสตราภรณ์และเครื่องแต่งกาย > ระเบียบการแต่งกายและอาวุธจำลอง
ล่องใต้,บริบทเชิงประวัติศาสตร์ ภูมิศาสตร์ และพื้นที่,ภูมิศาสตร์และอาณาบริเวณ,เขตปกครองและภูมิภาค,0.5,4,บริบทเชิงประวัติศาสตร์ ภูมิศาสตร์ และพื้นที่||ภูมิศาสตร์และอาณาบริเวณ||เขตปกครองและภูมิภาค,บริบทเชิงประวัติศาสตร์ ภูมิศาสตร์ และพื้นที่ > ภูมิศาสตร์และอาณาบริเวณ > เขตปกครองและภูมิภาค
ล้านนา,บริบทเชิงประวัติศาสตร์ ภูมิศาสตร์ และพื้นที่,ภูมิศาสตร์และอาณาบริเวณ,เขตปกครองและภูมิภาค,1.0,4,บริบทเชิงประวัติศาสตร์ ภูมิศาสตร์ และพื้นที่||ภูมิศาสตร์และอาณาบริเวณ||เขตปกครองและภูมิภาค,บริบทเชิงประวัติศาสตร์ ภูมิศาสตร์ และพื้นที่ > ภูมิศาสตร์และอาณาบริเวณ > เขตปกครองและภูมิภาค
วสันตฤดู,วรรณคดีและสิ่งมีชีวิตเชิงตำนาน,นามานุกรมและประเภทตัวละคร,ตัวละครหลักและบทบาทในบทละคร,0.5,4,วรรณคดีและสิ่งมีชีวิตเชิงตำนาน||นามานุกรมและประเภทตัวละคร||ตัวละครหลักและบทบาทในบทละคร,วรรณคดีและสิ่งมีชีวิตเชิงตำนาน > นามานุกรมและประเภทตัวละคร > ตัวละครหลักและบทบาทในบทละคร
วังหน้า,บริบทเชิงประวัติศาสตร์ ภูมิศาสตร์ และพื้นที่,พื้นที่ทางวัฒนธรรมและสถาบัน,สถานที่จัดแสดงและเขตพระราชฐาน,0.75,4,บริบทเชิงประวัติศาสตร์ ภูมิศาสตร์ และพื้นที่||พื้นที่ทางวัฒนธรรมและสถาบัน||สถานที่จัดแสดงและเขตพระราชฐาน,บริบทเชิงประวัติศาสตร์ ภูมิศาสตร์ และพื้นที่ > พื้นที่ทางวัฒนธรรมและสถาบัน > สถานที่จัดแสดงและเขตพระราชฐาน
วันทอง,วรรณคดีและสิ่งมีชีวิตเชิงตำนาน,นามานุกรมและประเภทตัวละคร,ตัวละครหลักและบทบาทในบทละคร,0.75,4,วรรณคดีและสิ่งมีชีวิตเชิงตำนาน||นามานุกรมและประเภทตัวละคร||ตัวละครหลักและบทบาทในบทละคร,วรรณคดีและสิ่งมีชีวิตเชิงตำนาน > นามานุกรมและประเภทตัวละคร > ตัวละครหลักและบทบาทในบทละคร
วันวาน,บริบทเชิงประวัติศาสตร์ ภูมิศาสตร์ และพื้นที่,ยุคสมัยและเหตุการณ์สำคัญ,ลำดับเวลาและประวัติศาสตร์การสงคราม,1.0,4,บริบทเชิงประวัติศาสตร์ ภูมิศาสตร์ และพื้นที่||ยุคสมัยและเหตุการณ์สำคัญ||ลำดับเวลาและประวัติศาสตร์การสงคราม,บริบทเชิงประวัติศาสตร์ ภูมิศาสตร์ และพื้นที่ > ยุคสมัยและเหตุการณ์สำคัญ > ลำดับเวลาและประวัติศาสตร์การสงคราม
วาจา,กลุ่มชาติพันธุ์ ชุมชน และวิถีชีวิต,วิถีชีวิตและพฤติกรรมทางสังคม,จารีตการปฏิบัติและพรรณไม้ในวิถีชีวิต,0.5,4,กลุ่มชาติพันธุ์ ชุมชน และวิถีชีวิต||วิถีชีวิตและพฤติกรรมทางสังคม||จารีตการปฏิบัติและพรรณไม้ในวิถีชีวิต,กลุ่มชาติพันธุ์ ชุมชน และวิถีชีวิต > วิถีชีวิตและพฤติกรรมทางสังคม > จารีตการปฏิบัติและพรรณไม้ในวิถีชีวิต
วาดภาพ,วัฒนธรรมวัตถุ ศิลปกรรม และงานช่าง,ประณีตศิลป์และทัศนศิลป์,งานช่างศิลปกรรมและเทคนิควิธี,0.75,4,วัฒนธรรมวัตถุ ศิลปกรรม และงานช่าง||ประณีตศิลป์และทัศนศิลป์||งานช่างศิลปกรรมและเทคนิควิธี,วัฒนธรรมวัตถุ ศิลปกรรม และงานช่าง > ประณีตศิลป์และทัศนศิลป์ > งานช่างศิลปกรรมและเทคนิควิธี
วาดรูป,วัฒนธรรมวัตถุ ศิลปกรรม และงานช่าง,ประณีตศิลป์และทัศนศิลป์,งานช่างศิลปกรรมและเทคนิควิธี,1.0,4,วัฒนธรรมวัตถุ ศิลปกรรม และงานช่าง||ประณีตศิลป์และทัศนศิลป์||งานช่างศิลปกรรมและเทคนิควิธี,วัฒนธรรมวัตถุ ศิลปกรรม และงานช่าง > ประณีตศิลป์และทัศนศิลป์ > งานช่างศิลปกรรมและเทคนิควิธี
วานร,วรรณคดีและสิ่งมีชีวิตเชิงตำนาน,นามานุกรมและประเภทตัวละคร,เทวปกรณ์ อสูร และอมนุษย์,1.0,4,วรรณคดีและสิ่งมีชีวิตเชิงตำนาน||นามานุกรมและประเภทตัวละคร||เทวปกรณ์ อสูร และอมนุษย์,วรรณคดีและสิ่งมีชีวิตเชิงตำนาน > นามานุกรมและประเภทตัวละคร > เทวปกรณ์ อสูร และอมนุษย์
วานรินทร์,วรรณคดีและสิ่งมีชีวิตเชิงตำนาน,นามานุกรมและประเภทตัวละคร,ตัวละครหลักและบทบาทในบทละคร,0.75,4,วรรณคดีและสิ่งมีชีวิตเชิงตำนาน||นามานุกรมและประเภทตัวละคร||ตัวละครหลักและบทบาทในบทละคร,วรรณคดีและสิ่งมีชีวิตเชิงตำนาน > นามานุกรมและประเภทตัวละคร > ตัวละครหลักและบทบาทในบทละคร
วิชนี,วัฒนธรรมวัตถุ ศิลปกรรม และงานช่าง,พัสตราภรณ์และเครื่องแต่งกาย,ระเบียบการแต่งกายและอาวุธจำลอง,0.25,4,วัฒนธรรมวัตถุ ศิลปกรรม และงานช่าง||พัสตราภรณ์และเครื่องแต่งกาย||ระเบียบการแต่งกายและอาวุธจำลอง,วัฒนธรรมวัตถุ ศิลปกรรม และงานช่าง > พัสตราภรณ์และเครื่องแต่งกาย > ระเบียบการแต่งกายและอาวุธจำลอง
วิดน้ำ,กลุ่มชาติพันธุ์ ชุมชน และวิถีชีวิต,วิถีชีวิตและพฤติกรรมทางสังคม,จารีตการปฏิบัติและพรรณไม้ในวิถีชีวิต,0.5,4,กลุ่มชาติพันธุ์ ชุมชน และวิถีชีวิต||วิถีชีวิตและพฤติกรรมทางสังคม||จารีตการปฏิบัติและพรรณไม้ในวิถีชีวิต,กลุ่มชาติพันธุ์ ชุมชน และวิถีชีวิต > วิถีชีวิตและพฤติกรรมทางสังคม > จารีตการปฏิบัติและพรรณไม้ในวิถีชีวิต
วิรุญจำบัง,วรรณคดีและสิ่งมีชีวิตเชิงตำนาน,นามานุกรมและประเภทตัวละคร,เทวปกรณ์ อสูร และอมนุษย์,1.0,4,วรรณคดีและสิ่งมีชีวิตเชิงตำนาน||นามานุกรมและประเภทตัวละคร||เทวปกรณ์ อสูร และอมนุษย์,วรรณคดีและสิ่งมีชีวิตเชิงตำนาน > นามานุกรมและประเภทตัวละคร > เทวปกรณ์ อสูร และอมนุษย์
วิรุญมุข,วรรณคดีและสิ่งมีชีวิตเชิงตำนาน,นามานุกรมและประเภทตัวละคร,เทวปกรณ์ อสูร และอมนุษย์,0.75,4,วรรณคดีและสิ่งมีชีวิตเชิงตำนาน||นามานุกรมและประเภทตัวละคร||เทวปกรณ์ อสูร และอมนุษย์,วรรณคดีและสิ่งมีชีวิตเชิงตำนาน > นามานุกรมและประเภทตัวละคร > เทวปกรณ์ อสูร และอมนุษย์
วิรุณจำบัง,วรรณคดีและสิ่งมีชีวิตเชิงตำนาน,นามานุกรมและประเภทตัวละคร,เทวปกรณ์ อสูร และอมนุษย์,1.0,4,วรรณคดีและสิ่งมีชีวิตเชิงตำนาน||นามานุกรมและประเภทตัวละคร||เทวปกรณ์ อสูร และอมนุษย์,วรรณคดีและสิ่งมีชีวิตเชิงตำนาน > นามานุกรมและประเภทตัวละคร > เทวปกรณ์ อสูร และอมนุษย์
ศรนาคบาศ,วัฒนธรรมวัตถุ ศิลปกรรม และงานช่าง,พัสตราภรณ์และเครื่องแต่งกาย,ระเบียบการแต่งกายและอาวุธจำลอง,0.5,4,วัฒนธรรมวัตถุ ศิลปกรรม และงานช่าง||พัสตราภรณ์และเครื่องแต่งกาย||ระเบียบการแต่งกายและอาวุธจำลอง,วัฒนธรรมวัตถุ ศิลปกรรม และงานช่าง > พัสตราภรณ์และเครื่องแต่งกาย > ระเบียบการแต่งกายและอาวุธจำลอง
ศรพรหมาสตร์,วรรณคดีและสิ่งมีชีวิตเชิงตำนาน,นามานุกรมและประเภทตัวละคร,เทวปกรณ์ อสูร และอมนุษย์,0.75,4,วรรณคดีและสิ่งมีชีวิตเชิงตำนาน||นามานุกรมและประเภทตัวละคร||เทวปกรณ์ อสูร และอมนุษย์,วรรณคดีและสิ่งมีชีวิตเชิงตำนาน > นามานุกรมและประเภทตัวละคร > เทวปกรณ์ อสูร และอมนุษย์
ศรพาลจันทร์,วรรณคดีและสิ่งมีชีวิตเชิงตำนาน,นามานุกรมและประเภทตัวละคร,ตัวละครหลักและบทบาทในบทละคร,0.75,4,วรรณคดีและสิ่งมีชีวิตเชิงตำนาน||นามานุกรมและประเภทตัวละคร||ตัวละครหลักและบทบาทในบทละคร,วรรณคดีและสิ่งมีชีวิตเชิงตำนาน > นามานุกรมและประเภทตัวละคร > ตัวละครหลักและบทบาทในบทละคร
ศิลปหัตถกรรม,วัฒนธรรมวัตถุ ศิลปกรรม และงานช่าง,ประณีตศิลป์และทัศนศิลป์,งานช่างศิลปกรรมและเทคนิควิธี,1.0,4,วัฒนธรรมวัตถุ ศิลปกรรม และงานช่าง||ประณีตศิลป์และทัศนศิลป์||งานช่างศิลปกรรมและเทคนิควิธี,วัฒนธรรมวัตถุ ศิลปกรรม และงานช่าง > ประณีตศิลป์และทัศนศิลป์ > งานช่างศิลปกรรมและเทคนิควิธี
ศิลปะป้องกันตัว,ศิลปะการแสดงและดนตรี,บุคลากรและทักษะทางศิลปะ,กลวิธีและสมรรถนะการแสดง,0.5,4,ศิลปะการแสดงและดนตรี||บุคลากรและทักษะทางศิลปะ||กลวิธีและสมรรถนะการแสดง,ศิลปะการแสดงและดนตรี > บุคลากรและทักษะทางศิลปะ > กลวิธีและสมรรถนะการแสดง
ศิลปินแห่งชาติ,กลุ่มชาติพันธุ์ ชุมชน และวิถีชีวิต,โครงสร้างสังคมและบุคคลสำคัญ,ฐานันดรศักดิ์และบทบาททางสังคม,0.5,4,กลุ่มชาติพันธุ์ ชุมชน และวิถีชีวิต||โครงสร้างสังคมและบุคคลสำคัญ||ฐานันดรศักดิ์และบทบาททางสังคม,กลุ่มชาติพันธุ์ ชุมชน และวิถีชีวิต > โครงสร้างสังคมและบุคคลสำคัญ > ฐานันดรศักดิ์และบทบาททางสังคม
ศีรษะ,วัฒนธรรมวัตถุ ศิลปกรรม และงานช่าง,พัสตราภรณ์และเครื่องแต่งกาย,ระเบียบการแต่งกายและอาวุธจำลอง,0.75,4,วัฒนธรรมวัตถุ ศิลปกรรม และงานช่าง||พัสตราภรณ์และเครื่องแต่งกาย||ระเบียบการแต่งกายและอาวุธจำลอง,วัฒนธรรมวัตถุ ศิลปกรรม และงานช่าง > พัสตราภรณ์และเครื่องแต่งกาย > ระเบียบการแต่งกายและอาวุธจำลอง
ศุภลักษณ์,วรรณคดีและสิ่งมีชีวิตเชิงตำนาน,นามานุกรมและประเภทตัวละคร,ตัวละครหลักและบทบาทในบทละคร,0.25,4,วรรณคดีและสิ่งมีชีวิตเชิงตำนาน||นามานุกรมและประเภทตัวละคร||ตัวละครหลักและบทบาทในบทละคร,วรรณคดีและสิ่งมีชีวิตเชิงตำนาน > นามานุกรมและประเภทตัวละคร > ตัวละครหลักและบทบาทในบทละคร
ศูรปนขา,วรรณคดีและสิ่งมีชีวิตเชิงตำนาน,นามานุกรมและประเภทตัวละคร,เทวปกรณ์ อสูร และอมนุษย์,0.5,4,วรรณคดีและสิ่งมีชีวิตเชิงตำนาน||นามานุกรมและประเภทตัวละคร||เทวปกรณ์ อสูร และอมนุษย์,วรรณคดีและสิ่งมีชีวิตเชิงตำนาน > นามานุกรมและประเภทตัวละคร > เทวปกรณ์ อสูร และอมนุษย์
สกลนคร,บริบทเชิงประวัติศาสตร์ ภูมิศาสตร์ และพื้นที่,ภูมิศาสตร์และอาณาบริเวณ,เขตปกครองและภูมิภาค,1.0,4,บริบทเชิงประวัติศาสตร์ ภูมิศาสตร์ และพื้นที่||ภูมิศาสตร์และอาณาบริเวณ||เขตปกครองและภูมิภาค,บริบทเชิงประวัติศาสตร์ ภูมิศาสตร์ และพื้นที่ > ภูมิศาสตร์และอาณาบริเวณ > เขตปกครองและภูมิภาค
สงคราม,บริบทเชิงประวัติศาสตร์ ภูมิศาสตร์ และพื้นที่,ยุคสมัยและเหตุการณ์สำคัญ,ลำดับเวลาและประวัติศาสตร์การสงคราม,1.0,4,บริบทเชิงประวัติศาสตร์ ภูมิศาสตร์ และพื้นที่||ยุคสมัยและเหตุการณ์สำคัญ||ลำดับเวลาและประวัติศาสตร์การสงคราม,บริบทเชิงประวัติศาสตร์ ภูมิศาสตร์ และพื้นที่ > ยุคสมัยและเหตุการณ์สำคัญ > ลำดับเวลาและประวัติศาสตร์การสงคราม
สมทบ,บริบทเชิงประวัติศาสตร์ ภูมิศาสตร์ และพื้นที่,ยุคสมัยและเหตุการณ์สำคัญ,ลำดับเวลาและประวัติศาสตร์การสงคราม,0.75,4,บริบทเชิงประวัติศาสตร์ ภูมิศาสตร์ และพื้นที่||ยุคสมัยและเหตุการณ์สำคัญ||ลำดับเวลาและประวัติศาสตร์การสงคราม,บริบทเชิงประวัติศาสตร์ ภูมิศาสตร์ และพื้นที่ > ยุคสมัยและเหตุการณ์สำคัญ > ลำดับเวลาและประวัติศาสตร์การสงคราม
สมมุติเทพ,วรรณคดีและสิ่งมีชีวิตเชิงตำนาน,นามานุกรมและประเภทตัวละคร,เทวปกรณ์ อสูร และอมนุษย์,0.5,4,วรรณคดีและสิ่งมีชีวิตเชิงตำนาน||นามานุกรมและประเภทตัวละคร||เทวปกรณ์ อสูร และอมนุษย์,วรรณคดีและสิ่งมีชีวิตเชิงตำนาน > นามานุกรมและประเภทตัวละคร > เทวปกรณ์ อสูร และอมนุษย์
สมรภูมิ,บริบทเชิงประวัติศาสตร์ ภูมิศาสตร์ และพื้นที่,ยุคสมัยและเหตุการณ์สำคัญ,ลำดับเวลาและประวัติศาสตร์การสงคราม,0.75,4,บริบทเชิงประวัติศาสตร์ ภูมิศาสตร์ และพื้นที่||ยุคสมัยและเหตุการณ์สำคัญ||ลำดับเวลาและประวัติศาสตร์การสงคราม,บริบทเชิงประวัติศาสตร์ ภูมิศาสตร์ และพื้นที่ > ยุคสมัยและเหตุการณ์สำคัญ > ลำดับเวลาและประวัติศาสตร์การสงคราม
สมัยทวารวดี,บริบทเชิงประวัติศาสตร์ ภูมิศาสตร์ และพื้นที่,ยุคสมัยและเหตุการณ์สำคัญ,ลำดับเวลาและประวัติศาสตร์การสงคราม,1.0,4,บริบทเชิงประวัติศาสตร์ ภูมิศาสตร์ และพื้นที่||ยุคสมัยและเหตุการณ์สำคัญ||ลำดับเวลาและประวัติศาสตร์การสงคราม,บริบทเชิงประวัติศาสตร์ ภูมิศาสตร์ และพื้นที่ > ยุคสมัยและเหตุการณ์สำคัญ > ลำดับเวลาและประวัติศาสตร์การสงคราม
สมัยลพบุรี,บริบทเชิงประวัติศาสตร์ ภูมิศาสตร์ และพื้นที่,ยุคสมัยและเหตุการณ์สำคัญ,ลำดับเวลาและประวัติศาสตร์การสงคราม,1.0,4,บริบทเชิงประวัติศาสตร์ ภูมิศาสตร์ และพื้นที่||ยุคสมัยและเหตุการณ์สำคัญ||ลำดับเวลาและประวัติศาสตร์การสงคราม,บริบทเชิงประวัติศาสตร์ ภูมิศาสตร์ และพื้นที่ > ยุคสมัยและเหตุการณ์สำคัญ > ลำดับเวลาและประวัติศาสตร์การสงคราม
สมัยศรีวิชัย,บริบทเชิงประวัติศาสตร์ ภูมิศาสตร์ และพื้นที่,ยุคสมัยและเหตุการณ์สำคัญ,ลำดับเวลาและประวัติศาสตร์การสงคราม,1.0,4,บริบทเชิงประวัติศาสตร์ ภูมิศาสตร์ และพื้นที่||ยุคสมัยและเหตุการณ์สำคัญ||ลำดับเวลาและประวัติศาสตร์การสงคราม,บริบทเชิงประวัติศาสตร์ ภูมิศาสตร์ และพื้นที่ > ยุคสมัยและเหตุการณ์สำคัญ > ลำดับเวลาและประวัติศาสตร์การสงคราม
สมัยสุโขทัย,บริบทเชิงประวัติศาสตร์ ภูมิศาสตร์ และพื้นที่,ยุคสมัยและเหตุการณ์สำคัญ,ลำดับเวลาและประวัติศาสตร์การสงคราม,1.0,4,บริบทเชิงประวัติศาสตร์ ภูมิศาสตร์ และพื้นที่||ยุคสมัยและเหตุการณ์สำคัญ||ลำดับเวลาและประวัติศาสตร์การสงคราม,บริบทเชิงประวัติศาสตร์ ภูมิศาสตร์ และพื้นที่ > ยุคสมัยและเหตุการณ์สำคัญ > ลำดับเวลาและประวัติศาสตร์การสงคราม
สระอโนดาต,บริบทเชิงประวัติศาสตร์ ภูมิศาสตร์ และพื้นที่,ภูมิศาสตร์และอาณาบริเวณ,พื้นที่ในคติความเชื่อและประวัติศาสตร์,0.75,4,บริบทเชิงประวัติศาสตร์ ภูมิศาสตร์ และพื้นที่||ภูมิศาสตร์และอาณาบริเวณ||พื้นที่ในคติความเชื่อและประวัติศาสตร์,บริบทเชิงประวัติศาสตร์ ภูมิศาสตร์ และพื้นที่ > ภูมิศาสตร์และอาณาบริเวณ > พื้นที่ในคติความเชื่อและประวัติศาสตร์
สวามิภักดิ์,พิธีกรรม ความเชื่อ และจารีตวัฒนธรรม,จารีตประเพณีและพิธีกรรม,พิธีการสำคัญและจารีตทางสังคม,0.75,4,พิธีกรรม ความเชื่อ และจารีตวัฒนธรรม||จารีตประเพณีและพิธีกรรม||พิธีการสำคัญและจารีตทางสังคม,พิธีกรรม ความเชื่อ และจารีตวัฒนธรรม > จารีตประเพณีและพิธีกรรม > พิธีการสำคัญและจารีตทางสังคม
สวามี,กลุ่มชาติพันธุ์ ชุมชน และวิถีชีวิต,โครงสร้างสังคมและบุคคลสำคัญ,ฐานันดรศักดิ์และบทบาททางสังคม,0.5,4,กลุ่มชาติพันธุ์ ชุมชน และวิถีชีวิต||โครงสร้างสังคมและบุคคลสำคัญ||ฐานันดรศักดิ์และบทบาททางสังคม,กลุ่มชาติพันธุ์ ชุมชน และวิถีชีวิต > โครงสร้างสังคมและบุคคลสำคัญ > ฐานันดรศักดิ์และบทบาททางสังคม
สอดแทรก,ศิลปะการแสดงและดนตรี,นาฏยศิลป์และการแสดง,กระบวนท่ารำและจารีตการแสดง,0.5,4,ศิลปะการแสดงและดนตรี||นาฏยศิลป์และการแสดง||กระบวนท่ารำและจารีตการแสดง,ศิลปะการแสดงและดนตรี > นาฏยศิลป์และการแสดง > กระบวนท่ารำและจารีตการแสดง
สะล้อ,ศิลปะการแสดงและดนตรี,ดุริยางคศิลป์และคีตศิลป์,เครื่องดนตรีและวงดนตรี,1.0,4,ศิลปะการแสดงและดนตรี||ดุริยางคศิลป์และคีตศิลป์||เครื่องดนตรีและวงดนตรี,ศิลปะการแสดงและดนตรี > ดุริยางคศิลป์และคีตศิลป์ > เครื่องดนตรีและวงดนตรี
สะเดาะ,พิธีกรรม ความเชื่อ และจารีตวัฒนธรรม,คติความเชื่อและไสยศาสตร์,การขจัดปัดเป่าและอำนาจเหนือธรรมชาติ,1.0,4,พิธีกรรม ความเชื่อ และจารีตวัฒนธรรม||คติความเชื่อและไสยศาสตร์||การขจัดปัดเป่าและอำนาจเหนือธรรมชาติ,พิธีกรรม ความเชื่อ และจารีตวัฒนธรรม > คติความเชื่อและไสยศาสตร์ > การขจัดปัดเป่าและอำนาจเหนือธรรมชาติ
สะเดาะเคราะห์,พิธีกรรม ความเชื่อ และจารีตวัฒนธรรม,คติความเชื่อและไสยศาสตร์,การขจัดปัดเป่าและอำนาจเหนือธรรมชาติ,0.75,4,พิธีกรรม ความเชื่อ และจารีตวัฒนธรรม||คติความเชื่อและไสยศาสตร์||การขจัดปัดเป่าและอำนาจเหนือธรรมชาติ,พิธีกรรม ความเชื่อ และจารีตวัฒนธรรม > คติความเชื่อและไสยศาสตร์ > การขจัดปัดเป่าและอำนาจเหนือธรรมชาติ
สังข์ทอง,วรรณคดีและสิ่งมีชีวิตเชิงตำนาน,นามานุกรมและประเภทตัวละคร,ตัวละครหลักและบทบาทในบทละคร,1.0,4,วรรณคดีและสิ่งมีชีวิตเชิงตำนาน||นามานุกรมและประเภทตัวละคร||ตัวละครหลักและบทบาทในบทละคร,วรรณคดีและสิ่งมีชีวิตเชิงตำนาน > นามานุกรมและประเภทตัวละคร > ตัวละครหลักและบทบาทในบทละคร
สังหาร,วรรณคดีและสิ่งมีชีวิตเชิงตำนาน,สถานภาพและลำดับชั้นทางสังคมในวรรณกรรม,ฐานันดรศักดิ์และระบบเครือญาติ,0.5,4,วรรณคดีและสิ่งมีชีวิตเชิงตำนาน||สถานภาพและลำดับชั้นทางสังคมในวรรณกรรม||ฐานันดรศักดิ์และระบบเครือญาติ,วรรณคดีและสิ่งมีชีวิตเชิงตำนาน > สถานภาพและลำดับชั้นทางสังคมในวรรณกรรม > ฐานันดรศักดิ์และระบบเครือญาติ
สัตว์น้ำ,กลุ่มชาติพันธุ์ ชุมชน และวิถีชีวิต,วิถีชีวิตและระบบเศรษฐกิจ,การประกอบอาชีพและโภชนาการ,0.75,4,กลุ่มชาติพันธุ์ ชุมชน และวิถีชีวิต||วิถีชีวิตและระบบเศรษฐกิจ||การประกอบอาชีพและโภชนาการ,กลุ่มชาติพันธุ์ ชุมชน และวิถีชีวิต > วิถีชีวิตและระบบเศรษฐกิจ > การประกอบอาชีพและโภชนาการ
สัทธาสูร,วรรณคดีและสิ่งมีชีวิตเชิงตำนาน,นามานุกรมและประเภทตัวละคร,เทวปกรณ์ อสูร และอมนุษย์,1.0,4,วรรณคดีและสิ่งมีชีวิตเชิงตำนาน||นามานุกรมและประเภทตัวละคร||เทวปกรณ์ อสูร และอมนุษย์,วรรณคดีและสิ่งมีชีวิตเชิงตำนาน > นามานุกรมและประเภทตัวละคร > เทวปกรณ์ อสูร และอมนุษย์
สากตำข้าว,กลุ่มชาติพันธุ์ ชุมชน และวิถีชีวิต,วิถีชีวิตและระบบเศรษฐกิจ,การประกอบอาชีพและโภชนาการ,0.5,4,กลุ่มชาติพันธุ์ ชุมชน และวิถีชีวิต||วิถีชีวิตและระบบเศรษฐกิจ||การประกอบอาชีพและโภชนาการ,กลุ่มชาติพันธุ์ ชุมชน และวิถีชีวิต > วิถีชีวิตและระบบเศรษฐกิจ > การประกอบอาชีพและโภชนาการ
สากล,กลุ่มชาติพันธุ์ ชุมชน และวิถีชีวิต,วิถีชีวิตและพฤติกรรมทางสังคม,จารีตการปฏิบัติและพรรณไม้ในวิถีชีวิต,0.25,4,กลุ่มชาติพันธุ์ ชุมชน และวิถีชีวิต||วิถีชีวิตและพฤติกรรมทางสังคม||จารีตการปฏิบัติและพรรณไม้ในวิถีชีวิต,กลุ่มชาติพันธุ์ ชุมชน และวิถีชีวิต > วิถีชีวิตและพฤติกรรมทางสังคม > จารีตการปฏิบัติและพรรณไม้ในวิถีชีวิต
สายน้ำ,บริบทเชิงประวัติศาสตร์ ภูมิศาสตร์ และพื้นที่,ภูมิศาสตร์และอาณาบริเวณ,เขตปกครองและภูมิภาค,0.75,4,บริบทเชิงประวัติศาสตร์ ภูมิศาสตร์ และพื้นที่||ภูมิศาสตร์และอาณาบริเวณ||เขตปกครองและภูมิภาค,บริบทเชิงประวัติศาสตร์ ภูมิศาสตร์ และพื้นที่ > ภูมิศาสตร์และอาณาบริเวณ > เขตปกครองและภูมิภาค
สายสืบ,กลุ่มชาติพันธุ์ ชุมชน และวิถีชีวิต,โครงสร้างสังคมและบุคคลสำคัญ,ฐานันดรศักดิ์และบทบาททางสังคม,0.75,4,กลุ่มชาติพันธุ์ ชุมชน และวิถีชีวิต||โครงสร้างสังคมและบุคคลสำคัญ||ฐานันดรศักดิ์และบทบาททางสังคม,กลุ่มชาติพันธุ์ ชุมชน และวิถีชีวิต > โครงสร้างสังคมและบุคคลสำคัญ > ฐานันดรศักดิ์และบทบาททางสังคม
สำมนักขา,วรรณคดีและสิ่งมีชีวิตเชิงตำนาน,นามานุกรมและประเภทตัวละคร,เทวปกรณ์ อสูร และอมนุษย์,0.25,4,วรรณคดีและสิ่งมีชีวิตเชิงตำนาน||นามานุกรมและประเภทตัวละคร||เทวปกรณ์ อสูร และอมนุษย์,วรรณคดีและสิ่งมีชีวิตเชิงตำนาน > นามานุกรมและประเภทตัวละคร > เทวปกรณ์ อสูร และอมนุษย์
สำเนียง,ศิลปะการแสดงและดนตรี,บุคลากรและทักษะทางศิลปะ,กลวิธีและสมรรถนะการแสดง,0.25,4,ศิลปะการแสดงและดนตรี||บุคลากรและทักษะทางศิลปะ||กลวิธีและสมรรถนะการแสดง,ศิลปะการแสดงและดนตรี > บุคลากรและทักษะทางศิลปะ > กลวิธีและสมรรถนะการแสดง
สำเภา,กลุ่มชาติพันธุ์ ชุมชน และวิถีชีวิต,วิถีชีวิตและระบบเศรษฐกิจ,การประกอบอาชีพและโภชนาการ,0.75,4,กลุ่มชาติพันธุ์ ชุมชน และวิถีชีวิต||วิถีชีวิตและระบบเศรษฐกิจ||การประกอบอาชีพและโภชนาการ,กลุ่มชาติพันธุ์ ชุมชน และวิถีชีวิต > วิถีชีวิตและระบบเศรษฐกิจ > การประกอบอาชีพและโภชนาการ
สิบแปดมงกุฎ,วรรณคดีและสิ่งมีชีวิตเชิงตำนาน,นามานุกรมและประเภทตัวละคร,ตัวละครหลักและบทบาทในบทละคร,0.75,4,วรรณคดีและสิ่งมีชีวิตเชิงตำนาน||นามานุกรมและประเภทตัวละคร||ตัวละครหลักและบทบาทในบทละคร,วรรณคดีและสิ่งมีชีวิตเชิงตำนาน > นามานุกรมและประเภทตัวละคร > ตัวละครหลักและบทบาทในบทละคร
สิ่งศักดิ์สิทธิ์,พิธีกรรม ความเชื่อ และจารีตวัฒนธรรม,ระบบความเชื่อและศาสนา,คติทางศาสนาและสิ่งศักดิ์สิทธิ์,1.0,4,พิธีกรรม ความเชื่อ และจารีตวัฒนธรรม||ระบบความเชื่อและศาสนา||คติทางศาสนาและสิ่งศักดิ์สิทธิ์,พิธีกรรม ความเชื่อ และจารีตวัฒนธรรม > ระบบความเชื่อและศาสนา > คติทางศาสนาและสิ่งศักดิ์สิทธิ์
สิ้นชีพ,พิธีกรรม ความเชื่อ และจารีตวัฒนธรรม,จารีตประเพณีและพิธีกรรม,พิธีการสำคัญและจารีตทางสังคม,0.5,4,พิธีกรรม ความเชื่อ และจารีตวัฒนธรรม||จารีตประเพณีและพิธีกรรม||พิธีการสำคัญและจารีตทางสังคม,พิธีกรรม ความเชื่อ และจารีตวัฒนธรรม > จารีตประเพณีและพิธีกรรม > พิธีการสำคัญและจารีตทางสังคม
สิ้นชีวิต,พิธีกรรม ความเชื่อ และจารีตวัฒนธรรม,จารีตประเพณีและพิธีกรรม,พิธีการสำคัญและจารีตทางสังคม,0.5,4,พิธีกรรม ความเชื่อ และจารีตวัฒนธรรม||จารีตประเพณีและพิธีกรรม||พิธีการสำคัญและจารีตทางสังคม,พิธีกรรม ความเชื่อ และจารีตวัฒนธรรม > จารีตประเพณีและพิธีกรรม > พิธีการสำคัญและจารีตทางสังคม
สีทอง,วัฒนธรรมวัตถุ ศิลปกรรม และงานช่าง,วัสดุและอัญมณี,วัสดุธรรมชาติและรัตนชาติ,1.0,4,วัฒนธรรมวัตถุ ศิลปกรรม และงานช่าง||วัสดุและอัญมณี||วัสดุธรรมชาติและรัตนชาติ,วัฒนธรรมวัตถุ ศิลปกรรม และงานช่าง > วัสดุและอัญมณี > วัสดุธรรมชาติและรัตนชาติ
สีน้ำเงิน,วัฒนธรรมวัตถุ ศิลปกรรม และงานช่าง,วัสดุและอัญมณี,วัสดุธรรมชาติและรัตนชาติ,1.0,4,วัฒนธรรมวัตถุ ศิลปกรรม และงานช่าง||วัสดุและอัญมณี||วัสดุธรรมชาติและรัตนชาติ,วัฒนธรรมวัตถุ ศิลปกรรม และงานช่าง > วัสดุและอัญมณี > วัสดุธรรมชาติและรัตนชาติ
สี่ภาค,บริบทเชิงประวัติศาสตร์ ภูมิศาสตร์ และพื้นที่,ภูมิศาสตร์และอาณาบริเวณ,เขตปกครองและภูมิภาค,1.0,4,บริบทเชิงประวัติศาสตร์ ภูมิศาสตร์ และพื้นที่||ภูมิศาสตร์และอาณาบริเวณ||เขตปกครองและภูมิภาค,บริบทเชิงประวัติศาสตร์ ภูมิศาสตร์ และพื้นที่ > ภูมิศาสตร์และอาณาบริเวณ > เขตปกครองและภูมิภาค
สุครีพ,วรรณคดีและสิ่งมีชีวิตเชิงตำนาน,นามานุกรมและประเภทตัวละคร,เทวปกรณ์ อสูร และอมนุษย์,0.5,4,วรรณคดีและสิ่งมีชีวิตเชิงตำนาน||นามานุกรมและประเภทตัวละคร||เทวปกรณ์ อสูร และอมนุษย์,วรรณคดีและสิ่งมีชีวิตเชิงตำนาน > นามานุกรมและประเภทตัวละคร > เทวปกรณ์ อสูร และอมนุษย์
สุทธาวาส,บริบทเชิงประวัติศาสตร์ ภูมิศาสตร์ และพื้นที่,ภูมิศาสตร์และอาณาบริเวณ,พื้นที่ในคติความเชื่อและประวัติศาสตร์,0.5,4,บริบทเชิงประวัติศาสตร์ ภูมิศาสตร์ และพื้นที่||ภูมิศาสตร์และอาณาบริเวณ||พื้นที่ในคติความเชื่อและประวัติศาสตร์,บริบทเชิงประวัติศาสตร์ ภูมิศาสตร์ และพื้นที่ > ภูมิศาสตร์และอาณาบริเวณ > พื้นที่ในคติความเชื่อและประวัติศาสตร์
สุพรรณมัจฉา,วรรณคดีและสิ่งมีชีวิตเชิงตำนาน,นามานุกรมและประเภทตัวละคร,ตัวละครหลักและบทบาทในบทละคร,0.75,4,วรรณคดีและสิ่งมีชีวิตเชิงตำนาน||นามานุกรมและประเภทตัวละคร||ตัวละครหลักและบทบาทในบทละคร,วรรณคดีและสิ่งมีชีวิตเชิงตำนาน > นามานุกรมและประเภทตัวละคร > ตัวละครหลักและบทบาทในบทละคร
สุรินทร์,บริบทเชิงประวัติศาสตร์ ภูมิศาสตร์ และพื้นที่,ภูมิศาสตร์และอาณาบริเวณ,เขตปกครองและภูมิภาค,1.0,4,บริบทเชิงประวัติศาสตร์ ภูมิศาสตร์ และพื้นที่||ภูมิศาสตร์และอาณาบริเวณ||เขตปกครองและภูมิภาค,บริบทเชิงประวัติศาสตร์ ภูมิศาสตร์ และพื้นที่ > ภูมิศาสตร์และอาณาบริเวณ > เขตปกครองและภูมิภาค
หญิงสาว,กลุ่มชาติพันธุ์ ชุมชน และวิถีชีวิต,อัตลักษณ์ทางสังคมและกลุ่มคน,กลุ่มชาติพันธุ์และชุมชนท้องถิ่น,0.75,4,กลุ่มชาติพันธุ์ ชุมชน และวิถีชีวิต||อัตลักษณ์ทางสังคมและกลุ่มคน||กลุ่มชาติพันธุ์และชุมชนท้องถิ่น,กลุ่มชาติพันธุ์ ชุมชน และวิถีชีวิต > อัตลักษณ์ทางสังคมและกลุ่มคน > กลุ่มชาติพันธุ์และชุมชนท้องถิ่น
หนังใหญ่,ศิลปะการแสดงและดนตรี,นาฏยศิลป์และการแสดง,รูปแบบการแสดงและนาฏศิลป์ท้องถิ่น,1.0,4,ศิลปะการแสดงและดนตรี||นาฏยศิลป์และการแสดง||รูปแบบการแสดงและนาฏศิลป์ท้องถิ่น,ศิลปะการแสดงและดนตรี > นาฏยศิลป์และการแสดง > รูปแบบการแสดงและนาฏศิลป์ท้องถิ่น
หนุมาน,วรรณคดีและสิ่งมีชีวิตเชิงตำนาน,นามานุกรมและประเภทตัวละคร,ตัวละครหลักและบทบาทในบทละคร,0.5,4,วรรณคดีและสิ่งมีชีวิตเชิงตำนาน||นามานุกรมและประเภทตัวละคร||ตัวละครหลักและบทบาทในบทละคร,วรรณคดีและสิ่งมีชีวิตเชิงตำนาน > นามานุกรมและประเภทตัวละคร > ตัวละครหลักและบทบาทในบทละคร
หน่อไม้,กลุ่มชาติพันธุ์ ชุมชน และวิถีชีวิต,วิถีชีวิตและระบบเศรษฐกิจ,การประกอบอาชีพและโภชนาการ,1.0,4,กลุ่มชาติพันธุ์ ชุมชน และวิถีชีวิต||วิถีชีวิตและระบบเศรษฐกิจ||การประกอบอาชีพและโภชนาการ,กลุ่มชาติพันธุ์ ชุมชน และวิถีชีวิต > วิถีชีวิตและระบบเศรษฐกิจ > การประกอบอาชีพและโภชนาการ
หน้าบัน,วัฒนธรรมวัตถุ ศิลปกรรม และงานช่าง,สถาปัตยกรรมและพุทธศิลป์,ศาสนสถานและปูชนียวัตถุ,1.0,4,วัฒนธรรมวัตถุ ศิลปกรรม และงานช่าง||สถาปัตยกรรมและพุทธศิลป์||ศาสนสถานและปูชนียวัตถุ,วัฒนธรรมวัตถุ ศิลปกรรม และงานช่าง > สถาปัตยกรรมและพุทธศิลป์ > ศาสนสถานและปูชนียวัตถุ
หมดแรง,กลุ่มชาติพันธุ์ ชุมชน และวิถีชีวิต,วิถีชีวิตและพฤติกรรมทางสังคม,จารีตการปฏิบัติและพรรณไม้ในวิถีชีวิต,0.75,4,กลุ่มชาติพันธุ์ ชุมชน และวิถีชีวิต||วิถีชีวิตและพฤติกรรมทางสังคม||จารีตการปฏิบัติและพรรณไม้ในวิถีชีวิต,กลุ่มชาติพันธุ์ ชุมชน และวิถีชีวิต > วิถีชีวิตและพฤติกรรมทางสังคม > จารีตการปฏิบัติและพรรณไม้ในวิถีชีวิต
หมากกั๊บแก๊บ,กลุ่มชาติพันธุ์ ชุมชน และวิถีชีวิต,วิถีชีวิตและพฤติกรรมทางสังคม,จารีตการปฏิบัติและพรรณไม้ในวิถีชีวิต,0.5,4,กลุ่มชาติพันธุ์ ชุมชน และวิถีชีวิต||วิถีชีวิตและพฤติกรรมทางสังคม||จารีตการปฏิบัติและพรรณไม้ในวิถีชีวิต,กลุ่มชาติพันธุ์ ชุมชน และวิถีชีวิต > วิถีชีวิตและพฤติกรรมทางสังคม > จารีตการปฏิบัติและพรรณไม้ในวิถีชีวิต
หยอกล้อ,กลุ่มชาติพันธุ์ ชุมชน และวิถีชีวิต,วิถีชีวิตและพฤติกรรมทางสังคม,จารีตการปฏิบัติและพรรณไม้ในวิถีชีวิต,0.5,4,กลุ่มชาติพันธุ์ ชุมชน และวิถีชีวิต||วิถีชีวิตและพฤติกรรมทางสังคม||จารีตการปฏิบัติและพรรณไม้ในวิถีชีวิต,กลุ่มชาติพันธุ์ ชุมชน และวิถีชีวิต > วิถีชีวิตและพฤติกรรมทางสังคม > จารีตการปฏิบัติและพรรณไม้ในวิถีชีวิต
หลบหนี,กลุ่มชาติพันธุ์ ชุมชน และวิถีชีวิต,วิถีชีวิตและพฤติกรรมทางสังคม,จารีตการปฏิบัติและพรรณไม้ในวิถีชีวิต,0.5,4,กลุ่มชาติพันธุ์ ชุมชน และวิถีชีวิต||วิถีชีวิตและพฤติกรรมทางสังคม||จารีตการปฏิบัติและพรรณไม้ในวิถีชีวิต,กลุ่มชาติพันธุ์ ชุมชน และวิถีชีวิต > วิถีชีวิตและพฤติกรรมทางสังคม > จารีตการปฏิบัติและพรรณไม้ในวิถีชีวิต
หลักราชการ,กลุ่มชาติพันธุ์ ชุมชน และวิถีชีวิต,โครงสร้างสังคมและบุคคลสำคัญ,ฐานันดรศักดิ์และบทบาททางสังคม,0.75,4,กลุ่มชาติพันธุ์ ชุมชน และวิถีชีวิต||โครงสร้างสังคมและบุคคลสำคัญ||ฐานันดรศักดิ์และบทบาททางสังคม,กลุ่มชาติพันธุ์ ชุมชน และวิถีชีวิต > โครงสร้างสังคมและบุคคลสำคัญ > ฐานันดรศักดิ์และบทบาททางสังคม
หล่อสำริด,วัฒนธรรมวัตถุ ศิลปกรรม และงานช่าง,ประณีตศิลป์และทัศนศิลป์,งานช่างศิลปกรรมและเทคนิควิธี,1.0,4,วัฒนธรรมวัตถุ ศิลปกรรม และงานช่าง||ประณีตศิลป์และทัศนศิลป์||งานช่างศิลปกรรมและเทคนิควิธี,วัฒนธรรมวัตถุ ศิลปกรรม และงานช่าง > ประณีตศิลป์และทัศนศิลป์ > งานช่างศิลปกรรมและเทคนิควิธี
หอกโมกขศักดิ์,วัฒนธรรมวัตถุ ศิลปกรรม และงานช่าง,พัสตราภรณ์และเครื่องแต่งกาย,ระเบียบการแต่งกายและอาวุธจำลอง,0.75,4,วัฒนธรรมวัตถุ ศิลปกรรม และงานช่าง||พัสตราภรณ์และเครื่องแต่งกาย||ระเบียบการแต่งกายและอาวุธจำลอง,วัฒนธรรมวัตถุ ศิลปกรรม และงานช่าง > พัสตราภรณ์และเครื่องแต่งกาย > ระเบียบการแต่งกายและอาวุธจำลอง
หางนกยูง,วัฒนธรรมวัตถุ ศิลปกรรม และงานช่าง,พัสตราภรณ์และเครื่องแต่งกาย,ระเบียบการแต่งกายและอาวุธจำลอง,0.5,4,วัฒนธรรมวัตถุ ศิลปกรรม และงานช่าง||พัสตราภรณ์และเครื่องแต่งกาย||ระเบียบการแต่งกายและอาวุธจำลอง,วัฒนธรรมวัตถุ ศิลปกรรม และงานช่าง > พัสตราภรณ์และเครื่องแต่งกาย > ระเบียบการแต่งกายและอาวุธจำลอง
หายตัว,พิธีกรรม ความเชื่อ และจารีตวัฒนธรรม,คติความเชื่อและไสยศาสตร์,การขจัดปัดเป่าและอำนาจเหนือธรรมชาติ,1.0,4,พิธีกรรม ความเชื่อ และจารีตวัฒนธรรม||คติความเชื่อและไสยศาสตร์||การขจัดปัดเป่าและอำนาจเหนือธรรมชาติ,พิธีกรรม ความเชื่อ และจารีตวัฒนธรรม > คติความเชื่อและไสยศาสตร์ > การขจัดปัดเป่าและอำนาจเหนือธรรมชาติ
องคต,วรรณคดีและสิ่งมีชีวิตเชิงตำนาน,นามานุกรมและประเภทตัวละคร,ตัวละครหลักและบทบาทในบทละคร,0.75,4,วรรณคดีและสิ่งมีชีวิตเชิงตำนาน||นามานุกรมและประเภทตัวละคร||ตัวละครหลักและบทบาทในบทละคร,วรรณคดีและสิ่งมีชีวิตเชิงตำนาน > นามานุกรมและประเภทตัวละคร > ตัวละครหลักและบทบาทในบทละคร
องค์ปะตาระกาหลา,วรรณคดีและสิ่งมีชีวิตเชิงตำนาน,นามานุกรมและประเภทตัวละคร,เทวปกรณ์ อสูร และอมนุษย์,0.75,4,วรรณคดีและสิ่งมีชีวิตเชิงตำนาน||นามานุกรมและประเภทตัวละคร||เทวปกรณ์ อสูร และอมนุษย์,วรรณคดีและสิ่งมีชีวิตเชิงตำนาน > นามานุกรมและประเภทตัวละคร > เทวปกรณ์ อสูร และอมนุษย์
อนุชา,วรรณคดีและสิ่งมีชีวิตเชิงตำนาน,สถานภาพและลำดับชั้นทางสังคมในวรรณกรรม,ฐานันดรศักดิ์และระบบเครือญาติ,0.5,4,วรรณคดีและสิ่งมีชีวิตเชิงตำนาน||สถานภาพและลำดับชั้นทางสังคมในวรรณกรรม||ฐานันดรศักดิ์และระบบเครือญาติ,วรรณคดีและสิ่งมีชีวิตเชิงตำนาน > สถานภาพและลำดับชั้นทางสังคมในวรรณกรรม > ฐานันดรศักดิ์และระบบเครือญาติ
อยุธยา,บริบทเชิงประวัติศาสตร์ ภูมิศาสตร์ และพื้นที่,ภูมิศาสตร์และอาณาบริเวณ,เขตปกครองและภูมิภาค,0.75,4,บริบทเชิงประวัติศาสตร์ ภูมิศาสตร์ และพื้นที่||ภูมิศาสตร์และอาณาบริเวณ||เขตปกครองและภูมิภาค,บริบทเชิงประวัติศาสตร์ ภูมิศาสตร์ และพื้นที่ > ภูมิศาสตร์และอาณาบริเวณ > เขตปกครองและภูมิภาค
อวตาร,วรรณคดีและสิ่งมีชีวิตเชิงตำนาน,นามานุกรมและประเภทตัวละคร,เทวปกรณ์ อสูร และอมนุษย์,1.0,4,วรรณคดีและสิ่งมีชีวิตเชิงตำนาน||นามานุกรมและประเภทตัวละคร||เทวปกรณ์ อสูร และอมนุษย์,วรรณคดีและสิ่งมีชีวิตเชิงตำนาน > นามานุกรมและประเภทตัวละคร > เทวปกรณ์ อสูร และอมนุษย์
อสูร,วรรณคดีและสิ่งมีชีวิตเชิงตำนาน,นามานุกรมและประเภทตัวละคร,เทวปกรณ์ อสูร และอมนุษย์,1.0,4,วรรณคดีและสิ่งมีชีวิตเชิงตำนาน||นามานุกรมและประเภทตัวละคร||เทวปกรณ์ อสูร และอมนุษย์,วรรณคดีและสิ่งมีชีวิตเชิงตำนาน > นามานุกรมและประเภทตัวละคร > เทวปกรณ์ อสูร และอมนุษย์
ออกรบ,บริบทเชิงประวัติศาสตร์ ภูมิศาสตร์ และพื้นที่,ยุคสมัยและเหตุการณ์สำคัญ,ลำดับเวลาและประวัติศาสตร์การสงคราม,1.0,4,บริบทเชิงประวัติศาสตร์ ภูมิศาสตร์ และพื้นที่||ยุคสมัยและเหตุการณ์สำคัญ||ลำดับเวลาและประวัติศาสตร์การสงคราม,บริบทเชิงประวัติศาสตร์ ภูมิศาสตร์ และพื้นที่ > ยุคสมัยและเหตุการณ์สำคัญ > ลำดับเวลาและประวัติศาสตร์การสงคราม
ออกศึก,บริบทเชิงประวัติศาสตร์ ภูมิศาสตร์ และพื้นที่,ยุคสมัยและเหตุการณ์สำคัญ,ลำดับเวลาและประวัติศาสตร์การสงคราม,1.0,4,บริบทเชิงประวัติศาสตร์ ภูมิศาสตร์ และพื้นที่||ยุคสมัยและเหตุการณ์สำคัญ||ลำดับเวลาและประวัติศาสตร์การสงคราม,บริบทเชิงประวัติศาสตร์ ภูมิศาสตร์ และพื้นที่ > ยุคสมัยและเหตุการณ์สำคัญ > ลำดับเวลาและประวัติศาสตร์การสงคราม
ออกอุบาย,วรรณคดีและสิ่งมีชีวิตเชิงตำนาน,นามานุกรมและประเภทตัวละคร,ตัวละครหลักและบทบาทในบทละคร,0.75,4,วรรณคดีและสิ่งมีชีวิตเชิงตำนาน||นามานุกรมและประเภทตัวละคร||ตัวละครหลักและบทบาทในบทละคร,วรรณคดีและสิ่งมีชีวิตเชิงตำนาน > นามานุกรมและประเภทตัวละคร > ตัวละครหลักและบทบาทในบทละคร
ออกเดินทาง,กลุ่มชาติพันธุ์ ชุมชน และวิถีชีวิต,วิถีชีวิตและพฤติกรรมทางสังคม,จารีตการปฏิบัติและพรรณไม้ในวิถีชีวิต,0.75,4,กลุ่มชาติพันธุ์ ชุมชน และวิถีชีวิต||วิถีชีวิตและพฤติกรรมทางสังคม||จารีตการปฏิบัติและพรรณไม้ในวิถีชีวิต,กลุ่มชาติพันธุ์ ชุมชน และวิถีชีวิต > วิถีชีวิตและพฤติกรรมทางสังคม > จารีตการปฏิบัติและพรรณไม้ในวิถีชีวิต
อัญมณี,วัฒนธรรมวัตถุ ศิลปกรรม และงานช่าง,วัสดุและอัญมณี,วัสดุธรรมชาติและรัตนชาติ,1.0,4,วัฒนธรรมวัตถุ ศิลปกรรม และงานช่าง||วัสดุและอัญมณี||วัสดุธรรมชาติและรัตนชาติ,วัฒนธรรมวัตถุ ศิลปกรรม และงานช่าง > วัสดุและอัญมณี > วัสดุธรรมชาติและรัตนชาติ
อาจารย์,กลุ่มชาติพันธุ์ ชุมชน และวิถีชีวิต,โครงสร้างสังคมและบุคคลสำคัญ,ฐานันดรศักดิ์และบทบาททางสังคม,1.0,4,กลุ่มชาติพันธุ์ ชุมชน และวิถีชีวิต||โครงสร้างสังคมและบุคคลสำคัญ||ฐานันดรศักดิ์และบทบาททางสังคม,กลุ่มชาติพันธุ์ ชุมชน และวิถีชีวิต > โครงสร้างสังคมและบุคคลสำคัญ > ฐานันดรศักดิ์และบทบาททางสังคม
อาณาประชาราษฎร์,กลุ่มชาติพันธุ์ ชุมชน และวิถีชีวิต,โครงสร้างสังคมและบุคคลสำคัญ,ฐานันดรศักดิ์และบทบาททางสังคม,0.75,4,กลุ่มชาติพันธุ์ ชุมชน และวิถีชีวิต||โครงสร้างสังคมและบุคคลสำคัญ||ฐานันดรศักดิ์และบทบาททางสังคม,กลุ่มชาติพันธุ์ ชุมชน และวิถีชีวิต > โครงสร้างสังคมและบุคคลสำคัญ > ฐานันดรศักดิ์และบทบาททางสังคม
อาวุธ,วัฒนธรรมวัตถุ ศิลปกรรม และงานช่าง,พัสตราภรณ์และเครื่องแต่งกาย,ระเบียบการแต่งกายและอาวุธจำลอง,0.75,4,วัฒนธรรมวัตถุ ศิลปกรรม และงานช่าง||พัสตราภรณ์และเครื่องแต่งกาย||ระเบียบการแต่งกายและอาวุธจำลอง,วัฒนธรรมวัตถุ ศิลปกรรม และงานช่าง > พัสตราภรณ์และเครื่องแต่งกาย > ระเบียบการแต่งกายและอาวุธจำลอง
อาสา,กลุ่มชาติพันธุ์ ชุมชน และวิถีชีวิต,วิถีชีวิตและพฤติกรรมทางสังคม,จารีตการปฏิบัติและพรรณไม้ในวิถีชีวิต,0.75,4,กลุ่มชาติพันธุ์ ชุมชน และวิถีชีวิต||วิถีชีวิตและพฤติกรรมทางสังคม||จารีตการปฏิบัติและพรรณไม้ในวิถีชีวิต,กลุ่มชาติพันธุ์ ชุมชน และวิถีชีวิต > วิถีชีวิตและพฤติกรรมทางสังคม > จารีตการปฏิบัติและพรรณไม้ในวิถีชีวิต
อาหาร,กลุ่มชาติพันธุ์ ชุมชน และวิถีชีวิต,วิถีชีวิตและระบบเศรษฐกิจ,การประกอบอาชีพและโภชนาการ,1.0,4,กลุ่มชาติพันธุ์ ชุมชน และวิถีชีวิต||วิถีชีวิตและระบบเศรษฐกิจ||การประกอบอาชีพและโภชนาการ,กลุ่มชาติพันธุ์ ชุมชน และวิถีชีวิต > วิถีชีวิตและระบบเศรษฐกิจ > การประกอบอาชีพและโภชนาการ
อิทธิฤทธิ์,พิธีกรรม ความเชื่อ และจารีตวัฒนธรรม,คติความเชื่อและไสยศาสตร์,การขจัดปัดเป่าและอำนาจเหนือธรรมชาติ,1.0,4,พิธีกรรม ความเชื่อ และจารีตวัฒนธรรม||คติความเชื่อและไสยศาสตร์||การขจัดปัดเป่าและอำนาจเหนือธรรมชาติ,พิธีกรรม ความเชื่อ และจารีตวัฒนธรรม > คติความเชื่อและไสยศาสตร์ > การขจัดปัดเป่าและอำนาจเหนือธรรมชาติ
อินทรชิต,วรรณคดีและสิ่งมีชีวิตเชิงตำนาน,นามานุกรมและประเภทตัวละคร,เทวปกรณ์ อสูร และอมนุษย์,0.75,4,วรรณคดีและสิ่งมีชีวิตเชิงตำนาน||นามานุกรมและประเภทตัวละคร||เทวปกรณ์ อสูร และอมนุษย์,วรรณคดีและสิ่งมีชีวิตเชิงตำนาน > นามานุกรมและประเภทตัวละคร > เทวปกรณ์ อสูร และอมนุษย์
อินทราภิเษก,พิธีกรรม ความเชื่อ และจารีตวัฒนธรรม,จารีตประเพณีและพิธีกรรม,พิธีการสำคัญและจารีตทางสังคม,0.75,4,พิธีกรรม ความเชื่อ และจารีตวัฒนธรรม||จารีตประเพณีและพิธีกรรม||พิธีการสำคัญและจารีตทางสังคม,พิธีกรรม ความเชื่อ และจารีตวัฒนธรรม > จารีตประเพณีและพิธีกรรม > พิธีการสำคัญและจารีตทางสังคม
อินเดีย,บริบทเชิงประวัติศาสตร์ ภูมิศาสตร์ และพื้นที่,ภูมิศาสตร์และอาณาบริเวณ,เขตปกครองและภูมิภาค,0.75,4,บริบทเชิงประวัติศาสตร์ ภูมิศาสตร์ และพื้นที่||ภูมิศาสตร์และอาณาบริเวณ||เขตปกครองและภูมิภาค,บริบทเชิงประวัติศาสตร์ ภูมิศาสตร์ และพื้นที่ > ภูมิศาสตร์และอาณาบริเวณ > เขตปกครองและภูมิภาค
อินโดนีเซีย,บริบทเชิงประวัติศาสตร์ ภูมิศาสตร์ และพื้นที่,ภูมิศาสตร์และอาณาบริเวณ,เขตปกครองและภูมิภาค,1.0,4,บริบทเชิงประวัติศาสตร์ ภูมิศาสตร์ และพื้นที่||ภูมิศาสตร์และอาณาบริเวณ||เขตปกครองและภูมิภาค,บริบทเชิงประวัติศาสตร์ ภูมิศาสตร์ และพื้นที่ > ภูมิศาสตร์และอาณาบริเวณ > เขตปกครองและภูมิภาค
อิเหนา,วรรณคดีและสิ่งมีชีวิตเชิงตำนาน,นามานุกรมและประเภทตัวละคร,ตัวละครหลักและบทบาทในบทละคร,0.75,4,วรรณคดีและสิ่งมีชีวิตเชิงตำนาน||นามานุกรมและประเภทตัวละคร||ตัวละครหลักและบทบาทในบทละคร,วรรณคดีและสิ่งมีชีวิตเชิงตำนาน > นามานุกรมและประเภทตัวละคร > ตัวละครหลักและบทบาทในบทละคร
อีสาน,บริบทเชิงประวัติศาสตร์ ภูมิศาสตร์ และพื้นที่,ภูมิศาสตร์และอาณาบริเวณ,เขตปกครองและภูมิภาค,1.0,4,บริบทเชิงประวัติศาสตร์ ภูมิศาสตร์ และพื้นที่||ภูมิศาสตร์และอาณาบริเวณ||เขตปกครองและภูมิภาค,บริบทเชิงประวัติศาสตร์ ภูมิศาสตร์ และพื้นที่ > ภูมิศาสตร์และอาณาบริเวณ > เขตปกครองและภูมิภาค
อุณรุท,วรรณคดีและสิ่งมีชีวิตเชิงตำนาน,นามานุกรมและประเภทตัวละคร,ตัวละครหลักและบทบาทในบทละคร,1.0,4,วรรณคดีและสิ่งมีชีวิตเชิงตำนาน||นามานุกรมและประเภทตัวละคร||ตัวละครหลักและบทบาทในบทละคร,วรรณคดีและสิ่งมีชีวิตเชิงตำนาน > นามานุกรมและประเภทตัวละคร > ตัวละครหลักและบทบาทในบทละคร
อุปราช,กลุ่มชาติพันธุ์ ชุมชน และวิถีชีวิต,โครงสร้างสังคมและบุคคลสำคัญ,ฐานันดรศักดิ์และบทบาททางสังคม,0.75,4,กลุ่มชาติพันธุ์ ชุมชน และวิถีชีวิต||โครงสร้างสังคมและบุคคลสำคัญ||ฐานันดรศักดิ์และบทบาททางสังคม,กลุ่มชาติพันธุ์ ชุมชน และวิถีชีวิต > โครงสร้างสังคมและบุคคลสำคัญ > ฐานันดรศักดิ์และบทบาททางสังคม
อุษา,วรรณคดีและสิ่งมีชีวิตเชิงตำนาน,นามานุกรมและประเภทตัวละคร,ตัวละครหลักและบทบาทในบทละคร,0.5,4,วรรณคดีและสิ่งมีชีวิตเชิงตำนาน||นามานุกรมและประเภทตัวละคร||ตัวละครหลักและบทบาทในบทละคร,วรรณคดีและสิ่งมีชีวิตเชิงตำนาน > นามานุกรมและประเภทตัวละคร > ตัวละครหลักและบทบาทในบทละคร
ฮินดู,พิธีกรรม ความเชื่อ และจารีตวัฒนธรรม,ระบบความเชื่อและศาสนา,คติทางศาสนาและสิ่งศักดิ์สิทธิ์,1.0,4,พิธีกรรม ความเชื่อ และจารีตวัฒนธรรม||ระบบความเชื่อและศาสนา||คติทางศาสนาและสิ่งศักดิ์สิทธิ์,พิธีกรรม ความเชื่อ และจารีตวัฒนธรรม > ระบบความเชื่อและศาสนา > คติทางศาสนาและสิ่งศักดิ์สิทธิ์
เกราะลอ,ศิลปะการแสดงและดนตรี,ดุริยางคศิลป์และคีตศิลป์,เครื่องดนตรีและวงดนตรี,0.5,4,ศิลปะการแสดงและดนตรี||ดุริยางคศิลป์และคีตศิลป์||เครื่องดนตรีและวงดนตรี,ศิลปะการแสดงและดนตรี > ดุริยางคศิลป์และคีตศิลป์ > เครื่องดนตรีและวงดนตรี
เกษตรกรรม,กลุ่มชาติพันธุ์ ชุมชน และวิถีชีวิต,วิถีชีวิตและระบบเศรษฐกิจ,การประกอบอาชีพและโภชนาการ,1.0,4,กลุ่มชาติพันธุ์ ชุมชน และวิถีชีวิต||วิถีชีวิตและระบบเศรษฐกิจ||การประกอบอาชีพและโภชนาการ,กลุ่มชาติพันธุ์ ชุมชน และวิถีชีวิต > วิถีชีวิตและระบบเศรษฐกิจ > การประกอบอาชีพและโภชนาการ
เกียรติศักดิ์ไทย,ศิลปะการแสดงและดนตรี,ดุริยางคศิลป์และคีตศิลป์,ระเบียบวิธีทางดนตรีและประเภทบทเพลง,0.25,4,ศิลปะการแสดงและดนตรี||ดุริยางคศิลป์และคีตศิลป์||ระเบียบวิธีทางดนตรีและประเภทบทเพลง,ศิลปะการแสดงและดนตรี > ดุริยางคศิลป์และคีตศิลป์ > ระเบียบวิธีทางดนตรีและประเภทบทเพลง
เขาสัตภัณฑ์,บริบทเชิงประวัติศาสตร์ ภูมิศาสตร์ และพื้นที่,ภูมิศาสตร์และอาณาบริเวณ,พื้นที่ในคติความเชื่อและประวัติศาสตร์,1.0,4,บริบทเชิงประวัติศาสตร์ ภูมิศาสตร์ และพื้นที่||ภูมิศาสตร์และอาณาบริเวณ||พื้นที่ในคติความเชื่อและประวัติศาสตร์,บริบทเชิงประวัติศาสตร์ ภูมิศาสตร์ และพื้นที่ > ภูมิศาสตร์และอาณาบริเวณ > พื้นที่ในคติความเชื่อและประวัติศาสตร์
เขาอังกาศ,บริบทเชิงประวัติศาสตร์ ภูมิศาสตร์ และพื้นที่,ภูมิศาสตร์และอาณาบริเวณ,พื้นที่ในคติความเชื่อและประวัติศาสตร์,0.75,4,บริบทเชิงประวัติศาสตร์ ภูมิศาสตร์ และพื้นที่||ภูมิศาสตร์และอาณาบริเวณ||พื้นที่ในคติความเชื่อและประวัติศาสตร์,บริบทเชิงประวัติศาสตร์ ภูมิศาสตร์ และพื้นที่ > ภูมิศาสตร์และอาณาบริเวณ > พื้นที่ในคติความเชื่อและประวัติศาสตร์
เขาไกรลาส,บริบทเชิงประวัติศาสตร์ ภูมิศาสตร์ และพื้นที่,ภูมิศาสตร์และอาณาบริเวณ,พื้นที่ในคติความเชื่อและประวัติศาสตร์,0.5,4,บริบทเชิงประวัติศาสตร์ ภูมิศาสตร์ และพื้นที่||ภูมิศาสตร์และอาณาบริเวณ||พื้นที่ในคติความเชื่อและประวัติศาสตร์,บริบทเชิงประวัติศาสตร์ ภูมิศาสตร์ และพื้นที่ > ภูมิศาสตร์และอาณาบริเวณ > พื้นที่ในคติความเชื่อและประวัติศาสตร์
เขาไกลลาศ,บริบทเชิงประวัติศาสตร์ ภูมิศาสตร์ และพื้นที่,ภูมิศาสตร์และอาณาบริเวณ,พื้นที่ในคติความเชื่อและประวัติศาสตร์,0.75,4,บริบทเชิงประวัติศาสตร์ ภูมิศาสตร์ และพื้นที่||ภูมิศาสตร์และอาณาบริเวณ||พื้นที่ในคติความเชื่อและประวัติศาสตร์,บริบทเชิงประวัติศาสตร์ ภูมิศาสตร์ และพื้นที่ > ภูมิศาสตร์และอาณาบริเวณ > พื้นที่ในคติความเชื่อและประวัติศาสตร์
เขี้ยวแก้ว,วัฒนธรรมวัตถุ ศิลปกรรม และงานช่าง,สถาปัตยกรรมและพุทธศิลป์,ศาสนสถานและปูชนียวัตถุ,0.25,4,วัฒนธรรมวัตถุ ศิลปกรรม และงานช่าง||สถาปัตยกรรมและพุทธศิลป์||ศาสนสถานและปูชนียวัตถุ,วัฒนธรรมวัตถุ ศิลปกรรม และงานช่าง > สถาปัตยกรรมและพุทธศิลป์ > ศาสนสถานและปูชนียวัตถุ
เข้าเฝ้า,พิธีกรรม ความเชื่อ และจารีตวัฒนธรรม,จารีตประเพณีและพิธีกรรม,พิธีการสำคัญและจารีตทางสังคม,0.75,4,พิธีกรรม ความเชื่อ และจารีตวัฒนธรรม||จารีตประเพณีและพิธีกรรม||พิธีการสำคัญและจารีตทางสังคม,พิธีกรรม ความเชื่อ และจารีตวัฒนธรรม > จารีตประเพณีและพิธีกรรม > พิธีการสำคัญและจารีตทางสังคม
เครื่องดนตรีตะวันตก,ศิลปะการแสดงและดนตรี,ดุริยางคศิลป์และคีตศิลป์,เครื่องดนตรีและวงดนตรี,1.0,4,ศิลปะการแสดงและดนตรี||ดุริยางคศิลป์และคีตศิลป์||เครื่องดนตรีและวงดนตรี,ศิลปะการแสดงและดนตรี > ดุริยางคศิลป์และคีตศิลป์ > เครื่องดนตรีและวงดนตรี
เครื่องดนตรีพื้นบ้าน,ศิลปะการแสดงและดนตรี,ดุริยางคศิลป์และคีตศิลป์,เครื่องดนตรีและวงดนตรี,1.0,4,ศิลปะการแสดงและดนตรี||ดุริยางคศิลป์และคีตศิลป์||เครื่องดนตรีและวงดนตรี,ศิลปะการแสดงและดนตรี > ดุริยางคศิลป์และคีตศิลป์ > เครื่องดนตรีและวงดนตรี
เครื่องดนตรีพื้นเมือง,ศิลปะการแสดงและดนตรี,ดุริยางคศิลป์และคีตศิลป์,เครื่องดนตรีและวงดนตรี,1.0,4,ศิลปะการแสดงและดนตรี||ดุริยางคศิลป์และคีตศิลป์||เครื่องดนตรีและวงดนตรี,ศิลปะการแสดงและดนตรี > ดุริยางคศิลป์และคีตศิลป์ > เครื่องดนตรีและวงดนตรี
เครื่องประกอบจังหวะ,ศิลปะการแสดงและดนตรี,ดุริยางคศิลป์และคีตศิลป์,เครื่องดนตรีและวงดนตรี,1.0,4,ศิลปะการแสดงและดนตรี||ดุริยางคศิลป์และคีตศิลป์||เครื่องดนตรีและวงดนตรี,ศิลปะการแสดงและดนตรี > ดุริยางคศิลป์และคีตศิลป์ > เครื่องดนตรีและวงดนตรี
เครื่องประดับ,วัฒนธรรมวัตถุ ศิลปกรรม และงานช่าง,พัสตราภรณ์และเครื่องแต่งกาย,ระเบียบการแต่งกายและอาวุธจำลอง,0.75,4,วัฒนธรรมวัตถุ ศิลปกรรม และงานช่าง||พัสตราภรณ์และเครื่องแต่งกาย||ระเบียบการแต่งกายและอาวุธจำลอง,วัฒนธรรมวัตถุ ศิลปกรรม และงานช่าง > พัสตราภรณ์และเครื่องแต่งกาย > ระเบียบการแต่งกายและอาวุธจำลอง
เครื่องแบบ,วัฒนธรรมวัตถุ ศิลปกรรม และงานช่าง,พัสตราภรณ์และเครื่องแต่งกาย,ระเบียบการแต่งกายและอาวุธจำลอง,1.0,4,วัฒนธรรมวัตถุ ศิลปกรรม และงานช่าง||พัสตราภรณ์และเครื่องแต่งกาย||ระเบียบการแต่งกายและอาวุธจำลอง,วัฒนธรรมวัตถุ ศิลปกรรม และงานช่าง > พัสตราภรณ์และเครื่องแต่งกาย > ระเบียบการแต่งกายและอาวุธจำลอง
เคลื่อนไหว,ศิลปะการแสดงและดนตรี,นาฏยศิลป์และการแสดง,กระบวนท่ารำและจารีตการแสดง,1.0,4,ศิลปะการแสดงและดนตรี||นาฏยศิลป์และการแสดง||กระบวนท่ารำและจารีตการแสดง,ศิลปะการแสดงและดนตรี > นาฏยศิลป์และการแสดง > กระบวนท่ารำและจารีตการแสดง
เจ้าดารารัศมี,วรรณคดีและสิ่งมีชีวิตเชิงตำนาน,นามานุกรมและประเภทตัวละคร,ตัวละครหลักและบทบาทในบทละคร,0.5,4,วรรณคดีและสิ่งมีชีวิตเชิงตำนาน||นามานุกรมและประเภทตัวละคร||ตัวละครหลักและบทบาทในบทละคร,วรรณคดีและสิ่งมีชีวิตเชิงตำนาน > นามานุกรมและประเภทตัวละคร > ตัวละครหลักและบทบาทในบทละคร
เจ้าที่เจ้าทาง,พิธีกรรม ความเชื่อ และจารีตวัฒนธรรม,คติความเชื่อและไสยศาสตร์,การขจัดปัดเป่าและอำนาจเหนือธรรมชาติ,0.5,4,พิธีกรรม ความเชื่อ และจารีตวัฒนธรรม||คติความเชื่อและไสยศาสตร์||การขจัดปัดเป่าและอำนาจเหนือธรรมชาติ,พิธีกรรม ความเชื่อ และจารีตวัฒนธรรม > คติความเชื่อและไสยศาสตร์ > การขจัดปัดเป่าและอำนาจเหนือธรรมชาติ
เจ้าพระยา,กลุ่มชาติพันธุ์ ชุมชน และวิถีชีวิต,โครงสร้างสังคมและบุคคลสำคัญ,ฐานันดรศักดิ์และบทบาททางสังคม,0.5,4,กลุ่มชาติพันธุ์ ชุมชน และวิถีชีวิต||โครงสร้างสังคมและบุคคลสำคัญ||ฐานันดรศักดิ์และบทบาททางสังคม,กลุ่มชาติพันธุ์ ชุมชน และวิถีชีวิต > โครงสร้างสังคมและบุคคลสำคัญ > ฐานันดรศักดิ์และบทบาททางสังคม
เจ้าหญิง,วรรณคดีและสิ่งมีชีวิตเชิงตำนาน,สถานภาพและลำดับชั้นทางสังคมในวรรณกรรม,ฐานันดรศักดิ์และระบบเครือญาติ,0.75,4,วรรณคดีและสิ่งมีชีวิตเชิงตำนาน||สถานภาพและลำดับชั้นทางสังคมในวรรณกรรม||ฐานันดรศักดิ์และระบบเครือญาติ,วรรณคดีและสิ่งมีชีวิตเชิงตำนาน > สถานภาพและลำดับชั้นทางสังคมในวรรณกรรม > ฐานันดรศักดิ์และระบบเครือญาติ
เจ้าเงาะ,วรรณคดีและสิ่งมีชีวิตเชิงตำนาน,นามานุกรมและประเภทตัวละคร,ตัวละครหลักและบทบาทในบทละคร,0.75,4,วรรณคดีและสิ่งมีชีวิตเชิงตำนาน||นามานุกรมและประเภทตัวละคร||ตัวละครหลักและบทบาทในบทละคร,วรรณคดีและสิ่งมีชีวิตเชิงตำนาน > นามานุกรมและประเภทตัวละคร > ตัวละครหลักและบทบาทในบทละคร
เจ้าเซ็น,กลุ่มชาติพันธุ์ ชุมชน และวิถีชีวิต,อัตลักษณ์ทางสังคมและกลุ่มคน,กลุ่มชาติพันธุ์และชุมชนท้องถิ่น,0.25,4,กลุ่มชาติพันธุ์ ชุมชน และวิถีชีวิต||อัตลักษณ์ทางสังคมและกลุ่มคน||กลุ่มชาติพันธุ์และชุมชนท้องถิ่น,กลุ่มชาติพันธุ์ ชุมชน และวิถีชีวิต > อัตลักษณ์ทางสังคมและกลุ่มคน > กลุ่มชาติพันธุ์และชุมชนท้องถิ่น
เชษฐา,วรรณคดีและสิ่งมีชีวิตเชิงตำนาน,สถานภาพและลำดับชั้นทางสังคมในวรรณกรรม,ฐานันดรศักดิ์และระบบเครือญาติ,1.0,4,วรรณคดีและสิ่งมีชีวิตเชิงตำนาน||สถานภาพและลำดับชั้นทางสังคมในวรรณกรรม||ฐานันดรศักดิ์และระบบเครือญาติ,วรรณคดีและสิ่งมีชีวิตเชิงตำนาน > สถานภาพและลำดับชั้นทางสังคมในวรรณกรรม > ฐานันดรศักดิ์และระบบเครือญาติ
เชิงบันได,วัฒนธรรมวัตถุ ศิลปกรรม และงานช่าง,สถาปัตยกรรมและพุทธศิลป์,ศาสนสถานและปูชนียวัตถุ,1.0,4,วัฒนธรรมวัตถุ ศิลปกรรม และงานช่าง||สถาปัตยกรรมและพุทธศิลป์||ศาสนสถานและปูชนียวัตถุ,วัฒนธรรมวัตถุ ศิลปกรรม และงานช่าง > สถาปัตยกรรมและพุทธศิลป์ > ศาสนสถานและปูชนียวัตถุ
เชิงมวย,ศิลปะการแสดงและดนตรี,นาฏยศิลป์และการแสดง,กระบวนท่ารำและจารีตการแสดง,0.75,4,ศิลปะการแสดงและดนตรี||นาฏยศิลป์และการแสดง||กระบวนท่ารำและจารีตการแสดง,ศิลปะการแสดงและดนตรี > นาฏยศิลป์และการแสดง > กระบวนท่ารำและจารีตการแสดง
เชียงใหม่,บริบทเชิงประวัติศาสตร์ ภูมิศาสตร์ และพื้นที่,ภูมิศาสตร์และอาณาบริเวณ,เขตปกครองและภูมิภาค,1.0,4,บริบทเชิงประวัติศาสตร์ ภูมิศาสตร์ และพื้นที่||ภูมิศาสตร์และอาณาบริเวณ||เขตปกครองและภูมิภาค,บริบทเชิงประวัติศาสตร์ ภูมิศาสตร์ และพื้นที่ > ภูมิศาสตร์และอาณาบริเวณ > เขตปกครองและภูมิภาค
เดินทาง,บริบทเชิงประวัติศาสตร์ ภูมิศาสตร์ และพื้นที่,ภูมิศาสตร์และอาณาบริเวณ,เขตปกครองและภูมิภาค,0.75,4,บริบทเชิงประวัติศาสตร์ ภูมิศาสตร์ และพื้นที่||ภูมิศาสตร์และอาณาบริเวณ||เขตปกครองและภูมิภาค,บริบทเชิงประวัติศาสตร์ ภูมิศาสตร์ และพื้นที่ > ภูมิศาสตร์และอาณาบริเวณ > เขตปกครองและภูมิภาค
เดินอากาศ,ศิลปะการแสดงและดนตรี,นาฏยศิลป์และการแสดง,กระบวนท่ารำและจารีตการแสดง,0.5,4,ศิลปะการแสดงและดนตรี||นาฏยศิลป์และการแสดง||กระบวนท่ารำและจารีตการแสดง,ศิลปะการแสดงและดนตรี > นาฏยศิลป์และการแสดง > กระบวนท่ารำและจารีตการแสดง
เต้นสาก,ศิลปะการแสดงและดนตรี,นาฏยศิลป์และการแสดง,รูปแบบการแสดงและนาฏศิลป์ท้องถิ่น,0.75,4,ศิลปะการแสดงและดนตรี||นาฏยศิลป์และการแสดง||รูปแบบการแสดงและนาฏศิลป์ท้องถิ่น,ศิลปะการแสดงและดนตรี > นาฏยศิลป์และการแสดง > รูปแบบการแสดงและนาฏศิลป์ท้องถิ่น
เถิดเทิง,ศิลปะการแสดงและดนตรี,นาฏยศิลป์และการแสดง,รูปแบบการแสดงและนาฏศิลป์ท้องถิ่น,0.5,4,ศิลปะการแสดงและดนตรี||นาฏยศิลป์และการแสดง||รูปแบบการแสดงและนาฏศิลป์ท้องถิ่น,ศิลปะการแสดงและดนตรี > นาฏยศิลป์และการแสดง > รูปแบบการแสดงและนาฏศิลป์ท้องถิ่น
เทพธิดา,วรรณคดีและสิ่งมีชีวิตเชิงตำนาน,นามานุกรมและประเภทตัวละคร,เทวปกรณ์ อสูร และอมนุษย์,1.0,4,วรรณคดีและสิ่งมีชีวิตเชิงตำนาน||นามานุกรมและประเภทตัวละคร||เทวปกรณ์ อสูร และอมนุษย์,วรรณคดีและสิ่งมีชีวิตเชิงตำนาน > นามานุกรมและประเภทตัวละคร > เทวปกรณ์ อสูร และอมนุษย์
เทพนิยาย,วรรณคดีและสิ่งมีชีวิตเชิงตำนาน,นามานุกรมและประเภทตัวละคร,เทวปกรณ์ อสูร และอมนุษย์,1.0,4,วรรณคดีและสิ่งมีชีวิตเชิงตำนาน||นามานุกรมและประเภทตัวละคร||เทวปกรณ์ อสูร และอมนุษย์,วรรณคดีและสิ่งมีชีวิตเชิงตำนาน > นามานุกรมและประเภทตัวละคร > เทวปกรณ์ อสูร และอมนุษย์
เทพบุตร,วรรณคดีและสิ่งมีชีวิตเชิงตำนาน,นามานุกรมและประเภทตัวละคร,เทวปกรณ์ อสูร และอมนุษย์,1.0,4,วรรณคดีและสิ่งมีชีวิตเชิงตำนาน||นามานุกรมและประเภทตัวละคร||เทวปกรณ์ อสูร และอมนุษย์,วรรณคดีและสิ่งมีชีวิตเชิงตำนาน > นามานุกรมและประเภทตัวละคร > เทวปกรณ์ อสูร และอมนุษย์
เทพเจ้า,พิธีกรรม ความเชื่อ และจารีตวัฒนธรรม,ระบบความเชื่อและศาสนา,คติทางศาสนาและสิ่งศักดิ์สิทธิ์,0.75,4,พิธีกรรม ความเชื่อ และจารีตวัฒนธรรม||ระบบความเชื่อและศาสนา||คติทางศาสนาและสิ่งศักดิ์สิทธิ์,พิธีกรรม ความเชื่อ และจารีตวัฒนธรรม > ระบบความเชื่อและศาสนา > คติทางศาสนาและสิ่งศักดิ์สิทธิ์
เทวดา,วรรณคดีและสิ่งมีชีวิตเชิงตำนาน,นามานุกรมและประเภทตัวละคร,เทวปกรณ์ อสูร และอมนุษย์,0.75,4,วรรณคดีและสิ่งมีชีวิตเชิงตำนาน||นามานุกรมและประเภทตัวละคร||เทวปกรณ์ อสูร และอมนุษย์,วรรณคดีและสิ่งมีชีวิตเชิงตำนาน > นามานุกรมและประเภทตัวละคร > เทวปกรณ์ อสูร และอมนุษย์
เทือกเขาภูพาน,บริบทเชิงประวัติศาสตร์ ภูมิศาสตร์ และพื้นที่,ภูมิศาสตร์และอาณาบริเวณ,เขตปกครองและภูมิภาค,0.75,4,บริบทเชิงประวัติศาสตร์ ภูมิศาสตร์ และพื้นที่||ภูมิศาสตร์และอาณาบริเวณ||เขตปกครองและภูมิภาค,บริบทเชิงประวัติศาสตร์ ภูมิศาสตร์ และพื้นที่ > ภูมิศาสตร์และอาณาบริเวณ > เขตปกครองและภูมิภาค
เบญกาย,วรรณคดีและสิ่งมีชีวิตเชิงตำนาน,นามานุกรมและประเภทตัวละคร,ตัวละครหลักและบทบาทในบทละคร,0.5,4,วรรณคดีและสิ่งมีชีวิตเชิงตำนาน||นามานุกรมและประเภทตัวละคร||ตัวละครหลักและบทบาทในบทละคร,วรรณคดีและสิ่งมีชีวิตเชิงตำนาน > นามานุกรมและประเภทตัวละคร > ตัวละครหลักและบทบาทในบทละคร
เบิกโรง,ศิลปะการแสดงและดนตรี,นาฏยศิลป์และการแสดง,กระบวนท่ารำและจารีตการแสดง,0.75,4,ศิลปะการแสดงและดนตรี||นาฏยศิลป์และการแสดง||กระบวนท่ารำและจารีตการแสดง,ศิลปะการแสดงและดนตรี > นาฏยศิลป์และการแสดง > กระบวนท่ารำและจารีตการแสดง
เพทาย,วัฒนธรรมวัตถุ ศิลปกรรม และงานช่าง,วัสดุและอัญมณี,วัสดุธรรมชาติและรัตนชาติ,0.5,4,วัฒนธรรมวัตถุ ศิลปกรรม และงานช่าง||วัสดุและอัญมณี||วัสดุธรรมชาติและรัตนชาติ,วัฒนธรรมวัตถุ ศิลปกรรม และงานช่าง > วัสดุและอัญมณี > วัสดุธรรมชาติและรัตนชาติ
เพลงกลม,ศิลปะการแสดงและดนตรี,ดุริยางคศิลป์และคีตศิลป์,ระเบียบวิธีทางดนตรีและประเภทบทเพลง,1.0,4,ศิลปะการแสดงและดนตรี||ดุริยางคศิลป์และคีตศิลป์||ระเบียบวิธีทางดนตรีและประเภทบทเพลง,ศิลปะการแสดงและดนตรี > ดุริยางคศิลป์และคีตศิลป์ > ระเบียบวิธีทางดนตรีและประเภทบทเพลง
เพลงคืนเดือนหงาย,ศิลปะการแสดงและดนตรี,ดุริยางคศิลป์และคีตศิลป์,ระเบียบวิธีทางดนตรีและประเภทบทเพลง,1.0,4,ศิลปะการแสดงและดนตรี||ดุริยางคศิลป์และคีตศิลป์||ระเบียบวิธีทางดนตรีและประเภทบทเพลง,ศิลปะการแสดงและดนตรี > ดุริยางคศิลป์และคีตศิลป์ > ระเบียบวิธีทางดนตรีและประเภทบทเพลง
เพลงงามแสงเดือน,ศิลปะการแสดงและดนตรี,ดุริยางคศิลป์และคีตศิลป์,ระเบียบวิธีทางดนตรีและประเภทบทเพลง,0.75,4,ศิลปะการแสดงและดนตรี||ดุริยางคศิลป์และคีตศิลป์||ระเบียบวิธีทางดนตรีและประเภทบทเพลง,ศิลปะการแสดงและดนตรี > ดุริยางคศิลป์และคีตศิลป์ > ระเบียบวิธีทางดนตรีและประเภทบทเพลง
เพลงฉิ่ง,ศิลปะการแสดงและดนตรี,ดุริยางคศิลป์และคีตศิลป์,ระเบียบวิธีทางดนตรีและประเภทบทเพลง,1.0,4,ศิลปะการแสดงและดนตรี||ดุริยางคศิลป์และคีตศิลป์||ระเบียบวิธีทางดนตรีและประเภทบทเพลง,ศิลปะการแสดงและดนตรี > ดุริยางคศิลป์และคีตศิลป์ > ระเบียบวิธีทางดนตรีและประเภทบทเพลง
เพลงชาวไทย,ศิลปะการแสดงและดนตรี,ดุริยางคศิลป์และคีตศิลป์,ระเบียบวิธีทางดนตรีและประเภทบทเพลง,1.0,4,ศิลปะการแสดงและดนตรี||ดุริยางคศิลป์และคีตศิลป์||ระเบียบวิธีทางดนตรีและประเภทบทเพลง,ศิลปะการแสดงและดนตรี > ดุริยางคศิลป์และคีตศิลป์ > ระเบียบวิธีทางดนตรีและประเภทบทเพลง
เพลงชำนาญ,ศิลปะการแสดงและดนตรี,ดุริยางคศิลป์และคีตศิลป์,ระเบียบวิธีทางดนตรีและประเภทบทเพลง,1.0,4,ศิลปะการแสดงและดนตรี||ดุริยางคศิลป์และคีตศิลป์||ระเบียบวิธีทางดนตรีและประเภทบทเพลง,ศิลปะการแสดงและดนตรี > ดุริยางคศิลป์และคีตศิลป์ > ระเบียบวิธีทางดนตรีและประเภทบทเพลง
เพลงดวงจันทร์ขวัญฟ้า,ศิลปะการแสดงและดนตรี,ดุริยางคศิลป์และคีตศิลป์,ระเบียบวิธีทางดนตรีและประเภทบทเพลง,1.0,4,ศิลปะการแสดงและดนตรี||ดุริยางคศิลป์และคีตศิลป์||ระเบียบวิธีทางดนตรีและประเภทบทเพลง,ศิลปะการแสดงและดนตรี > ดุริยางคศิลป์และคีตศิลป์ > ระเบียบวิธีทางดนตรีและประเภทบทเพลง
เพลงดวงจันทร์วันเพ็ญ,ศิลปะการแสดงและดนตรี,ดุริยางคศิลป์และคีตศิลป์,ระเบียบวิธีทางดนตรีและประเภทบทเพลง,1.0,4,ศิลปะการแสดงและดนตรี||ดุริยางคศิลป์และคีตศิลป์||ระเบียบวิธีทางดนตรีและประเภทบทเพลง,ศิลปะการแสดงและดนตรี > ดุริยางคศิลป์และคีตศิลป์ > ระเบียบวิธีทางดนตรีและประเภทบทเพลง
เพลงดอกไม้ของชาติ,ศิลปะการแสดงและดนตรี,ดุริยางคศิลป์และคีตศิลป์,ระเบียบวิธีทางดนตรีและประเภทบทเพลง,0.75,4,ศิลปะการแสดงและดนตรี||ดุริยางคศิลป์และคีตศิลป์||ระเบียบวิธีทางดนตรีและประเภทบทเพลง,ศิลปะการแสดงและดนตรี > ดุริยางคศิลป์และคีตศิลป์ > ระเบียบวิธีทางดนตรีและประเภทบทเพลง
เพลงบูชานักรบ,ศิลปะการแสดงและดนตรี,ดุริยางคศิลป์และคีตศิลป์,ระเบียบวิธีทางดนตรีและประเภทบทเพลง,0.75,4,ศิลปะการแสดงและดนตรี||ดุริยางคศิลป์และคีตศิลป์||ระเบียบวิธีทางดนตรีและประเภทบทเพลง,ศิลปะการแสดงและดนตรี > ดุริยางคศิลป์และคีตศิลป์ > ระเบียบวิธีทางดนตรีและประเภทบทเพลง
เพลงฝรั่งรำเท้า,ศิลปะการแสดงและดนตรี,ดุริยางคศิลป์และคีตศิลป์,ระเบียบวิธีทางดนตรีและประเภทบทเพลง,1.0,4,ศิลปะการแสดงและดนตรี||ดุริยางคศิลป์และคีตศิลป์||ระเบียบวิธีทางดนตรีและประเภทบทเพลง,ศิลปะการแสดงและดนตรี > ดุริยางคศิลป์และคีตศิลป์ > ระเบียบวิธีทางดนตรีและประเภทบทเพลง
เพลงฟ้อนดวงดอกไม้,ศิลปะการแสดงและดนตรี,ดุริยางคศิลป์และคีตศิลป์,ระเบียบวิธีทางดนตรีและประเภทบทเพลง,1.0,4,ศิลปะการแสดงและดนตรี||ดุริยางคศิลป์และคีตศิลป์||ระเบียบวิธีทางดนตรีและประเภทบทเพลง,ศิลปะการแสดงและดนตรี > ดุริยางคศิลป์และคีตศิลป์ > ระเบียบวิธีทางดนตรีและประเภทบทเพลง
เพลงมอญดูดาว,ศิลปะการแสดงและดนตรี,ดุริยางคศิลป์และคีตศิลป์,ระเบียบวิธีทางดนตรีและประเภทบทเพลง,1.0,4,ศิลปะการแสดงและดนตรี||ดุริยางคศิลป์และคีตศิลป์||ระเบียบวิธีทางดนตรีและประเภทบทเพลง,ศิลปะการแสดงและดนตรี > ดุริยางคศิลป์และคีตศิลป์ > ระเบียบวิธีทางดนตรีและประเภทบทเพลง
เพลงยอดชายใจหาญ,ศิลปะการแสดงและดนตรี,ดุริยางคศิลป์และคีตศิลป์,ระเบียบวิธีทางดนตรีและประเภทบทเพลง,1.0,4,ศิลปะการแสดงและดนตรี||ดุริยางคศิลป์และคีตศิลป์||ระเบียบวิธีทางดนตรีและประเภทบทเพลง,ศิลปะการแสดงและดนตรี > ดุริยางคศิลป์และคีตศิลป์ > ระเบียบวิธีทางดนตรีและประเภทบทเพลง
เพลงรำซิมารำ,ศิลปะการแสดงและดนตรี,ดุริยางคศิลป์และคีตศิลป์,ระเบียบวิธีทางดนตรีและประเภทบทเพลง,1.0,4,ศิลปะการแสดงและดนตรี||ดุริยางคศิลป์และคีตศิลป์||ระเบียบวิธีทางดนตรีและประเภทบทเพลง,ศิลปะการแสดงและดนตรี > ดุริยางคศิลป์และคีตศิลป์ > ระเบียบวิธีทางดนตรีและประเภทบทเพลง
เพลงลาวคำหอม,ศิลปะการแสดงและดนตรี,ดุริยางคศิลป์และคีตศิลป์,ระเบียบวิธีทางดนตรีและประเภทบทเพลง,1.0,4,ศิลปะการแสดงและดนตรี||ดุริยางคศิลป์และคีตศิลป์||ระเบียบวิธีทางดนตรีและประเภทบทเพลง,ศิลปะการแสดงและดนตรี > ดุริยางคศิลป์และคีตศิลป์ > ระเบียบวิธีทางดนตรีและประเภทบทเพลง
เพลงสากล,ศิลปะการแสดงและดนตรี,ดุริยางคศิลป์และคีตศิลป์,ระเบียบวิธีทางดนตรีและประเภทบทเพลง,1.0,4,ศิลปะการแสดงและดนตรี||ดุริยางคศิลป์และคีตศิลป์||ระเบียบวิธีทางดนตรีและประเภทบทเพลง,ศิลปะการแสดงและดนตรี > ดุริยางคศิลป์และคีตศิลป์ > ระเบียบวิธีทางดนตรีและประเภทบทเพลง
เพลงสำเนียงลาว,ศิลปะการแสดงและดนตรี,ดุริยางคศิลป์และคีตศิลป์,ระเบียบวิธีทางดนตรีและประเภทบทเพลง,1.0,4,ศิลปะการแสดงและดนตรี||ดุริยางคศิลป์และคีตศิลป์||ระเบียบวิธีทางดนตรีและประเภทบทเพลง,ศิลปะการแสดงและดนตรี > ดุริยางคศิลป์และคีตศิลป์ > ระเบียบวิธีทางดนตรีและประเภทบทเพลง
เพลงหญิงไทยใจงาม,ศิลปะการแสดงและดนตรี,ดุริยางคศิลป์และคีตศิลป์,ระเบียบวิธีทางดนตรีและประเภทบทเพลง,1.0,4,ศิลปะการแสดงและดนตรี||ดุริยางคศิลป์และคีตศิลป์||ระเบียบวิธีทางดนตรีและประเภทบทเพลง,ศิลปะการแสดงและดนตรี > ดุริยางคศิลป์และคีตศิลป์ > ระเบียบวิธีทางดนตรีและประเภทบทเพลง
เพลงหน้าพาทย์,ศิลปะการแสดงและดนตรี,ดุริยางคศิลป์และคีตศิลป์,ระเบียบวิธีทางดนตรีและประเภทบทเพลง,1.0,4,ศิลปะการแสดงและดนตรี||ดุริยางคศิลป์และคีตศิลป์||ระเบียบวิธีทางดนตรีและประเภทบทเพลง,ศิลปะการแสดงและดนตรี > ดุริยางคศิลป์และคีตศิลป์ > ระเบียบวิธีทางดนตรีและประเภทบทเพลง
เพลงอัตราจังหวะสองชั้น,ศิลปะการแสดงและดนตรี,ดุริยางคศิลป์และคีตศิลป์,ระเบียบวิธีทางดนตรีและประเภทบทเพลง,1.0,4,ศิลปะการแสดงและดนตรี||ดุริยางคศิลป์และคีตศิลป์||ระเบียบวิธีทางดนตรีและประเภทบทเพลง,ศิลปะการแสดงและดนตรี > ดุริยางคศิลป์และคีตศิลป์ > ระเบียบวิธีทางดนตรีและประเภทบทเพลง
เพลงเร็ว,ศิลปะการแสดงและดนตรี,ดุริยางคศิลป์และคีตศิลป์,ระเบียบวิธีทางดนตรีและประเภทบทเพลง,1.0,4,ศิลปะการแสดงและดนตรี||ดุริยางคศิลป์และคีตศิลป์||ระเบียบวิธีทางดนตรีและประเภทบทเพลง,ศิลปะการแสดงและดนตรี > ดุริยางคศิลป์และคีตศิลป์ > ระเบียบวิธีทางดนตรีและประเภทบทเพลง
เพลงไทย,ศิลปะการแสดงและดนตรี,ดุริยางคศิลป์และคีตศิลป์,ระเบียบวิธีทางดนตรีและประเภทบทเพลง,1.0,4,ศิลปะการแสดงและดนตรี||ดุริยางคศิลป์และคีตศิลป์||ระเบียบวิธีทางดนตรีและประเภทบทเพลง,ศิลปะการแสดงและดนตรี > ดุริยางคศิลป์และคีตศิลป์ > ระเบียบวิธีทางดนตรีและประเภทบทเพลง
เมขลา,วรรณคดีและสิ่งมีชีวิตเชิงตำนาน,นามานุกรมและประเภทตัวละคร,เทวปกรณ์ อสูร และอมนุษย์,0.75,4,วรรณคดีและสิ่งมีชีวิตเชิงตำนาน||นามานุกรมและประเภทตัวละคร||เทวปกรณ์ อสูร และอมนุษย์,วรรณคดีและสิ่งมีชีวิตเชิงตำนาน > นามานุกรมและประเภทตัวละคร > เทวปกรณ์ อสูร และอมนุษย์
เมืองขีดขิน,บริบทเชิงประวัติศาสตร์ ภูมิศาสตร์ และพื้นที่,ภูมิศาสตร์และอาณาบริเวณ,เขตปกครองและภูมิภาค,0.5,4,บริบทเชิงประวัติศาสตร์ ภูมิศาสตร์ และพื้นที่||ภูมิศาสตร์และอาณาบริเวณ||เขตปกครองและภูมิภาค,บริบทเชิงประวัติศาสตร์ ภูมิศาสตร์ และพื้นที่ > ภูมิศาสตร์และอาณาบริเวณ > เขตปกครองและภูมิภาค
เมืองชมพู,บริบทเชิงประวัติศาสตร์ ภูมิศาสตร์ และพื้นที่,ภูมิศาสตร์และอาณาบริเวณ,พื้นที่ในคติความเชื่อและประวัติศาสตร์,0.5,4,บริบทเชิงประวัติศาสตร์ ภูมิศาสตร์ และพื้นที่||ภูมิศาสตร์และอาณาบริเวณ||พื้นที่ในคติความเชื่อและประวัติศาสตร์,บริบทเชิงประวัติศาสตร์ ภูมิศาสตร์ และพื้นที่ > ภูมิศาสตร์และอาณาบริเวณ > พื้นที่ในคติความเชื่อและประวัติศาสตร์
เล่นน้ำ,พิธีกรรม ความเชื่อ และจารีตวัฒนธรรม,จารีตประเพณีและพิธีกรรม,พิธีการสำคัญและจารีตทางสังคม,0.75,4,พิธีกรรม ความเชื่อ และจารีตวัฒนธรรม||จารีตประเพณีและพิธีกรรม||พิธีการสำคัญและจารีตทางสังคม,พิธีกรรม ความเชื่อ และจารีตวัฒนธรรม > จารีตประเพณีและพิธีกรรม > พิธีการสำคัญและจารีตทางสังคม
เวที,บริบทเชิงประวัติศาสตร์ ภูมิศาสตร์ และพื้นที่,พื้นที่ทางวัฒนธรรมและสถาบัน,สถานที่จัดแสดงและเขตพระราชฐาน,0.5,4,บริบทเชิงประวัติศาสตร์ ภูมิศาสตร์ และพื้นที่||พื้นที่ทางวัฒนธรรมและสถาบัน||สถานที่จัดแสดงและเขตพระราชฐาน,บริบทเชิงประวัติศาสตร์ ภูมิศาสตร์ และพื้นที่ > พื้นที่ทางวัฒนธรรมและสถาบัน > สถานที่จัดแสดงและเขตพระราชฐาน
เสนียดจัญไร,พิธีกรรม ความเชื่อ และจารีตวัฒนธรรม,คติความเชื่อและไสยศาสตร์,การขจัดปัดเป่าและอำนาจเหนือธรรมชาติ,0.75,4,พิธีกรรม ความเชื่อ และจารีตวัฒนธรรม||คติความเชื่อและไสยศาสตร์||การขจัดปัดเป่าและอำนาจเหนือธรรมชาติ,พิธีกรรม ความเชื่อ และจารีตวัฒนธรรม > คติความเชื่อและไสยศาสตร์ > การขจัดปัดเป่าและอำนาจเหนือธรรมชาติ
เสียงดนตรี,ศิลปะการแสดงและดนตรี,ดุริยางคศิลป์และคีตศิลป์,ระเบียบวิธีทางดนตรีและประเภทบทเพลง,1.0,4,ศิลปะการแสดงและดนตรี||ดุริยางคศิลป์และคีตศิลป์||ระเบียบวิธีทางดนตรีและประเภทบทเพลง,ศิลปะการแสดงและดนตรี > ดุริยางคศิลป์และคีตศิลป์ > ระเบียบวิธีทางดนตรีและประเภทบทเพลง
แกล้งทำ,ศิลปะการแสดงและดนตรี,บุคลากรและทักษะทางศิลปะ,กลวิธีและสมรรถนะการแสดง,0.5,4,ศิลปะการแสดงและดนตรี||บุคลากรและทักษะทางศิลปะ||กลวิธีและสมรรถนะการแสดง,ศิลปะการแสดงและดนตรี > บุคลากรและทักษะทางศิลปะ > กลวิธีและสมรรถนะการแสดง
แก้แค้น,วรรณคดีและสิ่งมีชีวิตเชิงตำนาน,นามานุกรมและประเภทตัวละคร,ตัวละครหลักและบทบาทในบทละคร,0.5,4,วรรณคดีและสิ่งมีชีวิตเชิงตำนาน||นามานุกรมและประเภทตัวละคร||ตัวละครหลักและบทบาทในบทละคร,วรรณคดีและสิ่งมีชีวิตเชิงตำนาน > นามานุกรมและประเภทตัวละคร > ตัวละครหลักและบทบาทในบทละคร
แควน้อย,บริบทเชิงประวัติศาสตร์ ภูมิศาสตร์ และพื้นที่,ภูมิศาสตร์และอาณาบริเวณ,เขตปกครองและภูมิภาค,0.75,4,บริบทเชิงประวัติศาสตร์ ภูมิศาสตร์ และพื้นที่||ภูมิศาสตร์และอาณาบริเวณ||เขตปกครองและภูมิภาค,บริบทเชิงประวัติศาสตร์ ภูมิศาสตร์ และพื้นที่ > ภูมิศาสตร์และอาณาบริเวณ > เขตปกครองและภูมิภาค
แตกทัพ,บริบทเชิงประวัติศาสตร์ ภูมิศาสตร์ และพื้นที่,ยุคสมัยและเหตุการณ์สำคัญ,ลำดับเวลาและประวัติศาสตร์การสงคราม,1.0,4,บริบทเชิงประวัติศาสตร์ ภูมิศาสตร์ และพื้นที่||ยุคสมัยและเหตุการณ์สำคัญ||ลำดับเวลาและประวัติศาสตร์การสงคราม,บริบทเชิงประวัติศาสตร์ ภูมิศาสตร์ และพื้นที่ > ยุคสมัยและเหตุการณ์สำคัญ > ลำดับเวลาและประวัติศาสตร์การสงคราม
แต่งกายยืนเครื่องพระ,วัฒนธรรมวัตถุ ศิลปกรรม และงานช่าง,พัสตราภรณ์และเครื่องแต่งกาย,ระเบียบการแต่งกายและอาวุธจำลอง,0.5,4,วัฒนธรรมวัตถุ ศิลปกรรม และงานช่าง||พัสตราภรณ์และเครื่องแต่งกาย||ระเบียบการแต่งกายและอาวุธจำลอง,วัฒนธรรมวัตถุ ศิลปกรรม และงานช่าง > พัสตราภรณ์และเครื่องแต่งกาย > ระเบียบการแต่งกายและอาวุธจำลอง
แต่งตัว,วัฒนธรรมวัตถุ ศิลปกรรม และงานช่าง,พัสตราภรณ์และเครื่องแต่งกาย,ระเบียบการแต่งกายและอาวุธจำลอง,1.0,4,วัฒนธรรมวัตถุ ศิลปกรรม และงานช่าง||พัสตราภรณ์และเครื่องแต่งกาย||ระเบียบการแต่งกายและอาวุธจำลอง,วัฒนธรรมวัตถุ ศิลปกรรม และงานช่าง > พัสตราภรณ์และเครื่องแต่งกาย > ระเบียบการแต่งกายและอาวุธจำลอง
แปลงกาย,วรรณคดีและสิ่งมีชีวิตเชิงตำนาน,นามานุกรมและประเภทตัวละคร,เทวปกรณ์ อสูร และอมนุษย์,0.75,4,วรรณคดีและสิ่งมีชีวิตเชิงตำนาน||นามานุกรมและประเภทตัวละคร||เทวปกรณ์ อสูร และอมนุษย์,วรรณคดีและสิ่งมีชีวิตเชิงตำนาน > นามานุกรมและประเภทตัวละคร > เทวปกรณ์ อสูร และอมนุษย์
แปลงตัว,ศิลปะการแสดงและดนตรี,บุคลากรและทักษะทางศิลปะ,กลวิธีและสมรรถนะการแสดง,0.5,4,ศิลปะการแสดงและดนตรี||บุคลากรและทักษะทางศิลปะ||กลวิธีและสมรรถนะการแสดง,ศิลปะการแสดงและดนตรี > บุคลากรและทักษะทางศิลปะ > กลวิธีและสมรรถนะการแสดง
แผ่อิทธิพล,บริบทเชิงประวัติศาสตร์ ภูมิศาสตร์ และพื้นที่,ยุคสมัยและเหตุการณ์สำคัญ,ลำดับเวลาและประวัติศาสตร์การสงคราม,1.0,4,บริบทเชิงประวัติศาสตร์ ภูมิศาสตร์ และพื้นที่||ยุคสมัยและเหตุการณ์สำคัญ||ลำดับเวลาและประวัติศาสตร์การสงคราม,บริบทเชิงประวัติศาสตร์ ภูมิศาสตร์ และพื้นที่ > ยุคสมัยและเหตุการณ์สำคัญ > ลำดับเวลาและประวัติศาสตร์การสงคราม
แมนสรวง,วรรณคดีและสิ่งมีชีวิตเชิงตำนาน,นามานุกรมและประเภทตัวละคร,ตัวละครหลักและบทบาทในบทละคร,0.75,4,วรรณคดีและสิ่งมีชีวิตเชิงตำนาน||นามานุกรมและประเภทตัวละคร||ตัวละครหลักและบทบาทในบทละคร,วรรณคดีและสิ่งมีชีวิตเชิงตำนาน > นามานุกรมและประเภทตัวละคร > ตัวละครหลักและบทบาทในบทละคร
แม่ท่า,ศิลปะการแสดงและดนตรี,นาฏยศิลป์และการแสดง,กระบวนท่ารำและจารีตการแสดง,0.75,4,ศิลปะการแสดงและดนตรี||นาฏยศิลป์และการแสดง||กระบวนท่ารำและจารีตการแสดง,ศิลปะการแสดงและดนตรี > นาฏยศิลป์และการแสดง > กระบวนท่ารำและจารีตการแสดง
แม่น้ำ,บริบทเชิงประวัติศาสตร์ ภูมิศาสตร์ และพื้นที่,ภูมิศาสตร์และอาณาบริเวณ,เขตปกครองและภูมิภาค,1.0,4,บริบทเชิงประวัติศาสตร์ ภูมิศาสตร์ และพื้นที่||ภูมิศาสตร์และอาณาบริเวณ||เขตปกครองและภูมิภาค,บริบทเชิงประวัติศาสตร์ ภูมิศาสตร์ และพื้นที่ > ภูมิศาสตร์และอาณาบริเวณ > เขตปกครองและภูมิภาค
แม่น้ำโขง,บริบทเชิงประวัติศาสตร์ ภูมิศาสตร์ และพื้นที่,ภูมิศาสตร์และอาณาบริเวณ,เขตปกครองและภูมิภาค,0.75,4,บริบทเชิงประวัติศาสตร์ ภูมิศาสตร์ และพื้นที่||ภูมิศาสตร์และอาณาบริเวณ||เขตปกครองและภูมิภาค,บริบทเชิงประวัติศาสตร์ ภูมิศาสตร์ และพื้นที่ > ภูมิศาสตร์และอาณาบริเวณ > เขตปกครองและภูมิภาค
แม่บท,ศิลปะการแสดงและดนตรี,นาฏยศิลป์และการแสดง,กระบวนท่ารำและจารีตการแสดง,0.75,4,ศิลปะการแสดงและดนตรี||นาฏยศิลป์และการแสดง||กระบวนท่ารำและจารีตการแสดง,ศิลปะการแสดงและดนตรี > นาฏยศิลป์และการแสดง > กระบวนท่ารำและจารีตการแสดง
แม่ฮ่องสอน,บริบทเชิงประวัติศาสตร์ ภูมิศาสตร์ และพื้นที่,ภูมิศาสตร์และอาณาบริเวณ,เขตปกครองและภูมิภาค,1.0,4,บริบทเชิงประวัติศาสตร์ ภูมิศาสตร์ และพื้นที่||ภูมิศาสตร์และอาณาบริเวณ||เขตปกครองและภูมิภาค,บริบทเชิงประวัติศาสตร์ ภูมิศาสตร์ และพื้นที่ > ภูมิศาสตร์และอาณาบริเวณ > เขตปกครองและภูมิภาค
แม่ไม้มวย,ศิลปะการแสดงและดนตรี,บุคลากรและทักษะทางศิลปะ,กลวิธีและสมรรถนะการแสดง,0.5,4,ศิลปะการแสดงและดนตรี||บุคลากรและทักษะทางศิลปะ||กลวิธีและสมรรถนะการแสดง,ศิลปะการแสดงและดนตรี > บุคลากรและทักษะทางศิลปะ > กลวิธีและสมรรถนะการแสดง
แว่นแก้วสุรกานต์,วัฒนธรรมวัตถุ ศิลปกรรม และงานช่าง,วัสดุและอัญมณี,วัสดุธรรมชาติและรัตนชาติ,0.5,4,วัฒนธรรมวัตถุ ศิลปกรรม และงานช่าง||วัสดุและอัญมณี||วัสดุธรรมชาติและรัตนชาติ,วัฒนธรรมวัตถุ ศิลปกรรม และงานช่าง > วัสดุและอัญมณี > วัสดุธรรมชาติและรัตนชาติ
แสงจันทร์,บริบทเชิงประวัติศาสตร์ ภูมิศาสตร์ และพื้นที่,ภูมิศาสตร์และอาณาบริเวณ,พื้นที่ในคติความเชื่อและประวัติศาสตร์,0.5,4,บริบทเชิงประวัติศาสตร์ ภูมิศาสตร์ และพื้นที่||ภูมิศาสตร์และอาณาบริเวณ||พื้นที่ในคติความเชื่อและประวัติศาสตร์,บริบทเชิงประวัติศาสตร์ ภูมิศาสตร์ และพื้นที่ > ภูมิศาสตร์และอาณาบริเวณ > พื้นที่ในคติความเชื่อและประวัติศาสตร์
แสงอาทิตย์,บริบทเชิงประวัติศาสตร์ ภูมิศาสตร์ และพื้นที่,ภูมิศาสตร์และอาณาบริเวณ,พื้นที่ในคติความเชื่อและประวัติศาสตร์,0.5,4,บริบทเชิงประวัติศาสตร์ ภูมิศาสตร์ และพื้นที่||ภูมิศาสตร์และอาณาบริเวณ||พื้นที่ในคติความเชื่อและประวัติศาสตร์,บริบทเชิงประวัติศาสตร์ ภูมิศาสตร์ และพื้นที่ > ภูมิศาสตร์และอาณาบริเวณ > พื้นที่ในคติความเชื่อและประวัติศาสตร์
แหลมมลายู,บริบทเชิงประวัติศาสตร์ ภูมิศาสตร์ และพื้นที่,ภูมิศาสตร์และอาณาบริเวณ,เขตปกครองและภูมิภาค,0.75,4,บริบทเชิงประวัติศาสตร์ ภูมิศาสตร์ และพื้นที่||ภูมิศาสตร์และอาณาบริเวณ||เขตปกครองและภูมิภาค,บริบทเชิงประวัติศาสตร์ ภูมิศาสตร์ และพื้นที่ > ภูมิศาสตร์และอาณาบริเวณ > เขตปกครองและภูมิภาค
แหล่งน้ำ,บริบทเชิงประวัติศาสตร์ ภูมิศาสตร์ และพื้นที่,ภูมิศาสตร์และอาณาบริเวณ,พื้นที่ในคติความเชื่อและประวัติศาสตร์,0.5,4,บริบทเชิงประวัติศาสตร์ ภูมิศาสตร์ และพื้นที่||ภูมิศาสตร์และอาณาบริเวณ||พื้นที่ในคติความเชื่อและประวัติศาสตร์,บริบทเชิงประวัติศาสตร์ ภูมิศาสตร์ และพื้นที่ > ภูมิศาสตร์และอาณาบริเวณ > พื้นที่ในคติความเชื่อและประวัติศาสตร์
โกเมน,วัฒนธรรมวัตถุ ศิลปกรรม และงานช่าง,วัสดุและอัญมณี,วัสดุธรรมชาติและรัตนชาติ,1.0,4,วัฒนธรรมวัตถุ ศิลปกรรม และงานช่าง||วัสดุและอัญมณี||วัสดุธรรมชาติและรัตนชาติ,วัฒนธรรมวัตถุ ศิลปกรรม และงานช่าง > วัสดุและอัญมณี > วัสดุธรรมชาติและรัตนชาติ
โคมเวียน,พิธีกรรม ความเชื่อ และจารีตวัฒนธรรม,จารีตประเพณีและพิธีกรรม,พิธีการสำคัญและจารีตทางสังคม,0.75,4,พิธีกรรม ความเชื่อ และจารีตวัฒนธรรม||จารีตประเพณีและพิธีกรรม||พิธีการสำคัญและจารีตทางสังคม,พิธีกรรม ความเชื่อ และจารีตวัฒนธรรม > จารีตประเพณีและพิธีกรรม > พิธีการสำคัญและจารีตทางสังคม
โบราณวัตถุ,วัฒนธรรมวัตถุ ศิลปกรรม และงานช่าง,ประณีตศิลป์และทัศนศิลป์,งานช่างศิลปกรรมและเทคนิควิธี,0.75,4,วัฒนธรรมวัตถุ ศิลปกรรม และงานช่าง||ประณีตศิลป์และทัศนศิลป์||งานช่างศิลปกรรมและเทคนิควิธี,วัฒนธรรมวัตถุ ศิลปกรรม และงานช่าง > ประณีตศิลป์และทัศนศิลป์ > งานช่างศิลปกรรมและเทคนิควิธี
โบราณสถาน,วัฒนธรรมวัตถุ ศิลปกรรม และงานช่าง,สถาปัตยกรรมและพุทธศิลป์,ศาสนสถานและปูชนียวัตถุ,0.75,4,วัฒนธรรมวัตถุ ศิลปกรรม และงานช่าง||สถาปัตยกรรมและพุทธศิลป์||ศาสนสถานและปูชนียวัตถุ,วัฒนธรรมวัตถุ ศิลปกรรม และงานช่าง > สถาปัตยกรรมและพุทธศิลป์ > ศาสนสถานและปูชนียวัตถุ
โปงลาง,ศิลปะการแสดงและดนตรี,ดุริยางคศิลป์และคีตศิลป์,เครื่องดนตรีและวงดนตรี,1.0,4,ศิลปะการแสดงและดนตรี||ดุริยางคศิลป์และคีตศิลป์||เครื่องดนตรีและวงดนตรี,ศิลปะการแสดงและดนตรี > ดุริยางคศิลป์และคีตศิลป์ > เครื่องดนตรีและวงดนตรี
โปรตุเกส,บริบทเชิงประวัติศาสตร์ ภูมิศาสตร์ และพื้นที่,ภูมิศาสตร์และอาณาบริเวณ,เขตปกครองและภูมิภาค,0.75,4,บริบทเชิงประวัติศาสตร์ ภูมิศาสตร์ และพื้นที่||ภูมิศาสตร์และอาณาบริเวณ||เขตปกครองและภูมิภาค,บริบทเชิงประวัติศาสตร์ ภูมิศาสตร์ และพื้นที่ > ภูมิศาสตร์และอาณาบริเวณ > เขตปกครองและภูมิภาค
โรงละครแห่งชาติ,บริบทเชิงประวัติศาสตร์ ภูมิศาสตร์ และพื้นที่,พื้นที่ทางวัฒนธรรมและสถาบัน,สถานที่จัดแสดงและเขตพระราชฐาน,1.0,4,บริบทเชิงประวัติศาสตร์ ภูมิศาสตร์ และพื้นที่||พื้นที่ทางวัฒนธรรมและสถาบัน||สถานที่จัดแสดงและเขตพระราชฐาน,บริบทเชิงประวัติศาสตร์ ภูมิศาสตร์ และพื้นที่ > พื้นที่ทางวัฒนธรรมและสถาบัน > สถานที่จัดแสดงและเขตพระราชฐาน
โอดิสสี,วรรณคดีและสิ่งมีชีวิตเชิงตำนาน,นามานุกรมและประเภทตัวละคร,ตัวละครหลักและบทบาทในบทละคร,1.0,4,วรรณคดีและสิ่งมีชีวิตเชิงตำนาน||นามานุกรมและประเภทตัวละคร||ตัวละครหลักและบทบาทในบทละคร,วรรณคดีและสิ่งมีชีวิตเชิงตำนาน > นามานุกรมและประเภทตัวละคร > ตัวละครหลักและบทบาทในบทละคร
โอรส,กลุ่มชาติพันธุ์ ชุมชน และวิถีชีวิต,โครงสร้างสังคมและบุคคลสำคัญ,ฐานันดรศักดิ์และบทบาททางสังคม,0.5,4,กลุ่มชาติพันธุ์ ชุมชน และวิถีชีวิต||โครงสร้างสังคมและบุคคลสำคัญ||ฐานันดรศักดิ์และบทบาททางสังคม,กลุ่มชาติพันธุ์ ชุมชน และวิถีชีวิต > โครงสร้างสังคมและบุคคลสำคัญ > ฐานันดรศักดิ์และบทบาททางสังคม
ใบชา,กลุ่มชาติพันธุ์ ชุมชน และวิถีชีวิต,วิถีชีวิตและระบบเศรษฐกิจ,การประกอบอาชีพและโภชนาการ,1.0,4,กลุ่มชาติพันธุ์ ชุมชน และวิถีชีวิต||วิถีชีวิตและระบบเศรษฐกิจ||การประกอบอาชีพและโภชนาการ,กลุ่มชาติพันธุ์ ชุมชน และวิถีชีวิต > วิถีชีวิตและระบบเศรษฐกิจ > การประกอบอาชีพและโภชนาการ
ให้ร้าย,กลุ่มชาติพันธุ์ ชุมชน และวิถีชีวิต,วิถีชีวิตและพฤติกรรมทางสังคม,จารีตการปฏิบัติและพรรณไม้ในวิถีชีวิต,0.5,4,กลุ่มชาติพันธุ์ ชุมชน และวิถีชีวิต||วิถีชีวิตและพฤติกรรมทางสังคม||จารีตการปฏิบัติและพรรณไม้ในวิถีชีวิต,กลุ่มชาติพันธุ์ ชุมชน และวิถีชีวิต > วิถีชีวิตและพฤติกรรมทางสังคม > จารีตการปฏิบัติและพรรณไม้ในวิถีชีวิต
ได้ยิน,กลุ่มชาติพันธุ์ ชุมชน และวิถีชีวิต,วิถีชีวิตและพฤติกรรมทางสังคม,จารีตการปฏิบัติและพรรณไม้ในวิถีชีวิต,0.75,4,กลุ่มชาติพันธุ์ ชุมชน และวิถีชีวิต||วิถีชีวิตและพฤติกรรมทางสังคม||จารีตการปฏิบัติและพรรณไม้ในวิถีชีวิต,กลุ่มชาติพันธุ์ ชุมชน และวิถีชีวิต > วิถีชีวิตและพฤติกรรมทางสังคม > จารีตการปฏิบัติและพรรณไม้ในวิถีชีวิต
ไตรรงค์,วัฒนธรรมวัตถุ ศิลปกรรม และงานช่าง,พัสตราภรณ์และเครื่องแต่งกาย,ระเบียบการแต่งกายและอาวุธจำลอง,0.5,4,วัฒนธรรมวัตถุ ศิลปกรรม และงานช่าง||พัสตราภรณ์และเครื่องแต่งกาย||ระเบียบการแต่งกายและอาวุธจำลอง,วัฒนธรรมวัตถุ ศิลปกรรม และงานช่าง > พัสตราภรณ์และเครื่องแต่งกาย > ระเบียบการแต่งกายและอาวุธจำลอง
ไทภูเขา,กลุ่มชาติพันธุ์ ชุมชน และวิถีชีวิต,อัตลักษณ์ทางสังคมและกลุ่มคน,กลุ่มชาติพันธุ์และชุมชนท้องถิ่น,1.0,4,กลุ่มชาติพันธุ์ ชุมชน และวิถีชีวิต||อัตลักษณ์ทางสังคมและกลุ่มคน||กลุ่มชาติพันธุ์และชุมชนท้องถิ่น,กลุ่มชาติพันธุ์ ชุมชน และวิถีชีวิต > อัตลักษณ์ทางสังคมและกลุ่มคน > กลุ่มชาติพันธุ์และชุมชนท้องถิ่น
ไทยจักรพรรดิ์,กลุ่มชาติพันธุ์ ชุมชน และวิถีชีวิต,โครงสร้างสังคมและบุคคลสำคัญ,ฐานันดรศักดิ์และบทบาททางสังคม,0.5,4,กลุ่มชาติพันธุ์ ชุมชน และวิถีชีวิต||โครงสร้างสังคมและบุคคลสำคัญ||ฐานันดรศักดิ์และบทบาททางสังคม,กลุ่มชาติพันธุ์ ชุมชน และวิถีชีวิต > โครงสร้างสังคมและบุคคลสำคัญ > ฐานันดรศักดิ์และบทบาททางสังคม
ไทยจักรี,บริบทเชิงประวัติศาสตร์ ภูมิศาสตร์ และพื้นที่,ยุคสมัยและเหตุการณ์สำคัญ,ลำดับเวลาและประวัติศาสตร์การสงคราม,0.75,4,บริบทเชิงประวัติศาสตร์ ภูมิศาสตร์ และพื้นที่||ยุคสมัยและเหตุการณ์สำคัญ||ลำดับเวลาและประวัติศาสตร์การสงคราม,บริบทเชิงประวัติศาสตร์ ภูมิศาสตร์ และพื้นที่ > ยุคสมัยและเหตุการณ์สำคัญ > ลำดับเวลาและประวัติศาสตร์การสงคราม
ไทยจิตรลดา,วัฒนธรรมวัตถุ ศิลปกรรม และงานช่าง,พัสตราภรณ์และเครื่องแต่งกาย,ระเบียบการแต่งกายและอาวุธจำลอง,0.25,4,วัฒนธรรมวัตถุ ศิลปกรรม และงานช่าง||พัสตราภรณ์และเครื่องแต่งกาย||ระเบียบการแต่งกายและอาวุธจำลอง,วัฒนธรรมวัตถุ ศิลปกรรม และงานช่าง > พัสตราภรณ์และเครื่องแต่งกาย > ระเบียบการแต่งกายและอาวุธจำลอง
ไทยจีน,กลุ่มชาติพันธุ์ ชุมชน และวิถีชีวิต,อัตลักษณ์ทางสังคมและกลุ่มคน,กลุ่มชาติพันธุ์และชุมชนท้องถิ่น,1.0,4,กลุ่มชาติพันธุ์ ชุมชน และวิถีชีวิต||อัตลักษณ์ทางสังคมและกลุ่มคน||กลุ่มชาติพันธุ์และชุมชนท้องถิ่น,กลุ่มชาติพันธุ์ ชุมชน และวิถีชีวิต > อัตลักษณ์ทางสังคมและกลุ่มคน > กลุ่มชาติพันธุ์และชุมชนท้องถิ่น
ไทยดุสิต,กลุ่มชาติพันธุ์ ชุมชน และวิถีชีวิต,อัตลักษณ์ทางสังคมและกลุ่มคน,กลุ่มชาติพันธุ์และชุมชนท้องถิ่น,0.5,4,กลุ่มชาติพันธุ์ ชุมชน และวิถีชีวิต||อัตลักษณ์ทางสังคมและกลุ่มคน||กลุ่มชาติพันธุ์และชุมชนท้องถิ่น,กลุ่มชาติพันธุ์ ชุมชน และวิถีชีวิต > อัตลักษณ์ทางสังคมและกลุ่มคน > กลุ่มชาติพันธุ์และชุมชนท้องถิ่น
ไทยทรงดำ,กลุ่มชาติพันธุ์ ชุมชน และวิถีชีวิต,อัตลักษณ์ทางสังคมและกลุ่มคน,กลุ่มชาติพันธุ์และชุมชนท้องถิ่น,0.75,4,กลุ่มชาติพันธุ์ ชุมชน และวิถีชีวิต||อัตลักษณ์ทางสังคมและกลุ่มคน||กลุ่มชาติพันธุ์และชุมชนท้องถิ่น,กลุ่มชาติพันธุ์ ชุมชน และวิถีชีวิต > อัตลักษณ์ทางสังคมและกลุ่มคน > กลุ่มชาติพันธุ์และชุมชนท้องถิ่น
ไทยบรมพิมาน,วัฒนธรรมวัตถุ ศิลปกรรม และงานช่าง,พัสตราภรณ์และเครื่องแต่งกาย,ระเบียบการแต่งกายและอาวุธจำลอง,0.25,4,วัฒนธรรมวัตถุ ศิลปกรรม และงานช่าง||พัสตราภรณ์และเครื่องแต่งกาย||ระเบียบการแต่งกายและอาวุธจำลอง,วัฒนธรรมวัตถุ ศิลปกรรม และงานช่าง > พัสตราภรณ์และเครื่องแต่งกาย > ระเบียบการแต่งกายและอาวุธจำลอง
ไทยรามัญ,กลุ่มชาติพันธุ์ ชุมชน และวิถีชีวิต,อัตลักษณ์ทางสังคมและกลุ่มคน,กลุ่มชาติพันธุ์และชุมชนท้องถิ่น,1.0,4,กลุ่มชาติพันธุ์ ชุมชน และวิถีชีวิต||อัตลักษณ์ทางสังคมและกลุ่มคน||กลุ่มชาติพันธุ์และชุมชนท้องถิ่น,กลุ่มชาติพันธุ์ ชุมชน และวิถีชีวิต > อัตลักษณ์ทางสังคมและกลุ่มคน > กลุ่มชาติพันธุ์และชุมชนท้องถิ่น
ไทยศิวาลัย,วรรณคดีและสิ่งมีชีวิตเชิงตำนาน,นามานุกรมและประเภทตัวละคร,เทวปกรณ์ อสูร และอมนุษย์,0.5,4,วรรณคดีและสิ่งมีชีวิตเชิงตำนาน||นามานุกรมและประเภทตัวละคร||เทวปกรณ์ อสูร และอมนุษย์,วรรณคดีและสิ่งมีชีวิตเชิงตำนาน > นามานุกรมและประเภทตัวละคร > เทวปกรณ์ อสูร และอมนุษย์
ไทยอมรินทร์,ศิลปะการแสดงและดนตรี,ดุริยางคศิลป์และคีตศิลป์,ระเบียบวิธีทางดนตรีและประเภทบทเพลง,0.25,4,ศิลปะการแสดงและดนตรี||ดุริยางคศิลป์และคีตศิลป์||ระเบียบวิธีทางดนตรีและประเภทบทเพลง,ศิลปะการแสดงและดนตรี > ดุริยางคศิลป์และคีตศิลป์ > ระเบียบวิธีทางดนตรีและประเภทบทเพลง
ไทยเรือนต้น,วัฒนธรรมวัตถุ ศิลปกรรม และงานช่าง,สถาปัตยกรรมและพุทธศิลป์,ศาสนสถานและปูชนียวัตถุ,0.5,4,วัฒนธรรมวัตถุ ศิลปกรรม และงานช่าง||สถาปัตยกรรมและพุทธศิลป์||ศาสนสถานและปูชนียวัตถุ,วัฒนธรรมวัตถุ ศิลปกรรม และงานช่าง > สถาปัตยกรรมและพุทธศิลป์ > ศาสนสถานและปูชนียวัตถุ
ไพฑูรย์,วัฒนธรรมวัตถุ ศิลปกรรม และงานช่าง,วัสดุและอัญมณี,วัสดุธรรมชาติและรัตนชาติ,0.5,4,วัฒนธรรมวัตถุ ศิลปกรรม และงานช่าง||วัสดุและอัญมณี||วัสดุธรรมชาติและรัตนชาติ,วัฒนธรรมวัตถุ ศิลปกรรม และงานช่าง > วัสดุและอัญมณี > วัสดุธรรมชาติและรัตนชาติ
ไพร่พล,กลุ่มชาติพันธุ์ ชุมชน และวิถีชีวิต,โครงสร้างสังคมและบุคคลสำคัญ,ฐานันดรศักดิ์และบทบาททางสังคม,0.5,4,กลุ่มชาติพันธุ์ ชุมชน และวิถีชีวิต||โครงสร้างสังคมและบุคคลสำคัญ||ฐานันดรศักดิ์และบทบาททางสังคม,กลุ่มชาติพันธุ์ ชุมชน และวิถีชีวิต > โครงสร้างสังคมและบุคคลสำคัญ > ฐานันดรศักดิ์และบทบาททางสังคม
ไฟไหม้,พิธีกรรม ความเชื่อ และจารีตวัฒนธรรม,คติความเชื่อและไสยศาสตร์,การขจัดปัดเป่าและอำนาจเหนือธรรมชาติ,0.5,4,พิธีกรรม ความเชื่อ และจารีตวัฒนธรรม||คติความเชื่อและไสยศาสตร์||การขจัดปัดเป่าและอำนาจเหนือธรรมชาติ,พิธีกรรม ความเชื่อ และจารีตวัฒนธรรม > คติความเชื่อและไสยศาสตร์ > การขจัดปัดเป่าและอำนาจเหนือธรรมชาติ
ไม้ยาว,ศิลปะการแสดงและดนตรี,ดุริยางคศิลป์และคีตศิลป์,เครื่องดนตรีและวงดนตรี,0.5,4,ศิลปะการแสดงและดนตรี||ดุริยางคศิลป์และคีตศิลป์||เครื่องดนตรีและวงดนตรี,ศิลปะการแสดงและดนตรี > ดุริยางคศิลป์และคีตศิลป์ > เครื่องดนตรีและวงดนตรี
ไม้สั้น,วัฒนธรรมวัตถุ ศิลปกรรม และงานช่าง,พัสตราภรณ์และเครื่องแต่งกาย,ระเบียบการแต่งกายและอาวุธจำลอง,0.75,4,วัฒนธรรมวัตถุ ศิลปกรรม และงานช่าง||พัสตราภรณ์และเครื่องแต่งกาย||ระเบียบการแต่งกายและอาวุธจำลอง,วัฒนธรรมวัตถุ ศิลปกรรม และงานช่าง > พัสตราภรณ์และเครื่องแต่งกาย > ระเบียบการแต่งกายและอาวุธจำลอง
ไส้กะลา,วัฒนธรรมวัตถุ ศิลปกรรม และงานช่าง,วัสดุและอัญมณี,วัสดุธรรมชาติและรัตนชาติ,0.5,4,วัฒนธรรมวัตถุ ศิลปกรรม และงานช่าง||วัสดุและอัญมณี||วัสดุธรรมชาติและรัตนชาติ,วัฒนธรรมวัตถุ ศิลปกรรม และงานช่าง > วัสดุและอัญมณี > วัสดุธรรมชาติและรัตนชาติ
ไหว้ครู,พิธีกรรม ความเชื่อ และจารีตวัฒนธรรม,จารีตประเพณีและพิธีกรรม,พิธีการสำคัญและจารีตทางสังคม,1.0,4,พิธีกรรม ความเชื่อ และจารีตวัฒนธรรม||จารีตประเพณีและพิธีกรรม||พิธีการสำคัญและจารีตทางสังคม,พิธีกรรม ความเชื่อ และจารีตวัฒนธรรม > จารีตประเพณีและพิธีกรรม > พิธีการสำคัญและจารีตทางสังคม
