ลำดับ,ประเภทชุดการแสดง,ชื่อชุดการแสดง,คำอธิบายชุดการแสดง,จำนวนผู้แสดง,ระยะเวลาการแสดง (นาที), ราคาต่อชุด ,ประเภทการแสดง,บริบทย่อย,บริบทหลัก
1,การแสดงนาฏศิลป์สร้างสรรค์,กรุงเทพ,"กรุงเทพ เป็นการแสดงที่ได้แนวคิดมาจากชื่อเต็มเมืองหลวง
ของประเทศไทยคือ กรุงเทพมหานคร ที่ได้รับการบันทึกจากกินเนสส์บุ๊ค
(Guinness Book) ว่า เป็นชื่อเมืองที่มีความยาวที่สุดในโลก 
ความหมายโดยรวม หมายถึง เมืองอันยิงใหญ่ที่ถูกสรรค์สร้างโดยเหล่าเทพ 
กระบวนท่ารําสื่อถึงการร่ายรําของเหล่าเทวดานางฟ้า นอกจากนี้ยังผสมผสาน 
การเชิดหนังใหญ่ที่ออกแบบวาดภาพสถานที่สําคัญของกรุงเทพฯ ประกอบการแสดง",12,10," 24,000 ",การแสดงสร้างสรรค์,วันสงกรานต์,งานเทศกาล
2,การแสดงนาฏศิลป์สร้างสรรค์,กรุงเทพ,"กรุงเทพ เป็นการแสดงที่ได้แนวคิดมาจากชื่อเต็มเมืองหลวง
ของประเทศไทยคือ กรุงเทพมหานคร ที่ได้รับการบันทึกจากกินเนสส์บุ๊ค
(Guinness Book) ว่า เป็นชื่อเมืองที่มีความยาวที่สุดในโลก 
ความหมายโดยรวม หมายถึง เมืองอันยิงใหญ่ที่ถูกสรรค์สร้างโดยเหล่าเทพ 
กระบวนท่ารําสื่อถึงการร่ายรําของเหล่าเทวดานางฟ้า นอกจากนี้ยังผสมผสาน 
การเชิดหนังใหญ่ที่ออกแบบวาดภาพสถานที่สําคัญของกรุงเทพฯ ประกอบการแสดง",12,10," 24,000 ",การแสดงสร้างสรรค์,วันขึ้นปีใหม่,งานเทศกาล
3,การแสดงนาฏศิลป์สร้างสรรค์,กรุงเทพ,"กรุงเทพ เป็นการแสดงที่ได้แนวคิดมาจากชื่อเต็มเมืองหลวง
ของประเทศไทยคือ กรุงเทพมหานคร ที่ได้รับการบันทึกจากกินเนสส์บุ๊ค
(Guinness Book) ว่า เป็นชื่อเมืองที่มีความยาวที่สุดในโลก 
ความหมายโดยรวม หมายถึง เมืองอันยิงใหญ่ที่ถูกสรรค์สร้างโดยเหล่าเทพ 
กระบวนท่ารําสื่อถึงการร่ายรําของเหล่าเทวดานางฟ้า นอกจากนี้ยังผสมผสาน 
การเชิดหนังใหญ่ที่ออกแบบวาดภาพสถานที่สําคัญของกรุงเทพฯ ประกอบการแสดง",12,10," 24,000 ",การแสดงสร้างสรรค์,การเผยแพร่วัฒนธรรมในประเทศ,งานเผยแพร่วัฒนธรรม
4,การแสดงนาฏศิลป์สร้างสรรค์,กรุงเทพ,"กรุงเทพ เป็นการแสดงที่ได้แนวคิดมาจากชื่อเต็มเมืองหลวง
ของประเทศไทยคือ กรุงเทพมหานคร ที่ได้รับการบันทึกจากกินเนสส์บุ๊ค
(Guinness Book) ว่า เป็นชื่อเมืองที่มีความยาวที่สุดในโลก 
ความหมายโดยรวม หมายถึง เมืองอันยิงใหญ่ที่ถูกสรรค์สร้างโดยเหล่าเทพ 
กระบวนท่ารําสื่อถึงการร่ายรําของเหล่าเทวดานางฟ้า นอกจากนี้ยังผสมผสาน 
การเชิดหนังใหญ่ที่ออกแบบวาดภาพสถานที่สําคัญของกรุงเทพฯ ประกอบการแสดง",12,10," 24,000 ",การแสดงสร้างสรรค์,การเผยแพร่วัฒนธรรมต่างประเทศ,งานเผยแพร่วัฒนธรรม
5,การแสดงนาฏศิลป์สร้างสรรค์,กีปัสเรนัง,"กีปัสเรนัง เป็นการแสดงที่นําแนวคิดมาจากประเพณีแห่นกทางภาคใต้ของไทย
โดยเฉพาะจังหวัดปัตตานี ที่มีความสวยงามของพัดเรนัง ปรากฏอยู่ในขบวนแห่
บุหรงซีงอ ซึ่งชาวมลายูเชื่อกันว่า นอกจากพัดจะนําความร่มเย็นมาสู่ตัวแล้ว
ยังสามารถขจัดปัดเป่าทุกข์โศกโรคภัยให้พ้นออกจากตัว เสียงของพัดเรนัง
ที่ดังเป็นเอกลักษณ์ เชื่อว่าจะสามารถขับไล่สิ่งชั่วร้ายให้ออกไป ประกอบกับลีลา
การใช้พัดในรูปแบบต่างๆที่น่าสนใจ",5,10," 10,000 ",การแสดงสร้างสรรค์,งานต้อนรับอาคันตุกะ,งานรัฐพิธี
6,การแสดงนาฏศิลป์สร้างสรรค์,กีปัสเรนัง,"กีปัสเรนัง เป็นการแสดงที่นําแนวคิดมาจากประเพณีแห่นกทางภาคใต้ของไทย
โดยเฉพาะจังหวัดปัตตานี ที่มีความสวยงามของพัดเรนัง ปรากฏอยู่ในขบวนแห่
บุหรงซีงอ ซึ่งชาวมลายูเชื่อกันว่า นอกจากพัดจะนําความร่มเย็นมาสู่ตัวแล้ว
ยังสามารถขจัดปัดเป่าทุกข์โศกโรคภัยให้พ้นออกจากตัว เสียงของพัดเรนัง
ที่ดังเป็นเอกลักษณ์ เชื่อว่าจะสามารถขับไล่สิ่งชั่วร้ายให้ออกไป ประกอบกับลีลา
การใช้พัดในรูปแบบต่างๆที่น่าสนใจ",5,10," 10,000 ",การแสดงสร้างสรรค์,งานทำบุญ,งานมงคล
7,การแสดงนาฏศิลป์สร้างสรรค์,กีปัสเรนัง,"กีปัสเรนัง เป็นการแสดงที่นําแนวคิดมาจากประเพณีแห่นกทางภาคใต้ของไทย
โดยเฉพาะจังหวัดปัตตานี ที่มีความสวยงามของพัดเรนัง ปรากฏอยู่ในขบวนแห่
บุหรงซีงอ ซึ่งชาวมลายูเชื่อกันว่า นอกจากพัดจะนําความร่มเย็นมาสู่ตัวแล้ว
ยังสามารถขจัดปัดเป่าทุกข์โศกโรคภัยให้พ้นออกจากตัว เสียงของพัดเรนัง
ที่ดังเป็นเอกลักษณ์ เชื่อว่าจะสามารถขับไล่สิ่งชั่วร้ายให้ออกไป ประกอบกับลีลา
การใช้พัดในรูปแบบต่างๆที่น่าสนใจ",5,10," 10,000 ",การแสดงสร้างสรรค์,งานวันเกิด,งานมงคล
8,การแสดงนาฏศิลป์สร้างสรรค์,กีปัสเรนัง,"กีปัสเรนัง เป็นการแสดงที่นําแนวคิดมาจากประเพณีแห่นกทางภาคใต้ของไทย
โดยเฉพาะจังหวัดปัตตานี ที่มีความสวยงามของพัดเรนัง ปรากฏอยู่ในขบวนแห่
บุหรงซีงอ ซึ่งชาวมลายูเชื่อกันว่า นอกจากพัดจะนําความร่มเย็นมาสู่ตัวแล้ว
ยังสามารถขจัดปัดเป่าทุกข์โศกโรคภัยให้พ้นออกจากตัว เสียงของพัดเรนัง
ที่ดังเป็นเอกลักษณ์ เชื่อว่าจะสามารถขับไล่สิ่งชั่วร้ายให้ออกไป ประกอบกับลีลา
การใช้พัดในรูปแบบต่างๆที่น่าสนใจ",5,10," 10,000 ",การแสดงสร้างสรรค์,งานเปิดบริษัท,งานมงคล
9,การแสดงนาฏศิลป์สร้างสรรค์,กีปัสเรนัง,"กีปัสเรนัง เป็นการแสดงที่นําแนวคิดมาจากประเพณีแห่นกทางภาคใต้ของไทย
โดยเฉพาะจังหวัดปัตตานี ที่มีความสวยงามของพัดเรนัง ปรากฏอยู่ในขบวนแห่
บุหรงซีงอ ซึ่งชาวมลายูเชื่อกันว่า นอกจากพัดจะนําความร่มเย็นมาสู่ตัวแล้ว
ยังสามารถขจัดปัดเป่าทุกข์โศกโรคภัยให้พ้นออกจากตัว เสียงของพัดเรนัง
ที่ดังเป็นเอกลักษณ์ เชื่อว่าจะสามารถขับไล่สิ่งชั่วร้ายให้ออกไป ประกอบกับลีลา
การใช้พัดในรูปแบบต่างๆที่น่าสนใจ",5,10," 10,000 ",การแสดงสร้างสรรค์,วันสงกรานต์,งานเทศกาล
10,การแสดงนาฏศิลป์สร้างสรรค์,กีปัสเรนัง,"กีปัสเรนัง เป็นการแสดงที่นําแนวคิดมาจากประเพณีแห่นกทางภาคใต้ของไทย
โดยเฉพาะจังหวัดปัตตานี ที่มีความสวยงามของพัดเรนัง ปรากฏอยู่ในขบวนแห่
บุหรงซีงอ ซึ่งชาวมลายูเชื่อกันว่า นอกจากพัดจะนําความร่มเย็นมาสู่ตัวแล้ว
ยังสามารถขจัดปัดเป่าทุกข์โศกโรคภัยให้พ้นออกจากตัว เสียงของพัดเรนัง
ที่ดังเป็นเอกลักษณ์ เชื่อว่าจะสามารถขับไล่สิ่งชั่วร้ายให้ออกไป ประกอบกับลีลา
การใช้พัดในรูปแบบต่างๆที่น่าสนใจ",5,10," 10,000 ",การแสดงสร้างสรรค์,วันขึ้นปีใหม่,งานเทศกาล
11,การแสดงนาฏศิลป์สร้างสรรค์,กีปัสเรนัง,"กีปัสเรนัง เป็นการแสดงที่นําแนวคิดมาจากประเพณีแห่นกทางภาคใต้ของไทย
โดยเฉพาะจังหวัดปัตตานี ที่มีความสวยงามของพัดเรนัง ปรากฏอยู่ในขบวนแห่
บุหรงซีงอ ซึ่งชาวมลายูเชื่อกันว่า นอกจากพัดจะนําความร่มเย็นมาสู่ตัวแล้ว
ยังสามารถขจัดปัดเป่าทุกข์โศกโรคภัยให้พ้นออกจากตัว เสียงของพัดเรนัง
ที่ดังเป็นเอกลักษณ์ เชื่อว่าจะสามารถขับไล่สิ่งชั่วร้ายให้ออกไป ประกอบกับลีลา
การใช้พัดในรูปแบบต่างๆที่น่าสนใจ",5,10," 10,000 ",การแสดงสร้างสรรค์,วันลอยกระทง,งานเทศกาล
12,การแสดงนาฏศิลป์สร้างสรรค์,กีปัสเรนัง,"กีปัสเรนัง เป็นการแสดงที่นําแนวคิดมาจากประเพณีแห่นกทางภาคใต้ของไทย
โดยเฉพาะจังหวัดปัตตานี ที่มีความสวยงามของพัดเรนัง ปรากฏอยู่ในขบวนแห่
บุหรงซีงอ ซึ่งชาวมลายูเชื่อกันว่า นอกจากพัดจะนําความร่มเย็นมาสู่ตัวแล้ว
ยังสามารถขจัดปัดเป่าทุกข์โศกโรคภัยให้พ้นออกจากตัว เสียงของพัดเรนัง
ที่ดังเป็นเอกลักษณ์ เชื่อว่าจะสามารถขับไล่สิ่งชั่วร้ายให้ออกไป ประกอบกับลีลา
การใช้พัดในรูปแบบต่างๆที่น่าสนใจ",5,10," 10,000 ",การแสดงสร้างสรรค์,การเผยแพร่วัฒนธรรมในประเทศ,งานเผยแพร่วัฒนธรรม
13,การแสดงนาฏศิลป์สร้างสรรค์,กีปัสเรนัง,"กีปัสเรนัง เป็นการแสดงที่นําแนวคิดมาจากประเพณีแห่นกทางภาคใต้ของไทย
โดยเฉพาะจังหวัดปัตตานี ที่มีความสวยงามของพัดเรนัง ปรากฏอยู่ในขบวนแห่
บุหรงซีงอ ซึ่งชาวมลายูเชื่อกันว่า นอกจากพัดจะนําความร่มเย็นมาสู่ตัวแล้ว
ยังสามารถขจัดปัดเป่าทุกข์โศกโรคภัยให้พ้นออกจากตัว เสียงของพัดเรนัง
ที่ดังเป็นเอกลักษณ์ เชื่อว่าจะสามารถขับไล่สิ่งชั่วร้ายให้ออกไป ประกอบกับลีลา
การใช้พัดในรูปแบบต่างๆที่น่าสนใจ",5,10," 10,000 ",การแสดงสร้างสรรค์,การเผยแพร่วัฒนธรรมต่างประเทศ,งานเผยแพร่วัฒนธรรม
14,การแสดงนาฏศิลป์สร้างสรรค์,จตุรภาคี,"จตุรภาคี เป็นการแสดงที่นําศิลปะการแสดงทั้งสี่ภาคของประเทศไทย
มาแสดงติดต่ออยู่ในชุดเดียวกัน เริ่มด้วย ฟ้อนที่เป็นศิลปะของภาคเหนือ 
รําเถิดเทิงของภาคกลาง ตารีกีปัสของภาคใต้ และลําเพลินของ
ภาคตะวันออกเฉียงเหนือ นับเป็นการแสดงที่น่าชมอย่างยิ่ง",8,10," 16,000 ",การแสดงสร้างสรรค์,งานต้อนรับอาคันตุกะ,งานรัฐพิธี
15,การแสดงนาฏศิลป์สร้างสรรค์,จตุรภาคี,"จตุรภาคี เป็นการแสดงที่นําศิลปะการแสดงทั้งสี่ภาคของประเทศไทย
มาแสดงติดต่ออยู่ในชุดเดียวกัน เริ่มด้วย ฟ้อนที่เป็นศิลปะของภาคเหนือ 
รําเถิดเทิงของภาคกลาง ตารีกีปัสของภาคใต้ และลําเพลินของ
ภาคตะวันออกเฉียงเหนือ นับเป็นการแสดงที่น่าชมอย่างยิ่ง",8,10," 16,000 ",การแสดงสร้างสรรค์,งานทำบุญ,งานมงคล
16,การแสดงนาฏศิลป์สร้างสรรค์,จตุรภาคี,"จตุรภาคี เป็นการแสดงที่นําศิลปะการแสดงทั้งสี่ภาคของประเทศไทย
มาแสดงติดต่ออยู่ในชุดเดียวกัน เริ่มด้วย ฟ้อนที่เป็นศิลปะของภาคเหนือ 
รําเถิดเทิงของภาคกลาง ตารีกีปัสของภาคใต้ และลําเพลินของ
ภาคตะวันออกเฉียงเหนือ นับเป็นการแสดงที่น่าชมอย่างยิ่ง",8,10," 16,000 ",การแสดงสร้างสรรค์,งานวันเกิด,งานมงคล
17,การแสดงนาฏศิลป์สร้างสรรค์,จตุรภาคี,"จตุรภาคี เป็นการแสดงที่นําศิลปะการแสดงทั้งสี่ภาคของประเทศไทย
มาแสดงติดต่ออยู่ในชุดเดียวกัน เริ่มด้วย ฟ้อนที่เป็นศิลปะของภาคเหนือ 
รําเถิดเทิงของภาคกลาง ตารีกีปัสของภาคใต้ และลําเพลินของ
ภาคตะวันออกเฉียงเหนือ นับเป็นการแสดงที่น่าชมอย่างยิ่ง",8,10," 16,000 ",การแสดงสร้างสรรค์,งานแต่งงาน,งานมงคล
18,การแสดงนาฏศิลป์สร้างสรรค์,จตุรภาคี,"จตุรภาคี เป็นการแสดงที่นําศิลปะการแสดงทั้งสี่ภาคของประเทศไทย
มาแสดงติดต่ออยู่ในชุดเดียวกัน เริ่มด้วย ฟ้อนที่เป็นศิลปะของภาคเหนือ 
รําเถิดเทิงของภาคกลาง ตารีกีปัสของภาคใต้ และลําเพลินของ
ภาคตะวันออกเฉียงเหนือ นับเป็นการแสดงที่น่าชมอย่างยิ่ง",8,10," 16,000 ",การแสดงสร้างสรรค์,งานขึ้นบ้านใหม่,งานมงคล
19,การแสดงนาฏศิลป์สร้างสรรค์,จตุรภาคี,"จตุรภาคี เป็นการแสดงที่นําศิลปะการแสดงทั้งสี่ภาคของประเทศไทย
มาแสดงติดต่ออยู่ในชุดเดียวกัน เริ่มด้วย ฟ้อนที่เป็นศิลปะของภาคเหนือ 
รําเถิดเทิงของภาคกลาง ตารีกีปัสของภาคใต้ และลําเพลินของ
ภาคตะวันออกเฉียงเหนือ นับเป็นการแสดงที่น่าชมอย่างยิ่ง",8,10," 16,000 ",การแสดงสร้างสรรค์,งานเปิดบริษัท,งานมงคล
20,การแสดงนาฏศิลป์สร้างสรรค์,จตุรภาคี,"จตุรภาคี เป็นการแสดงที่นําศิลปะการแสดงทั้งสี่ภาคของประเทศไทย
มาแสดงติดต่ออยู่ในชุดเดียวกัน เริ่มด้วย ฟ้อนที่เป็นศิลปะของภาคเหนือ 
รําเถิดเทิงของภาคกลาง ตารีกีปัสของภาคใต้ และลําเพลินของ
ภาคตะวันออกเฉียงเหนือ นับเป็นการแสดงที่น่าชมอย่างยิ่ง",8,10," 16,000 ",การแสดงสร้างสรรค์,วันสงกรานต์,งานเทศกาล
21,การแสดงนาฏศิลป์สร้างสรรค์,จตุรภาคี,"จตุรภาคี เป็นการแสดงที่นําศิลปะการแสดงทั้งสี่ภาคของประเทศไทย
มาแสดงติดต่ออยู่ในชุดเดียวกัน เริ่มด้วย ฟ้อนที่เป็นศิลปะของภาคเหนือ 
รําเถิดเทิงของภาคกลาง ตารีกีปัสของภาคใต้ และลําเพลินของ
ภาคตะวันออกเฉียงเหนือ นับเป็นการแสดงที่น่าชมอย่างยิ่ง",8,10," 16,000 ",การแสดงสร้างสรรค์,วันขึ้นปีใหม่,งานเทศกาล
22,การแสดงนาฏศิลป์สร้างสรรค์,จตุรภาคี,"จตุรภาคี เป็นการแสดงที่นําศิลปะการแสดงทั้งสี่ภาคของประเทศไทย
มาแสดงติดต่ออยู่ในชุดเดียวกัน เริ่มด้วย ฟ้อนที่เป็นศิลปะของภาคเหนือ 
รําเถิดเทิงของภาคกลาง ตารีกีปัสของภาคใต้ และลําเพลินของ
ภาคตะวันออกเฉียงเหนือ นับเป็นการแสดงที่น่าชมอย่างยิ่ง",8,10," 16,000 ",การแสดงสร้างสรรค์,วันลอยกระทง,งานเทศกาล
23,การแสดงนาฏศิลป์สร้างสรรค์,จตุรภาคี,"จตุรภาคี เป็นการแสดงที่นําศิลปะการแสดงทั้งสี่ภาคของประเทศไทย
มาแสดงติดต่ออยู่ในชุดเดียวกัน เริ่มด้วย ฟ้อนที่เป็นศิลปะของภาคเหนือ 
รําเถิดเทิงของภาคกลาง ตารีกีปัสของภาคใต้ และลําเพลินของ
ภาคตะวันออกเฉียงเหนือ นับเป็นการแสดงที่น่าชมอย่างยิ่ง",8,10," 16,000 ",การแสดงสร้างสรรค์,การเผยแพร่วัฒนธรรมในประเทศ,งานเผยแพร่วัฒนธรรม
24,การแสดงนาฏศิลป์สร้างสรรค์,จตุรภาคี,"จตุรภาคี เป็นการแสดงที่นําศิลปะการแสดงทั้งสี่ภาคของประเทศไทย
มาแสดงติดต่ออยู่ในชุดเดียวกัน เริ่มด้วย ฟ้อนที่เป็นศิลปะของภาคเหนือ 
รําเถิดเทิงของภาคกลาง ตารีกีปัสของภาคใต้ และลําเพลินของ
ภาคตะวันออกเฉียงเหนือ นับเป็นการแสดงที่น่าชมอย่างยิ่ง",8,10," 16,000 ",การแสดงสร้างสรรค์,การเผยแพร่วัฒนธรรมต่างประเทศ,งานเผยแพร่วัฒนธรรม
25,การแสดงนาฏศิลป์สร้างสรรค์,เจ้าพระยานที,"เจ้าพระยานที เป็นการแสดงที่ได้แนวคิดมาจากแม่นํ้าเจ้าพระยา แม่นํ้าสายหลัก
ที่สําคัญของไทย เกิดจากการรวมตัวของแม่นํ้า ปิง วัง ยม น่าน ถือเป็นสายนํ้า
แห่งชาติที่หล่อเลี้ยงผู้คนในแผ่นดิน มีเรื่องราววิถีชีวิตสองริมฝั่งน้ำ หล่อหลอม
เป็นมรดกวัฒนธรรมที่สืบทอดมายาวนาน ผ่านประวัติศาสตร์และขนบธรรมเนียม
ประเพณีจากรุ่นสู่รุ่น แผ่อิทธิพลความงามและเรื่องราวของสายนํ้าเป็นที่กล่าวขาน
รู้จักนาม แม่นํ้าเจ้าพระยา สู่นานาประเทศ ด้วยความสำนึกรักศรัทธา กตัญญู
อันเป็นคุณูปการและเพื่อเชิดชูสายนํ้าแห่งวัฒนธรรม สายนํ้าแห่งความงดงามของชาติ ",6,10," 12,000 ",การแสดงสร้างสรรค์,งานต้อนรับอาคันตุกะ,งานรัฐพิธี
26,การแสดงนาฏศิลป์สร้างสรรค์,เจ้าพระยานที,"เจ้าพระยานที เป็นการแสดงที่ได้แนวคิดมาจากแม่นํ้าเจ้าพระยา แม่นํ้าสายหลัก
ที่สําคัญของไทย เกิดจากการรวมตัวของแม่นํ้า ปิง วัง ยม น่าน ถือเป็นสายนํ้า
แห่งชาติที่หล่อเลี้ยงผู้คนในแผ่นดิน มีเรื่องราววิถีชีวิตสองริมฝั่งน้ำ หล่อหลอม
เป็นมรดกวัฒนธรรมที่สืบทอดมายาวนาน ผ่านประวัติศาสตร์และขนบธรรมเนียม
ประเพณีจากรุ่นสู่รุ่น แผ่อิทธิพลความงามและเรื่องราวของสายนํ้าเป็นที่กล่าวขาน
รู้จักนาม แม่นํ้าเจ้าพระยา สู่นานาประเทศ ด้วยความสำนึกรักศรัทธา กตัญญู
อันเป็นคุณูปการและเพื่อเชิดชูสายนํ้าแห่งวัฒนธรรม สายนํ้าแห่งความงดงามของชาติ ",6,10," 12,000 ",การแสดงสร้างสรรค์,งานขึ้นบ้านใหม่,งานมงคล
27,การแสดงนาฏศิลป์สร้างสรรค์,เจ้าพระยานที,"เจ้าพระยานที เป็นการแสดงที่ได้แนวคิดมาจากแม่นํ้าเจ้าพระยา แม่นํ้าสายหลัก
ที่สําคัญของไทย เกิดจากการรวมตัวของแม่นํ้า ปิง วัง ยม น่าน ถือเป็นสายนํ้า
แห่งชาติที่หล่อเลี้ยงผู้คนในแผ่นดิน มีเรื่องราววิถีชีวิตสองริมฝั่งน้ำ หล่อหลอม
เป็นมรดกวัฒนธรรมที่สืบทอดมายาวนาน ผ่านประวัติศาสตร์และขนบธรรมเนียม
ประเพณีจากรุ่นสู่รุ่น แผ่อิทธิพลความงามและเรื่องราวของสายนํ้าเป็นที่กล่าวขาน
รู้จักนาม แม่นํ้าเจ้าพระยา สู่นานาประเทศ ด้วยความสำนึกรักศรัทธา กตัญญู
อันเป็นคุณูปการและเพื่อเชิดชูสายนํ้าแห่งวัฒนธรรม สายนํ้าแห่งความงดงามของชาติ ",6,10," 12,000 ",การแสดงสร้างสรรค์,งานเปิดบริษัท,งานมงคล
28,การแสดงนาฏศิลป์สร้างสรรค์,เจ้าพระยานที,"เจ้าพระยานที เป็นการแสดงที่ได้แนวคิดมาจากแม่นํ้าเจ้าพระยา แม่นํ้าสายหลัก
ที่สําคัญของไทย เกิดจากการรวมตัวของแม่นํ้า ปิง วัง ยม น่าน ถือเป็นสายนํ้า
แห่งชาติที่หล่อเลี้ยงผู้คนในแผ่นดิน มีเรื่องราววิถีชีวิตสองริมฝั่งน้ำ หล่อหลอม
เป็นมรดกวัฒนธรรมที่สืบทอดมายาวนาน ผ่านประวัติศาสตร์และขนบธรรมเนียม
ประเพณีจากรุ่นสู่รุ่น แผ่อิทธิพลความงามและเรื่องราวของสายนํ้าเป็นที่กล่าวขาน
รู้จักนาม แม่นํ้าเจ้าพระยา สู่นานาประเทศ ด้วยความสำนึกรักศรัทธา กตัญญู
อันเป็นคุณูปการและเพื่อเชิดชูสายนํ้าแห่งวัฒนธรรม สายนํ้าแห่งความงดงามของชาติ ",6,10," 12,000 ",การแสดงสร้างสรรค์,วันสงกรานต์,งานเทศกาล
29,การแสดงนาฏศิลป์สร้างสรรค์,เจ้าพระยานที,"เจ้าพระยานที เป็นการแสดงที่ได้แนวคิดมาจากแม่นํ้าเจ้าพระยา แม่นํ้าสายหลัก
ที่สําคัญของไทย เกิดจากการรวมตัวของแม่นํ้า ปิง วัง ยม น่าน ถือเป็นสายนํ้า
แห่งชาติที่หล่อเลี้ยงผู้คนในแผ่นดิน มีเรื่องราววิถีชีวิตสองริมฝั่งน้ำ หล่อหลอม
เป็นมรดกวัฒนธรรมที่สืบทอดมายาวนาน ผ่านประวัติศาสตร์และขนบธรรมเนียม
ประเพณีจากรุ่นสู่รุ่น แผ่อิทธิพลความงามและเรื่องราวของสายนํ้าเป็นที่กล่าวขาน
รู้จักนาม แม่นํ้าเจ้าพระยา สู่นานาประเทศ ด้วยความสำนึกรักศรัทธา กตัญญู
อันเป็นคุณูปการและเพื่อเชิดชูสายนํ้าแห่งวัฒนธรรม สายนํ้าแห่งความงดงามของชาติ ",6,10," 12,000 ",การแสดงสร้างสรรค์,วันขึ้นปีใหม่,งานเทศกาล
30,การแสดงนาฏศิลป์สร้างสรรค์,เจ้าพระยานที,"เจ้าพระยานที เป็นการแสดงที่ได้แนวคิดมาจากแม่นํ้าเจ้าพระยา แม่นํ้าสายหลัก
ที่สําคัญของไทย เกิดจากการรวมตัวของแม่นํ้า ปิง วัง ยม น่าน ถือเป็นสายนํ้า
แห่งชาติที่หล่อเลี้ยงผู้คนในแผ่นดิน มีเรื่องราววิถีชีวิตสองริมฝั่งน้ำ หล่อหลอม
เป็นมรดกวัฒนธรรมที่สืบทอดมายาวนาน ผ่านประวัติศาสตร์และขนบธรรมเนียม
ประเพณีจากรุ่นสู่รุ่น แผ่อิทธิพลความงามและเรื่องราวของสายนํ้าเป็นที่กล่าวขาน
รู้จักนาม แม่นํ้าเจ้าพระยา สู่นานาประเทศ ด้วยความสำนึกรักศรัทธา กตัญญู
อันเป็นคุณูปการและเพื่อเชิดชูสายนํ้าแห่งวัฒนธรรม สายนํ้าแห่งความงดงามของชาติ ",6,10," 12,000 ",การแสดงสร้างสรรค์,วันลอยกระทง,งานเทศกาล
31,การแสดงนาฏศิลป์สร้างสรรค์,เจ้าพระยานที,"เจ้าพระยานที เป็นการแสดงที่ได้แนวคิดมาจากแม่นํ้าเจ้าพระยา แม่นํ้าสายหลัก
ที่สําคัญของไทย เกิดจากการรวมตัวของแม่นํ้า ปิง วัง ยม น่าน ถือเป็นสายนํ้า
แห่งชาติที่หล่อเลี้ยงผู้คนในแผ่นดิน มีเรื่องราววิถีชีวิตสองริมฝั่งน้ำ หล่อหลอม
เป็นมรดกวัฒนธรรมที่สืบทอดมายาวนาน ผ่านประวัติศาสตร์และขนบธรรมเนียม
ประเพณีจากรุ่นสู่รุ่น แผ่อิทธิพลความงามและเรื่องราวของสายนํ้าเป็นที่กล่าวขาน
รู้จักนาม แม่นํ้าเจ้าพระยา สู่นานาประเทศ ด้วยความสำนึกรักศรัทธา กตัญญู
อันเป็นคุณูปการและเพื่อเชิดชูสายนํ้าแห่งวัฒนธรรม สายนํ้าแห่งความงดงามของชาติ ",6,10," 12,000 ",การแสดงสร้างสรรค์,การเผยแพร่วัฒนธรรมในประเทศ,งานเผยแพร่วัฒนธรรม
32,การแสดงนาฏศิลป์สร้างสรรค์,เจ้าพระยานที,"เจ้าพระยานที เป็นการแสดงที่ได้แนวคิดมาจากแม่นํ้าเจ้าพระยา แม่นํ้าสายหลัก
ที่สําคัญของไทย เกิดจากการรวมตัวของแม่นํ้า ปิง วัง ยม น่าน ถือเป็นสายนํ้า
แห่งชาติที่หล่อเลี้ยงผู้คนในแผ่นดิน มีเรื่องราววิถีชีวิตสองริมฝั่งน้ำ หล่อหลอม
เป็นมรดกวัฒนธรรมที่สืบทอดมายาวนาน ผ่านประวัติศาสตร์และขนบธรรมเนียม
ประเพณีจากรุ่นสู่รุ่น แผ่อิทธิพลความงามและเรื่องราวของสายนํ้าเป็นที่กล่าวขาน
รู้จักนาม แม่นํ้าเจ้าพระยา สู่นานาประเทศ ด้วยความสำนึกรักศรัทธา กตัญญู
อันเป็นคุณูปการและเพื่อเชิดชูสายนํ้าแห่งวัฒนธรรม สายนํ้าแห่งความงดงามของชาติ ",6,10," 12,000 ",การแสดงสร้างสรรค์,การเผยแพร่วัฒนธรรมต่างประเทศ,งานเผยแพร่วัฒนธรรม
33,การแสดงนาฏศิลป์สร้างสรรค์,ชาติพันธุ์สราญ,"ชาติพันธุ์สราญ เป็นการแสดงที่สร้างสรรค์ขึ้นจากความสําคัญ
ของกลุ่มชาติพันธุ์ในจังหวัดนครปฐมทังหมด 5 กลุ่มชาติพันธุ์ ประกอบด้วย 
1) ชาติพันธุ์ลาวครั่ง 2) ชาติพันธุ์ไทยทรงดํา 3) ชาติพันธุ์ลาวเวียง 
4) ชาติพันธุ์ไทยรามัญ 5) ชาติพันธุ์ไทยจีน สู่การสร้างสรรค์นวัตกรรม
ศิลปะการแสดง โดยการแสดงสื่อถึง ความหลากหลายของกลุ่มชาติพันธุ์
วัฒนธรรม ประเพณีและวิถีชวิตที่หลากหลายของกลุ่มชาติพันธุ์ 
ในจังหวัดนครปฐม ตลอดจนความสุข สนุกสนานรื่นเริง
ในการหลอมรวมเป็นอันหนึ่งอันเดียวภายใต้ร่มพระบารมี",4,10," 8,000 ",การแสดงสร้างสรรค์,งานต้อนรับอาคันตุกะ,งานรัฐพิธี
34,การแสดงนาฏศิลป์สร้างสรรค์,ชาติพันธุ์สราญ,"ชาติพันธุ์สราญ เป็นการแสดงที่สร้างสรรค์ขึ้นจากความสําคัญ
ของกลุ่มชาติพันธุ์ในจังหวัดนครปฐมทังหมด 5 กลุ่มชาติพันธุ์ ประกอบด้วย 
1) ชาติพันธุ์ลาวครั่ง 2) ชาติพันธุ์ไทยทรงดํา 3) ชาติพันธุ์ลาวเวียง 
4) ชาติพันธุ์ไทยรามัญ 5) ชาติพันธุ์ไทยจีน สู่การสร้างสรรค์นวัตกรรม
ศิลปะการแสดง โดยการแสดงสื่อถึง ความหลากหลายของกลุ่มชาติพันธุ์
วัฒนธรรม ประเพณีและวิถีชวิตที่หลากหลายของกลุ่มชาติพันธุ์ 
ในจังหวัดนครปฐม ตลอดจนความสุข สนุกสนานรื่นเริง
ในการหลอมรวมเป็นอันหนึ่งอันเดียวภายใต้ร่มพระบารมี",4,10," 8,000 ",การแสดงสร้างสรรค์,วันสงกรานต์,งานเทศกาล
35,การแสดงนาฏศิลป์สร้างสรรค์,ชาติพันธุ์สราญ,"ชาติพันธุ์สราญ เป็นการแสดงที่สร้างสรรค์ขึ้นจากความสําคัญ
ของกลุ่มชาติพันธุ์ในจังหวัดนครปฐมทังหมด 5 กลุ่มชาติพันธุ์ ประกอบด้วย 
1) ชาติพันธุ์ลาวครั่ง 2) ชาติพันธุ์ไทยทรงดํา 3) ชาติพันธุ์ลาวเวียง 
4) ชาติพันธุ์ไทยรามัญ 5) ชาติพันธุ์ไทยจีน สู่การสร้างสรรค์นวัตกรรม
ศิลปะการแสดง โดยการแสดงสื่อถึง ความหลากหลายของกลุ่มชาติพันธุ์
วัฒนธรรม ประเพณีและวิถีชวิตที่หลากหลายของกลุ่มชาติพันธุ์ 
ในจังหวัดนครปฐม ตลอดจนความสุข สนุกสนานรื่นเริง
ในการหลอมรวมเป็นอันหนึ่งอันเดียวภายใต้ร่มพระบารมี",4,10," 8,000 ",การแสดงสร้างสรรค์,วันขึ้นปีใหม่,งานเทศกาล
36,การแสดงนาฏศิลป์สร้างสรรค์,ชาติพันธุ์สราญ,"ชาติพันธุ์สราญ เป็นการแสดงที่สร้างสรรค์ขึ้นจากความสําคัญ
ของกลุ่มชาติพันธุ์ในจังหวัดนครปฐมทังหมด 5 กลุ่มชาติพันธุ์ ประกอบด้วย 
1) ชาติพันธุ์ลาวครั่ง 2) ชาติพันธุ์ไทยทรงดํา 3) ชาติพันธุ์ลาวเวียง 
4) ชาติพันธุ์ไทยรามัญ 5) ชาติพันธุ์ไทยจีน สู่การสร้างสรรค์นวัตกรรม
ศิลปะการแสดง โดยการแสดงสื่อถึง ความหลากหลายของกลุ่มชาติพันธุ์
วัฒนธรรม ประเพณีและวิถีชวิตที่หลากหลายของกลุ่มชาติพันธุ์ 
ในจังหวัดนครปฐม ตลอดจนความสุข สนุกสนานรื่นเริง
ในการหลอมรวมเป็นอันหนึ่งอันเดียวภายใต้ร่มพระบารมี",4,10," 8,000 ",การแสดงสร้างสรรค์,วันตรุษจีน,งานเทศกาล
37,การแสดงนาฏศิลป์สร้างสรรค์,ชาติพันธุ์สราญ,"ชาติพันธุ์สราญ เป็นการแสดงที่สร้างสรรค์ขึ้นจากความสําคัญ
ของกลุ่มชาติพันธุ์ในจังหวัดนครปฐมทังหมด 5 กลุ่มชาติพันธุ์ ประกอบด้วย 
1) ชาติพันธุ์ลาวครั่ง 2) ชาติพันธุ์ไทยทรงดํา 3) ชาติพันธุ์ลาวเวียง 
4) ชาติพันธุ์ไทยรามัญ 5) ชาติพันธุ์ไทยจีน สู่การสร้างสรรค์นวัตกรรม
ศิลปะการแสดง โดยการแสดงสื่อถึง ความหลากหลายของกลุ่มชาติพันธุ์
วัฒนธรรม ประเพณีและวิถีชวิตที่หลากหลายของกลุ่มชาติพันธุ์ 
ในจังหวัดนครปฐม ตลอดจนความสุข สนุกสนานรื่นเริง
ในการหลอมรวมเป็นอันหนึ่งอันเดียวภายใต้ร่มพระบารมี",4,10," 8,000 ",การแสดงสร้างสรรค์,การเผยแพร่วัฒนธรรมในประเทศ,งานเผยแพร่วัฒนธรรม
38,การแสดงนาฏศิลป์สร้างสรรค์,ชาติพันธุ์สราญ,"ชาติพันธุ์สราญ เป็นการแสดงที่สร้างสรรค์ขึ้นจากความสําคัญ
ของกลุ่มชาติพันธุ์ในจังหวัดนครปฐมทังหมด 5 กลุ่มชาติพันธุ์ ประกอบด้วย 
1) ชาติพันธุ์ลาวครั่ง 2) ชาติพันธุ์ไทยทรงดํา 3) ชาติพันธุ์ลาวเวียง 
4) ชาติพันธุ์ไทยรามัญ 5) ชาติพันธุ์ไทยจีน สู่การสร้างสรรค์นวัตกรรม
ศิลปะการแสดง โดยการแสดงสื่อถึง ความหลากหลายของกลุ่มชาติพันธุ์
วัฒนธรรม ประเพณีและวิถีชวิตที่หลากหลายของกลุ่มชาติพันธุ์ 
ในจังหวัดนครปฐม ตลอดจนความสุข สนุกสนานรื่นเริง
ในการหลอมรวมเป็นอันหนึ่งอันเดียวภายใต้ร่มพระบารมี",4,10," 8,000 ",การแสดงสร้างสรรค์,การเผยแพร่วัฒนธรรมต่างประเทศ,งานเผยแพร่วัฒนธรรม
39,การแสดงนาฏศิลป์สร้างสรรค์,ชาวดอย,"ชาวดอย เป็นการแสดงที่มีแนวคิดมาจากการดํารงชวิตของกลุ่มชน 
ที่อาศัยอยู่ทางภาคเหนือของประเทศไทย มุ่งเน้นวิถีชวิตที่มีความเรียบง่าย 
ผูกพันพึ่งพาธรรมชาติ ประกอบอาชีพเกษตรกรรม รวมทั้งมีการละเล่น 
ที่สนุกสนานตามแบบพื้นบ้านสืบทอดจากรุ่นสู่รุ่น",4,10," 8,000 ",การแสดงสร้างสรรค์,งานต้อนรับอาคันตุกะ,งานรัฐพิธี
40,การแสดงนาฏศิลป์สร้างสรรค์,ชาวดอย,"ชาวดอย เป็นการแสดงที่มีแนวคิดมาจากการดํารงชวิตของกลุ่มชน 
ที่อาศัยอยู่ทางภาคเหนือของประเทศไทย มุ่งเน้นวิถีชวิตที่มีความเรียบง่าย 
ผูกพันพึ่งพาธรรมชาติ ประกอบอาชีพเกษตรกรรม รวมทั้งมีการละเล่น 
ที่สนุกสนานตามแบบพื้นบ้านสืบทอดจากรุ่นสู่รุ่น",4,10," 8,000 ",การแสดงสร้างสรรค์,งานทำบุญ,งานมงคล
41,การแสดงนาฏศิลป์สร้างสรรค์,ชาวดอย,"ชาวดอย เป็นการแสดงที่มีแนวคิดมาจากการดํารงชวิตของกลุ่มชน 
ที่อาศัยอยู่ทางภาคเหนือของประเทศไทย มุ่งเน้นวิถีชวิตที่มีความเรียบง่าย 
ผูกพันพึ่งพาธรรมชาติ ประกอบอาชีพเกษตรกรรม รวมทั้งมีการละเล่น 
ที่สนุกสนานตามแบบพื้นบ้านสืบทอดจากรุ่นสู่รุ่น",4,10," 8,000 ",การแสดงสร้างสรรค์,งานวันเกิด,งานมงคล
42,การแสดงนาฏศิลป์สร้างสรรค์,ชาวดอย,"ชาวดอย เป็นการแสดงที่มีแนวคิดมาจากการดํารงชวิตของกลุ่มชน 
ที่อาศัยอยู่ทางภาคเหนือของประเทศไทย มุ่งเน้นวิถีชวิตที่มีความเรียบง่าย 
ผูกพันพึ่งพาธรรมชาติ ประกอบอาชีพเกษตรกรรม รวมทั้งมีการละเล่น 
ที่สนุกสนานตามแบบพื้นบ้านสืบทอดจากรุ่นสู่รุ่น",4,10," 8,000 ",การแสดงสร้างสรรค์,งานแต่งงาน,งานมงคล
43,การแสดงนาฏศิลป์สร้างสรรค์,ชาวดอย,"ชาวดอย เป็นการแสดงที่มีแนวคิดมาจากการดํารงชวิตของกลุ่มชน 
ที่อาศัยอยู่ทางภาคเหนือของประเทศไทย มุ่งเน้นวิถีชวิตที่มีความเรียบง่าย 
ผูกพันพึ่งพาธรรมชาติ ประกอบอาชีพเกษตรกรรม รวมทั้งมีการละเล่น 
ที่สนุกสนานตามแบบพื้นบ้านสืบทอดจากรุ่นสู่รุ่น",4,10," 8,000 ",การแสดงสร้างสรรค์,งานขึ้นบ้านใหม่,งานมงคล
44,การแสดงนาฏศิลป์สร้างสรรค์,ชาวดอย,"ชาวดอย เป็นการแสดงที่มีแนวคิดมาจากการดํารงชวิตของกลุ่มชน 
ที่อาศัยอยู่ทางภาคเหนือของประเทศไทย มุ่งเน้นวิถีชวิตที่มีความเรียบง่าย 
ผูกพันพึ่งพาธรรมชาติ ประกอบอาชีพเกษตรกรรม รวมทั้งมีการละเล่น 
ที่สนุกสนานตามแบบพื้นบ้านสืบทอดจากรุ่นสู่รุ่น",4,10," 8,000 ",การแสดงสร้างสรรค์,งานเปิดบริษัท,งานมงคล
45,การแสดงนาฏศิลป์สร้างสรรค์,ชาวดอย,"ชาวดอย เป็นการแสดงที่มีแนวคิดมาจากการดํารงชวิตของกลุ่มชน 
ที่อาศัยอยู่ทางภาคเหนือของประเทศไทย มุ่งเน้นวิถีชวิตที่มีความเรียบง่าย 
ผูกพันพึ่งพาธรรมชาติ ประกอบอาชีพเกษตรกรรม รวมทั้งมีการละเล่น 
ที่สนุกสนานตามแบบพื้นบ้านสืบทอดจากรุ่นสู่รุ่น",4,10," 8,000 ",การแสดงสร้างสรรค์,วันสงกรานต์,งานเทศกาล
46,การแสดงนาฏศิลป์สร้างสรรค์,ชาวดอย,"ชาวดอย เป็นการแสดงที่มีแนวคิดมาจากการดํารงชวิตของกลุ่มชน 
ที่อาศัยอยู่ทางภาคเหนือของประเทศไทย มุ่งเน้นวิถีชวิตที่มีความเรียบง่าย 
ผูกพันพึ่งพาธรรมชาติ ประกอบอาชีพเกษตรกรรม รวมทั้งมีการละเล่น 
ที่สนุกสนานตามแบบพื้นบ้านสืบทอดจากรุ่นสู่รุ่น",4,10," 8,000 ",การแสดงสร้างสรรค์,วันขึ้นปีใหม่,งานเทศกาล
47,การแสดงนาฏศิลป์สร้างสรรค์,ชาวดอย,"ชาวดอย เป็นการแสดงที่มีแนวคิดมาจากการดํารงชวิตของกลุ่มชน 
ที่อาศัยอยู่ทางภาคเหนือของประเทศไทย มุ่งเน้นวิถีชวิตที่มีความเรียบง่าย 
ผูกพันพึ่งพาธรรมชาติ ประกอบอาชีพเกษตรกรรม รวมทั้งมีการละเล่น 
ที่สนุกสนานตามแบบพื้นบ้านสืบทอดจากรุ่นสู่รุ่น",4,10," 8,000 ",การแสดงสร้างสรรค์,วันตรุษจีน,งานเทศกาล
48,การแสดงนาฏศิลป์สร้างสรรค์,ชาวดอย,"ชาวดอย เป็นการแสดงที่มีแนวคิดมาจากการดํารงชวิตของกลุ่มชน 
ที่อาศัยอยู่ทางภาคเหนือของประเทศไทย มุ่งเน้นวิถีชวิตที่มีความเรียบง่าย 
ผูกพันพึ่งพาธรรมชาติ ประกอบอาชีพเกษตรกรรม รวมทั้งมีการละเล่น 
ที่สนุกสนานตามแบบพื้นบ้านสืบทอดจากรุ่นสู่รุ่น",4,10," 8,000 ",การแสดงสร้างสรรค์,วันลอยกระทง,งานเทศกาล
49,การแสดงนาฏศิลป์สร้างสรรค์,ชาวดอย,"ชาวดอย เป็นการแสดงที่มีแนวคิดมาจากการดํารงชวิตของกลุ่มชน 
ที่อาศัยอยู่ทางภาคเหนือของประเทศไทย มุ่งเน้นวิถีชวิตที่มีความเรียบง่าย 
ผูกพันพึ่งพาธรรมชาติ ประกอบอาชีพเกษตรกรรม รวมทั้งมีการละเล่น 
ที่สนุกสนานตามแบบพื้นบ้านสืบทอดจากรุ่นสู่รุ่น",4,10," 8,000 ",การแสดงสร้างสรรค์,การเผยแพร่วัฒนธรรมในประเทศ,งานเผยแพร่วัฒนธรรม
50,การแสดงนาฏศิลป์สร้างสรรค์,ชาวดอย,"ชาวดอย เป็นการแสดงที่มีแนวคิดมาจากการดํารงชวิตของกลุ่มชน 
ที่อาศัยอยู่ทางภาคเหนือของประเทศไทย มุ่งเน้นวิถีชวิตที่มีความเรียบง่าย 
ผูกพันพึ่งพาธรรมชาติ ประกอบอาชีพเกษตรกรรม รวมทั้งมีการละเล่น 
ที่สนุกสนานตามแบบพื้นบ้านสืบทอดจากรุ่นสู่รุ่น",4,10," 8,000 ",การแสดงสร้างสรรค์,การเผยแพร่วัฒนธรรมต่างประเทศ,งานเผยแพร่วัฒนธรรม
51,การแสดงนาฏศิลป์สร้างสรรค์,ตะกล้อล้อท่า,"ตะกร้อล้อท่า เป็นการแสดงที่ได้แนวคิดมาจากกีฬาตะกร้อ
ซึ่งเป็นการละเล่นของไทยแต่โบราณ โดยเริ่มต้นจากการเล่นกันในหมู่ชาวบ้าน 
สู่การเล่นเป็นกีฬาสากล ระดับชาติและนานาชาติ ลีลาและกระบวนท่ารํา
สื่อให้เห็นถึงแม่ท่าในกีฬาตะกร้อ ประกอบด้วย การใช้ศีรษะ ศอก เข่า เท้า ในการบังคับลูกตะกร้อไม่ให้ตกพื้น การกระโดดตีลังกาผสมผสานลีลาท่าทางนาฏศิลป์ไทย",6,10," 12,000 ",การแสดงสร้างสรรค์,งานต้อนรับอาคันตุกะ,งานรัฐพิธี
52,การแสดงนาฏศิลป์สร้างสรรค์,ตะกล้อล้อท่า,"ตะกร้อล้อท่า เป็นการแสดงที่ได้แนวคิดมาจากกีฬาตะกร้อ
ซึ่งเป็นการละเล่นของไทยแต่โบราณ โดยเริ่มต้นจากการเล่นกันในหมู่ชาวบ้าน 
สู่การเล่นเป็นกีฬาสากล ระดับชาติและนานาชาติ ลีลาและกระบวนท่ารํา
สื่อให้เห็นถึงแม่ท่าในกีฬาตะกร้อ ประกอบด้วย การใช้ศีรษะ ศอก เข่า เท้า ในการบังคับลูกตะกร้อไม่ให้ตกพื้น การกระโดดตีลังกาผสมผสานลีลาท่าทางนาฏศิลป์ไทย",6,10," 12,000 ",การแสดงสร้างสรรค์,งานเปิดบริษัท,งานมงคล
53,การแสดงนาฏศิลป์สร้างสรรค์,ตะกล้อล้อท่า,"ตะกร้อล้อท่า เป็นการแสดงที่ได้แนวคิดมาจากกีฬาตะกร้อ
ซึ่งเป็นการละเล่นของไทยแต่โบราณ โดยเริ่มต้นจากการเล่นกันในหมู่ชาวบ้าน 
สู่การเล่นเป็นกีฬาสากล ระดับชาติและนานาชาติ ลีลาและกระบวนท่ารํา
สื่อให้เห็นถึงแม่ท่าในกีฬาตะกร้อ ประกอบด้วย การใช้ศีรษะ ศอก เข่า เท้า ในการบังคับลูกตะกร้อไม่ให้ตกพื้น การกระโดดตีลังกาผสมผสานลีลาท่าทางนาฏศิลป์ไทย",6,10," 12,000 ",การแสดงสร้างสรรค์,วันสงกรานต์,งานเทศกาล
54,การแสดงนาฏศิลป์สร้างสรรค์,ตะกล้อล้อท่า,"ตะกร้อล้อท่า เป็นการแสดงที่ได้แนวคิดมาจากกีฬาตะกร้อ
ซึ่งเป็นการละเล่นของไทยแต่โบราณ โดยเริ่มต้นจากการเล่นกันในหมู่ชาวบ้าน 
สู่การเล่นเป็นกีฬาสากล ระดับชาติและนานาชาติ ลีลาและกระบวนท่ารํา
สื่อให้เห็นถึงแม่ท่าในกีฬาตะกร้อ ประกอบด้วย การใช้ศีรษะ ศอก เข่า เท้า ในการบังคับลูกตะกร้อไม่ให้ตกพื้น การกระโดดตีลังกาผสมผสานลีลาท่าทางนาฏศิลป์ไทย",6,10," 12,000 ",การแสดงสร้างสรรค์,วันขึ้นปีใหม่,งานเทศกาล
55,การแสดงนาฏศิลป์สร้างสรรค์,ตะกล้อล้อท่า,"ตะกร้อล้อท่า เป็นการแสดงที่ได้แนวคิดมาจากกีฬาตะกร้อ
ซึ่งเป็นการละเล่นของไทยแต่โบราณ โดยเริ่มต้นจากการเล่นกันในหมู่ชาวบ้าน 
สู่การเล่นเป็นกีฬาสากล ระดับชาติและนานาชาติ ลีลาและกระบวนท่ารํา
สื่อให้เห็นถึงแม่ท่าในกีฬาตะกร้อ ประกอบด้วย การใช้ศีรษะ ศอก เข่า เท้า ในการบังคับลูกตะกร้อไม่ให้ตกพื้น การกระโดดตีลังกาผสมผสานลีลาท่าทางนาฏศิลป์ไทย",6,10," 12,000 ",การแสดงสร้างสรรค์,การเผยแพร่วัฒนธรรมในประเทศ,งานเผยแพร่วัฒนธรรม
56,การแสดงนาฏศิลป์สร้างสรรค์,ตะกล้อล้อท่า,"ตะกร้อล้อท่า เป็นการแสดงที่ได้แนวคิดมาจากกีฬาตะกร้อ
ซึ่งเป็นการละเล่นของไทยแต่โบราณ โดยเริ่มต้นจากการเล่นกันในหมู่ชาวบ้าน 
สู่การเล่นเป็นกีฬาสากล ระดับชาติและนานาชาติ ลีลาและกระบวนท่ารํา
สื่อให้เห็นถึงแม่ท่าในกีฬาตะกร้อ ประกอบด้วย การใช้ศีรษะ ศอก เข่า เท้า ในการบังคับลูกตะกร้อไม่ให้ตกพื้น การกระโดดตีลังกาผสมผสานลีลาท่าทางนาฏศิลป์ไทย",6,10," 12,000 ",การแสดงสร้างสรรค์,การเผยแพร่วัฒนธรรมต่างประเทศ,งานเผยแพร่วัฒนธรรม
57,การแสดงนาฏศิลป์สร้างสรรค์,นบนที,"นบนที เป็นการแสดงที่กล่าวถึงประเพณีลอยกระทงซึ่งถือเป็นการแสดง
ความเคารพและขอขมาอภัยต่อพระแม่คงคา อีกทั้งสิ่งศักดิ์สิทธิ์
ในสายนํ้าที่สร้างคุณประโยชน์ต่อมนุษย์ทุกชวิต ซึ่งคนไทยได้ให้ความสําคัญ 
และสํานึกในพระคุณของธรรมชาติที่สะท้อนผ่านความเชื่อและความศรัทธาจนกลายเป็นประเพณีลอยกระทง",4,10," 8,000 ",การแสดงสร้างสรรค์,งานต้อนรับอาคันตุกะ,งานรัฐพิธี
58,การแสดงนาฏศิลป์สร้างสรรค์,นบนที,"นบนที เป็นการแสดงที่กล่าวถึงประเพณีลอยกระทงซึ่งถือเป็นการแสดง
ความเคารพและขอขมาอภัยต่อพระแม่คงคา อีกทั้งสิ่งศักดิ์สิทธิ์
ในสายนํ้าที่สร้างคุณประโยชน์ต่อมนุษย์ทุกชวิต ซึ่งคนไทยได้ให้ความสําคัญ 
และสํานึกในพระคุณของธรรมชาติที่สะท้อนผ่านความเชื่อและความศรัทธาจนกลายเป็นประเพณีลอยกระทง",4,10," 8,000 ",การแสดงสร้างสรรค์,วันสงกรานต์,งานเทศกาล
59,การแสดงนาฏศิลป์สร้างสรรค์,นบนที,"นบนที เป็นการแสดงที่กล่าวถึงประเพณีลอยกระทงซึ่งถือเป็นการแสดง
ความเคารพและขอขมาอภัยต่อพระแม่คงคา อีกทั้งสิ่งศักดิ์สิทธิ์
ในสายนํ้าที่สร้างคุณประโยชน์ต่อมนุษย์ทุกชวิต ซึ่งคนไทยได้ให้ความสําคัญ 
และสํานึกในพระคุณของธรรมชาติที่สะท้อนผ่านความเชื่อและความศรัทธาจนกลายเป็นประเพณีลอยกระทง",4,10," 8,000 ",การแสดงสร้างสรรค์,วันลอยกระทง,งานเทศกาล
60,การแสดงนาฏศิลป์สร้างสรรค์,นบนที,"นบนที เป็นการแสดงที่กล่าวถึงประเพณีลอยกระทงซึ่งถือเป็นการแสดง
ความเคารพและขอขมาอภัยต่อพระแม่คงคา อีกทั้งสิ่งศักดิ์สิทธิ์
ในสายนํ้าที่สร้างคุณประโยชน์ต่อมนุษย์ทุกชวิต ซึ่งคนไทยได้ให้ความสําคัญ 
และสํานึกในพระคุณของธรรมชาติที่สะท้อนผ่านความเชื่อและความศรัทธาจนกลายเป็นประเพณีลอยกระทง",4,10," 8,000 ",การแสดงสร้างสรรค์,การเผยแพร่วัฒนธรรมในประเทศ,งานเผยแพร่วัฒนธรรม
61,การแสดงนาฏศิลป์สร้างสรรค์,นบนที,"นบนที เป็นการแสดงที่กล่าวถึงประเพณีลอยกระทงซึ่งถือเป็นการแสดง
ความเคารพและขอขมาอภัยต่อพระแม่คงคา อีกทั้งสิ่งศักดิ์สิทธิ์
ในสายนํ้าที่สร้างคุณประโยชน์ต่อมนุษย์ทุกชวิต ซึ่งคนไทยได้ให้ความสําคัญ 
และสํานึกในพระคุณของธรรมชาติที่สะท้อนผ่านความเชื่อและความศรัทธาจนกลายเป็นประเพณีลอยกระทง",4,10," 8,000 ",การแสดงสร้างสรรค์,การเผยแพร่วัฒนธรรมต่างประเทศ,งานเผยแพร่วัฒนธรรม
62,การแสดงนาฏศิลป์สร้างสรรค์,นักษัตร,"นักษัตร เป็นการแสดงที่ได้แนวความคิดมาจากเทพ 12 ปีนักษัตรของไทย
ที่มีความเชื่อว่าเป็นเทพที่มีหน้าที่ปกป้องคุ้มครองมนุษย์ กระบวนท่ารํา
มีความงดงามตามรูปแบบนาฏศิลป์ไทย ผสมผสานการเคลื่อนไหวร่างกาย
และการเคลื่อนที่บนเวทีอย่างหลากหลาย ",12,10," 24,000 ",การแสดงสร้างสรรค์,งานทำบุญ,งานมงคล
63,การแสดงนาฏศิลป์สร้างสรรค์,นักษัตร,"นักษัตร เป็นการแสดงที่ได้แนวความคิดมาจากเทพ 12 ปีนักษัตรของไทย
ที่มีความเชื่อว่าเป็นเทพที่มีหน้าที่ปกป้องคุ้มครองมนุษย์ กระบวนท่ารํา
มีความงดงามตามรูปแบบนาฏศิลป์ไทย ผสมผสานการเคลื่อนไหวร่างกาย
และการเคลื่อนที่บนเวทีอย่างหลากหลาย ",12,10," 24,000 ",การแสดงสร้างสรรค์,งานวันเกิด,งานมงคล
64,การแสดงนาฏศิลป์สร้างสรรค์,นักษัตร,"นักษัตร เป็นการแสดงที่ได้แนวความคิดมาจากเทพ 12 ปีนักษัตรของไทย
ที่มีความเชื่อว่าเป็นเทพที่มีหน้าที่ปกป้องคุ้มครองมนุษย์ กระบวนท่ารํา
มีความงดงามตามรูปแบบนาฏศิลป์ไทย ผสมผสานการเคลื่อนไหวร่างกาย
และการเคลื่อนที่บนเวทีอย่างหลากหลาย ",12,10," 24,000 ",การแสดงสร้างสรรค์,งานขึ้นบ้านใหม่,งานมงคล
65,การแสดงนาฏศิลป์สร้างสรรค์,นักษัตร,"นักษัตร เป็นการแสดงที่ได้แนวความคิดมาจากเทพ 12 ปีนักษัตรของไทย
ที่มีความเชื่อว่าเป็นเทพที่มีหน้าที่ปกป้องคุ้มครองมนุษย์ กระบวนท่ารํา
มีความงดงามตามรูปแบบนาฏศิลป์ไทย ผสมผสานการเคลื่อนไหวร่างกาย
และการเคลื่อนที่บนเวทีอย่างหลากหลาย ",12,10," 24,000 ",การแสดงสร้างสรรค์,งานเปิดบริษัท,งานมงคล
66,การแสดงนาฏศิลป์สร้างสรรค์,นักษัตร,"นักษัตร เป็นการแสดงที่ได้แนวความคิดมาจากเทพ 12 ปีนักษัตรของไทย
ที่มีความเชื่อว่าเป็นเทพที่มีหน้าที่ปกป้องคุ้มครองมนุษย์ กระบวนท่ารํา
มีความงดงามตามรูปแบบนาฏศิลป์ไทย ผสมผสานการเคลื่อนไหวร่างกาย
และการเคลื่อนที่บนเวทีอย่างหลากหลาย ",12,10," 24,000 ",การแสดงสร้างสรรค์,งานบวงสรวง,งานมงคล
67,การแสดงนาฏศิลป์สร้างสรรค์,นักษัตร,"นักษัตร เป็นการแสดงที่ได้แนวความคิดมาจากเทพ 12 ปีนักษัตรของไทย
ที่มีความเชื่อว่าเป็นเทพที่มีหน้าที่ปกป้องคุ้มครองมนุษย์ กระบวนท่ารํา
มีความงดงามตามรูปแบบนาฏศิลป์ไทย ผสมผสานการเคลื่อนไหวร่างกาย
และการเคลื่อนที่บนเวทีอย่างหลากหลาย ",12,10," 24,000 ",การแสดงสร้างสรรค์,วันสงกรานต์,งานเทศกาล
68,การแสดงนาฏศิลป์สร้างสรรค์,นักษัตร,"นักษัตร เป็นการแสดงที่ได้แนวความคิดมาจากเทพ 12 ปีนักษัตรของไทย
ที่มีความเชื่อว่าเป็นเทพที่มีหน้าที่ปกป้องคุ้มครองมนุษย์ กระบวนท่ารํา
มีความงดงามตามรูปแบบนาฏศิลป์ไทย ผสมผสานการเคลื่อนไหวร่างกาย
และการเคลื่อนที่บนเวทีอย่างหลากหลาย ",12,10," 24,000 ",การแสดงสร้างสรรค์,วันขึ้นปีใหม่,งานเทศกาล
69,การแสดงนาฏศิลป์สร้างสรรค์,นักษัตร,"นักษัตร เป็นการแสดงที่ได้แนวความคิดมาจากเทพ 12 ปีนักษัตรของไทย
ที่มีความเชื่อว่าเป็นเทพที่มีหน้าที่ปกป้องคุ้มครองมนุษย์ กระบวนท่ารํา
มีความงดงามตามรูปแบบนาฏศิลป์ไทย ผสมผสานการเคลื่อนไหวร่างกาย
และการเคลื่อนที่บนเวทีอย่างหลากหลาย ",12,10," 24,000 ",การแสดงสร้างสรรค์,วันตรุษจีน,งานเทศกาล
70,การแสดงนาฏศิลป์สร้างสรรค์,นักษัตร,"นักษัตร เป็นการแสดงที่ได้แนวความคิดมาจากเทพ 12 ปีนักษัตรของไทย
ที่มีความเชื่อว่าเป็นเทพที่มีหน้าที่ปกป้องคุ้มครองมนุษย์ กระบวนท่ารํา
มีความงดงามตามรูปแบบนาฏศิลป์ไทย ผสมผสานการเคลื่อนไหวร่างกาย
และการเคลื่อนที่บนเวทีอย่างหลากหลาย ",12,10," 24,000 ",การแสดงสร้างสรรค์,วันลอยกระทง,งานเทศกาล
71,การแสดงนาฏศิลป์สร้างสรรค์,นักษัตร,"นักษัตร เป็นการแสดงที่ได้แนวความคิดมาจากเทพ 12 ปีนักษัตรของไทย
ที่มีความเชื่อว่าเป็นเทพที่มีหน้าที่ปกป้องคุ้มครองมนุษย์ กระบวนท่ารํา
มีความงดงามตามรูปแบบนาฏศิลป์ไทย ผสมผสานการเคลื่อนไหวร่างกาย
และการเคลื่อนที่บนเวทีอย่างหลากหลาย ",12,10," 24,000 ",การแสดงสร้างสรรค์,งานสวดมนต์ข้ามปี,งานวันสำคัญทางศาสนา
72,การแสดงนาฏศิลป์สร้างสรรค์,นักษัตร,"นักษัตร เป็นการแสดงที่ได้แนวความคิดมาจากเทพ 12 ปีนักษัตรของไทย
ที่มีความเชื่อว่าเป็นเทพที่มีหน้าที่ปกป้องคุ้มครองมนุษย์ กระบวนท่ารํา
มีความงดงามตามรูปแบบนาฏศิลป์ไทย ผสมผสานการเคลื่อนไหวร่างกาย
และการเคลื่อนที่บนเวทีอย่างหลากหลาย ",12,10," 24,000 ",การแสดงสร้างสรรค์,งานเทศมหาชาติ,งานวันสำคัญทางศาสนา
73,การแสดงนาฏศิลป์สร้างสรรค์,นาฏ ณ วัง,"นาฏ ณ วัง เป็นการแสดงที่ได้แนวคิดมาจากความสําคัญของพระราชวัง
บวรสถานมงคล (วังหน้า) ที่ปรากฎนาฏกรรมหลากหลายประเภท ประกอบด้วย
โขน ละคร หนังใหญ่ หุ่น งิ้ว แอ่วแคน สู่การสร้างสรรค์งานนาฏศิลป์ไทย
ผสมผสานการออกแบบการเคลื่อนไหวร่างกายและการใช้พื้นที่เวทีที่มีความหลากหลาย 
ถ่ายทอดความงามแบบราชสํานักที่มีความวิจิตร ย้อนรําลึกคุณูปการของบุคคล
และสถานที่ที่มีต่อการอนุรักษ์ สู่ความภาคภูมิใจในมรดกวัฒนธรรมของแผ่นดิน",6,10," 12,000 ",การแสดงสร้างสรรค์,งานสโมสรสันนิบาต,งานรัฐพิธี
74,การแสดงนาฏศิลป์สร้างสรรค์,นาฏ ณ วัง,"นาฏ ณ วัง เป็นการแสดงที่ได้แนวคิดมาจากความสําคัญของพระราชวัง
บวรสถานมงคล (วังหน้า) ที่ปรากฎนาฏกรรมหลากหลายประเภท ประกอบด้วย
โขน ละคร หนังใหญ่ หุ่น งิ้ว แอ่วแคน สู่การสร้างสรรค์งานนาฏศิลป์ไทย
ผสมผสานการออกแบบการเคลื่อนไหวร่างกายและการใช้พื้นที่เวทีที่มีความหลากหลาย 
ถ่ายทอดความงามแบบราชสํานักที่มีความวิจิตร ย้อนรําลึกคุณูปการของบุคคล
และสถานที่ที่มีต่อการอนุรักษ์ สู่ความภาคภูมิใจในมรดกวัฒนธรรมของแผ่นดิน",6,10," 12,000 ",การแสดงสร้างสรรค์,การเผยแพร่วัฒนธรรมต่างประเทศ,งานเผยแพร่วัฒนธรรม
75,การแสดงนาฏศิลป์สร้างสรรค์,นาฏ ณ วัง,"นาฏ ณ วัง เป็นการแสดงที่ได้แนวคิดมาจากความสําคัญของพระราชวัง
บวรสถานมงคล (วังหน้า) ที่ปรากฎนาฏกรรมหลากหลายประเภท ประกอบด้วย
โขน ละคร หนังใหญ่ หุ่น งิ้ว แอ่วแคน สู่การสร้างสรรค์งานนาฏศิลป์ไทย
ผสมผสานการออกแบบการเคลื่อนไหวร่างกายและการใช้พื้นที่เวทีที่มีความหลากหลาย 
ถ่ายทอดความงามแบบราชสํานักที่มีความวิจิตร ย้อนรําลึกคุณูปการของบุคคล
และสถานที่ที่มีต่อการอนุรักษ์ สู่ความภาคภูมิใจในมรดกวัฒนธรรมของแผ่นดิน",6,10," 12,000 ",การแสดงสร้างสรรค์,งานสวดมนต์ข้ามปี,งานวันสำคัญทางศาสนา
76,การแสดงนาฏศิลป์สร้างสรรค์,นาฏ ณ วัง,"นาฏ ณ วัง เป็นการแสดงที่ได้แนวคิดมาจากความสําคัญของพระราชวัง
บวรสถานมงคล (วังหน้า) ที่ปรากฎนาฏกรรมหลากหลายประเภท ประกอบด้วย
โขน ละคร หนังใหญ่ หุ่น งิ้ว แอ่วแคน สู่การสร้างสรรค์งานนาฏศิลป์ไทย
ผสมผสานการออกแบบการเคลื่อนไหวร่างกายและการใช้พื้นที่เวทีที่มีความหลากหลาย 
ถ่ายทอดความงามแบบราชสํานักที่มีความวิจิตร ย้อนรําลึกคุณูปการของบุคคล
และสถานที่ที่มีต่อการอนุรักษ์ สู่ความภาคภูมิใจในมรดกวัฒนธรรมของแผ่นดิน",6,10," 12,000 ",การแสดงสร้างสรรค์,งานเทศมหาชาติ,งานวันสำคัญทางศาสนา
77,การแสดงนาฏศิลป์สร้างสรรค์,นาฏยมวยไทย,"นาฏยมวยไทย เป็นการแสดงที่ได้แนวคิดมากจากศิลปะป้องกันตัว
มวยโบราณของไทยที่มีมาแต่อดีต มาสร้างสรรค์ในรูปแบบของการแสดง
ที่สื่อถึงลีลาท่ามวย อันเป็นภูมิปัญญาของบรรพบุรุษ ใช้หลักท่าเต้นของโขน 
และท่ารําแบบนาฏศิลป์ผสมผสานกันอย่างลงตัว",6,10," 12,000 ",การแสดงสร้างสรรค์,งานสโมสรสันนิบาต,งานรัฐพิธี
78,การแสดงนาฏศิลป์สร้างสรรค์,นาฏยมวยไทย,"นาฏยมวยไทย เป็นการแสดงที่ได้แนวคิดมากจากศิลปะป้องกันตัว
มวยโบราณของไทยที่มีมาแต่อดีต มาสร้างสรรค์ในรูปแบบของการแสดง
ที่สื่อถึงลีลาท่ามวย อันเป็นภูมิปัญญาของบรรพบุรุษ ใช้หลักท่าเต้นของโขน 
และท่ารําแบบนาฏศิลป์ผสมผสานกันอย่างลงตัว",6,10," 12,000 ",การแสดงสร้างสรรค์,งานทำบุญ,งานมงคล
79,การแสดงนาฏศิลป์สร้างสรรค์,นาฏยมวยไทย,"นาฏยมวยไทย เป็นการแสดงที่ได้แนวคิดมากจากศิลปะป้องกันตัว
มวยโบราณของไทยที่มีมาแต่อดีต มาสร้างสรรค์ในรูปแบบของการแสดง
ที่สื่อถึงลีลาท่ามวย อันเป็นภูมิปัญญาของบรรพบุรุษ ใช้หลักท่าเต้นของโขน 
และท่ารําแบบนาฏศิลป์ผสมผสานกันอย่างลงตัว",6,10," 12,000 ",การแสดงสร้างสรรค์,งานขึ้นบ้านใหม่,งานมงคล
80,การแสดงนาฏศิลป์สร้างสรรค์,นาฏยมวยไทย,"นาฏยมวยไทย เป็นการแสดงที่ได้แนวคิดมากจากศิลปะป้องกันตัว
มวยโบราณของไทยที่มีมาแต่อดีต มาสร้างสรรค์ในรูปแบบของการแสดง
ที่สื่อถึงลีลาท่ามวย อันเป็นภูมิปัญญาของบรรพบุรุษ ใช้หลักท่าเต้นของโขน 
และท่ารําแบบนาฏศิลป์ผสมผสานกันอย่างลงตัว",6,10," 12,000 ",การแสดงสร้างสรรค์,งานเปิดบริษัท,งานมงคล
81,การแสดงนาฏศิลป์สร้างสรรค์,นาฏยมวยไทย,"นาฏยมวยไทย เป็นการแสดงที่ได้แนวคิดมากจากศิลปะป้องกันตัว
มวยโบราณของไทยที่มีมาแต่อดีต มาสร้างสรรค์ในรูปแบบของการแสดง
ที่สื่อถึงลีลาท่ามวย อันเป็นภูมิปัญญาของบรรพบุรุษ ใช้หลักท่าเต้นของโขน 
และท่ารําแบบนาฏศิลป์ผสมผสานกันอย่างลงตัว",6,10," 12,000 ",การแสดงสร้างสรรค์,วันสงกรานต์,งานเทศกาล
82,การแสดงนาฏศิลป์สร้างสรรค์,นาฏยมวยไทย,"นาฏยมวยไทย เป็นการแสดงที่ได้แนวคิดมากจากศิลปะป้องกันตัว
มวยโบราณของไทยที่มีมาแต่อดีต มาสร้างสรรค์ในรูปแบบของการแสดง
ที่สื่อถึงลีลาท่ามวย อันเป็นภูมิปัญญาของบรรพบุรุษ ใช้หลักท่าเต้นของโขน 
และท่ารําแบบนาฏศิลป์ผสมผสานกันอย่างลงตัว",6,10," 12,000 ",การแสดงสร้างสรรค์,วันขึ้นปีใหม่,งานเทศกาล
83,การแสดงนาฏศิลป์สร้างสรรค์,นาฏยมวยไทย,"นาฏยมวยไทย เป็นการแสดงที่ได้แนวคิดมากจากศิลปะป้องกันตัว
มวยโบราณของไทยที่มีมาแต่อดีต มาสร้างสรรค์ในรูปแบบของการแสดง
ที่สื่อถึงลีลาท่ามวย อันเป็นภูมิปัญญาของบรรพบุรุษ ใช้หลักท่าเต้นของโขน 
และท่ารําแบบนาฏศิลป์ผสมผสานกันอย่างลงตัว",6,10," 12,000 ",การแสดงสร้างสรรค์,วันตรุษจีน,งานเทศกาล
84,การแสดงนาฏศิลป์สร้างสรรค์,นาฏยมวยไทย,"นาฏยมวยไทย เป็นการแสดงที่ได้แนวคิดมากจากศิลปะป้องกันตัว
มวยโบราณของไทยที่มีมาแต่อดีต มาสร้างสรรค์ในรูปแบบของการแสดง
ที่สื่อถึงลีลาท่ามวย อันเป็นภูมิปัญญาของบรรพบุรุษ ใช้หลักท่าเต้นของโขน 
และท่ารําแบบนาฏศิลป์ผสมผสานกันอย่างลงตัว",6,10," 12,000 ",การแสดงสร้างสรรค์,วันลอยกระทง,งานเทศกาล
85,การแสดงนาฏศิลป์สร้างสรรค์,นาฏยมวยไทย,"นาฏยมวยไทย เป็นการแสดงที่ได้แนวคิดมากจากศิลปะป้องกันตัว
มวยโบราณของไทยที่มีมาแต่อดีต มาสร้างสรรค์ในรูปแบบของการแสดง
ที่สื่อถึงลีลาท่ามวย อันเป็นภูมิปัญญาของบรรพบุรุษ ใช้หลักท่าเต้นของโขน 
และท่ารําแบบนาฏศิลป์ผสมผสานกันอย่างลงตัว",6,10," 12,000 ",การแสดงสร้างสรรค์,การเผยแพร่วัฒนธรรมในประเทศ,งานเผยแพร่วัฒนธรรม
86,การแสดงนาฏศิลป์สร้างสรรค์,นาฏยมวยไทย,"นาฏยมวยไทย เป็นการแสดงที่ได้แนวคิดมากจากศิลปะป้องกันตัว
มวยโบราณของไทยที่มีมาแต่อดีต มาสร้างสรรค์ในรูปแบบของการแสดง
ที่สื่อถึงลีลาท่ามวย อันเป็นภูมิปัญญาของบรรพบุรุษ ใช้หลักท่าเต้นของโขน 
และท่ารําแบบนาฏศิลป์ผสมผสานกันอย่างลงตัว",6,10," 12,000 ",การแสดงสร้างสรรค์,การเผยแพร่วัฒนธรรมต่างประเทศ,งานเผยแพร่วัฒนธรรม
87,การแสดงนาฏศิลป์สร้างสรรค์,ผืนไท,"ผืนไท เป็นการแสดงที่มีแนวคิดมาจากศิลปะการแสดงของภูมิภาคต่าง ๆ ของไทย
สู่การสร้างสรรค์ผลงานบนพื้นฐานความงดงามของนาฏศิลป์ไทย
และศิลปะการแสดงพื้นบ้าน ผสมผสานการออกแบบการเคลื่อนไหวร่างกาย
และการใช้พื้นที่เวทีที่มีความหลากหลาย อุปกรณ์สําคัญในการแสดงคือ 
ผืนผ้าสื่อถึงสัญลักษณ์ของชาติ และพระมหากษัตริย์ไทย ปกแผ่ไพศาล
ให้ความสุขสงบร่มเย็นแก่อาณาประชาราษฎร์ทุกเชอชาติที่รวมกัน 
เป็นเอกลักษณ์ ก่อให้เกิดมรดกศิลปวัฒนธรรมอันวิจิตร
ภายใต้ผืนไตรรงค์ธงไทยที่สง่างาม",13,10," 26,000 ",การแสดงสร้างสรรค์,งานต้อนรับอาคันตุกะ,งานรัฐพิธี
88,การแสดงนาฏศิลป์สร้างสรรค์,ผืนไท,"ผืนไท เป็นการแสดงที่มีแนวคิดมาจากศิลปะการแสดงของภูมิภาคต่าง ๆ ของไทย
สู่การสร้างสรรค์ผลงานบนพื้นฐานความงดงามของนาฏศิลป์ไทย
และศิลปะการแสดงพื้นบ้าน ผสมผสานการออกแบบการเคลื่อนไหวร่างกาย
และการใช้พื้นที่เวทีที่มีความหลากหลาย อุปกรณ์สําคัญในการแสดงคือ 
ผืนผ้าสื่อถึงสัญลักษณ์ของชาติ และพระมหากษัตริย์ไทย ปกแผ่ไพศาล
ให้ความสุขสงบร่มเย็นแก่อาณาประชาราษฎร์ทุกเชอชาติที่รวมกัน 
เป็นเอกลักษณ์ ก่อให้เกิดมรดกศิลปวัฒนธรรมอันวิจิตร
ภายใต้ผืนไตรรงค์ธงไทยที่สง่างาม",13,10," 26,000 ",การแสดงสร้างสรรค์,งานทำบุญ,งานมงคล
89,การแสดงนาฏศิลป์สร้างสรรค์,ผืนไท,"ผืนไท เป็นการแสดงที่มีแนวคิดมาจากศิลปะการแสดงของภูมิภาคต่าง ๆ ของไทย
สู่การสร้างสรรค์ผลงานบนพื้นฐานความงดงามของนาฏศิลป์ไทย
และศิลปะการแสดงพื้นบ้าน ผสมผสานการออกแบบการเคลื่อนไหวร่างกาย
และการใช้พื้นที่เวทีที่มีความหลากหลาย อุปกรณ์สําคัญในการแสดงคือ 
ผืนผ้าสื่อถึงสัญลักษณ์ของชาติ และพระมหากษัตริย์ไทย ปกแผ่ไพศาล
ให้ความสุขสงบร่มเย็นแก่อาณาประชาราษฎร์ทุกเชอชาติที่รวมกัน 
เป็นเอกลักษณ์ ก่อให้เกิดมรดกศิลปวัฒนธรรมอันวิจิตร
ภายใต้ผืนไตรรงค์ธงไทยที่สง่างาม",13,10," 26,000 ",การแสดงสร้างสรรค์,งานวันเกิด,งานมงคล
90,การแสดงนาฏศิลป์สร้างสรรค์,ผืนไท,"ผืนไท เป็นการแสดงที่มีแนวคิดมาจากศิลปะการแสดงของภูมิภาคต่าง ๆ ของไทย
สู่การสร้างสรรค์ผลงานบนพื้นฐานความงดงามของนาฏศิลป์ไทย
และศิลปะการแสดงพื้นบ้าน ผสมผสานการออกแบบการเคลื่อนไหวร่างกาย
และการใช้พื้นที่เวทีที่มีความหลากหลาย อุปกรณ์สําคัญในการแสดงคือ 
ผืนผ้าสื่อถึงสัญลักษณ์ของชาติ และพระมหากษัตริย์ไทย ปกแผ่ไพศาล
ให้ความสุขสงบร่มเย็นแก่อาณาประชาราษฎร์ทุกเชอชาติที่รวมกัน 
เป็นเอกลักษณ์ ก่อให้เกิดมรดกศิลปวัฒนธรรมอันวิจิตร
ภายใต้ผืนไตรรงค์ธงไทยที่สง่างาม",13,10," 26,000 ",การแสดงสร้างสรรค์,งานขึ้นบ้านใหม่,งานมงคล
91,การแสดงนาฏศิลป์สร้างสรรค์,ผืนไท,"ผืนไท เป็นการแสดงที่มีแนวคิดมาจากศิลปะการแสดงของภูมิภาคต่าง ๆ ของไทย
สู่การสร้างสรรค์ผลงานบนพื้นฐานความงดงามของนาฏศิลป์ไทย
และศิลปะการแสดงพื้นบ้าน ผสมผสานการออกแบบการเคลื่อนไหวร่างกาย
และการใช้พื้นที่เวทีที่มีความหลากหลาย อุปกรณ์สําคัญในการแสดงคือ 
ผืนผ้าสื่อถึงสัญลักษณ์ของชาติ และพระมหากษัตริย์ไทย ปกแผ่ไพศาล
ให้ความสุขสงบร่มเย็นแก่อาณาประชาราษฎร์ทุกเชอชาติที่รวมกัน 
เป็นเอกลักษณ์ ก่อให้เกิดมรดกศิลปวัฒนธรรมอันวิจิตร
ภายใต้ผืนไตรรงค์ธงไทยที่สง่างาม",13,10," 26,000 ",การแสดงสร้างสรรค์,งานเปิดบริษัท,งานมงคล
92,การแสดงนาฏศิลป์สร้างสรรค์,ผืนไท,"ผืนไท เป็นการแสดงที่มีแนวคิดมาจากศิลปะการแสดงของภูมิภาคต่าง ๆ ของไทย
สู่การสร้างสรรค์ผลงานบนพื้นฐานความงดงามของนาฏศิลป์ไทย
และศิลปะการแสดงพื้นบ้าน ผสมผสานการออกแบบการเคลื่อนไหวร่างกาย
และการใช้พื้นที่เวทีที่มีความหลากหลาย อุปกรณ์สําคัญในการแสดงคือ 
ผืนผ้าสื่อถึงสัญลักษณ์ของชาติ และพระมหากษัตริย์ไทย ปกแผ่ไพศาล
ให้ความสุขสงบร่มเย็นแก่อาณาประชาราษฎร์ทุกเชอชาติที่รวมกัน 
เป็นเอกลักษณ์ ก่อให้เกิดมรดกศิลปวัฒนธรรมอันวิจิตร
ภายใต้ผืนไตรรงค์ธงไทยที่สง่างาม",13,10," 26,000 ",การแสดงสร้างสรรค์,วันสงกรานต์,งานเทศกาล
93,การแสดงนาฏศิลป์สร้างสรรค์,ผืนไท,"ผืนไท เป็นการแสดงที่มีแนวคิดมาจากศิลปะการแสดงของภูมิภาคต่าง ๆ ของไทย
สู่การสร้างสรรค์ผลงานบนพื้นฐานความงดงามของนาฏศิลป์ไทย
และศิลปะการแสดงพื้นบ้าน ผสมผสานการออกแบบการเคลื่อนไหวร่างกาย
และการใช้พื้นที่เวทีที่มีความหลากหลาย อุปกรณ์สําคัญในการแสดงคือ 
ผืนผ้าสื่อถึงสัญลักษณ์ของชาติ และพระมหากษัตริย์ไทย ปกแผ่ไพศาล
ให้ความสุขสงบร่มเย็นแก่อาณาประชาราษฎร์ทุกเชอชาติที่รวมกัน 
เป็นเอกลักษณ์ ก่อให้เกิดมรดกศิลปวัฒนธรรมอันวิจิตร
ภายใต้ผืนไตรรงค์ธงไทยที่สง่างาม",13,10," 26,000 ",การแสดงสร้างสรรค์,วันขึ้นปีใหม่,งานเทศกาล
94,การแสดงนาฏศิลป์สร้างสรรค์,ผืนไท,"ผืนไท เป็นการแสดงที่มีแนวคิดมาจากศิลปะการแสดงของภูมิภาคต่าง ๆ ของไทย
สู่การสร้างสรรค์ผลงานบนพื้นฐานความงดงามของนาฏศิลป์ไทย
และศิลปะการแสดงพื้นบ้าน ผสมผสานการออกแบบการเคลื่อนไหวร่างกาย
และการใช้พื้นที่เวทีที่มีความหลากหลาย อุปกรณ์สําคัญในการแสดงคือ 
ผืนผ้าสื่อถึงสัญลักษณ์ของชาติ และพระมหากษัตริย์ไทย ปกแผ่ไพศาล
ให้ความสุขสงบร่มเย็นแก่อาณาประชาราษฎร์ทุกเชอชาติที่รวมกัน 
เป็นเอกลักษณ์ ก่อให้เกิดมรดกศิลปวัฒนธรรมอันวิจิตร
ภายใต้ผืนไตรรงค์ธงไทยที่สง่างาม",13,10," 26,000 ",การแสดงสร้างสรรค์,วันตรุษจีน,งานเทศกาล
95,การแสดงนาฏศิลป์สร้างสรรค์,ผืนไท,"ผืนไท เป็นการแสดงที่มีแนวคิดมาจากศิลปะการแสดงของภูมิภาคต่าง ๆ ของไทย
สู่การสร้างสรรค์ผลงานบนพื้นฐานความงดงามของนาฏศิลป์ไทย
และศิลปะการแสดงพื้นบ้าน ผสมผสานการออกแบบการเคลื่อนไหวร่างกาย
และการใช้พื้นที่เวทีที่มีความหลากหลาย อุปกรณ์สําคัญในการแสดงคือ 
ผืนผ้าสื่อถึงสัญลักษณ์ของชาติ และพระมหากษัตริย์ไทย ปกแผ่ไพศาล
ให้ความสุขสงบร่มเย็นแก่อาณาประชาราษฎร์ทุกเชอชาติที่รวมกัน 
เป็นเอกลักษณ์ ก่อให้เกิดมรดกศิลปวัฒนธรรมอันวิจิตร
ภายใต้ผืนไตรรงค์ธงไทยที่สง่างาม",13,10," 26,000 ",การแสดงสร้างสรรค์,วันลอยกระทง,งานเทศกาล
96,การแสดงนาฏศิลป์สร้างสรรค์,ผืนไท,"ผืนไท เป็นการแสดงที่มีแนวคิดมาจากศิลปะการแสดงของภูมิภาคต่าง ๆ ของไทย
สู่การสร้างสรรค์ผลงานบนพื้นฐานความงดงามของนาฏศิลป์ไทย
และศิลปะการแสดงพื้นบ้าน ผสมผสานการออกแบบการเคลื่อนไหวร่างกาย
และการใช้พื้นที่เวทีที่มีความหลากหลาย อุปกรณ์สําคัญในการแสดงคือ 
ผืนผ้าสื่อถึงสัญลักษณ์ของชาติ และพระมหากษัตริย์ไทย ปกแผ่ไพศาล
ให้ความสุขสงบร่มเย็นแก่อาณาประชาราษฎร์ทุกเชอชาติที่รวมกัน 
เป็นเอกลักษณ์ ก่อให้เกิดมรดกศิลปวัฒนธรรมอันวิจิตร
ภายใต้ผืนไตรรงค์ธงไทยที่สง่างาม",13,10," 26,000 ",การแสดงสร้างสรรค์,การเผยแพร่วัฒนธรรมในประเทศ,งานเผยแพร่วัฒนธรรม
97,การแสดงนาฏศิลป์สร้างสรรค์,ผืนไท,"ผืนไท เป็นการแสดงที่มีแนวคิดมาจากศิลปะการแสดงของภูมิภาคต่าง ๆ ของไทย
สู่การสร้างสรรค์ผลงานบนพื้นฐานความงดงามของนาฏศิลป์ไทย
และศิลปะการแสดงพื้นบ้าน ผสมผสานการออกแบบการเคลื่อนไหวร่างกาย
และการใช้พื้นที่เวทีที่มีความหลากหลาย อุปกรณ์สําคัญในการแสดงคือ 
ผืนผ้าสื่อถึงสัญลักษณ์ของชาติ และพระมหากษัตริย์ไทย ปกแผ่ไพศาล
ให้ความสุขสงบร่มเย็นแก่อาณาประชาราษฎร์ทุกเชอชาติที่รวมกัน 
เป็นเอกลักษณ์ ก่อให้เกิดมรดกศิลปวัฒนธรรมอันวิจิตร
ภายใต้ผืนไตรรงค์ธงไทยที่สง่างาม",13,10," 26,000 ",การแสดงสร้างสรรค์,การเผยแพร่วัฒนธรรมต่างประเทศ,งานเผยแพร่วัฒนธรรม
98,การแสดงนาฏศิลป์สร้างสรรค์,ผืนไท,"ผืนไท เป็นการแสดงที่มีแนวคิดมาจากศิลปะการแสดงของภูมิภาคต่าง ๆ ของไทย
สู่การสร้างสรรค์ผลงานบนพื้นฐานความงดงามของนาฏศิลป์ไทย
และศิลปะการแสดงพื้นบ้าน ผสมผสานการออกแบบการเคลื่อนไหวร่างกาย
และการใช้พื้นที่เวทีที่มีความหลากหลาย อุปกรณ์สําคัญในการแสดงคือ 
ผืนผ้าสื่อถึงสัญลักษณ์ของชาติ และพระมหากษัตริย์ไทย ปกแผ่ไพศาล
ให้ความสุขสงบร่มเย็นแก่อาณาประชาราษฎร์ทุกเชอชาติที่รวมกัน 
เป็นเอกลักษณ์ ก่อให้เกิดมรดกศิลปวัฒนธรรมอันวิจิตร
ภายใต้ผืนไตรรงค์ธงไทยที่สง่างาม",13,10," 26,000 ",การแสดงสร้างสรรค์,งานสวดมนต์ข้ามปี,งานวันสำคัญทางศาสนา
99,การแสดงนาฏศิลป์สร้างสรรค์,พนาธาร,"พนาธาร เป็นการแสดงสร้างสรรค์ที่ได้แนวคิดมาจากความสําคัญ
ความตระหนักรู้คุณค่าของป่าและนํ้า ที่ผูกพันกับวิถีชวิตและแผ่นดินเกิด 
การแสดงชุดนี้ นําพื้นฐานนาฏศิลป์ไทยประกอบกับการเคลื่อนไหวร่างกาย
ที่เลียนแบบการเคลื่อนไหวของธรรมชาติ ทั้งป่า และนํ้า",9,10," 18,000 ",การแสดงสร้างสรรค์,วันสงกรานต์,งานเทศกาล
100,การแสดงนาฏศิลป์สร้างสรรค์,พนาธาร,"พนาธาร เป็นการแสดงสร้างสรรค์ที่ได้แนวคิดมาจากความสําคัญ
ความตระหนักรู้คุณค่าของป่าและนํ้า ที่ผูกพันกับวิถีชวิตและแผ่นดินเกิด 
การแสดงชุดนี้ นําพื้นฐานนาฏศิลป์ไทยประกอบกับการเคลื่อนไหวร่างกาย
ที่เลียนแบบการเคลื่อนไหวของธรรมชาติ ทั้งป่า และนํ้า",9,10," 18,000 ",การแสดงสร้างสรรค์,วันขึ้นปีใหม่,งานเทศกาล
101,การแสดงนาฏศิลป์สร้างสรรค์,พนาธาร,"พนาธาร เป็นการแสดงสร้างสรรค์ที่ได้แนวคิดมาจากความสําคัญ
ความตระหนักรู้คุณค่าของป่าและนํ้า ที่ผูกพันกับวิถีชวิตและแผ่นดินเกิด 
การแสดงชุดนี้ นําพื้นฐานนาฏศิลป์ไทยประกอบกับการเคลื่อนไหวร่างกาย
ที่เลียนแบบการเคลื่อนไหวของธรรมชาติ ทั้งป่า และนํ้า",9,10," 18,000 ",การแสดงสร้างสรรค์,วันตรุษจีน,งานเทศกาล
102,การแสดงนาฏศิลป์สร้างสรรค์,พนาธาร,"พนาธาร เป็นการแสดงสร้างสรรค์ที่ได้แนวคิดมาจากความสําคัญ
ความตระหนักรู้คุณค่าของป่าและนํ้า ที่ผูกพันกับวิถีชวิตและแผ่นดินเกิด 
การแสดงชุดนี้ นําพื้นฐานนาฏศิลป์ไทยประกอบกับการเคลื่อนไหวร่างกาย
ที่เลียนแบบการเคลื่อนไหวของธรรมชาติ ทั้งป่า และนํ้า",9,10," 18,000 ",การแสดงสร้างสรรค์,วันลอยกระทง,งานเทศกาล
103,การแสดงนาฏศิลป์สร้างสรรค์,ฟ้อนขันดอก,"ฟ้อนขันดอก เป็นศิลปะการแสดงภาคเหนือที่ถือขันดอก หรือ พาน ประกอบการแสดง 
โดยภายในพาน จะใส่ดอกไม้นานาชนิดที่มีความหมายมงคล การแสดงประกอบด้วยกระบวนท่ารําของล้านนาผสมผสานการโปรยดอกไม้เพื่อความเป็นสิริมงคล",4,10," 8,000 ",การแสดงสร้างสรรค์,งานต้อนรับอาคันตุกะ,งานรัฐพิธี
104,การแสดงนาฏศิลป์สร้างสรรค์,ฟ้อนขันดอก,"ฟ้อนขันดอก เป็นศิลปะการแสดงภาคเหนือที่ถือขันดอก หรือ พาน ประกอบการแสดง 
โดยภายในพาน จะใส่ดอกไม้นานาชนิดที่มีความหมายมงคล การแสดงประกอบด้วยกระบวนท่ารําของล้านนาผสมผสานการโปรยดอกไม้เพื่อความเป็นสิริมงคล",4,10," 8,000 ",การแสดงสร้างสรรค์,งานทำบุญ,งานมงคล
105,การแสดงนาฏศิลป์สร้างสรรค์,ฟ้อนขันดอก,"ฟ้อนขันดอก เป็นศิลปะการแสดงภาคเหนือที่ถือขันดอก หรือ พาน ประกอบการแสดง 
โดยภายในพาน จะใส่ดอกไม้นานาชนิดที่มีความหมายมงคล การแสดงประกอบด้วยกระบวนท่ารําของล้านนาผสมผสานการโปรยดอกไม้เพื่อความเป็นสิริมงคล",4,10," 8,000 ",การแสดงสร้างสรรค์,งานวันเกิด,งานมงคล
106,การแสดงนาฏศิลป์สร้างสรรค์,ฟ้อนขันดอก,"ฟ้อนขันดอก เป็นศิลปะการแสดงภาคเหนือที่ถือขันดอก หรือ พาน ประกอบการแสดง 
โดยภายในพาน จะใส่ดอกไม้นานาชนิดที่มีความหมายมงคล การแสดงประกอบด้วยกระบวนท่ารําของล้านนาผสมผสานการโปรยดอกไม้เพื่อความเป็นสิริมงคล",4,10," 8,000 ",การแสดงสร้างสรรค์,งานแต่งงาน,งานมงคล
107,การแสดงนาฏศิลป์สร้างสรรค์,ฟ้อนขันดอก,"ฟ้อนขันดอก เป็นศิลปะการแสดงภาคเหนือที่ถือขันดอก หรือ พาน ประกอบการแสดง 
โดยภายในพาน จะใส่ดอกไม้นานาชนิดที่มีความหมายมงคล การแสดงประกอบด้วยกระบวนท่ารําของล้านนาผสมผสานการโปรยดอกไม้เพื่อความเป็นสิริมงคล",4,10," 8,000 ",การแสดงสร้างสรรค์,งานขึ้นบ้านใหม่,งานมงคล
108,การแสดงนาฏศิลป์สร้างสรรค์,ฟ้อนขันดอก,"ฟ้อนขันดอก เป็นศิลปะการแสดงภาคเหนือที่ถือขันดอก หรือ พาน ประกอบการแสดง 
โดยภายในพาน จะใส่ดอกไม้นานาชนิดที่มีความหมายมงคล การแสดงประกอบด้วยกระบวนท่ารําของล้านนาผสมผสานการโปรยดอกไม้เพื่อความเป็นสิริมงคล",4,10," 8,000 ",การแสดงสร้างสรรค์,งานเปิดบริษัท,งานมงคล
109,การแสดงนาฏศิลป์สร้างสรรค์,ฟ้อนขันดอก,"ฟ้อนขันดอก เป็นศิลปะการแสดงภาคเหนือที่ถือขันดอก หรือ พาน ประกอบการแสดง 
โดยภายในพาน จะใส่ดอกไม้นานาชนิดที่มีความหมายมงคล การแสดงประกอบด้วยกระบวนท่ารําของล้านนาผสมผสานการโปรยดอกไม้เพื่อความเป็นสิริมงคล",4,10," 8,000 ",การแสดงสร้างสรรค์,งานบวงสรวง,งานมงคล
110,การแสดงนาฏศิลป์สร้างสรรค์,ฟ้อนขันดอก,"ฟ้อนขันดอก เป็นศิลปะการแสดงภาคเหนือที่ถือขันดอก หรือ พาน ประกอบการแสดง 
โดยภายในพาน จะใส่ดอกไม้นานาชนิดที่มีความหมายมงคล การแสดงประกอบด้วยกระบวนท่ารําของล้านนาผสมผสานการโปรยดอกไม้เพื่อความเป็นสิริมงคล",4,10," 8,000 ",การแสดงสร้างสรรค์,งานไหว้ครู,งานมงคล
111,การแสดงนาฏศิลป์สร้างสรรค์,ฟ้อนขันดอก,"ฟ้อนขันดอก เป็นศิลปะการแสดงภาคเหนือที่ถือขันดอก หรือ พาน ประกอบการแสดง 
โดยภายในพาน จะใส่ดอกไม้นานาชนิดที่มีความหมายมงคล การแสดงประกอบด้วยกระบวนท่ารําของล้านนาผสมผสานการโปรยดอกไม้เพื่อความเป็นสิริมงคล",4,10," 8,000 ",การแสดงสร้างสรรค์,วันสงกรานต์,งานเทศกาล
112,การแสดงนาฏศิลป์สร้างสรรค์,ฟ้อนขันดอก,"ฟ้อนขันดอก เป็นศิลปะการแสดงภาคเหนือที่ถือขันดอก หรือ พาน ประกอบการแสดง 
โดยภายในพาน จะใส่ดอกไม้นานาชนิดที่มีความหมายมงคล การแสดงประกอบด้วยกระบวนท่ารําของล้านนาผสมผสานการโปรยดอกไม้เพื่อความเป็นสิริมงคล",4,10," 8,000 ",การแสดงสร้างสรรค์,วันขึ้นปีใหม่,งานเทศกาล
113,การแสดงนาฏศิลป์สร้างสรรค์,ฟ้อนขันดอก,"ฟ้อนขันดอก เป็นศิลปะการแสดงภาคเหนือที่ถือขันดอก หรือ พาน ประกอบการแสดง 
โดยภายในพาน จะใส่ดอกไม้นานาชนิดที่มีความหมายมงคล การแสดงประกอบด้วยกระบวนท่ารําของล้านนาผสมผสานการโปรยดอกไม้เพื่อความเป็นสิริมงคล",4,10," 8,000 ",การแสดงสร้างสรรค์,วันตรุษจีน,งานเทศกาล
114,การแสดงนาฏศิลป์สร้างสรรค์,ฟ้อนขันดอก,"ฟ้อนขันดอก เป็นศิลปะการแสดงภาคเหนือที่ถือขันดอก หรือ พาน ประกอบการแสดง 
โดยภายในพาน จะใส่ดอกไม้นานาชนิดที่มีความหมายมงคล การแสดงประกอบด้วยกระบวนท่ารําของล้านนาผสมผสานการโปรยดอกไม้เพื่อความเป็นสิริมงคล",4,10," 8,000 ",การแสดงสร้างสรรค์,วันลอยกระทง,งานเทศกาล
115,การแสดงนาฏศิลป์สร้างสรรค์,ฟ้อนขันดอก,"ฟ้อนขันดอก เป็นศิลปะการแสดงภาคเหนือที่ถือขันดอก หรือ พาน ประกอบการแสดง 
โดยภายในพาน จะใส่ดอกไม้นานาชนิดที่มีความหมายมงคล การแสดงประกอบด้วยกระบวนท่ารําของล้านนาผสมผสานการโปรยดอกไม้เพื่อความเป็นสิริมงคล",4,10," 8,000 ",การแสดงสร้างสรรค์,การเผยแพร่วัฒนธรรมในประเทศ,งานเผยแพร่วัฒนธรรม
116,การแสดงนาฏศิลป์สร้างสรรค์,ฟ้อนขันดอก,"ฟ้อนขันดอก เป็นศิลปะการแสดงภาคเหนือที่ถือขันดอก หรือ พาน ประกอบการแสดง 
โดยภายในพาน จะใส่ดอกไม้นานาชนิดที่มีความหมายมงคล การแสดงประกอบด้วยกระบวนท่ารําของล้านนาผสมผสานการโปรยดอกไม้เพื่อความเป็นสิริมงคล",4,10," 8,000 ",การแสดงสร้างสรรค์,การเผยแพร่วัฒนธรรมต่างประเทศ,งานเผยแพร่วัฒนธรรม
117,การแสดงนาฏศิลป์สร้างสรรค์,ฟ้อนขันดอก,"ฟ้อนขันดอก เป็นศิลปะการแสดงภาคเหนือที่ถือขันดอก หรือ พาน ประกอบการแสดง 
โดยภายในพาน จะใส่ดอกไม้นานาชนิดที่มีความหมายมงคล การแสดงประกอบด้วยกระบวนท่ารําของล้านนาผสมผสานการโปรยดอกไม้เพื่อความเป็นสิริมงคล",4,10," 8,000 ",การแสดงสร้างสรรค์,วันวิสาขบูชา,งานวันสำคัญทางศาสนา
118,การแสดงนาฏศิลป์สร้างสรรค์,ฟ้อนขันดอก,"ฟ้อนขันดอก เป็นศิลปะการแสดงภาคเหนือที่ถือขันดอก หรือ พาน ประกอบการแสดง 
โดยภายในพาน จะใส่ดอกไม้นานาชนิดที่มีความหมายมงคล การแสดงประกอบด้วยกระบวนท่ารําของล้านนาผสมผสานการโปรยดอกไม้เพื่อความเป็นสิริมงคล",4,10," 8,000 ",การแสดงสร้างสรรค์,วันเข้าพรรษา,งานวันสำคัญทางศาสนา
119,การแสดงนาฏศิลป์สร้างสรรค์,ฟ้อนขันดอก,"ฟ้อนขันดอก เป็นศิลปะการแสดงภาคเหนือที่ถือขันดอก หรือ พาน ประกอบการแสดง 
โดยภายในพาน จะใส่ดอกไม้นานาชนิดที่มีความหมายมงคล การแสดงประกอบด้วยกระบวนท่ารําของล้านนาผสมผสานการโปรยดอกไม้เพื่อความเป็นสิริมงคล",4,10," 8,000 ",การแสดงสร้างสรรค์,วันออกพรรษา,งานวันสำคัญทางศาสนา
120,การแสดงนาฏศิลป์สร้างสรรค์,ฟ้อนขันดอก,"ฟ้อนขันดอก เป็นศิลปะการแสดงภาคเหนือที่ถือขันดอก หรือ พาน ประกอบการแสดง 
โดยภายในพาน จะใส่ดอกไม้นานาชนิดที่มีความหมายมงคล การแสดงประกอบด้วยกระบวนท่ารําของล้านนาผสมผสานการโปรยดอกไม้เพื่อความเป็นสิริมงคล",4,10," 8,000 ",การแสดงสร้างสรรค์,งานสวดมนต์ข้ามปี,งานวันสำคัญทางศาสนา
121,การแสดงนาฏศิลป์สร้างสรรค์,ฟ้อนขันดอก,"ฟ้อนขันดอก เป็นศิลปะการแสดงภาคเหนือที่ถือขันดอก หรือ พาน ประกอบการแสดง 
โดยภายในพาน จะใส่ดอกไม้นานาชนิดที่มีความหมายมงคล การแสดงประกอบด้วยกระบวนท่ารําของล้านนาผสมผสานการโปรยดอกไม้เพื่อความเป็นสิริมงคล",4,10," 8,000 ",การแสดงสร้างสรรค์,งานเทศมหาชาติ,งานวันสำคัญทางศาสนา
122,การแสดงนาฏศิลป์สร้างสรรค์,ฟ้อนขันดอก,"ฟ้อนขันดอก เป็นศิลปะการแสดงภาคเหนือที่ถือขันดอก หรือ พาน ประกอบการแสดง 
โดยภายในพาน จะใส่ดอกไม้นานาชนิดที่มีความหมายมงคล การแสดงประกอบด้วยกระบวนท่ารําของล้านนาผสมผสานการโปรยดอกไม้เพื่อความเป็นสิริมงคล",4,10," 8,000 ",การแสดงสร้างสรรค์,งานประชุมสงฆ์,งานวันสำคัญทางศาสนา
123,การแสดงนาฏศิลป์สร้างสรรค์,ฟ้อนลีลาวดี,"ฟ้อนลีลาวดี เป็นการแสดงที่ได้แรงบันดาลใจมาจากต้นลีลาวดี 
ต้นไม้ที่มีอายุเกือบ 100 ปี มีความงดงาม ร่มเย็น และมีลักษณะพิเศษ
ที่น่าสนใจแก่ผู้พบเห็นอยู่บริเวณหน้าพระอุโบสถบวรสถานสุทธาวาส
(วัดพระแก้ววังหน้า) สู่แนวคิดการสร้างสรรค์ท่ารํา ให้มีความงดงาม
ตามท่วงทํานองของดนตรี",4,10," 8,000 ",การแสดงสร้างสรรค์,วันสงกรานต์,งานเทศกาล
124,การแสดงนาฏศิลป์สร้างสรรค์,ฟ้อนลีลาวดี,"ฟ้อนลีลาวดี เป็นการแสดงที่ได้แรงบันดาลใจมาจากต้นลีลาวดี 
ต้นไม้ที่มีอายุเกือบ 100 ปี มีความงดงาม ร่มเย็น และมีลักษณะพิเศษ
ที่น่าสนใจแก่ผู้พบเห็นอยู่บริเวณหน้าพระอุโบสถบวรสถานสุทธาวาส
(วัดพระแก้ววังหน้า) สู่แนวคิดการสร้างสรรค์ท่ารํา ให้มีความงดงาม
ตามท่วงทํานองของดนตรี",4,10," 8,000 ",การแสดงสร้างสรรค์,วันขึ้นปีใหม่,งานเทศกาล
125,การแสดงนาฏศิลป์สร้างสรรค์,ฟ้อนลีลาวดี,"ฟ้อนลีลาวดี เป็นการแสดงที่ได้แรงบันดาลใจมาจากต้นลีลาวดี 
ต้นไม้ที่มีอายุเกือบ 100 ปี มีความงดงาม ร่มเย็น และมีลักษณะพิเศษ
ที่น่าสนใจแก่ผู้พบเห็นอยู่บริเวณหน้าพระอุโบสถบวรสถานสุทธาวาส
(วัดพระแก้ววังหน้า) สู่แนวคิดการสร้างสรรค์ท่ารํา ให้มีความงดงาม
ตามท่วงทํานองของดนตรี",4,10," 8,000 ",การแสดงสร้างสรรค์,วันลอยกระทง,งานเทศกาล
126,การแสดงนาฏศิลป์สร้างสรรค์,ระบำม้า,"ระบำม้า เป็นการแสดงที่นางลมุล ยมะคุปต์ 
ผู้เชี่ยวชาญการสอนนาฏศิลป์ไทยคิดท่ารำขึ้นประกอบในละครเรื่องไชยเชษฐ์ ตอนนารายณ์ธิเบศร์เที่ยวป่า ต่อมาได้นำมาแสดงในละครเรื่องรถเสน ซึ่งกล่าวถึง รถเสนถูกนางยักษ์แปลงแกล้งใช้ให้ถือสารไปยังคชบุรีเมืองยักษ์ ก่อนออกเดินทางรถเสนไปคัดเลือกจับม้าที่ดีที่สุด เพื่อใช้เป็นพาหนะในการเดินทาง ",8,10," 16,000 ",การแสดงสร้างสรรค์,งานแต่งงาน,งานมงคล
127,การแสดงนาฏศิลป์สร้างสรรค์,ระบำม้า,"ระบำม้า เป็นการแสดงที่นางลมุล ยมะคุปต์ 
ผู้เชี่ยวชาญการสอนนาฏศิลป์ไทยคิดท่ารำขึ้นประกอบในละครเรื่องไชยเชษฐ์ ตอนนารายณ์ธิเบศร์เที่ยวป่า ต่อมาได้นำมาแสดงในละครเรื่องรถเสน ซึ่งกล่าวถึง รถเสนถูกนางยักษ์แปลงแกล้งใช้ให้ถือสารไปยังคชบุรีเมืองยักษ์ ก่อนออกเดินทางรถเสนไปคัดเลือกจับม้าที่ดีที่สุด เพื่อใช้เป็นพาหนะในการเดินทาง ",8,10," 16,000 ",การแสดงสร้างสรรค์,งานสวดอภิธรรม,งานอวมงคล
128,การแสดงนาฏศิลป์สร้างสรรค์,ระบำม้า,"ระบำม้า เป็นการแสดงที่นางลมุล ยมะคุปต์ 
ผู้เชี่ยวชาญการสอนนาฏศิลป์ไทยคิดท่ารำขึ้นประกอบในละครเรื่องไชยเชษฐ์ ตอนนารายณ์ธิเบศร์เที่ยวป่า ต่อมาได้นำมาแสดงในละครเรื่องรถเสน ซึ่งกล่าวถึง รถเสนถูกนางยักษ์แปลงแกล้งใช้ให้ถือสารไปยังคชบุรีเมืองยักษ์ ก่อนออกเดินทางรถเสนไปคัดเลือกจับม้าที่ดีที่สุด เพื่อใช้เป็นพาหนะในการเดินทาง ",8,10," 16,000 ",การแสดงสร้างสรรค์,วันสงกรานต์,งานเทศกาล
129,การแสดงนาฏศิลป์สร้างสรรค์,ระบำม้า,"ระบำม้า เป็นการแสดงที่นางลมุล ยมะคุปต์ 
ผู้เชี่ยวชาญการสอนนาฏศิลป์ไทยคิดท่ารำขึ้นประกอบในละครเรื่องไชยเชษฐ์ ตอนนารายณ์ธิเบศร์เที่ยวป่า ต่อมาได้นำมาแสดงในละครเรื่องรถเสน ซึ่งกล่าวถึง รถเสนถูกนางยักษ์แปลงแกล้งใช้ให้ถือสารไปยังคชบุรีเมืองยักษ์ ก่อนออกเดินทางรถเสนไปคัดเลือกจับม้าที่ดีที่สุด เพื่อใช้เป็นพาหนะในการเดินทาง ",8,10," 16,000 ",การแสดงสร้างสรรค์,วันขึ้นปีใหม่,งานเทศกาล
130,ระบำโบราณคดี,ระบำอยุธยา,"เป็นระบำที่ประดิษฐ์ขึ้นใหม่ เมื่อปี พ.ศ. 2529 จากความคิดริเริ่ม ของนายเสรี หวังในธรรม ผู้เชี่ยวชาญพิเศษด้านสังคีตศิลป์และศิลปินแห่งชาติ โดยมีวัตถุประสงค์ที่จะจัดเป็นระบำโบราณคดีอีกชุดหนึ่ง นางเฉลย ศุขะวณิช ผู้เชี่ยวชาญการสอนนาฏศิลป์ไทยและศิลปินแห่งชาติ เป็นผู้ประดิษฐ์ลีลาท่ารำ 
จัดแสดงเป็นครั้งแรกในงานศิลปหัตถกรรม ประจำปี พ.ศ. 2529 ",8,10," 16,000 ",การแสดงสร้างสรรค์,งานต้อนรับอาคันตุกะ,งานรัฐพิธี
131,ระบำโบราณคดี,ระบำอยุธยา,"เป็นระบำที่ประดิษฐ์ขึ้นใหม่ เมื่อปี พ.ศ. 2529 จากความคิดริเริ่ม ของนายเสรี หวังในธรรม ผู้เชี่ยวชาญพิเศษด้านสังคีตศิลป์และศิลปินแห่งชาติ โดยมีวัตถุประสงค์ที่จะจัดเป็นระบำโบราณคดีอีกชุดหนึ่ง นางเฉลย ศุขะวณิช ผู้เชี่ยวชาญการสอนนาฏศิลป์ไทยและศิลปินแห่งชาติ เป็นผู้ประดิษฐ์ลีลาท่ารำ 
จัดแสดงเป็นครั้งแรกในงานศิลปหัตถกรรม ประจำปี พ.ศ. 2539",8,10," 16,000 ",การแสดงสร้างสรรค์,งานสวดอภิธรรม,งานอวมงคล
132,ระบำโบราณคดี,ระบำอยุธยา,"เป็นระบำที่ประดิษฐ์ขึ้นใหม่ เมื่อปี พ.ศ. 2529 จากความคิดริเริ่ม ของนายเสรี หวังในธรรม ผู้เชี่ยวชาญพิเศษด้านสังคีตศิลป์และศิลปินแห่งชาติ โดยมีวัตถุประสงค์ที่จะจัดเป็นระบำโบราณคดีอีกชุดหนึ่ง นางเฉลย ศุขะวณิช ผู้เชี่ยวชาญการสอนนาฏศิลป์ไทยและศิลปินแห่งชาติ เป็นผู้ประดิษฐ์ลีลาท่ารำ 
จัดแสดงเป็นครั้งแรกในงานศิลปหัตถกรรม ประจำปี พ.ศ. 2541",8,10," 16,000 ",การแสดงสร้างสรรค์,งานฌาปนกิจศพ,งานอวมงคล
133,ระบำโบราณคดี,ระบำอยุธยา,"เป็นระบำที่ประดิษฐ์ขึ้นใหม่ เมื่อปี พ.ศ. 2529 จากความคิดริเริ่ม ของนายเสรี หวังในธรรม ผู้เชี่ยวชาญพิเศษด้านสังคีตศิลป์และศิลปินแห่งชาติ โดยมีวัตถุประสงค์ที่จะจัดเป็นระบำโบราณคดีอีกชุดหนึ่ง นางเฉลย ศุขะวณิช ผู้เชี่ยวชาญการสอนนาฏศิลป์ไทยและศิลปินแห่งชาติ เป็นผู้ประดิษฐ์ลีลาท่ารำ 
จัดแสดงเป็นครั้งแรกในงานศิลปหัตถกรรม ประจำปี พ.ศ. 2542",8,10," 16,000 ",การแสดงสร้างสรรค์,วันสงกรานต์,งานเทศกาล
134,ระบำโบราณคดี,ระบำอยุธยา,"เป็นระบำที่ประดิษฐ์ขึ้นใหม่ เมื่อปี พ.ศ. 2529 จากความคิดริเริ่ม ของนายเสรี หวังในธรรม ผู้เชี่ยวชาญพิเศษด้านสังคีตศิลป์และศิลปินแห่งชาติ โดยมีวัตถุประสงค์ที่จะจัดเป็นระบำโบราณคดีอีกชุดหนึ่ง นางเฉลย ศุขะวณิช ผู้เชี่ยวชาญการสอนนาฏศิลป์ไทยและศิลปินแห่งชาติ เป็นผู้ประดิษฐ์ลีลาท่ารำ 
จัดแสดงเป็นครั้งแรกในงานศิลปหัตถกรรม ประจำปี พ.ศ. 2543",8,10," 16,000 ",การแสดงสร้างสรรค์,วันขึ้นปีใหม่,งานเทศกาล
135,ระบำโบราณคดี,ระบำอยุธยา,"เป็นระบำที่ประดิษฐ์ขึ้นใหม่ เมื่อปี พ.ศ. 2529 จากความคิดริเริ่ม ของนายเสรี หวังในธรรม ผู้เชี่ยวชาญพิเศษด้านสังคีตศิลป์และศิลปินแห่งชาติ โดยมีวัตถุประสงค์ที่จะจัดเป็นระบำโบราณคดีอีกชุดหนึ่ง นางเฉลย ศุขะวณิช ผู้เชี่ยวชาญการสอนนาฏศิลป์ไทยและศิลปินแห่งชาติ เป็นผู้ประดิษฐ์ลีลาท่ารำ 
จัดแสดงเป็นครั้งแรกในงานศิลปหัตถกรรม ประจำปี พ.ศ. 2546",8,10," 16,000 ",การแสดงสร้างสรรค์,การเผยแพร่วัฒนธรรมในประเทศ,งานเผยแพร่วัฒนธรรม
136,ระบำโบราณคดี,ระบำอยุธยา,"เป็นระบำที่ประดิษฐ์ขึ้นใหม่ เมื่อปี พ.ศ. 2529 จากความคิดริเริ่ม ของนายเสรี หวังในธรรม ผู้เชี่ยวชาญพิเศษด้านสังคีตศิลป์และศิลปินแห่งชาติ โดยมีวัตถุประสงค์ที่จะจัดเป็นระบำโบราณคดีอีกชุดหนึ่ง นางเฉลย ศุขะวณิช ผู้เชี่ยวชาญการสอนนาฏศิลป์ไทยและศิลปินแห่งชาติ เป็นผู้ประดิษฐ์ลีลาท่ารำ 
จัดแสดงเป็นครั้งแรกในงานศิลปหัตถกรรม ประจำปี พ.ศ. 2548",8,10," 16,000 ",การแสดงสร้างสรรค์,วันวิสาขบูชา,งานวันสำคัญทางศาสนา
137,ระบำโบราณคดี,ระบำอยุธยา,"เป็นระบำที่ประดิษฐ์ขึ้นใหม่ เมื่อปี พ.ศ. 2529 จากความคิดริเริ่ม ของนายเสรี หวังในธรรม ผู้เชี่ยวชาญพิเศษด้านสังคีตศิลป์และศิลปินแห่งชาติ โดยมีวัตถุประสงค์ที่จะจัดเป็นระบำโบราณคดีอีกชุดหนึ่ง นางเฉลย ศุขะวณิช ผู้เชี่ยวชาญการสอนนาฏศิลป์ไทยและศิลปินแห่งชาติ เป็นผู้ประดิษฐ์ลีลาท่ารำ 
จัดแสดงเป็นครั้งแรกในงานศิลปหัตถกรรม ประจำปี พ.ศ. 2549",8,10," 16,000 ",การแสดงสร้างสรรค์,วันเข้าพรรษา,งานวันสำคัญทางศาสนา
138,ระบำโบราณคดี,ระบำอยุธยา,"เป็นระบำที่ประดิษฐ์ขึ้นใหม่ เมื่อปี พ.ศ. 2529 จากความคิดริเริ่ม ของนายเสรี หวังในธรรม ผู้เชี่ยวชาญพิเศษด้านสังคีตศิลป์และศิลปินแห่งชาติ โดยมีวัตถุประสงค์ที่จะจัดเป็นระบำโบราณคดีอีกชุดหนึ่ง นางเฉลย ศุขะวณิช ผู้เชี่ยวชาญการสอนนาฏศิลป์ไทยและศิลปินแห่งชาติ เป็นผู้ประดิษฐ์ลีลาท่ารำ 
จัดแสดงเป็นครั้งแรกในงานศิลปหัตถกรรม ประจำปี พ.ศ. 2550",8,10," 16,000 ",การแสดงสร้างสรรค์,วันออกพรรษา,งานวันสำคัญทางศาสนา
139,ระบำโบราณคดี,ระบำอยุธยา,"เป็นระบำที่ประดิษฐ์ขึ้นใหม่ เมื่อปี พ.ศ. 2529 จากความคิดริเริ่ม ของนายเสรี หวังในธรรม ผู้เชี่ยวชาญพิเศษด้านสังคีตศิลป์และศิลปินแห่งชาติ โดยมีวัตถุประสงค์ที่จะจัดเป็นระบำโบราณคดีอีกชุดหนึ่ง นางเฉลย ศุขะวณิช ผู้เชี่ยวชาญการสอนนาฏศิลป์ไทยและศิลปินแห่งชาติ เป็นผู้ประดิษฐ์ลีลาท่ารำ 
จัดแสดงเป็นครั้งแรกในงานศิลปหัตถกรรม ประจำปี พ.ศ. 2551",8,10," 16,000 ",การแสดงสร้างสรรค์,งานสวดมนต์ข้ามปี,งานวันสำคัญทางศาสนา
140,ระบำโบราณคดี,ระบำอยุธยา,"เป็นระบำที่ประดิษฐ์ขึ้นใหม่ เมื่อปี พ.ศ. 2529 จากความคิดริเริ่ม ของนายเสรี หวังในธรรม ผู้เชี่ยวชาญพิเศษด้านสังคีตศิลป์และศิลปินแห่งชาติ โดยมีวัตถุประสงค์ที่จะจัดเป็นระบำโบราณคดีอีกชุดหนึ่ง นางเฉลย ศุขะวณิช ผู้เชี่ยวชาญการสอนนาฏศิลป์ไทยและศิลปินแห่งชาติ เป็นผู้ประดิษฐ์ลีลาท่ารำ 
จัดแสดงเป็นครั้งแรกในงานศิลปหัตถกรรม ประจำปี พ.ศ. 2552",8,10," 16,000 ",การแสดงสร้างสรรค์,งานเทศมหาชาติ,งานวันสำคัญทางศาสนา
141,การแสดงนาฏศิลป์สร้างสรรค์,รับขวัญข้าว,"รับขวัญข้าว เป็นการแสดงที่ได้แนวคิดมาจากเรื่องราวพิธีกรรม
ในการทำขวัญข้าว ที่สะท้อนให้เห็นถึงความกตัญญูกตเวทีต่อผู้มีพระคุณ
ด้วยความเคารพบูชา ความสามัคคี ความมีนํ้าใจซึ่งวัฒนธรรมเหล่านี้
เป็นที่แพร่หลายในอดีต จากแนวคิดดังกล่าวนําสู่รูปแบบนาฏศิลป์สร้างสรรค์
เพื่อให้ชนรุ่นหลังเห็นถึงความสําคัญของผืนแผ่นดินที่ให้ความสมบูรณ์
ก่อให้เกิดพืชพรรณธัญญาหารหล่อเลี้ยงชวิตมนุษย์ พระคุณของ “ข้าว” 
อาหารหลักของชาติไทย ตลอดจนจารีตประเพณี วัฒนธรรม
อันแสดงให้เห็นถึงภูมิปัญญาอันทรงคุณค่าที่ควรสืบสาน",5,10," 10,000 ",การแสดงสร้างสรรค์,งานต้อนรับอาคันตุกะ,งานรัฐพิธี
142,การแสดงนาฏศิลป์สร้างสรรค์,รับขวัญข้าว,"รับขวัญข้าว เป็นการแสดงที่ได้แนวคิดมาจากเรื่องราวพิธีกรรม
ในการทําขวัญข้าว ที่สะท้อนให้เห็นถึงความกตัญญูกตเวทีต่อผู้มีพระคุณ
ด้วยความเคารพบูชา ความสามัคคี ความมีนํ้าใจซึ่งวัฒนธรรมเหล่านี้
เป็นที่แพร่หลายในอดีต จากแนวคิดดังกล่าวนําสู่รูปแบบนาฏศิลป์สร้างสรรค์
เพื่อให้ชนรุ่นหลังเห็นถึงความสําคัญของผืนแผ่นดินที่ให้ความสมบูรณ์
ก่อให้เกิดพืชพรรณธัญญาหารหล่อเลี้ยงชวิตมนุษย์ พระคุณของ “ข้าว” 
อาหารหลักของชาติไทย ตลอดจนจารีตประเพณี วัฒนธรรม
อันแสดงให้เห็นถึงภูมิปัญญาอันทรงคุณค่าที่ควรสืบสาน",5,10," 10,000 ",การแสดงสร้างสรรค์,งานทำบุญ,งานมงคล
143,การแสดงนาฏศิลป์สร้างสรรค์,รับขวัญข้าว,"รับขวัญข้าว เป็นการแสดงที่ได้แนวคิดมาจากเรื่องราวพิธีกรรม
ในการทําขวัญข้าว ที่สะท้อนให้เห็นถึงความกตัญญูกตเวทีต่อผู้มีพระคุณ
ด้วยความเคารพบูชา ความสามัคคี ความมีนํ้าใจซึ่งวัฒนธรรมเหล่านี้
เป็นที่แพร่หลายในอดีต จากแนวคิดดังกล่าวนําสู่รูปแบบนาฏศิลป์สร้างสรรค์
เพื่อให้ชนรุ่นหลังเห็นถึงความสําคัญของผืนแผ่นดินที่ให้ความสมบูรณ์
ก่อให้เกิดพืชพรรณธัญญาหารหล่อเลี้ยงชวิตมนุษย์ พระคุณของ “ข้าว” 
อาหารหลักของชาติไทย ตลอดจนจารีตประเพณี วัฒนธรรม
อันแสดงให้เห็นถึงภูมิปัญญาอันทรงคุณค่าที่ควรสืบสาน",5,10," 10,000 ",การแสดงสร้างสรรค์,งานวันเกิด,งานมงคล
144,การแสดงนาฏศิลป์สร้างสรรค์,รับขวัญข้าว,"รับขวัญข้าว เป็นการแสดงที่ได้แนวคิดมาจากเรื่องราวพิธีกรรม
ในการทําขวัญข้าว ที่สะท้อนให้เห็นถึงความกตัญญูกตเวทีต่อผู้มีพระคุณ
ด้วยความเคารพบูชา ความสามัคคี ความมีนํ้าใจซึ่งวัฒนธรรมเหล่านี้
เป็นที่แพร่หลายในอดีต จากแนวคิดดังกล่าวนําสู่รูปแบบนาฏศิลป์สร้างสรรค์
เพื่อให้ชนรุ่นหลังเห็นถึงความสําคัญของผืนแผ่นดินที่ให้ความสมบูรณ์
ก่อให้เกิดพืชพรรณธัญญาหารหล่อเลี้ยงชวิตมนุษย์ พระคุณของ “ข้าว” 
อาหารหลักของชาติไทย ตลอดจนจารีตประเพณี วัฒนธรรม
อันแสดงให้เห็นถึงภูมิปัญญาอันทรงคุณค่าที่ควรสืบสาน",5,10," 10,000 ",การแสดงสร้างสรรค์,งานแต่งงาน,งานมงคล
145,การแสดงนาฏศิลป์สร้างสรรค์,รับขวัญข้าว,"รับขวัญข้าว เป็นการแสดงที่ได้แนวคิดมาจากเรื่องราวพิธีกรรม
ในการทําขวัญข้าว ที่สะท้อนให้เห็นถึงความกตัญญูกตเวทีต่อผู้มีพระคุณ
ด้วยความเคารพบูชา ความสามัคคี ความมีนํ้าใจซึ่งวัฒนธรรมเหล่านี้
เป็นที่แพร่หลายในอดีต จากแนวคิดดังกล่าวนําสู่รูปแบบนาฏศิลป์สร้างสรรค์
เพื่อให้ชนรุ่นหลังเห็นถึงความสําคัญของผืนแผ่นดินที่ให้ความสมบูรณ์
ก่อให้เกิดพืชพรรณธัญญาหารหล่อเลี้ยงชวิตมนุษย์ พระคุณของ “ข้าว” 
อาหารหลักของชาติไทย ตลอดจนจารีตประเพณี วัฒนธรรม
อันแสดงให้เห็นถึงภูมิปัญญาอันทรงคุณค่าที่ควรสืบสาน",5,10," 10,000 ",การแสดงสร้างสรรค์,งานขึ้นบ้านใหม่,งานมงคล
146,การแสดงนาฏศิลป์สร้างสรรค์,รับขวัญข้าว,"รับขวัญข้าว เป็นการแสดงที่ได้แนวคิดมาจากเรื่องราวพิธีกรรม
ในการทําขวัญข้าว ที่สะท้อนให้เห็นถึงความกตัญญูกตเวทีต่อผู้มีพระคุณ
ด้วยความเคารพบูชา ความสามัคคี ความมีนํ้าใจซึ่งวัฒนธรรมเหล่านี้
เป็นที่แพร่หลายในอดีต จากแนวคิดดังกล่าวนําสู่รูปแบบนาฏศิลป์สร้างสรรค์
เพื่อให้ชนรุ่นหลังเห็นถึงความสําคัญของผืนแผ่นดินที่ให้ความสมบูรณ์
ก่อให้เกิดพืชพรรณธัญญาหารหล่อเลี้ยงชวิตมนุษย์ พระคุณของ “ข้าว” 
อาหารหลักของชาติไทย ตลอดจนจารีตประเพณี วัฒนธรรม
อันแสดงให้เห็นถึงภูมิปัญญาอันทรงคุณค่าที่ควรสืบสาน",5,10," 10,000 ",การแสดงสร้างสรรค์,งานเปิดบริษัท,งานมงคล
147,การแสดงนาฏศิลป์สร้างสรรค์,รับขวัญข้าว,"รับขวัญข้าว เป็นการแสดงที่ได้แนวคิดมาจากเรื่องราวพิธีกรรม
ในการทําขวัญข้าว ที่สะท้อนให้เห็นถึงความกตัญญูกตเวทีต่อผู้มีพระคุณ
ด้วยความเคารพบูชา ความสามัคคี ความมีนํ้าใจซึ่งวัฒนธรรมเหล่านี้
เป็นที่แพร่หลายในอดีต จากแนวคิดดังกล่าวนําสู่รูปแบบนาฏศิลป์สร้างสรรค์
เพื่อให้ชนรุ่นหลังเห็นถึงความสําคัญของผืนแผ่นดินที่ให้ความสมบูรณ์
ก่อให้เกิดพืชพรรณธัญญาหารหล่อเลี้ยงชวิตมนุษย์ พระคุณของ “ข้าว” 
อาหารหลักของชาติไทย ตลอดจนจารีตประเพณี วัฒนธรรม
อันแสดงให้เห็นถึงภูมิปัญญาอันทรงคุณค่าที่ควรสืบสาน",5,10," 10,000 ",การแสดงสร้างสรรค์,วันสงกรานต์,งานเทศกาล
148,การแสดงนาฏศิลป์สร้างสรรค์,รับขวัญข้าว,"รับขวัญข้าว เป็นการแสดงที่ได้แนวคิดมาจากเรื่องราวพิธีกรรม
ในการทําขวัญข้าว ที่สะท้อนให้เห็นถึงความกตัญญูกตเวทีต่อผู้มีพระคุณ
ด้วยความเคารพบูชา ความสามัคคี ความมีนํ้าใจซึ่งวัฒนธรรมเหล่านี้
เป็นที่แพร่หลายในอดีต จากแนวคิดดังกล่าวนําสู่รูปแบบนาฏศิลป์สร้างสรรค์
เพื่อให้ชนรุ่นหลังเห็นถึงความสําคัญของผืนแผ่นดินที่ให้ความสมบูรณ์
ก่อให้เกิดพืชพรรณธัญญาหารหล่อเลี้ยงชวิตมนุษย์ พระคุณของ “ข้าว” 
อาหารหลักของชาติไทย ตลอดจนจารีตประเพณี วัฒนธรรม
อันแสดงให้เห็นถึงภูมิปัญญาอันทรงคุณค่าที่ควรสืบสาน",5,10," 10,000 ",การแสดงสร้างสรรค์,วันขึ้นปีใหม่,งานเทศกาล
149,การแสดงนาฏศิลป์สร้างสรรค์,รับขวัญข้าว,"รับขวัญข้าว เป็นการแสดงที่ได้แนวคิดมาจากเรื่องราวพิธีกรรม
ในการทําขวัญข้าว ที่สะท้อนให้เห็นถึงความกตัญญูกตเวทีต่อผู้มีพระคุณ
ด้วยความเคารพบูชา ความสามัคคี ความมีนํ้าใจซึ่งวัฒนธรรมเหล่านี้
เป็นที่แพร่หลายในอดีต จากแนวคิดดังกล่าวนําสู่รูปแบบนาฏศิลป์สร้างสรรค์
เพื่อให้ชนรุ่นหลังเห็นถึงความสําคัญของผืนแผ่นดินที่ให้ความสมบูรณ์
ก่อให้เกิดพืชพรรณธัญญาหารหล่อเลี้ยงชวิตมนุษย์ พระคุณของ “ข้าว” 
อาหารหลักของชาติไทย ตลอดจนจารีตประเพณี วัฒนธรรม
อันแสดงให้เห็นถึงภูมิปัญญาอันทรงคุณค่าที่ควรสืบสาน",5,10," 10,000 ",การแสดงสร้างสรรค์,วันตรุษจีน,งานเทศกาล
150,การแสดงนาฏศิลป์สร้างสรรค์,รับขวัญข้าว,"รับขวัญข้าว เป็นการแสดงที่ได้แนวคิดมาจากเรื่องราวพิธีกรรม
ในการทําขวัญข้าว ที่สะท้อนให้เห็นถึงความกตัญญูกตเวทีต่อผู้มีพระคุณ
ด้วยความเคารพบูชา ความสามัคคี ความมีนํ้าใจซึ่งวัฒนธรรมเหล่านี้
เป็นที่แพร่หลายในอดีต จากแนวคิดดังกล่าวนําสู่รูปแบบนาฏศิลป์สร้างสรรค์
เพื่อให้ชนรุ่นหลังเห็นถึงความสําคัญของผืนแผ่นดินที่ให้ความสมบูรณ์
ก่อให้เกิดพืชพรรณธัญญาหารหล่อเลี้ยงชวิตมนุษย์ พระคุณของ “ข้าว” 
อาหารหลักของชาติไทย ตลอดจนจารีตประเพณี วัฒนธรรม
อันแสดงให้เห็นถึงภูมิปัญญาอันทรงคุณค่าที่ควรสืบสาน",5,10," 10,000 ",การแสดงสร้างสรรค์,วันลอยกระทง,งานเทศกาล
151,การแสดงนาฏศิลป์สร้างสรรค์,รับขวัญข้าว,"รับขวัญข้าว เป็นการแสดงที่ได้แนวคิดมาจากเรื่องราวพิธีกรรม
ในการทําขวัญข้าว ที่สะท้อนให้เห็นถึงความกตัญญูกตเวทีต่อผู้มีพระคุณ
ด้วยความเคารพบูชา ความสามัคคี ความมีนํ้าใจซึ่งวัฒนธรรมเหล่านี้
เป็นที่แพร่หลายในอดีต จากแนวคิดดังกล่าวนําสู่รูปแบบนาฏศิลป์สร้างสรรค์
เพื่อให้ชนรุ่นหลังเห็นถึงความสําคัญของผืนแผ่นดินที่ให้ความสมบูรณ์
ก่อให้เกิดพืชพรรณธัญญาหารหล่อเลี้ยงชวิตมนุษย์ พระคุณของ “ข้าว” 
อาหารหลักของชาติไทย ตลอดจนจารีตประเพณี วัฒนธรรม
อันแสดงให้เห็นถึงภูมิปัญญาอันทรงคุณค่าที่ควรสืบสาน",5,10," 10,000 ",การแสดงสร้างสรรค์,การเผยแพร่วัฒนธรรมในประเทศ,งานเผยแพร่วัฒนธรรม
152,การแสดงนาฏศิลป์สร้างสรรค์,รับขวัญข้าว,"รับขวัญข้าว เป็นการแสดงที่ได้แนวคิดมาจากเรื่องราวพิธีกรรม
ในการทําขวัญข้าว ที่สะท้อนให้เห็นถึงความกตัญญูกตเวทีต่อผู้มีพระคุณ
ด้วยความเคารพบูชา ความสามัคคี ความมีนํ้าใจซึ่งวัฒนธรรมเหล่านี้
เป็นที่แพร่หลายในอดีต จากแนวคิดดังกล่าวนําสู่รูปแบบนาฏศิลป์สร้างสรรค์
เพื่อให้ชนรุ่นหลังเห็นถึงความสําคัญของผืนแผ่นดินที่ให้ความสมบูรณ์
ก่อให้เกิดพืชพรรณธัญญาหารหล่อเลี้ยงชวิตมนุษย์ พระคุณของ “ข้าว” 
อาหารหลักของชาติไทย ตลอดจนจารีตประเพณี วัฒนธรรม
อันแสดงให้เห็นถึงภูมิปัญญาอันทรงคุณค่าที่ควรสืบสาน",5,10," 10,000 ",การแสดงสร้างสรรค์,การเผยแพร่วัฒนธรรมต่างประเทศ,งานเผยแพร่วัฒนธรรม
153,การแสดงนาฏศิลป์สร้างสรรค์,รับขวัญข้าว,"รับขวัญข้าว เป็นการแสดงที่ได้แนวคิดมาจากเรื่องราวพิธีกรรม
ในการทําขวัญข้าว ที่สะท้อนให้เห็นถึงความกตัญญูกตเวทีต่อผู้มีพระคุณ
ด้วยความเคารพบูชา ความสามัคคี ความมีนํ้าใจซึ่งวัฒนธรรมเหล่านี้
เป็นที่แพร่หลายในอดีต จากแนวคิดดังกล่าวนําสู่รูปแบบนาฏศิลป์สร้างสรรค์
เพื่อให้ชนรุ่นหลังเห็นถึงความสําคัญของผืนแผ่นดินที่ให้ความสมบูรณ์
ก่อให้เกิดพืชพรรณธัญญาหารหล่อเลี้ยงชวิตมนุษย์ พระคุณของ “ข้าว” 
อาหารหลักของชาติไทย ตลอดจนจารีตประเพณี วัฒนธรรม
อันแสดงให้เห็นถึงภูมิปัญญาอันทรงคุณค่าที่ควรสืบสาน",5,10," 10,000 ",การแสดงสร้างสรรค์,งานสวดมนต์ข้ามปี,งานวันสำคัญทางศาสนา
154,การแสดงนาฏศิลป์สร้างสรรค์,ล่องใต้,"ล่องใต้ เป็นการแสดงที่ได้แนวคิดมาจากศิลปวัฒนธรรมและวิถีชีวิต
ความเป็นอยู่ของประชากรทางภาคใต้อันมีเอกลักษณ์เฉพาะที่โดดเด่น
นําสู่การสร้างสรรค์การแสดงสื่อถึงประเพณี วัฒนธรรม วิถีชีวิต
ความเป็นอยู่ การประกอบอาชีพ โดยการแสดงสะท้อนให้เห็นถึงบรรยากาศ 
แห่งความสุข ความสนุกสนานของดินแดนภาคใต้",5,10," 10,000 ",การแสดงสร้างสรรค์,งานต้อนรับอาคันตุกะ,งานรัฐพิธี
155,การแสดงนาฏศิลป์สร้างสรรค์,ล่องใต้,"ล่องใต้ เป็นการแสดงที่ได้แนวคิดมาจากศิลปวัฒนธรรมและวิถีชีวิต
ความเป็นอยู่ของประชากรทางภาคใต้อันมีเอกลักษณ์เฉพาะที่โดดเด่น
นําสู่การสร้างสรรค์การแสดงสื่อถึงประเพณี วัฒนธรรม วิถีชีวิต
ความเป็นอยู่ การประกอบอาชีพ โดยการแสดงสะท้อนให้เห็นถึงบรรยากาศ 
แห่งความสุข ความสนุกสนานของดินแดนภาคใต้",5,10," 10,000 ",การแสดงสร้างสรรค์,วันสงกรานต์,งานเทศกาล
156,การแสดงนาฏศิลป์สร้างสรรค์,ล่องใต้,"ล่องใต้ เป็นการแสดงที่ได้แนวคิดมาจากศิลปวัฒนธรรมและวิถีชีวิต
ความเป็นอยู่ของประชากรทางภาคใต้อันมีเอกลักษณ์เฉพาะที่โดดเด่น
นําสู่การสร้างสรรค์การแสดงสื่อถึงประเพณี วัฒนธรรม วิถีชีวิต
ความเป็นอยู่ การประกอบอาชีพ โดยการแสดงสะท้อนให้เห็นถึงบรรยากาศ 
แห่งความสุข ความสนุกสนานของดินแดนภาคใต้",5,10," 10,000 ",การแสดงสร้างสรรค์,วันตรุษจีน,งานเทศกาล
157,การแสดงนาฏศิลป์สร้างสรรค์,ล่องใต้,"ล่องใต้ เป็นการแสดงที่ได้แนวคิดมาจากศิลปวัฒนธรรมและวิถีชีวิต
ความเป็นอยู่ของประชากรทางภาคใต้อันมีเอกลักษณ์เฉพาะที่โดดเด่น
นําสู่การสร้างสรรค์การแสดงสื่อถึงประเพณี วัฒนธรรม วิถีชีวิต
ความเป็นอยู่ การประกอบอาชีพ โดยการแสดงสะท้อนให้เห็นถึงบรรยากาศ 
แห่งความสุข ความสนุกสนานของดินแดนภาคใต้",5,10," 10,000 ",การแสดงสร้างสรรค์,การเผยแพร่วัฒนธรรมในประเทศ,งานเผยแพร่วัฒนธรรม
158,การแสดงนาฏศิลป์สร้างสรรค์,ล่องใต้,"ล่องใต้ เป็นการแสดงที่ได้แนวคิดมาจากศิลปวัฒนธรรมและวิถีชีวิต
ความเป็นอยู่ของประชากรทางภาคใต้อันมีเอกลักษณ์เฉพาะที่โดดเด่น
นําสู่การสร้างสรรค์การแสดงสื่อถึงประเพณี วัฒนธรรม วิถีชีวิต
ความเป็นอยู่ การประกอบอาชีพ โดยการแสดงสะท้อนให้เห็นถึงบรรยากาศ 
แห่งความสุข ความสนุกสนานของดินแดนภาคใต้",5,10," 10,000 ",การแสดงสร้างสรรค์,การเผยแพร่วัฒนธรรมต่างประเทศ,งานเผยแพร่วัฒนธรรม
159,การแสดงนาฏศิลป์สร้างสรรค์,ลายเกราะ,"ลายเกราะ เป็นการแสดงที่ได้แนวคิดมาจาก เกราะลอ หรือ ขอลอ
เครื่องดนตรีพื้นบ้านชนิดหนึ่งของภาคอีสาน นําเสนอผ่านท่ารําพื้นบ้านอีสาน
ที่มีความงดงาม ผสมผสานลีลาในการตีเกราะสนุกสนาน เร้าใจ
ด้วยท่วงทํานองของดนตรีพื้นบ้านอีสาน ",4,10," 8,000 ",การแสดงสร้างสรรค์,วันสงกรานต์,งานเทศกาล
160,การแสดงนาฏศิลป์สร้างสรรค์,ลายเกราะ,"ลายเกราะ เป็นการแสดงที่ได้แนวคิดมาจาก เกราะลอ หรือ ขอลอ
เครื่องดนตรีพื้นบ้านชนิดหนึ่งของภาคอีสาน นําเสนอผ่านท่ารําพื้นบ้านอีสาน
ที่มีความงดงาม ผสมผสานลีลาในการตีเกราะสนุกสนาน เร้าใจ
ด้วยท่วงทํานองของดนตรีพื้นบ้านอีสาน ",4,10," 8,000 ",การแสดงสร้างสรรค์,วันขึ้นปีใหม่,งานเทศกาล
161,การแสดงนาฏศิลป์สร้างสรรค์,ลายเกราะ,"ลายเกราะ เป็นการแสดงที่ได้แนวคิดมาจาก เกราะลอ หรือ ขอลอ
เครื่องดนตรีพื้นบ้านชนิดหนึ่งของภาคอีสาน นําเสนอผ่านท่ารําพื้นบ้านอีสาน
ที่มีความงดงาม ผสมผสานลีลาในการตีเกราะสนุกสนาน เร้าใจ
ด้วยท่วงทํานองของดนตรีพื้นบ้านอีสาน ",4,10," 8,000 ",การแสดงสร้างสรรค์,การเผยแพร่วัฒนธรรมในประเทศ,งานเผยแพร่วัฒนธรรม
162,การแสดงนาฏศิลป์สร้างสรรค์,ลายเกราะ,"ลายเกราะ เป็นการแสดงที่ได้แนวคิดมาจาก เกราะลอ หรือ ขอลอ
เครื่องดนตรีพื้นบ้านชนิดหนึ่งของภาคอีสาน นําเสนอผ่านท่ารําพื้นบ้านอีสาน
ที่มีความงดงาม ผสมผสานลีลาในการตีเกราะสนุกสนาน เร้าใจ
ด้วยท่วงทํานองของดนตรีพื้นบ้านอีสาน ",4,10," 8,000 ",การแสดงสร้างสรรค์,การเผยแพร่วัฒนธรรมต่างประเทศ,งานเผยแพร่วัฒนธรรม
163,การแสดงนาฏศิลป์สร้างสรรค์,ลีลาหมากแก๊ป,"ลีลาหมากแก๊บ เป็นการแสดงที่ได้แนวคิดมาจากเครื่องดนตรีพื้นบ้านอีสาน
ประเภทเครื่องตี ประกอบจังหวะ มีลักษณะเป็นไม้สั้นและไม้ยาว เรียกว่า
“หมากกับแก๊บ” นํามาเป็นอุปกรณ์สําคัญในการแสดง ผสมผสานวัฒนธรรม 
ท้องถิ่นด้านดนตรีและนาฏศิลป์พื้นบ้านอีสาน เพื่อถ่ายทอดถึงชีวิตความเป็นอยู่ 
ของหญิงสาวชาวบ้านหลังเสร็จงาน ลักษณะการแสดงมีความสนุกสนาน
สอดแทรกเอกลักษณ์ภูมิปัญญาวัฒนธรรม อันทรงคุณค่าของชาวอีสาน",4,10," 8,000 ",การแสดงสร้างสรรค์,งานต้อนรับอาคันตุกะ,งานรัฐพิธี
164,การแสดงนาฏศิลป์สร้างสรรค์,ลีลาหมากแก๊ป,"ลีลาหมากแก๊บ เป็นการแสดงที่ได้แนวคิดมาจากเครื่องดนตรีพื้นบ้านอีสาน
ประเภทเครื่องตี ประกอบจังหวะ มีลักษณะเป็นไม้สั้นและไม้ยาว เรียกว่า
“หมากกับแก๊บ” นํามาเป็นอุปกรณ์สําคัญในการแสดง ผสมผสานวัฒนธรรม 
ท้องถิ่นด้านดนตรีและนาฏศิลป์พื้นบ้านอีสาน เพื่อถ่ายทอดถึงชีวิตความเป็นอยู่ 
ของหญิงสาวชาวบ้านหลังเสร็จงาน ลักษณะการแสดงมีความสนุกสนาน
สอดแทรกเอกลักษณ์ภูมิปัญญาวัฒนธรรม อันทรงคุณค่าของชาวอีสาน",4,10," 8,000 ",การแสดงสร้างสรรค์,งานวันเกิด,งานมงคล
165,การแสดงนาฏศิลป์สร้างสรรค์,ลีลาหมากแก๊ป,"ลีลาหมากแก๊บ เป็นการแสดงที่ได้แนวคิดมาจากเครื่องดนตรีพื้นบ้านอีสาน
ประเภทเครื่องตี ประกอบจังหวะ มีลักษณะเป็นไม้สั้นและไม้ยาว เรียกว่า
“หมากกับแก๊บ” นํามาเป็นอุปกรณ์สําคัญในการแสดง ผสมผสานวัฒนธรรม 
ท้องถิ่นด้านดนตรีและนาฏศิลป์พื้นบ้านอีสาน เพื่อถ่ายทอดถึงชีวิตความเป็นอยู่ 
ของหญิงสาวชาวบ้านหลังเสร็จงาน ลักษณะการแสดงมีความสนุกสนาน
สอดแทรกเอกลักษณ์ภูมิปัญญาวัฒนธรรม อันทรงคุณค่าของชาวอีสาน",4,10," 8,000 ",การแสดงสร้างสรรค์,งานเปิดบริษัท,งานมงคล
166,การแสดงนาฏศิลป์สร้างสรรค์,ลีลาหมากแก๊ป,"ลีลาหมากแก๊บ เป็นการแสดงที่ได้แนวคิดมาจากเครื่องดนตรีพื้นบ้านอีสาน
ประเภทเครื่องตี ประกอบจังหวะ มีลักษณะเป็นไม้สั้นและไม้ยาว เรียกว่า
“หมากกับแก๊บ” นํามาเป็นอุปกรณ์สําคัญในการแสดง ผสมผสานวัฒนธรรม 
ท้องถิ่นด้านดนตรีและนาฏศิลป์พื้นบ้านอีสาน เพื่อถ่ายทอดถึงชีวิตความเป็นอยู่ 
ของหญิงสาวชาวบ้านหลังเสร็จงาน ลักษณะการแสดงมีความสนุกสนาน
สอดแทรกเอกลักษณ์ภูมิปัญญาวัฒนธรรม อันทรงคุณค่าของชาวอีสาน",4,10," 8,000 ",การแสดงสร้างสรรค์,วันสงกรานต์,งานเทศกาล
167,การแสดงนาฏศิลป์สร้างสรรค์,ลีลาหมากแก๊ป,"ลีลาหมากแก๊บ เป็นการแสดงที่ได้แนวคิดมาจากเครื่องดนตรีพื้นบ้านอีสาน
ประเภทเครื่องตี ประกอบจังหวะ มีลักษณะเป็นไม้สั้นและไม้ยาว เรียกว่า
“หมากกับแก๊บ” นํามาเป็นอุปกรณ์สําคัญในการแสดง ผสมผสานวัฒนธรรม 
ท้องถิ่นด้านดนตรีและนาฏศิลป์พื้นบ้านอีสาน เพื่อถ่ายทอดถึงชีวิตความเป็นอยู่ 
ของหญิงสาวชาวบ้านหลังเสร็จงาน ลักษณะการแสดงมีความสนุกสนาน
สอดแทรกเอกลักษณ์ภูมิปัญญาวัฒนธรรม อันทรงคุณค่าของชาวอีสาน",4,10," 8,000 ",การแสดงสร้างสรรค์,วันขึ้นปีใหม่,งานเทศกาล
168,การแสดงนาฏศิลป์สร้างสรรค์,ลีลาหมากแก๊ป,"ลีลาหมากแก๊บ เป็นการแสดงที่ได้แนวคิดมาจากเครื่องดนตรีพื้นบ้านอีสาน
ประเภทเครื่องตี ประกอบจังหวะ มีลักษณะเป็นไม้สั้นและไม้ยาว เรียกว่า
“หมากกับแก๊บ” นํามาเป็นอุปกรณ์สําคัญในการแสดง ผสมผสานวัฒนธรรม 
ท้องถิ่นด้านดนตรีและนาฏศิลป์พื้นบ้านอีสาน เพื่อถ่ายทอดถึงชีวิตความเป็นอยู่ 
ของหญิงสาวชาวบ้านหลังเสร็จงาน ลักษณะการแสดงมีความสนุกสนาน
สอดแทรกเอกลักษณ์ภูมิปัญญาวัฒนธรรม อันทรงคุณค่าของชาวอีสาน",4,10," 8,000 ",การแสดงสร้างสรรค์,วันลอยกระทง,งานเทศกาล
169,การแสดงนาฏศิลป์สร้างสรรค์,ลีลาหมากแก๊ป,"ลีลาหมากแก๊บ เป็นการแสดงที่ได้แนวคิดมาจากเครื่องดนตรีพื้นบ้านอีสาน
ประเภทเครื่องตี ประกอบจังหวะ มีลักษณะเป็นไม้สั้นและไม้ยาว เรียกว่า
“หมากกับแก๊บ” นํามาเป็นอุปกรณ์สําคัญในการแสดง ผสมผสานวัฒนธรรม 
ท้องถิ่นด้านดนตรีและนาฏศิลป์พื้นบ้านอีสาน เพื่อถ่ายทอดถึงชีวิตความเป็นอยู่ 
ของหญิงสาวชาวบ้านหลังเสร็จงาน ลักษณะการแสดงมีความสนุกสนาน
สอดแทรกเอกลักษณ์ภูมิปัญญาวัฒนธรรม อันทรงคุณค่าของชาวอีสาน",4,10," 8,000 ",การแสดงสร้างสรรค์,การเผยแพร่วัฒนธรรมในประเทศ,งานเผยแพร่วัฒนธรรม
170,การแสดงนาฏศิลป์สร้างสรรค์,ลีลาหมากแก๊ป,"ลีลาหมากแก๊บ เป็นการแสดงที่ได้แนวคิดมาจากเครื่องดนตรีพื้นบ้านอีสาน
ประเภทเครื่องตี ประกอบจังหวะ มีลักษณะเป็นไม้สั้นและไม้ยาว เรียกว่า
“หมากกับแก๊บ” นํามาเป็นอุปกรณ์สําคัญในการแสดง ผสมผสานวัฒนธรรม 
ท้องถิ่นด้านดนตรีและนาฏศิลป์พื้นบ้านอีสาน เพื่อถ่ายทอดถึงชีวิตความเป็นอยู่ 
ของหญิงสาวชาวบ้านหลังเสร็จงาน ลักษณะการแสดงมีความสนุกสนาน
สอดแทรกเอกลักษณ์ภูมิปัญญาวัฒนธรรม อันทรงคุณค่าของชาวอีสาน",4,10," 8,000 ",การแสดงสร้างสรรค์,การเผยแพร่วัฒนธรรมต่างประเทศ,งานเผยแพร่วัฒนธรรม
171,การแสดงนาฏศิลป์สร้างสรรค์,วิรัชสราญรมย์,"วิรัชสราญรมย์ เป็นการแสดงที่ได้แนวคิดมาจากค่านิยมการแต่งกาย
ของบุรุษและสตรีในสมัยรัชกาลที่ 6 โดยได้รับอิทธิพลมาจากชาติตะวันตก
นําเสนอท่าทางการเต้นและรําประกอบท่วงทํานองเพลงไทยและเพลงสากล
อันแสดงให้เห็นถึงการผสมผสานของสองวัฒนธรรม",4,10," 8,000 ",การแสดงสร้างสรรค์,งานต้อนรับอาคันตุกะ,งานรัฐพิธี
172,การแสดงนาฏศิลป์สร้างสรรค์,วิรัชสราญรมย์,"วิรัชสราญรมย์ เป็นการแสดงที่ได้แนวคิดมาจากค่านิยมการแต่งกาย
ของบุรุษและสตรีในสมัยรัชกาลที่ 6 โดยได้รับอิทธิพลมาจากชาติตะวันตก
นําเสนอท่าทางการเต้นและรําประกอบท่วงทํานองเพลงไทยและเพลงสากล
อันแสดงให้เห็นถึงการผสมผสานของสองวัฒนธรรม",4,10," 8,000 ",การแสดงสร้างสรรค์,งานสโมสรสันนิบาต,งานรัฐพิธี
173,การแสดงนาฏศิลป์สร้างสรรค์,วิรัชสราญรมย์,"วิรัชสราญรมย์ เป็นการแสดงที่ได้แนวคิดมาจากค่านิยมการแต่งกาย
ของบุรุษและสตรีในสมัยรัชกาลที่ 6 โดยได้รับอิทธิพลมาจากชาติตะวันตก
นําเสนอท่าทางการเต้นและรําประกอบท่วงทํานองเพลงไทยและเพลงสากล
อันแสดงให้เห็นถึงการผสมผสานของสองวัฒนธรรม",4,10," 8,000 ",การแสดงสร้างสรรค์,งานเฉลิมพระชนมพรรษาพระบรมวงศานุวงศ์,งานราชพิธี
174,การแสดงนาฏศิลป์สร้างสรรค์,วิรัชสราญรมย์,"วิรัชสราญรมย์ เป็นการแสดงที่ได้แนวคิดมาจากค่านิยมการแต่งกาย
ของบุรุษและสตรีในสมัยรัชกาลที่ 6 โดยได้รับอิทธิพลมาจากชาติตะวันตก
นําเสนอท่าทางการเต้นและรําประกอบท่วงทํานองเพลงไทยและเพลงสากล
อันแสดงให้เห็นถึงการผสมผสานของสองวัฒนธรรม",4,10," 8,000 ",การแสดงสร้างสรรค์,งานทำบุญ,งานมงคล
175,การแสดงนาฏศิลป์สร้างสรรค์,วิรัชสราญรมย์,"วิรัชสราญรมย์ เป็นการแสดงที่ได้แนวคิดมาจากค่านิยมการแต่งกาย
ของบุรุษและสตรีในสมัยรัชกาลที่ 6 โดยได้รับอิทธิพลมาจากชาติตะวันตก
นําเสนอท่าทางการเต้นและรําประกอบท่วงทํานองเพลงไทยและเพลงสากล
อันแสดงให้เห็นถึงการผสมผสานของสองวัฒนธรรม",4,10," 8,000 ",การแสดงสร้างสรรค์,งานวันเกิด,งานมงคล
176,การแสดงนาฏศิลป์สร้างสรรค์,วิรัชสราญรมย์,"วิรัชสราญรมย์ เป็นการแสดงที่ได้แนวคิดมาจากค่านิยมการแต่งกาย
ของบุรุษและสตรีในสมัยรัชกาลที่ 6 โดยได้รับอิทธิพลมาจากชาติตะวันตก
นําเสนอท่าทางการเต้นและรําประกอบท่วงทํานองเพลงไทยและเพลงสากล
อันแสดงให้เห็นถึงการผสมผสานของสองวัฒนธรรม",4,10," 8,000 ",การแสดงสร้างสรรค์,งานแต่งงาน,งานมงคล
177,การแสดงนาฏศิลป์สร้างสรรค์,วิรัชสราญรมย์,"วิรัชสราญรมย์ เป็นการแสดงที่ได้แนวคิดมาจากค่านิยมการแต่งกาย
ของบุรุษและสตรีในสมัยรัชกาลที่ 6 โดยได้รับอิทธิพลมาจากชาติตะวันตก
นําเสนอท่าทางการเต้นและรําประกอบท่วงทํานองเพลงไทยและเพลงสากล
อันแสดงให้เห็นถึงการผสมผสานของสองวัฒนธรรม",4,10," 8,000 ",การแสดงสร้างสรรค์,งานขึ้นบ้านใหม่,งานมงคล
178,การแสดงนาฏศิลป์สร้างสรรค์,วิรัชสราญรมย์,"วิรัชสราญรมย์ เป็นการแสดงที่ได้แนวคิดมาจากค่านิยมการแต่งกาย
ของบุรุษและสตรีในสมัยรัชกาลที่ 6 โดยได้รับอิทธิพลมาจากชาติตะวันตก
นําเสนอท่าทางการเต้นและรําประกอบท่วงทํานองเพลงไทยและเพลงสากล
อันแสดงให้เห็นถึงการผสมผสานของสองวัฒนธรรม",4,10," 8,000 ",การแสดงสร้างสรรค์,งานเปิดบริษัท,งานมงคล
179,การแสดงนาฏศิลป์สร้างสรรค์,วิรัชสราญรมย์,"วิรัชสราญรมย์ เป็นการแสดงที่ได้แนวคิดมาจากค่านิยมการแต่งกาย
ของบุรุษและสตรีในสมัยรัชกาลที่ 6 โดยได้รับอิทธิพลมาจากชาติตะวันตก
นําเสนอท่าทางการเต้นและรําประกอบท่วงทํานองเพลงไทยและเพลงสากล
อันแสดงให้เห็นถึงการผสมผสานของสองวัฒนธรรม",4,10," 8,000 ",การแสดงสร้างสรรค์,วันสงกรานต์,งานเทศกาล
180,การแสดงนาฏศิลป์สร้างสรรค์,วิรัชสราญรมย์,"วิรัชสราญรมย์ เป็นการแสดงที่ได้แนวคิดมาจากค่านิยมการแต่งกาย
ของบุรุษและสตรีในสมัยรัชกาลที่ 6 โดยได้รับอิทธิพลมาจากชาติตะวันตก
นําเสนอท่าทางการเต้นและรําประกอบท่วงทํานองเพลงไทยและเพลงสากล
อันแสดงให้เห็นถึงการผสมผสานของสองวัฒนธรรม",4,10," 8,000 ",การแสดงสร้างสรรค์,วันขึ้นปีใหม่,งานเทศกาล
181,การแสดงนาฏศิลป์สร้างสรรค์,วิรัชสราญรมย์,"วิรัชสราญรมย์ เป็นการแสดงที่ได้แนวคิดมาจากค่านิยมการแต่งกาย
ของบุรุษและสตรีในสมัยรัชกาลที่ 6 โดยได้รับอิทธิพลมาจากชาติตะวันตก
นําเสนอท่าทางการเต้นและรําประกอบท่วงทํานองเพลงไทยและเพลงสากล
อันแสดงให้เห็นถึงการผสมผสานของสองวัฒนธรรม",4,10," 8,000 ",การแสดงสร้างสรรค์,วันลอยกระทง,งานเทศกาล
182,การแสดงนาฏศิลป์สร้างสรรค์,วิรัชสราญรมย์,"วิรัชสราญรมย์ เป็นการแสดงที่ได้แนวคิดมาจากค่านิยมการแต่งกาย
ของบุรุษและสตรีในสมัยรัชกาลที่ 6 โดยได้รับอิทธิพลมาจากชาติตะวันตก
นําเสนอท่าทางการเต้นและรําประกอบท่วงทํานองเพลงไทยและเพลงสากล
อันแสดงให้เห็นถึงการผสมผสานของสองวัฒนธรรม",4,10," 8,000 ",การแสดงสร้างสรรค์,การเผยแพร่วัฒนธรรมในประเทศ,งานเผยแพร่วัฒนธรรม
183,การแสดงนาฏศิลป์สร้างสรรค์,วิรัชสราญรมย์,"วิรัชสราญรมย์ เป็นการแสดงที่ได้แนวคิดมาจากค่านิยมการแต่งกาย
ของบุรุษและสตรีในสมัยรัชกาลที่ 6 โดยได้รับอิทธิพลมาจากชาติตะวันตก
นําเสนอท่าทางการเต้นและรําประกอบท่วงทํานองเพลงไทยและเพลงสากล
อันแสดงให้เห็นถึงการผสมผสานของสองวัฒนธรรม",4,10," 8,000 ",การแสดงสร้างสรรค์,การเผยแพร่วัฒนธรรมต่างประเทศ,งานเผยแพร่วัฒนธรรม
184,การแสดงนาฏศิลป์สร้างสรรค์,สยามภารตะ,"สยามภารตะ เป็นการแสดงที่ผสมผสานระหว่างนาฏศิลป์อินเดีย และนาฏศิลป์ไทย
การแสดงสื่อถึงเรื่องราวการถ่ายทอดอารยธรรมและอิทธิพลทางวัฒนธรรม
ของอินเดียสู่ดินแดนสยาม โดยผ่านระยะเวลาการหลอมรวม ตลอดจนผสมผสาน
เป็นรูปแบบนาฏศิลป์ไทยที่งดงาม ใช้กระบวนท่ารํา การเคลื่อนไหวแบบนาฏศิลป์ 
อินเดียประเภทโอดิสสี ภารตนาฏยัม สลับกับท่ารําต้นแบบจากการแสดงราชสํานักของไทย",8,10," 16,000 ",การแสดงสร้างสรรค์,การเผยแพร่วัฒนธรรมในประเทศ,งานเผยแพร่วัฒนธรรม
185,การแสดงนาฏศิลป์สร้างสรรค์,สยามภารตะ,"สยามภารตะ เป็นการแสดงที่ผสมผสานระหว่างนาฏศิลป์อินเดีย และนาฏศิลป์ไทย
การแสดงสื่อถึงเรื่องราวการถ่ายทอดอารยธรรมและอิทธิพลทางวัฒนธรรม
ของอินเดียสู่ดินแดนสยาม โดยผ่านระยะเวลาการหลอมรวม ตลอดจนผสมผสาน
เป็นรูปแบบนาฏศิลป์ไทยที่งดงาม ใช้กระบวนท่ารํา การเคลื่อนไหวแบบนาฏศิลป์ 
อินเดียประเภทโอดิสสี ภารตนาฏยัม สลับกับท่ารําต้นแบบจากการแสดงราชสํานักของไทย",8,10," 16,000 ",การแสดงสร้างสรรค์,งานสวดมนต์ข้ามปี,งานวันสำคัญทางศาสนา
186,การแสดงนาฏศิลป์สร้างสรรค์,สยามภารตะ,"สยามภารตะ เป็นการแสดงที่ผสมผสานระหว่างนาฏศิลป์อินเดีย และนาฏศิลป์ไทย
การแสดงสื่อถึงเรื่องราวการถ่ายทอดอารยธรรมและอิทธิพลทางวัฒนธรรม
ของอินเดียสู่ดินแดนสยาม โดยผ่านระยะเวลาการหลอมรวม ตลอดจนผสมผสาน
เป็นรูปแบบนาฏศิลป์ไทยที่งดงาม ใช้กระบวนท่ารํา การเคลื่อนไหวแบบนาฏศิลป์ 
อินเดียประเภทโอดิสสี ภารตนาฏยัม สลับกับท่ารําต้นแบบจากการแสดงราชสํานักของไทย",8,10," 16,000 ",การแสดงสร้างสรรค์,งานเทศมหาชาติ,งานวันสำคัญทางศาสนา
187,การแสดงนาฏศิลป์สร้างสรรค์,สักการะเทวราช,"สักการะเทวราช เป็นการแสดงที่ได้แนวคิดมาจากพระราชพิธีอินทราภิเษก
ในสมัยอยุธยา ซึ่งพบว่ามีการแสดงมหรสพในชวงท้ายของพระราชพิธี 
สร้างสรรค์เครื่องแต่งกายและเครื่องประดับจากงานประติมากรรมและ
เครื่องทรงพระพุทธรูปสมัยอยุธยา สร้างสรรค์ท่ารําจากภาพลายเส้นตำรารำ
ต้นกรุงรัตนโกสินทร์ ผสมผสานท่านาฏศิลป์ไทยพื้นฐาน รูปแบบการแสดง
แสดงถึงการบูชาและเทิดทูนองค์พระมหากษัตริย์ดุจดังพระอินทร์",6,10," 12,000 ",การแสดงสร้างสรรค์,งานต้อนรับอาคันตุกะ,งานรัฐพิธี
188,การแสดงนาฏศิลป์สร้างสรรค์,สักการะเทวราช,"สักการะเทวราช เป็นการแสดงที่ได้แนวคิดมาจากพระราชพิธีอินทราภิเษก
ในสมัยอยุธยา ซึ่งพบว่ามีการแสดงมหรสพในชวงท้ายของพระราชพิธี 
สร้างสรรค์เครื่องแต่งกายและเครื่องประดับจากงานประติมากรรมและ
เครื่องทรงพระพุทธรูปสมัยอยุธยา สร้างสรรค์ท่ารําจากภาพลายเส้นตำรารำ
ต้นกรุงรัตนโกสินทร์ ผสมผสานท่านาฏศิลป์ไทยพื้นฐาน รูปแบบการแสดง
แสดงถึงการบูชาและเทิดทูนองค์พระมหากษัตริย์ดุจดังพระอินทร์",6,10," 12,000 ",การแสดงสร้างสรรค์,งานทำบุญ,งานมงคล
189,การแสดงนาฏศิลป์สร้างสรรค์,สักการะเทวราช,"สักการะเทวราช เป็นการแสดงที่ได้แนวคิดมาจากพระราชพิธีอินทราภิเษก
ในสมัยอยุธยา ซึ่งพบว่ามีการแสดงมหรสพในชวงท้ายของพระราชพิธี 
สร้างสรรค์เครื่องแต่งกายและเครื่องประดับจากงานประติมากรรมและ
เครื่องทรงพระพุทธรูปสมัยอยุธยา สร้างสรรค์ท่ารําจากภาพลายเส้นตำรารำ
ต้นกรุงรัตนโกสินทร์ ผสมผสานท่านาฏศิลป์ไทยพื้นฐาน รูปแบบการแสดง
แสดงถึงการบูชาและเทิดทูนองค์พระมหากษัตริย์ดุจดังพระอินทร์",6,10," 12,000 ",การแสดงสร้างสรรค์,งานวันเกิด,งานมงคล
190,การแสดงนาฏศิลป์สร้างสรรค์,สักการะเทวราช,"สักการะเทวราช เป็นการแสดงที่ได้แนวคิดมาจากพระราชพิธีอินทราภิเษก
ในสมัยอยุธยา ซึ่งพบว่ามีการแสดงมหรสพในชวงท้ายของพระราชพิธี 
สร้างสรรค์เครื่องแต่งกายและเครื่องประดับจากงานประติมากรรมและ
เครื่องทรงพระพุทธรูปสมัยอยุธยา สร้างสรรค์ท่ารําจากภาพลายเส้นตำรารำ
ต้นกรุงรัตนโกสินทร์ ผสมผสานท่านาฏศิลป์ไทยพื้นฐาน รูปแบบการแสดง
แสดงถึงการบูชาและเทิดทูนองค์พระมหากษัตริย์ดุจดังพระอินทร์",6,10," 12,000 ",การแสดงสร้างสรรค์,งานขึ้นบ้านใหม่,งานมงคล
191,การแสดงนาฏศิลป์สร้างสรรค์,สักการะเทวราช,"สักการะเทวราช เป็นการแสดงที่ได้แนวคิดมาจากพระราชพิธีอินทราภิเษก
ในสมัยอยุธยา ซึ่งพบว่ามีการแสดงมหรสพในชวงท้ายของพระราชพิธี 
สร้างสรรค์เครื่องแต่งกายและเครื่องประดับจากงานประติมากรรมและ
เครื่องทรงพระพุทธรูปสมัยอยุธยา สร้างสรรค์ท่ารําจากภาพลายเส้นตำรารำ
ต้นกรุงรัตนโกสินทร์ ผสมผสานท่านาฏศิลป์ไทยพื้นฐาน รูปแบบการแสดง
แสดงถึงการบูชาและเทิดทูนองค์พระมหากษัตริย์ดุจดังพระอินทร์",6,10," 12,000 ",การแสดงสร้างสรรค์,งานเปิดบริษัท,งานมงคล
192,การแสดงนาฏศิลป์สร้างสรรค์,สักการะเทวราช,"สักการะเทวราช เป็นการแสดงที่ได้แนวคิดมาจากพระราชพิธีอินทราภิเษก
ในสมัยอยุธยา ซึ่งพบว่ามีการแสดงมหรสพในชวงท้ายของพระราชพิธี 
สร้างสรรค์เครื่องแต่งกายและเครื่องประดับจากงานประติมากรรมและ
เครื่องทรงพระพุทธรูปสมัยอยุธยา สร้างสรรค์ท่ารําจากภาพลายเส้นตำรารำ
ต้นกรุงรัตนโกสินทร์ ผสมผสานท่านาฏศิลป์ไทยพื้นฐาน รูปแบบการแสดง
แสดงถึงการบูชาและเทิดทูนองค์พระมหากษัตริย์ดุจดังพระอินทร์",6,10," 12,000 ",การแสดงสร้างสรรค์,งานบวงสรวง,งานมงคล
193,การแสดงนาฏศิลป์สร้างสรรค์,สักการะเทวราช,"สักการะเทวราช เป็นการแสดงที่ได้แนวคิดมาจากพระราชพิธีอินทราภิเษก
ในสมัยอยุธยา ซึ่งพบว่ามีการแสดงมหรสพในชวงท้ายของพระราชพิธี 
สร้างสรรค์เครื่องแต่งกายและเครื่องประดับจากงานประติมากรรมและ
เครื่องทรงพระพุทธรูปสมัยอยุธยา สร้างสรรค์ท่ารําจากภาพลายเส้นตำรารำ
ต้นกรุงรัตนโกสินทร์ ผสมผสานท่านาฏศิลป์ไทยพื้นฐาน รูปแบบการแสดง
แสดงถึงการบูชาและเทิดทูนองค์พระมหากษัตริย์ดุจดังพระอินทร์",6,10," 12,000 ",การแสดงสร้างสรรค์,งานไหว้ครู,งานมงคล
194,การแสดงนาฏศิลป์สร้างสรรค์,สักการะเทวราช,"สักการะเทวราช เป็นการแสดงที่ได้แนวคิดมาจากพระราชพิธีอินทราภิเษก
ในสมัยอยุธยา ซึ่งพบว่ามีการแสดงมหรสพในชวงท้ายของพระราชพิธี 
สร้างสรรค์เครื่องแต่งกายและเครื่องประดับจากงานประติมากรรมและ
เครื่องทรงพระพุทธรูปสมัยอยุธยา สร้างสรรค์ท่ารําจากภาพลายเส้นตำรารำ
ต้นกรุงรัตนโกสินทร์ ผสมผสานท่านาฏศิลป์ไทยพื้นฐาน รูปแบบการแสดง
แสดงถึงการบูชาและเทิดทูนองค์พระมหากษัตริย์ดุจดังพระอินทร์",6,10," 12,000 ",การแสดงสร้างสรรค์,วันสงกรานต์,งานเทศกาล
195,การแสดงนาฏศิลป์สร้างสรรค์,สักการะเทวราช,"สักการะเทวราช เป็นการแสดงที่ได้แนวคิดมาจากพระราชพิธีอินทราภิเษก
ในสมัยอยุธยา ซึ่งพบว่ามีการแสดงมหรสพในชวงท้ายของพระราชพิธี 
สร้างสรรค์เครื่องแต่งกายและเครื่องประดับจากงานประติมากรรมและ
เครื่องทรงพระพุทธรูปสมัยอยุธยา สร้างสรรค์ท่ารําจากภาพลายเส้นตำรารำ
ต้นกรุงรัตนโกสินทร์ ผสมผสานท่านาฏศิลป์ไทยพื้นฐาน รูปแบบการแสดง
แสดงถึงการบูชาและเทิดทูนองค์พระมหากษัตริย์ดุจดังพระอินทร์",6,10," 12,000 ",การแสดงสร้างสรรค์,วันขึ้นปีใหม่,งานเทศกาล
196,การแสดงนาฏศิลป์สร้างสรรค์,สักการะเทวราช,"สักการะเทวราช เป็นการแสดงที่ได้แนวคิดมาจากพระราชพิธีอินทราภิเษก
ในสมัยอยุธยา ซึ่งพบว่ามีการแสดงมหรสพในชวงท้ายของพระราชพิธี 
สร้างสรรค์เครื่องแต่งกายและเครื่องประดับจากงานประติมากรรมและ
เครื่องทรงพระพุทธรูปสมัยอยุธยา สร้างสรรค์ท่ารําจากภาพลายเส้นตำรารำ
ต้นกรุงรัตนโกสินทร์ ผสมผสานท่านาฏศิลป์ไทยพื้นฐาน รูปแบบการแสดง
แสดงถึงการบูชาและเทิดทูนองค์พระมหากษัตริย์ดุจดังพระอินทร์",6,10," 12,000 ",การแสดงสร้างสรรค์,วันตรุษจีน,งานเทศกาล
197,การแสดงนาฏศิลป์สร้างสรรค์,สักการะเทวราช,"สักการะเทวราช เป็นการแสดงที่ได้แนวคิดมาจากพระราชพิธีอินทราภิเษก
ในสมัยอยุธยา ซึ่งพบว่ามีการแสดงมหรสพในชวงท้ายของพระราชพิธี 
สร้างสรรค์เครื่องแต่งกายและเครื่องประดับจากงานประติมากรรมและ
เครื่องทรงพระพุทธรูปสมัยอยุธยา สร้างสรรค์ท่ารําจากภาพลายเส้นตำรารำ
ต้นกรุงรัตนโกสินทร์ ผสมผสานท่านาฏศิลป์ไทยพื้นฐาน รูปแบบการแสดง
แสดงถึงการบูชาและเทิดทูนองค์พระมหากษัตริย์ดุจดังพระอินทร์",6,10," 12,000 ",การแสดงสร้างสรรค์,วันลอยกระทง,งานเทศกาล
198,การแสดงนาฏศิลป์สร้างสรรค์,สักการะเทวราช,"สักการะเทวราช เป็นการแสดงที่ได้แนวคิดมาจากพระราชพิธีอินทราภิเษก
ในสมัยอยุธยา ซึ่งพบว่ามีการแสดงมหรสพในชวงท้ายของพระราชพิธี 
สร้างสรรค์เครื่องแต่งกายและเครื่องประดับจากงานประติมากรรมและ
เครื่องทรงพระพุทธรูปสมัยอยุธยา สร้างสรรค์ท่ารําจากภาพลายเส้นตำรารำ
ต้นกรุงรัตนโกสินทร์ ผสมผสานท่านาฏศิลป์ไทยพื้นฐาน รูปแบบการแสดง
แสดงถึงการบูชาและเทิดทูนองค์พระมหากษัตริย์ดุจดังพระอินทร์",6,10," 12,000 ",การแสดงสร้างสรรค์,การเผยแพร่วัฒนธรรมในประเทศ,งานเผยแพร่วัฒนธรรม
199,การแสดงนาฏศิลป์สร้างสรรค์,สักการะเทวราช,"สักการะเทวราช เป็นการแสดงที่ได้แนวคิดมาจากพระราชพิธีอินทราภิเษก
ในสมัยอยุธยา ซึ่งพบว่ามีการแสดงมหรสพในชวงท้ายของพระราชพิธี 
สร้างสรรค์เครื่องแต่งกายและเครื่องประดับจากงานประติมากรรมและ
เครื่องทรงพระพุทธรูปสมัยอยุธยา สร้างสรรค์ท่ารําจากภาพลายเส้นตำรารำ
ต้นกรุงรัตนโกสินทร์ ผสมผสานท่านาฏศิลป์ไทยพื้นฐาน รูปแบบการแสดง
แสดงถึงการบูชาและเทิดทูนองค์พระมหากษัตริย์ดุจดังพระอินทร์",6,10," 12,000 ",การแสดงสร้างสรรค์,การเผยแพร่วัฒนธรรมต่างประเทศ,งานเผยแพร่วัฒนธรรม
200,การแสดงนาฏศิลป์สร้างสรรค์,สักการะเทวราช,"สักการะเทวราช เป็นการแสดงที่ได้แนวคิดมาจากพระราชพิธีอินทราภิเษก
ในสมัยอยุธยา ซึ่งพบว่ามีการแสดงมหรสพในชวงท้ายของพระราชพิธี 
สร้างสรรค์เครื่องแต่งกายและเครื่องประดับจากงานประติมากรรมและ
เครื่องทรงพระพุทธรูปสมัยอยุธยา สร้างสรรค์ท่ารําจากภาพลายเส้นตำรารำ
ต้นกรุงรัตนโกสินทร์ ผสมผสานท่านาฏศิลป์ไทยพื้นฐาน รูปแบบการแสดง
แสดงถึงการบูชาและเทิดทูนองค์พระมหากษัตริย์ดุจดังพระอินทร์",6,10," 12,000 ",การแสดงสร้างสรรค์,วันวิสาขบูชา,งานวันสำคัญทางศาสนา
201,การแสดงนาฏศิลป์สร้างสรรค์,สักการะเทวราช,"สักการะเทวราช เป็นการแสดงที่ได้แนวคิดมาจากพระราชพิธีอินทราภิเษก
ในสมัยอยุธยา ซึ่งพบว่ามีการแสดงมหรสพในชวงท้ายของพระราชพิธี 
สร้างสรรค์เครื่องแต่งกายและเครื่องประดับจากงานประติมากรรมและ
เครื่องทรงพระพุทธรูปสมัยอยุธยา สร้างสรรค์ท่ารําจากภาพลายเส้นตำรารำ
ต้นกรุงรัตนโกสินทร์ ผสมผสานท่านาฏศิลป์ไทยพื้นฐาน รูปแบบการแสดง
แสดงถึงการบูชาและเทิดทูนองค์พระมหากษัตริย์ดุจดังพระอินทร์",6,10," 12,000 ",การแสดงสร้างสรรค์,วันเข้าพรรษา,งานวันสำคัญทางศาสนา
202,การแสดงนาฏศิลป์สร้างสรรค์,สักการะเทวราช,"สักการะเทวราช เป็นการแสดงที่ได้แนวคิดมาจากพระราชพิธีอินทราภิเษก
ในสมัยอยุธยา ซึ่งพบว่ามีการแสดงมหรสพในชวงท้ายของพระราชพิธี 
สร้างสรรค์เครื่องแต่งกายและเครื่องประดับจากงานประติมากรรมและ
เครื่องทรงพระพุทธรูปสมัยอยุธยา สร้างสรรค์ท่ารําจากภาพลายเส้นตำรารำ
ต้นกรุงรัตนโกสินทร์ ผสมผสานท่านาฏศิลป์ไทยพื้นฐาน รูปแบบการแสดง
แสดงถึงการบูชาและเทิดทูนองค์พระมหากษัตริย์ดุจดังพระอินทร์",6,10," 12,000 ",การแสดงสร้างสรรค์,วันออกพรรษา,งานวันสำคัญทางศาสนา
203,การแสดงนาฏศิลป์สร้างสรรค์,สักการะเทวราช,"สักการะเทวราช เป็นการแสดงที่ได้แนวคิดมาจากพระราชพิธีอินทราภิเษก
ในสมัยอยุธยา ซึ่งพบว่ามีการแสดงมหรสพในชวงท้ายของพระราชพิธี 
สร้างสรรค์เครื่องแต่งกายและเครื่องประดับจากงานประติมากรรมและ
เครื่องทรงพระพุทธรูปสมัยอยุธยา สร้างสรรค์ท่ารําจากภาพลายเส้นตำรารำ
ต้นกรุงรัตนโกสินทร์ ผสมผสานท่านาฏศิลป์ไทยพื้นฐาน รูปแบบการแสดง
แสดงถึงการบูชาและเทิดทูนองค์พระมหากษัตริย์ดุจดังพระอินทร์",6,10," 12,000 ",การแสดงสร้างสรรค์,งานสวดมนต์ข้ามปี,งานวันสำคัญทางศาสนา
204,การแสดงนาฏศิลป์สร้างสรรค์,สักการะเทวราช,"สักการะเทวราช เป็นการแสดงที่ได้แนวคิดมาจากพระราชพิธีอินทราภิเษก
ในสมัยอยุธยา ซึ่งพบว่ามีการแสดงมหรสพในชวงท้ายของพระราชพิธี 
สร้างสรรค์เครื่องแต่งกายและเครื่องประดับจากงานประติมากรรมและ
เครื่องทรงพระพุทธรูปสมัยอยุธยา สร้างสรรค์ท่ารําจากภาพลายเส้นตำรารำ
ต้นกรุงรัตนโกสินทร์ ผสมผสานท่านาฏศิลป์ไทยพื้นฐาน รูปแบบการแสดง
แสดงถึงการบูชาและเทิดทูนองค์พระมหากษัตริย์ดุจดังพระอินทร์",6,10," 12,000 ",การแสดงสร้างสรรค์,งานเทศมหาชาติ,งานวันสำคัญทางศาสนา
205,การแสดงนาฏศิลป์สร้างสรรค์,สักการะเทวราช,"สักการะเทวราช เป็นการแสดงที่ได้แนวคิดมาจากพระราชพิธีอินทราภิเษก
ในสมัยอยุธยา ซึ่งพบว่ามีการแสดงมหรสพในชวงท้ายของพระราชพิธี 
สร้างสรรค์เครื่องแต่งกายและเครื่องประดับจากงานประติมากรรมและ
เครื่องทรงพระพุทธรูปสมัยอยุธยา สร้างสรรค์ท่ารําจากภาพลายเส้นตำรารำ
ต้นกรุงรัตนโกสินทร์ ผสมผสานท่านาฏศิลป์ไทยพื้นฐาน รูปแบบการแสดง
แสดงถึงการบูชาและเทิดทูนองค์พระมหากษัตริย์ดุจดังพระอินทร์",6,10," 12,000 ",การแสดงสร้างสรรค์,งานประชุมสงฆ์,งานวันสำคัญทางศาสนา
206,การแสดงนาฏศิลป์สร้างสรรค์,ออเจ้าชาวกรุงศรี,"ออเจ้าชาวกรุงศรี เป็นการแสดงที่ได้แนวคิดมาจากสตรีในราชสํานัก
ที่พร้อมไปด้วยความงาม กิริยาเรียบร้อย การนุ่งห่มอาภรณ์เครื่องประดับ
ทรงคุณค่าและการดําเนินชวิตด้วยความสุนทรีย์ตามรูปแบบกุลสตรี 
ด้วยเสียงดนตรีที่ไพเราะ นําย้อนวันวานแห่งความทรงจํา ",5,10," 10,000 ",การแสดงสร้างสรรค์,งานต้อนรับอาคันตุกะ,งานรัฐพิธี
207,การแสดงนาฏศิลป์สร้างสรรค์,ออเจ้าชาวกรุงศรี,"ออเจ้าชาวกรุงศรี เป็นการแสดงที่ได้แนวคิดมาจากสตรีในราชสํานัก
ที่พร้อมไปด้วยความงาม กิริยาเรียบร้อย การนุ่งห่มอาภรณ์เครื่องประดับ
ทรงคุณค่าและการดําเนินชวิตด้วยความสุนทรีย์ตามรูปแบบกุลสตรี 
ด้วยเสียงดนตรีที่ไพเราะ นําย้อนวันวานแห่งความทรงจํา ",5,10," 10,000 ",การแสดงสร้างสรรค์,งานเฉลิมพระชนมพรรษาพระบรมวงศานุวงศ์,งานราชพิธี
208,การแสดงนาฏศิลป์สร้างสรรค์,ออเจ้าชาวกรุงศรี,"ออเจ้าชาวกรุงศรี เป็นการแสดงที่ได้แนวคิดมาจากสตรีในราชสํานัก
ที่พร้อมไปด้วยความงาม กิริยาเรียบร้อย การนุ่งห่มอาภรณ์เครื่องประดับ
ทรงคุณค่าและการดําเนินชวิตด้วยความสุนทรีย์ตามรูปแบบกุลสตรี 
ด้วยเสียงดนตรีที่ไพเราะ นําย้อนวันวานแห่งความทรงจํา ",5,10," 10,000 ",การแสดงสร้างสรรค์,งานทำบุญ,งานมงคล
209,การแสดงนาฏศิลป์สร้างสรรค์,ออเจ้าชาวกรุงศรี,"ออเจ้าชาวกรุงศรี เป็นการแสดงที่ได้แนวคิดมาจากสตรีในราชสํานัก
ที่พร้อมไปด้วยความงาม กิริยาเรียบร้อย การนุ่งห่มอาภรณ์เครื่องประดับ
ทรงคุณค่าและการดําเนินชวิตด้วยความสุนทรีย์ตามรูปแบบกุลสตรี 
ด้วยเสียงดนตรีที่ไพเราะ นําย้อนวันวานแห่งความทรงจํา ",5,10," 10,000 ",การแสดงสร้างสรรค์,งานวันเกิด,งานมงคล
210,การแสดงนาฏศิลป์สร้างสรรค์,ออเจ้าชาวกรุงศรี,"ออเจ้าชาวกรุงศรี เป็นการแสดงที่ได้แนวคิดมาจากสตรีในราชสํานัก
ที่พร้อมไปด้วยความงาม กิริยาเรียบร้อย การนุ่งห่มอาภรณ์เครื่องประดับ
ทรงคุณค่าและการดําเนินชวิตด้วยความสุนทรีย์ตามรูปแบบกุลสตรี 
ด้วยเสียงดนตรีที่ไพเราะ นําย้อนวันวานแห่งความทรงจํา ",5,10," 10,000 ",การแสดงสร้างสรรค์,งานแต่งงาน,งานมงคล
211,การแสดงนาฏศิลป์สร้างสรรค์,ออเจ้าชาวกรุงศรี,"ออเจ้าชาวกรุงศรี เป็นการแสดงที่ได้แนวคิดมาจากสตรีในราชสํานัก
ที่พร้อมไปด้วยความงาม กิริยาเรียบร้อย การนุ่งห่มอาภรณ์เครื่องประดับ
ทรงคุณค่าและการดําเนินชวิตด้วยความสุนทรีย์ตามรูปแบบกุลสตรี 
ด้วยเสียงดนตรีที่ไพเราะ นําย้อนวันวานแห่งความทรงจํา ",5,10," 10,000 ",การแสดงสร้างสรรค์,งานขึ้นบ้านใหม่,งานมงคล
212,การแสดงนาฏศิลป์สร้างสรรค์,ออเจ้าชาวกรุงศรี,"ออเจ้าชาวกรุงศรี เป็นการแสดงที่ได้แนวคิดมาจากสตรีในราชสํานัก
ที่พร้อมไปด้วยความงาม กิริยาเรียบร้อย การนุ่งห่มอาภรณ์เครื่องประดับ
ทรงคุณค่าและการดําเนินชวิตด้วยความสุนทรีย์ตามรูปแบบกุลสตรี 
ด้วยเสียงดนตรีที่ไพเราะ นําย้อนวันวานแห่งความทรงจํา ",5,10," 10,000 ",การแสดงสร้างสรรค์,งานเปิดบริษัท,งานมงคล
213,การแสดงนาฏศิลป์สร้างสรรค์,ออเจ้าชาวกรุงศรี,"ออเจ้าชาวกรุงศรี เป็นการแสดงที่ได้แนวคิดมาจากสตรีในราชสํานัก
ที่พร้อมไปด้วยความงาม กิริยาเรียบร้อย การนุ่งห่มอาภรณ์เครื่องประดับ
ทรงคุณค่าและการดําเนินชวิตด้วยความสุนทรีย์ตามรูปแบบกุลสตรี 
ด้วยเสียงดนตรีที่ไพเราะ นําย้อนวันวานแห่งความทรงจํา ",5,10," 10,000 ",การแสดงสร้างสรรค์,งานบวงสรวง,งานมงคล
214,การแสดงนาฏศิลป์สร้างสรรค์,ออเจ้าชาวกรุงศรี,"ออเจ้าชาวกรุงศรี เป็นการแสดงที่ได้แนวคิดมาจากสตรีในราชสํานัก
ที่พร้อมไปด้วยความงาม กิริยาเรียบร้อย การนุ่งห่มอาภรณ์เครื่องประดับ
ทรงคุณค่าและการดําเนินชวิตด้วยความสุนทรีย์ตามรูปแบบกุลสตรี 
ด้วยเสียงดนตรีที่ไพเราะ นําย้อนวันวานแห่งความทรงจํา ",5,10," 10,000 ",การแสดงสร้างสรรค์,งานไหว้ครู,งานมงคล
215,การแสดงนาฏศิลป์สร้างสรรค์,ออเจ้าชาวกรุงศรี,"ออเจ้าชาวกรุงศรี เป็นการแสดงที่ได้แนวคิดมาจากสตรีในราชสํานัก
ที่พร้อมไปด้วยความงาม กิริยาเรียบร้อย การนุ่งห่มอาภรณ์เครื่องประดับ
ทรงคุณค่าและการดําเนินชวิตด้วยความสุนทรีย์ตามรูปแบบกุลสตรี 
ด้วยเสียงดนตรีที่ไพเราะ นําย้อนวันวานแห่งความทรงจํา ",5,10," 10,000 ",การแสดงสร้างสรรค์,วันสงกรานต์,งานเทศกาล
216,การแสดงนาฏศิลป์สร้างสรรค์,ออเจ้าชาวกรุงศรี,"ออเจ้าชาวกรุงศรี เป็นการแสดงที่ได้แนวคิดมาจากสตรีในราชสํานัก
ที่พร้อมไปด้วยความงาม กิริยาเรียบร้อย การนุ่งห่มอาภรณ์เครื่องประดับ
ทรงคุณค่าและการดําเนินชวิตด้วยความสุนทรีย์ตามรูปแบบกุลสตรี 
ด้วยเสียงดนตรีที่ไพเราะ นําย้อนวันวานแห่งความทรงจํา ",5,10," 10,000 ",การแสดงสร้างสรรค์,วันขึ้นปีใหม่,งานเทศกาล
217,การแสดงนาฏศิลป์สร้างสรรค์,ออเจ้าชาวกรุงศรี,"ออเจ้าชาวกรุงศรี เป็นการแสดงที่ได้แนวคิดมาจากสตรีในราชสํานัก
ที่พร้อมไปด้วยความงาม กิริยาเรียบร้อย การนุ่งห่มอาภรณ์เครื่องประดับ
ทรงคุณค่าและการดําเนินชวิตด้วยความสุนทรีย์ตามรูปแบบกุลสตรี 
ด้วยเสียงดนตรีที่ไพเราะ นําย้อนวันวานแห่งความทรงจํา ",5,10," 10,000 ",การแสดงสร้างสรรค์,วันตรุษจีน,งานเทศกาล
218,การแสดงนาฏศิลป์สร้างสรรค์,ออเจ้าชาวกรุงศรี,"ออเจ้าชาวกรุงศรี เป็นการแสดงที่ได้แนวคิดมาจากสตรีในราชสํานัก
ที่พร้อมไปด้วยความงาม กิริยาเรียบร้อย การนุ่งห่มอาภรณ์เครื่องประดับ
ทรงคุณค่าและการดําเนินชวิตด้วยความสุนทรีย์ตามรูปแบบกุลสตรี 
ด้วยเสียงดนตรีที่ไพเราะ นําย้อนวันวานแห่งความทรงจํา ",5,10," 10,000 ",การแสดงสร้างสรรค์,วันลอยกระทง,งานเทศกาล
219,การแสดงนาฏศิลป์สร้างสรรค์,ออเจ้าชาวกรุงศรี,"ออเจ้าชาวกรุงศรี เป็นการแสดงที่ได้แนวคิดมาจากสตรีในราชสํานัก
ที่พร้อมไปด้วยความงาม กิริยาเรียบร้อย การนุ่งห่มอาภรณ์เครื่องประดับ
ทรงคุณค่าและการดําเนินชวิตด้วยความสุนทรีย์ตามรูปแบบกุลสตรี 
ด้วยเสียงดนตรีที่ไพเราะ นําย้อนวันวานแห่งความทรงจํา ",5,10," 10,000 ",การแสดงสร้างสรรค์,การเผยแพร่วัฒนธรรมในประเทศ,งานเผยแพร่วัฒนธรรม
220,การแสดงนาฏศิลป์สร้างสรรค์,ออเจ้าชาวกรุงศรี,"ออเจ้าชาวกรุงศรี เป็นการแสดงที่ได้แนวคิดมาจากสตรีในราชสํานัก
ที่พร้อมไปด้วยความงาม กิริยาเรียบร้อย การนุ่งห่มอาภรณ์เครื่องประดับ
ทรงคุณค่าและการดําเนินชวิตด้วยความสุนทรีย์ตามรูปแบบกุลสตรี 
ด้วยเสียงดนตรีที่ไพเราะ นําย้อนวันวานแห่งความทรงจํา ",5,10," 10,000 ",การแสดงสร้างสรรค์,การเผยแพร่วัฒนธรรมต่างประเทศ,งานเผยแพร่วัฒนธรรม
221,นาฏศิลป์พื้นบ้านภาคกลาง,ดาบสองมือ,"ศิลปะการป้องกันตัว (ดาบสองมือ) เป็นศิลปะการต่อสู้ป้องกันตัว 
ของไทยแต่โบราณ ผู้ใช้ดาบต้องมีความชำนาญในการใช้ดาบของตน 
ฟาดฟันและรับรองป้องกันอาวุธจากฝ่ายศัตรู 
ด้วยความคล่องแคล่วว่องไว ",2,10," 4,000 ",การแสดง ระบำ รำ ฟ้อน,งานเปิดบริษัท,งานมงคล
222,นาฏศิลป์พื้นบ้านภาคกลาง,ดาบสองมือ,"ศิลปะการป้องกันตัว (ดาบสองมือ) เป็นศิลปะการต่อสู้ป้องกันตัว 
ของไทยแต่โบราณ ผู้ใช้ดาบต้องมีความชำนาญในการใช้ดาบของตน 
ฟาดฟันและรับรองป้องกันอาวุธจากฝ่ายศัตรู 
ด้วยความคล่องแคล่วว่องไว ",2,10," 4,000 ",การแสดง ระบำ รำ ฟ้อน,งานบวงสรวง,งานมงคล
223,นาฏศิลป์พื้นบ้านภาคกลาง,ดาบสองมือ,"ศิลปะการป้องกันตัว (ดาบสองมือ) เป็นศิลปะการต่อสู้ป้องกันตัว 
ของไทยแต่โบราณ ผู้ใช้ดาบต้องมีความชำนาญในการใช้ดาบของตน 
ฟาดฟันและรับรองป้องกันอาวุธจากฝ่ายศัตรู 
ด้วยความคล่องแคล่วว่องไว ",2,10," 4,000 ",การแสดง ระบำ รำ ฟ้อน,งานไหว้ครู,งานมงคล
224,นาฏศิลป์พื้นบ้านภาคกลาง,ดาบสองมือ,"ศิลปะการป้องกันตัว (ดาบสองมือ) เป็นศิลปะการต่อสู้ป้องกันตัว 
ของไทยแต่โบราณ ผู้ใช้ดาบต้องมีความชำนาญในการใช้ดาบของตน 
ฟาดฟันและรับรองป้องกันอาวุธจากฝ่ายศัตรู 
ด้วยความคล่องแคล่วว่องไว ",2,10," 4,000 ",การแสดง ระบำ รำ ฟ้อน,งานสวดอภิธรรม,งานอวมงคล
225,นาฏศิลป์พื้นบ้านภาคกลาง,ดาบสองมือ,"ศิลปะการป้องกันตัว (ดาบสองมือ) เป็นศิลปะการต่อสู้ป้องกันตัว 
ของไทยแต่โบราณ ผู้ใช้ดาบต้องมีความชำนาญในการใช้ดาบของตน 
ฟาดฟันและรับรองป้องกันอาวุธจากฝ่ายศัตรู 
ด้วยความคล่องแคล่วว่องไว ",2,10," 4,000 ",การแสดง ระบำ รำ ฟ้อน,งานพระราชทานเพลิงศพ,งานอวมงคล
226,นาฏศิลป์พื้นบ้านภาคกลาง,ดาบสองมือ,"ศิลปะการป้องกันตัว (ดาบสองมือ) เป็นศิลปะการต่อสู้ป้องกันตัว 
ของไทยแต่โบราณ ผู้ใช้ดาบต้องมีความชำนาญในการใช้ดาบของตน 
ฟาดฟันและรับรองป้องกันอาวุธจากฝ่ายศัตรู 
ด้วยความคล่องแคล่วว่องไว ",2,10," 4,000 ",การแสดง ระบำ รำ ฟ้อน,งานฌาปนกิจศพ,งานอวมงคล
227,นาฏศิลป์พื้นบ้านภาคกลาง,ดาบสองมือ,"ศิลปะการป้องกันตัว (ดาบสองมือ) เป็นศิลปะการต่อสู้ป้องกันตัว 
ของไทยแต่โบราณ ผู้ใช้ดาบต้องมีความชำนาญในการใช้ดาบของตน 
ฟาดฟันและรับรองป้องกันอาวุธจากฝ่ายศัตรู 
ด้วยความคล่องแคล่วว่องไว ",2,10," 4,000 ",การแสดง ระบำ รำ ฟ้อน,วันสงกรานต์,งานเทศกาล
228,นาฏศิลป์พื้นบ้านภาคกลาง,ดาบสองมือ,"ศิลปะการป้องกันตัว (ดาบสองมือ) เป็นศิลปะการต่อสู้ป้องกันตัว 
ของไทยแต่โบราณ ผู้ใช้ดาบต้องมีความชำนาญในการใช้ดาบของตน 
ฟาดฟันและรับรองป้องกันอาวุธจากฝ่ายศัตรู 
ด้วยความคล่องแคล่วว่องไว ",2,10," 4,000 ",การแสดง ระบำ รำ ฟ้อน,วันขึ้นปีใหม่,งานเทศกาล
229,นาฏศิลป์พื้นบ้านภาคกลาง,ดาบสองมือ,"ศิลปะการป้องกันตัว (ดาบสองมือ) เป็นศิลปะการต่อสู้ป้องกันตัว 
ของไทยแต่โบราณ ผู้ใช้ดาบต้องมีความชำนาญในการใช้ดาบของตน 
ฟาดฟันและรับรองป้องกันอาวุธจากฝ่ายศัตรู 
ด้วยความคล่องแคล่วว่องไว ",2,10," 4,000 ",การแสดง ระบำ รำ ฟ้อน,วันตรุษจีน,งานเทศกาล
230,นาฏศิลป์พื้นบ้านภาคกลาง,ดาบสองมือ,"ศิลปะการป้องกันตัว (ดาบสองมือ) เป็นศิลปะการต่อสู้ป้องกันตัว 
ของไทยแต่โบราณ ผู้ใช้ดาบต้องมีความชำนาญในการใช้ดาบของตน 
ฟาดฟันและรับรองป้องกันอาวุธจากฝ่ายศัตรู 
ด้วยความคล่องแคล่วว่องไว ",2,10," 4,000 ",การแสดง ระบำ รำ ฟ้อน,วันลอยกระทง,งานเทศกาล
231,นาฏศิลป์พื้นบ้านภาคกลาง,ดาบสองมือ,"ศิลปะการป้องกันตัว (ดาบสองมือ) เป็นศิลปะการต่อสู้ป้องกันตัว 
ของไทยแต่โบราณ ผู้ใช้ดาบต้องมีความชำนาญในการใช้ดาบของตน 
ฟาดฟันและรับรองป้องกันอาวุธจากฝ่ายศัตรู 
ด้วยความคล่องแคล่วว่องไว ",2,10," 4,000 ",การแสดง ระบำ รำ ฟ้อน,การเผยแพร่วัฒนธรรมในประเทศ,งานเผยแพร่วัฒนธรรม
232,นาฏศิลป์พื้นบ้านภาคกลาง,ดาบสองมือ,"ศิลปะการป้องกันตัว (ดาบสองมือ) เป็นศิลปะการต่อสู้ป้องกันตัว 
ของไทยแต่โบราณ ผู้ใช้ดาบต้องมีความชำนาญในการใช้ดาบของตน 
ฟาดฟันและรับรองป้องกันอาวุธจากฝ่ายศัตรู 
ด้วยความคล่องแคล่วว่องไว ",2,10," 4,000 ",การแสดง ระบำ รำ ฟ้อน,การเผยแพร่วัฒนธรรมต่างประเทศ,งานเผยแพร่วัฒนธรรม
233,นาฏศิลป์พื้นบ้านภาคกลาง,พลองไม้สั้น,"พลองไม้สั้น เป็นศิลปะการต่อสู้ชนิดหนึ่งของไทยแต่โบราณ พลองเป็น 
อาวุธยาวใช้สําหรับตีหรือกระทุ้ง ไม้สั้นเป็นอาวุธสั้นสวมทับแขนท่อนปลาย
ผู้ใชไม้สั้นต้องมีความว่องไว มักเป็นฝ่ายรุกเข้าประชิดตัวคู่ต่อสู้ 
พลองไม้สั้นเป็นการแสดงการต่อสู้แบบตัวต่อตัว แบ่งเป็น 2 ฝ่าย 
นิยมแบ่งเป็นฝ่ายสีแดงและสีนํ้าเงิน ผู้แสดงต้องผ่านการฝึกหัดขั้นพื้นฐาน 
จนถึงฝึกท่าตีหลัก ประกอบด้วย การตีรุก การตีรับ และการตีลูกไม้
จนเกิดความชำนาญสามารถจดจํากระบวนท่าต่อสู้ได้เป็นอย่างดี",2,10," 4,000 ",การแสดง ระบำ รำ ฟ้อน,งานต้อนรับอาคันตุกะ,งานรัฐพิธี
234,นาฏศิลป์พื้นบ้านภาคกลาง,พลองไม้สั้น,"พลองไม้สั้น เป็นศิลปะการต่อสู้ชนิดหนึ่งของไทยแต่โบราณ พลองเป็น 
อาวุธยาวใช้สําหรับตีหรือกระทุ้ง ไม้สั้นเป็นอาวุธสั้นสวมทับแขนท่อนปลาย
ผู้ใชไม้สั้นต้องมีความว่องไว มักเป็นฝ่ายรุกเข้าประชิดตัวคู่ต่อสู้ 
พลองไม้สั้นเป็นการแสดงการต่อสู้แบบตัวต่อตัว แบ่งเป็น 2 ฝ่าย 
นิยมแบ่งเป็นฝ่ายสีแดงและสีนํ้าเงิน ผู้แสดงต้องผ่านการฝึกหัดขั้นพื้นฐาน 
จนถึงฝึกท่าตีหลัก ประกอบด้วย การตีรุก การตีรับ และการตีลูกไม้
จนเกิดความชำนาญสามารถจดจํากระบวนท่าต่อสู้ได้เป็นอย่างดี",2,10," 4,000 ",การแสดง ระบำ รำ ฟ้อน,งานบวงสรวง,งานมงคล
235,นาฏศิลป์พื้นบ้านภาคกลาง,พลองไม้สั้น,"พลองไม้สั้น เป็นศิลปะการต่อสู้ชนิดหนึ่งของไทยแต่โบราณ พลองเป็น 
อาวุธยาวใช้สําหรับตีหรือกระทุ้ง ไม้สั้นเป็นอาวุธสั้นสวมทับแขนท่อนปลาย
ผู้ใชไม้สั้นต้องมีความว่องไว มักเป็นฝ่ายรุกเข้าประชิดตัวคู่ต่อสู้ 
พลองไม้สั้นเป็นการแสดงการต่อสู้แบบตัวต่อตัว แบ่งเป็น 2 ฝ่าย 
นิยมแบ่งเป็นฝ่ายสีแดงและสีนํ้าเงิน ผู้แสดงต้องผ่านการฝึกหัดขั้นพื้นฐาน 
จนถึงฝึกท่าตีหลัก ประกอบด้วย การตีรุก การตีรับ และการตีลูกไม้
จนเกิดความชำนาญสามารถจดจํากระบวนท่าต่อสู้ได้เป็นอย่างดี",2,10," 4,000 ",การแสดง ระบำ รำ ฟ้อน,งานสวดอภิธรรม,งานอวมงคล
236,นาฏศิลป์พื้นบ้านภาคกลาง,พลองไม้สั้น,"พลองไม้สั้น เป็นศิลปะการต่อสู้ชนิดหนึ่งของไทยแต่โบราณ พลองเป็น 
อาวุธยาวใช้สําหรับตีหรือกระทุ้ง ไม้สั้นเป็นอาวุธสั้นสวมทับแขนท่อนปลาย
ผู้ใชไม้สั้นต้องมีความว่องไว มักเป็นฝ่ายรุกเข้าประชิดตัวคู่ต่อสู้ 
พลองไม้สั้นเป็นการแสดงการต่อสู้แบบตัวต่อตัว แบ่งเป็น 2 ฝ่าย 
นิยมแบ่งเป็นฝ่ายสีแดงและสีนํ้าเงิน ผู้แสดงต้องผ่านการฝึกหัดขั้นพื้นฐาน 
จนถึงฝึกท่าตีหลัก ประกอบด้วย การตีรุก การตีรับ และการตีลูกไม้
จนเกิดความชำนาญสามารถจดจํากระบวนท่าต่อสู้ได้เป็นอย่างดี",2,10," 4,000 ",การแสดง ระบำ รำ ฟ้อน,งานพระราชทานเพลิงศพ,งานอวมงคล
237,นาฏศิลป์พื้นบ้านภาคกลาง,พลองไม้สั้น,"พลองไม้สั้น เป็นศิลปะการต่อสู้ชนิดหนึ่งของไทยแต่โบราณ พลองเป็น 
อาวุธยาวใช้สําหรับตีหรือกระทุ้ง ไม้สั้นเป็นอาวุธสั้นสวมทับแขนท่อนปลาย
ผู้ใชไม้สั้นต้องมีความว่องไว มักเป็นฝ่ายรุกเข้าประชิดตัวคู่ต่อสู้ 
พลองไม้สั้นเป็นการแสดงการต่อสู้แบบตัวต่อตัว แบ่งเป็น 2 ฝ่าย 
นิยมแบ่งเป็นฝ่ายสีแดงและสีนํ้าเงิน ผู้แสดงต้องผ่านการฝึกหัดขั้นพื้นฐาน 
จนถึงฝึกท่าตีหลัก ประกอบด้วย การตีรุก การตีรับ และการตีลูกไม้
จนเกิดความชำนาญสามารถจดจํากระบวนท่าต่อสู้ได้เป็นอย่างดี",2,10," 4,000 ",การแสดง ระบำ รำ ฟ้อน,งานฌาปนกิจศพ,งานอวมงคล
238,นาฏศิลป์พื้นบ้านภาคกลาง,พลองไม้สั้น,"พลองไม้สั้น เป็นศิลปะการต่อสู้ชนิดหนึ่งของไทยแต่โบราณ พลองเป็น 
อาวุธยาวใช้สําหรับตีหรือกระทุ้ง ไม้สั้นเป็นอาวุธสั้นสวมทับแขนท่อนปลาย
ผู้ใชไม้สั้นต้องมีความว่องไว มักเป็นฝ่ายรุกเข้าประชิดตัวคู่ต่อสู้ 
พลองไม้สั้นเป็นการแสดงการต่อสู้แบบตัวต่อตัว แบ่งเป็น 2 ฝ่าย 
นิยมแบ่งเป็นฝ่ายสีแดงและสีนํ้าเงิน ผู้แสดงต้องผ่านการฝึกหัดขั้นพื้นฐาน 
จนถึงฝึกท่าตีหลัก ประกอบด้วย การตีรุก การตีรับ และการตีลูกไม้
จนเกิดความชำนาญสามารถจดจํากระบวนท่าต่อสู้ได้เป็นอย่างดี",2,10," 4,000 ",การแสดง ระบำ รำ ฟ้อน,วันสงกรานต์,งานเทศกาล
239,นาฏศิลป์พื้นบ้านภาคกลาง,พลองไม้สั้น,"พลองไม้สั้น เป็นศิลปะการต่อสู้ชนิดหนึ่งของไทยแต่โบราณ พลองเป็น 
อาวุธยาวใช้สําหรับตีหรือกระทุ้ง ไม้สั้นเป็นอาวุธสั้นสวมทับแขนท่อนปลาย
ผู้ใชไม้สั้นต้องมีความว่องไว มักเป็นฝ่ายรุกเข้าประชิดตัวคู่ต่อสู้ 
พลองไม้สั้นเป็นการแสดงการต่อสู้แบบตัวต่อตัว แบ่งเป็น 2 ฝ่าย 
นิยมแบ่งเป็นฝ่ายสีแดงและสีนํ้าเงิน ผู้แสดงต้องผ่านการฝึกหัดขั้นพื้นฐาน 
จนถึงฝึกท่าตีหลัก ประกอบด้วย การตีรุก การตีรับ และการตีลูกไม้
จนเกิดความชำนาญสามารถจดจํากระบวนท่าต่อสู้ได้เป็นอย่างดี",2,10," 4,000 ",การแสดง ระบำ รำ ฟ้อน,วันขึ้นปีใหม่,งานเทศกาล
240,นาฏศิลป์พื้นบ้านภาคกลาง,พลองไม้สั้น,"พลองไม้สั้น เป็นศิลปะการต่อสู้ชนิดหนึ่งของไทยแต่โบราณ พลองเป็น 
อาวุธยาวใช้สําหรับตีหรือกระทุ้ง ไม้สั้นเป็นอาวุธสั้นสวมทับแขนท่อนปลาย
ผู้ใชไม้สั้นต้องมีความว่องไว มักเป็นฝ่ายรุกเข้าประชิดตัวคู่ต่อสู้ 
พลองไม้สั้นเป็นการแสดงการต่อสู้แบบตัวต่อตัว แบ่งเป็น 2 ฝ่าย 
นิยมแบ่งเป็นฝ่ายสีแดงและสีนํ้าเงิน ผู้แสดงต้องผ่านการฝึกหัดขั้นพื้นฐาน 
จนถึงฝึกท่าตีหลัก ประกอบด้วย การตีรุก การตีรับ และการตีลูกไม้
จนเกิดความชำนาญสามารถจดจํากระบวนท่าต่อสู้ได้เป็นอย่างดี",2,10," 4,000 ",การแสดง ระบำ รำ ฟ้อน,วันตรุษจีน,งานเทศกาล
241,นาฏศิลป์พื้นบ้านภาคกลาง,พลองไม้สั้น,"พลองไม้สั้น เป็นศิลปะการต่อสู้ชนิดหนึ่งของไทยแต่โบราณ พลองเป็น 
อาวุธยาวใช้สําหรับตีหรือกระทุ้ง ไม้สั้นเป็นอาวุธสั้นสวมทับแขนท่อนปลาย
ผู้ใชไม้สั้นต้องมีความว่องไว มักเป็นฝ่ายรุกเข้าประชิดตัวคู่ต่อสู้ 
พลองไม้สั้นเป็นการแสดงการต่อสู้แบบตัวต่อตัว แบ่งเป็น 2 ฝ่าย 
นิยมแบ่งเป็นฝ่ายสีแดงและสีนํ้าเงิน ผู้แสดงต้องผ่านการฝึกหัดขั้นพื้นฐาน 
จนถึงฝึกท่าตีหลัก ประกอบด้วย การตีรุก การตีรับ และการตีลูกไม้
จนเกิดความชำนาญสามารถจดจํากระบวนท่าต่อสู้ได้เป็นอย่างดี",2,10," 4,000 ",การแสดง ระบำ รำ ฟ้อน,วันลอยกระทง,งานเทศกาล
242,นาฏศิลป์พื้นบ้านภาคกลาง,พลองไม้สั้น,"พลองไม้สั้น เป็นศิลปะการต่อสู้ชนิดหนึ่งของไทยแต่โบราณ พลองเป็น 
อาวุธยาวใช้สําหรับตีหรือกระทุ้ง ไม้สั้นเป็นอาวุธสั้นสวมทับแขนท่อนปลาย
ผู้ใชไม้สั้นต้องมีความว่องไว มักเป็นฝ่ายรุกเข้าประชิดตัวคู่ต่อสู้ 
พลองไม้สั้นเป็นการแสดงการต่อสู้แบบตัวต่อตัว แบ่งเป็น 2 ฝ่าย 
นิยมแบ่งเป็นฝ่ายสีแดงและสีนํ้าเงิน ผู้แสดงต้องผ่านการฝึกหัดขั้นพื้นฐาน 
จนถึงฝึกท่าตีหลัก ประกอบด้วย การตีรุก การตีรับ และการตีลูกไม้
จนเกิดความชำนาญสามารถจดจํากระบวนท่าต่อสู้ได้เป็นอย่างดี",2,10," 4,000 ",การแสดง ระบำ รำ ฟ้อน,การเผยแพร่วัฒนธรรมในประเทศ,งานเผยแพร่วัฒนธรรม
243,นาฏศิลป์พื้นบ้านภาคกลาง,พลองไม้สั้น,"พลองไม้สั้น เป็นศิลปะการต่อสู้ชนิดหนึ่งของไทยแต่โบราณ พลองเป็น 
อาวุธยาวใช้สําหรับตีหรือกระทุ้ง ไม้สั้นเป็นอาวุธสั้นสวมทับแขนท่อนปลาย
ผู้ใชไม้สั้นต้องมีความว่องไว มักเป็นฝ่ายรุกเข้าประชิดตัวคู่ต่อสู้ 
พลองไม้สั้นเป็นการแสดงการต่อสู้แบบตัวต่อตัว แบ่งเป็น 2 ฝ่าย 
นิยมแบ่งเป็นฝ่ายสีแดงและสีนํ้าเงิน ผู้แสดงต้องผ่านการฝึกหัดขั้นพื้นฐาน 
จนถึงฝึกท่าตีหลัก ประกอบด้วย การตีรุก การตีรับ และการตีลูกไม้
จนเกิดความชำนาญสามารถจดจํากระบวนท่าต่อสู้ได้เป็นอย่างดี",2,10," 4,000 ",การแสดง ระบำ รำ ฟ้อน,การเผยแพร่วัฒนธรรมต่างประเทศ,งานเผยแพร่วัฒนธรรม
244,นาฏศิลป์พื้นบ้านภาคกลาง,มวยคาดเชือก,"มวยคาดเชือก เป็นการแสดงศิลปะการต่อสู้มวยไทยสมัยโบราณ 
โดยการใชเชือกพันที่มือและช่วงปลายแขนทั้ง 2 ศิลปะมวยไทย
คือ การผสมผสานการใช่หมัด เท้า เข่า ศอก มีแม่ไม้มวยทั้งท่ารุก
และรับสําหรับใช้ในการต่อสู้ ผู้แสดงจึงต้องผ่านการฝึกเบื้องต้น 
ในการใช้กระบวนท่าให้คล่องแคล่ว ",2,10," 4,000 ",การแสดง ระบำ รำ ฟ้อน,งานต้อนรับอาคันตุกะ,งานรัฐพิธี
245,นาฏศิลป์พื้นบ้านภาคกลาง,มวยคาดเชือก,"มวยคาดเชือก เป็นการแสดงศิลปะการต่อสู้มวยไทยสมัยโบราณ 
โดยการใชเชือกพันที่มือและช่วงปลายแขนทั้ง 2 ศิลปะมวยไทย
คือ การผสมผสานการใช่หมัด เท้า เข่า ศอก มีแม่ไม้มวยทั้งท่ารุก
และรับสําหรับใช้ในการต่อสู้ ผู้แสดงจึงต้องผ่านการฝึกเบื้องต้น 
ในการใช้กระบวนท่าให้คล่องแคล่ว ",2,10," 4,000 ",การแสดง ระบำ รำ ฟ้อน,งานบวงสรวง,งานมงคล
246,นาฏศิลป์พื้นบ้านภาคกลาง,มวยคาดเชือก,"มวยคาดเชือก เป็นการแสดงศิลปะการต่อสู้มวยไทยสมัยโบราณ 
โดยการใชเชือกพันที่มือและช่วงปลายแขนทั้ง 2 ศิลปะมวยไทย
คือ การผสมผสานการใช่หมัด เท้า เข่า ศอก มีแม่ไม้มวยทั้งท่ารุก
และรับสําหรับใช้ในการต่อสู้ ผู้แสดงจึงต้องผ่านการฝึกเบื้องต้น 
ในการใช้กระบวนท่าให้คล่องแคล่ว ",2,10," 4,000 ",การแสดง ระบำ รำ ฟ้อน,งานสวดอภิธรรม,งานอวมงคล
247,นาฏศิลป์พื้นบ้านภาคกลาง,มวยคาดเชือก,"มวยคาดเชือก เป็นการแสดงศิลปะการต่อสู้มวยไทยสมัยโบราณ 
โดยการใชเชือกพันที่มือและช่วงปลายแขนทั้ง 2 ศิลปะมวยไทย
คือ การผสมผสานการใช่หมัด เท้า เข่า ศอก มีแม่ไม้มวยทั้งท่ารุก
และรับสําหรับใช้ในการต่อสู้ ผู้แสดงจึงต้องผ่านการฝึกเบื้องต้น 
ในการใช้กระบวนท่าให้คล่องแคล่ว ",2,10," 4,000 ",การแสดง ระบำ รำ ฟ้อน,งานพระราชทานเพลิงศพ,งานอวมงคล
248,นาฏศิลป์พื้นบ้านภาคกลาง,มวยคาดเชือก,"มวยคาดเชือก เป็นการแสดงศิลปะการต่อสู้มวยไทยสมัยโบราณ 
โดยการใชเชือกพันที่มือและช่วงปลายแขนทั้ง 2 ศิลปะมวยไทย
คือ การผสมผสานการใช่หมัด เท้า เข่า ศอก มีแม่ไม้มวยทั้งท่ารุก
และรับสําหรับใช้ในการต่อสู้ ผู้แสดงจึงต้องผ่านการฝึกเบื้องต้น 
ในการใช้กระบวนท่าให้คล่องแคล่ว ",2,10," 4,000 ",การแสดง ระบำ รำ ฟ้อน,งานฌาปนกิจศพ,งานอวมงคล
249,นาฏศิลป์พื้นบ้านภาคกลาง,มวยคาดเชือก,"มวยคาดเชือก เป็นการแสดงศิลปะการต่อสู้มวยไทยสมัยโบราณ 
โดยการใชเชือกพันที่มือและช่วงปลายแขนทั้ง 2 ศิลปะมวยไทย
คือ การผสมผสานการใช่หมัด เท้า เข่า ศอก มีแม่ไม้มวยทั้งท่ารุก
และรับสําหรับใช้ในการต่อสู้ ผู้แสดงจึงต้องผ่านการฝึกเบื้องต้น 
ในการใช้กระบวนท่าให้คล่องแคล่ว ",2,10," 4,000 ",การแสดง ระบำ รำ ฟ้อน,วันสงกรานต์,งานเทศกาล
250,นาฏศิลป์พื้นบ้านภาคกลาง,มวยคาดเชือก,"มวยคาดเชือก เป็นการแสดงศิลปะการต่อสู้มวยไทยสมัยโบราณ 
โดยการใชเชือกพันที่มือและช่วงปลายแขนทั้ง 2 ศิลปะมวยไทย
คือ การผสมผสานการใช่หมัด เท้า เข่า ศอก มีแม่ไม้มวยทั้งท่ารุก
และรับสําหรับใช้ในการต่อสู้ ผู้แสดงจึงต้องผ่านการฝึกเบื้องต้น 
ในการใช้กระบวนท่าให้คล่องแคล่ว ",2,10," 4,000 ",การแสดง ระบำ รำ ฟ้อน,วันขึ้นปีใหม่,งานเทศกาล
251,นาฏศิลป์พื้นบ้านภาคกลาง,มวยคาดเชือก,"มวยคาดเชือก เป็นการแสดงศิลปะการต่อสู้มวยไทยสมัยโบราณ 
โดยการใชเชือกพันที่มือและช่วงปลายแขนทั้ง 2 ศิลปะมวยไทย
คือ การผสมผสานการใช่หมัด เท้า เข่า ศอก มีแม่ไม้มวยทั้งท่ารุก
และรับสําหรับใช้ในการต่อสู้ ผู้แสดงจึงต้องผ่านการฝึกเบื้องต้น 
ในการใช้กระบวนท่าให้คล่องแคล่ว ",2,10," 4,000 ",การแสดง ระบำ รำ ฟ้อน,วันตรุษจีน,งานเทศกาล
252,นาฏศิลป์พื้นบ้านภาคกลาง,มวยคาดเชือก,"มวยคาดเชือก เป็นการแสดงศิลปะการต่อสู้มวยไทยสมัยโบราณ 
โดยการใชเชือกพันที่มือและช่วงปลายแขนทั้ง 2 ศิลปะมวยไทย
คือ การผสมผสานการใช่หมัด เท้า เข่า ศอก มีแม่ไม้มวยทั้งท่ารุก
และรับสําหรับใช้ในการต่อสู้ ผู้แสดงจึงต้องผ่านการฝึกเบื้องต้น 
ในการใช้กระบวนท่าให้คล่องแคล่ว ",2,10," 4,000 ",การแสดง ระบำ รำ ฟ้อน,วันลอยกระทง,งานเทศกาล
253,นาฏศิลป์พื้นบ้านภาคกลาง,มวยคาดเชือก,"มวยคาดเชือก เป็นการแสดงศิลปะการต่อสู้มวยไทยสมัยโบราณ 
โดยการใชเชือกพันที่มือและช่วงปลายแขนทั้ง 2 ศิลปะมวยไทย
คือ การผสมผสานการใช่หมัด เท้า เข่า ศอก มีแม่ไม้มวยทั้งท่ารุก
และรับสําหรับใช้ในการต่อสู้ ผู้แสดงจึงต้องผ่านการฝึกเบื้องต้น 
ในการใช้กระบวนท่าให้คล่องแคล่ว ",2,10," 4,000 ",การแสดง ระบำ รำ ฟ้อน,การเผยแพร่วัฒนธรรมในประเทศ,งานเผยแพร่วัฒนธรรม
254,นาฏศิลป์พื้นบ้านภาคกลาง,มวยคาดเชือก,"มวยคาดเชือก เป็นการแสดงศิลปะการต่อสู้มวยไทยสมัยโบราณ 
โดยการใชเชือกพันที่มือและช่วงปลายแขนทั้ง 2 ศิลปะมวยไทย
คือ การผสมผสานการใช่หมัด เท้า เข่า ศอก มีแม่ไม้มวยทั้งท่ารุก
และรับสําหรับใช้ในการต่อสู้ ผู้แสดงจึงต้องผ่านการฝึกเบื้องต้น 
ในการใช้กระบวนท่าให้คล่องแคล่ว ",2,10," 4,000 ",การแสดง ระบำ รำ ฟ้อน,การเผยแพร่วัฒนธรรมต่างประเทศ,งานเผยแพร่วัฒนธรรม
255,นาฏศิลป์พื้นบ้านภาคกลาง,ระบำชาวนา,"ระบําชาวนา เป็นการแสดงที่สะท้อนให้เห็นวิถีการประกอบอาชีพกสิกรรม 
ของชาวนา ประกอบด้วยการไถ หว่าน และการเกี่ยวข้าวในนาด้วยความสุข
ใช้ผู้แสดงชาย - หญิง เปรียบเสมือนเป็นชาวนา",4,10," 8,000 ",การแสดง ระบำ รำ ฟ้อน,งานต้อนรับอาคันตุกะ,งานรัฐพิธี
256,นาฏศิลป์พื้นบ้านภาคกลาง,ระบำชาวนา,"ระบําชาวนา เป็นการแสดงที่สะท้อนให้เห็นวิถีการประกอบอาชีพกสิกรรม 
ของชาวนา ประกอบด้วยการไถ หว่าน และการเกี่ยวข้าวในนาด้วยความสุข
ใช้ผู้แสดงชาย - หญิง เปรียบเสมือนเป็นชาวนา",4,10," 8,000 ",การแสดง ระบำ รำ ฟ้อน,งานทำบุญ,งานมงคล
257,นาฏศิลป์พื้นบ้านภาคกลาง,ระบำชาวนา,"ระบําชาวนา เป็นการแสดงที่สะท้อนให้เห็นวิถีการประกอบอาชีพกสิกรรม 
ของชาวนา ประกอบด้วยการไถ หว่าน และการเกี่ยวข้าวในนาด้วยความสุข
ใช้ผู้แสดงชาย - หญิง เปรียบเสมือนเป็นชาวนา",4,10," 8,000 ",การแสดง ระบำ รำ ฟ้อน,งานวันเกิด,งานมงคล
258,นาฏศิลป์พื้นบ้านภาคกลาง,ระบำชาวนา,"ระบําชาวนา เป็นการแสดงที่สะท้อนให้เห็นวิถีการประกอบอาชีพกสิกรรม 
ของชาวนา ประกอบด้วยการไถ หว่าน และการเกี่ยวข้าวในนาด้วยความสุข
ใช้ผู้แสดงชาย - หญิง เปรียบเสมือนเป็นชาวนา",4,10," 8,000 ",การแสดง ระบำ รำ ฟ้อน,งานเปิดบริษัท,งานมงคล
259,นาฏศิลป์พื้นบ้านภาคกลาง,ระบำชาวนา,"ระบําชาวนา เป็นการแสดงที่สะท้อนให้เห็นวิถีการประกอบอาชีพกสิกรรม 
ของชาวนา ประกอบด้วยการไถ หว่าน และการเกี่ยวข้าวในนาด้วยความสุข
ใช้ผู้แสดงชาย - หญิง เปรียบเสมือนเป็นชาวนา",4,10," 8,000 ",การแสดง ระบำ รำ ฟ้อน,งานบวงสรวง,งานมงคล
260,นาฏศิลป์พื้นบ้านภาคกลาง,ระบำชาวนา,"ระบําชาวนา เป็นการแสดงที่สะท้อนให้เห็นวิถีการประกอบอาชีพกสิกรรม 
ของชาวนา ประกอบด้วยการไถ หว่าน และการเกี่ยวข้าวในนาด้วยความสุข
ใช้ผู้แสดงชาย - หญิง เปรียบเสมือนเป็นชาวนา",4,10," 8,000 ",การแสดง ระบำ รำ ฟ้อน,วันสงกรานต์,งานเทศกาล
261,นาฏศิลป์พื้นบ้านภาคกลาง,ระบำชาวนา,"ระบําชาวนา เป็นการแสดงที่สะท้อนให้เห็นวิถีการประกอบอาชีพกสิกรรม 
ของชาวนา ประกอบด้วยการไถ หว่าน และการเกี่ยวข้าวในนาด้วยความสุข
ใช้ผู้แสดงชาย - หญิง เปรียบเสมือนเป็นชาวนา",4,10," 8,000 ",การแสดง ระบำ รำ ฟ้อน,วันขึ้นปีใหม่,งานเทศกาล
262,นาฏศิลป์พื้นบ้านภาคกลาง,ระบำชาวนา,"ระบําชาวนา เป็นการแสดงที่สะท้อนให้เห็นวิถีการประกอบอาชีพกสิกรรม 
ของชาวนา ประกอบด้วยการไถ หว่าน และการเกี่ยวข้าวในนาด้วยความสุข
ใช้ผู้แสดงชาย - หญิง เปรียบเสมือนเป็นชาวนา",4,10," 8,000 ",การแสดง ระบำ รำ ฟ้อน,วันตรุษจีน,งานเทศกาล
263,นาฏศิลป์พื้นบ้านภาคกลาง,ระบำชาวนา,"ระบําชาวนา เป็นการแสดงที่สะท้อนให้เห็นวิถีการประกอบอาชีพกสิกรรม 
ของชาวนา ประกอบด้วยการไถ หว่าน และการเกี่ยวข้าวในนาด้วยความสุข
ใช้ผู้แสดงชาย - หญิง เปรียบเสมือนเป็นชาวนา",4,10," 8,000 ",การแสดง ระบำ รำ ฟ้อน,วันลอยกระทง,งานเทศกาล
264,นาฏศิลป์พื้นบ้านภาคกลาง,ระบำชาวนา,"ระบําชาวนา เป็นการแสดงที่สะท้อนให้เห็นวิถีการประกอบอาชีพกสิกรรม 
ของชาวนา ประกอบด้วยการไถ หว่าน และการเกี่ยวข้าวในนาด้วยความสุข
ใช้ผู้แสดงชาย - หญิง เปรียบเสมือนเป็นชาวนา",4,10," 8,000 ",การแสดง ระบำ รำ ฟ้อน,การเผยแพร่วัฒนธรรมในประเทศ,งานเผยแพร่วัฒนธรรม
265,นาฏศิลป์พื้นบ้านภาคกลาง,ระบำชาวนา,"ระบําชาวนา เป็นการแสดงที่สะท้อนให้เห็นวิถีการประกอบอาชีพกสิกรรม 
ของชาวนา ประกอบด้วยการไถ หว่าน และการเกี่ยวข้าวในนาด้วยความสุข
ใช้ผู้แสดงชาย - หญิง เปรียบเสมือนเป็นชาวนา",4,10," 8,000 ",การแสดง ระบำ รำ ฟ้อน,การเผยแพร่วัฒนธรรมต่างประเทศ,งานเผยแพร่วัฒนธรรม
266,นาฏศิลป์พื้นบ้านภาคกลาง,รำเถิดเทิง,"รําเถิดเทิง หรือเรียกอีกอย่างว่ารํากลองยาว เป็นการแสดงรําหยอกล้อ
ยั่วเย้าของฝ่ายชายและฝ่ายหญิง โดยมีการตีกลองยาวเป็นจังหวะ 
ประกอบการแสดงที่สนุกสนานรื่นเริง",4,10," 8,000 ",การแสดง ระบำ รำ ฟ้อน,งานต้อนรับอาคันตุกะ,งานรัฐพิธี
267,นาฏศิลป์พื้นบ้านภาคกลาง,รำเถิดเทิง,"รําเถิดเทิง หรือเรียกอีกอย่างว่ารํากลองยาว เป็นการแสดงรําหยอกล้อ
ยั่วเย้าของฝ่ายชายและฝ่ายหญิง โดยมีการตีกลองยาวเป็นจังหวะ 
ประกอบการแสดงที่สนุกสนานรื่นเริง",4,10," 8,000 ",การแสดง ระบำ รำ ฟ้อน,งานทำบุญ,งานมงคล
268,นาฏศิลป์พื้นบ้านภาคกลาง,รำเถิดเทิง,"รําเถิดเทิง หรือเรียกอีกอย่างว่ารํากลองยาว เป็นการแสดงรําหยอกล้อ
ยั่วเย้าของฝ่ายชายและฝ่ายหญิง โดยมีการตีกลองยาวเป็นจังหวะ 
ประกอบการแสดงที่สนุกสนานรื่นเริง",4,10," 8,000 ",การแสดง ระบำ รำ ฟ้อน,งานวันเกิด,งานมงคล
269,นาฏศิลป์พื้นบ้านภาคกลาง,รำเถิดเทิง,"รําเถิดเทิง หรือเรียกอีกอย่างว่ารํากลองยาว เป็นการแสดงรําหยอกล้อ
ยั่วเย้าของฝ่ายชายและฝ่ายหญิง โดยมีการตีกลองยาวเป็นจังหวะ 
ประกอบการแสดงที่สนุกสนานรื่นเริง",4,10," 8,000 ",การแสดง ระบำ รำ ฟ้อน,งานแต่งงาน,งานมงคล
270,นาฏศิลป์พื้นบ้านภาคกลาง,รำเถิดเทิง,"รําเถิดเทิง หรือเรียกอีกอย่างว่ารํากลองยาว เป็นการแสดงรําหยอกล้อ
ยั่วเย้าของฝ่ายชายและฝ่ายหญิง โดยมีการตีกลองยาวเป็นจังหวะ 
ประกอบการแสดงที่สนุกสนานรื่นเริง",4,10," 8,000 ",การแสดง ระบำ รำ ฟ้อน,งานขึ้นบ้านใหม่,งานมงคล
271,นาฏศิลป์พื้นบ้านภาคกลาง,รำเถิดเทิง,"รําเถิดเทิง หรือเรียกอีกอย่างว่ารํากลองยาว เป็นการแสดงรําหยอกล้อ
ยั่วเย้าของฝ่ายชายและฝ่ายหญิง โดยมีการตีกลองยาวเป็นจังหวะ 
ประกอบการแสดงที่สนุกสนานรื่นเริง",4,10," 8,000 ",การแสดง ระบำ รำ ฟ้อน,งานเปิดบริษัท,งานมงคล
272,นาฏศิลป์พื้นบ้านภาคกลาง,รำเถิดเทิง,"รําเถิดเทิง หรือเรียกอีกอย่างว่ารํากลองยาว เป็นการแสดงรําหยอกล้อ
ยั่วเย้าของฝ่ายชายและฝ่ายหญิง โดยมีการตีกลองยาวเป็นจังหวะ 
ประกอบการแสดงที่สนุกสนานรื่นเริง",4,10," 8,000 ",การแสดง ระบำ รำ ฟ้อน,วันสงกรานต์,งานเทศกาล
273,นาฏศิลป์พื้นบ้านภาคกลาง,รำเถิดเทิง,"รําเถิดเทิง หรือเรียกอีกอย่างว่ารํากลองยาว เป็นการแสดงรําหยอกล้อ
ยั่วเย้าของฝ่ายชายและฝ่ายหญิง โดยมีการตีกลองยาวเป็นจังหวะ 
ประกอบการแสดงที่สนุกสนานรื่นเริง",4,10," 8,000 ",การแสดง ระบำ รำ ฟ้อน,วันขึ้นปีใหม่,งานเทศกาล
274,นาฏศิลป์พื้นบ้านภาคกลาง,รำเถิดเทิง,"รําเถิดเทิง หรือเรียกอีกอย่างว่ารํากลองยาว เป็นการแสดงรําหยอกล้อ
ยั่วเย้าของฝ่ายชายและฝ่ายหญิง โดยมีการตีกลองยาวเป็นจังหวะ 
ประกอบการแสดงที่สนุกสนานรื่นเริง",4,10," 8,000 ",การแสดง ระบำ รำ ฟ้อน,วันตรุษจีน,งานเทศกาล
275,นาฏศิลป์พื้นบ้านภาคกลาง,รำเถิดเทิง,"รําเถิดเทิง หรือเรียกอีกอย่างว่ารํากลองยาว เป็นการแสดงรําหยอกล้อ
ยั่วเย้าของฝ่ายชายและฝ่ายหญิง โดยมีการตีกลองยาวเป็นจังหวะ 
ประกอบการแสดงที่สนุกสนานรื่นเริง",4,10," 8,000 ",การแสดง ระบำ รำ ฟ้อน,วันลอยกระทง,งานเทศกาล
276,นาฏศิลป์พื้นบ้านภาคกลาง,รำเถิดเทิง,"รําเถิดเทิง หรือเรียกอีกอย่างว่ารํากลองยาว เป็นการแสดงรําหยอกล้อ
ยั่วเย้าของฝ่ายชายและฝ่ายหญิง โดยมีการตีกลองยาวเป็นจังหวะ 
ประกอบการแสดงที่สนุกสนานรื่นเริง",4,10," 8,000 ",การแสดง ระบำ รำ ฟ้อน,การเผยแพร่วัฒนธรรมในประเทศ,งานเผยแพร่วัฒนธรรม
277,นาฏศิลป์พื้นบ้านภาคกลาง,รำเถิดเทิง,"รําเถิดเทิง หรือเรียกอีกอย่างว่ารํากลองยาว เป็นการแสดงรําหยอกล้อ
ยั่วเย้าของฝ่ายชายและฝ่ายหญิง โดยมีการตีกลองยาวเป็นจังหวะ 
ประกอบการแสดงที่สนุกสนานรื่นเริง",4,10," 8,000 ",การแสดง ระบำ รำ ฟ้อน,การเผยแพร่วัฒนธรรมต่างประเทศ,งานเผยแพร่วัฒนธรรม
278,นาฏศิลป์พื้นบ้านภาคกลาง,รำเถิดเทิง,"รําเถิดเทิง หรือเรียกอีกอย่างว่ารํากลองยาว เป็นการแสดงรําหยอกล้อ
ยั่วเย้าของฝ่ายชายและฝ่ายหญิง โดยมีการตีกลองยาวเป็นจังหวะ 
ประกอบการแสดงที่สนุกสนานรื่นเริง",4,10," 8,000 ",การแสดง ระบำ รำ ฟ้อน,งานสวดมนต์ข้ามปี,งานวันสำคัญทางศาสนา
279,นาฏศิลป์พื้นบ้านภาคกลาง,รำวงมาตรฐาน,"รําวงมาตรฐาน เป็นการแสดงที่ปรับปรุงมาจากการรําโทน นิยมเป็นการละเล่น
รื่นเริงประจําฤดูกาลของไทยภาคกลาง ซึ่งกระบวนท่ารําจะกําหนดไปตามเพลง
รวมทั้งสิ้น10 เพลง คือ เพลงงามแสงเดือน เพลงชาวไทย เพลงรำซิมารำ
เพลงคืนเดือนหงาย เพลงดวงจันทร์วันเพ็ญ เพลงดอกไม้ของชาติ
เพลงดวงจันทร์ขวัญฟ้า เพลงหญิงไทยใจงาม 
เพลงบูชานักรบ และเพลงยอดชายใจหาญ",8,10," 16,000 ",การแสดง ระบำ รำ ฟ้อน,งานทำบุญ,งานมงคล
280,นาฏศิลป์พื้นบ้านภาคกลาง,รำวงมาตรฐาน,"รําวงมาตรฐาน เป็นการแสดงที่ปรับปรุงมาจากการรําโทน นิยมเป็นการละเล่น
รื่นเริงประจําฤดูกาลของไทยภาคกลาง ซึ่งกระบวนท่ารําจะกําหนดไปตามเพลง
รวมทั้งสิ้น10 เพลง คือ เพลงงามแสงเดือน เพลงชาวไทย เพลงรำซิมารำ
เพลงคืนเดือนหงาย เพลงดวงจันทร์วันเพ็ญ เพลงดอกไม้ของชาติ
เพลงดวงจันทร์ขวัญฟ้า เพลงหญิงไทยใจงาม 
เพลงบูชานักรบ และเพลงยอดชายใจหาญ",8,10," 16,000 ",การแสดง ระบำ รำ ฟ้อน,งานวันเกิด,งานมงคล
281,นาฏศิลป์พื้นบ้านภาคกลาง,รำวงมาตรฐาน,"รําวงมาตรฐาน เป็นการแสดงที่ปรับปรุงมาจากการรําโทน นิยมเป็นการละเล่น
รื่นเริงประจําฤดูกาลของไทยภาคกลาง ซึ่งกระบวนท่ารําจะกําหนดไปตามเพลง
รวมทั้งสิ้น10 เพลง คือ เพลงงามแสงเดือน เพลงชาวไทย เพลงรำซิมารำ
เพลงคืนเดือนหงาย เพลงดวงจันทร์วันเพ็ญ เพลงดอกไม้ของชาติ
เพลงดวงจันทร์ขวัญฟ้า เพลงหญิงไทยใจงาม 
เพลงบูชานักรบ และเพลงยอดชายใจหาญ",8,10," 16,000 ",การแสดง ระบำ รำ ฟ้อน,งานขึ้นบ้านใหม่,งานมงคล
282,นาฏศิลป์พื้นบ้านภาคกลาง,รำวงมาตรฐาน,"รําวงมาตรฐาน เป็นการแสดงที่ปรับปรุงมาจากการรําโทน นิยมเป็นการละเล่น
รื่นเริงประจําฤดูกาลของไทยภาคกลาง ซึ่งกระบวนท่ารําจะกําหนดไปตามเพลง
รวมทั้งสิ้น10 เพลง คือ เพลงงามแสงเดือน เพลงชาวไทย เพลงรำซิมารำ
เพลงคืนเดือนหงาย เพลงดวงจันทร์วันเพ็ญ เพลงดอกไม้ของชาติ
เพลงดวงจันทร์ขวัญฟ้า เพลงหญิงไทยใจงาม 
เพลงบูชานักรบ และเพลงยอดชายใจหาญ",8,10," 16,000 ",การแสดง ระบำ รำ ฟ้อน,งานเปิดบริษัท,งานมงคล
283,นาฏศิลป์พื้นบ้านภาคกลาง,รำวงมาตรฐาน,"รําวงมาตรฐาน เป็นการแสดงที่ปรับปรุงมาจากการรําโทน นิยมเป็นการละเล่น
รื่นเริงประจําฤดูกาลของไทยภาคกลาง ซึ่งกระบวนท่ารําจะกําหนดไปตามเพลง
รวมทั้งสิ้น10 เพลง คือ เพลงงามแสงเดือน เพลงชาวไทย เพลงรำซิมารำ
เพลงคืนเดือนหงาย เพลงดวงจันทร์วันเพ็ญ เพลงดอกไม้ของชาติ
เพลงดวงจันทร์ขวัญฟ้า เพลงหญิงไทยใจงาม 
เพลงบูชานักรบ และเพลงยอดชายใจหาญ",8,10," 16,000 ",การแสดง ระบำ รำ ฟ้อน,วันสงกรานต์,งานเทศกาล
284,นาฏศิลป์พื้นบ้านภาคกลาง,รำวงมาตรฐาน,"รําวงมาตรฐาน เป็นการแสดงที่ปรับปรุงมาจากการรําโทน นิยมเป็นการละเล่น
รื่นเริงประจําฤดูกาลของไทยภาคกลาง ซึ่งกระบวนท่ารําจะกําหนดไปตามเพลง
รวมทั้งสิ้น10 เพลง คือ เพลงงามแสงเดือน เพลงชาวไทย เพลงรำซิมารำ
เพลงคืนเดือนหงาย เพลงดวงจันทร์วันเพ็ญ เพลงดอกไม้ของชาติ
เพลงดวงจันทร์ขวัญฟ้า เพลงหญิงไทยใจงาม 
เพลงบูชานักรบ และเพลงยอดชายใจหาญ",8,10," 16,000 ",การแสดง ระบำ รำ ฟ้อน,วันขึ้นปีใหม่,งานเทศกาล
285,นาฏศิลป์พื้นบ้านภาคกลาง,รำวงมาตรฐาน,"รําวงมาตรฐาน เป็นการแสดงที่ปรับปรุงมาจากการรําโทน นิยมเป็นการละเล่น
รื่นเริงประจําฤดูกาลของไทยภาคกลาง ซึ่งกระบวนท่ารําจะกําหนดไปตามเพลง
รวมทั้งสิ้น10 เพลง คือ เพลงงามแสงเดือน เพลงชาวไทย เพลงรำซิมารำ
เพลงคืนเดือนหงาย เพลงดวงจันทร์วันเพ็ญ เพลงดอกไม้ของชาติ
เพลงดวงจันทร์ขวัญฟ้า เพลงหญิงไทยใจงาม 
เพลงบูชานักรบ และเพลงยอดชายใจหาญ",8,10," 16,000 ",การแสดง ระบำ รำ ฟ้อน,วันลอยกระทง,งานเทศกาล
286,นาฏศิลป์พื้นบ้านภาคกลาง,รำวงมาตรฐาน,"รําวงมาตรฐาน เป็นการแสดงที่ปรับปรุงมาจากการรําโทน นิยมเป็นการละเล่น
รื่นเริงประจําฤดูกาลของไทยภาคกลาง ซึ่งกระบวนท่ารําจะกําหนดไปตามเพลง
รวมทั้งสิ้น10 เพลง คือ เพลงงามแสงเดือน เพลงชาวไทย เพลงรำซิมารำ
เพลงคืนเดือนหงาย เพลงดวงจันทร์วันเพ็ญ เพลงดอกไม้ของชาติ
เพลงดวงจันทร์ขวัญฟ้า เพลงหญิงไทยใจงาม 
เพลงบูชานักรบ และเพลงยอดชายใจหาญ",8,10," 16,000 ",การแสดง ระบำ รำ ฟ้อน,การเผยแพร่วัฒนธรรมในประเทศ,งานเผยแพร่วัฒนธรรม
287,นาฏศิลป์พื้นบ้านภาคกลาง,รำวงมาตรฐาน,"รําวงมาตรฐาน เป็นการแสดงที่ปรับปรุงมาจากการรําโทน นิยมเป็นการละเล่น
รื่นเริงประจําฤดูกาลของไทยภาคกลาง ซึ่งกระบวนท่ารําจะกําหนดไปตามเพลง
รวมทั้งสิ้น10 เพลง คือ เพลงงามแสงเดือน เพลงชาวไทย เพลงรำซิมารำ
เพลงคืนเดือนหงาย เพลงดวงจันทร์วันเพ็ญ เพลงดอกไม้ของชาติ
เพลงดวงจันทร์ขวัญฟ้า เพลงหญิงไทยใจงาม 
เพลงบูชานักรบ และเพลงยอดชายใจหาญ",8,10," 16,000 ",การแสดง ระบำ รำ ฟ้อน,การเผยแพร่วัฒนธรรมต่างประเทศ,งานเผยแพร่วัฒนธรรม
288,นาฏศิลป์พื้นบ้านภาคกลาง,รำสีนวล,"รําสีนวล เป็นศิลปะการแสดงที่สวยงามทังท่ารําและเพลงขับร้องที่มีความไพเราะ
ลักษณะท่ารําและคําร้อง หมายถึง อิริยาบถที่นุ่มนวลอ่อนช้อยของกุลสตรี 
นิยมจัดแสดงในงานทั่วไป",4,10," 8,000 ",การแสดง ระบำ รำ ฟ้อน,งานต้อนรับอาคันตุกะ,งานรัฐพิธี
289,นาฏศิลป์พื้นบ้านภาคกลาง,รำสีนวล,"รําสีนวล เป็นศิลปะการแสดงที่สวยงามทังท่ารําและเพลงขับร้องที่มีความไพเราะ
ลักษณะท่ารําและคําร้อง หมายถึง อิริยาบถที่นุ่มนวลอ่อนช้อยของกุลสตรี 
นิยมจัดแสดงในงานทั่วไป",4,10," 8,000 ",การแสดง ระบำ รำ ฟ้อน,งานทำบุญ,งานมงคล
290,นาฏศิลป์พื้นบ้านภาคกลาง,รำสีนวล,"รําสีนวล เป็นศิลปะการแสดงที่สวยงามทังท่ารําและเพลงขับร้องที่มีความไพเราะ
ลักษณะท่ารําและคําร้อง หมายถึง อิริยาบถที่นุ่มนวลอ่อนช้อยของกุลสตรี 
นิยมจัดแสดงในงานทั่วไป",4,10," 8,000 ",การแสดง ระบำ รำ ฟ้อน,งานวันเกิด,งานมงคล
291,นาฏศิลป์พื้นบ้านภาคกลาง,รำสีนวล,"รําสีนวล เป็นศิลปะการแสดงที่สวยงามทังท่ารําและเพลงขับร้องที่มีความไพเราะ
ลักษณะท่ารําและคําร้อง หมายถึง อิริยาบถที่นุ่มนวลอ่อนช้อยของกุลสตรี 
นิยมจัดแสดงในงานทั่วไป",4,10," 8,000 ",การแสดง ระบำ รำ ฟ้อน,งานแต่งงาน,งานมงคล
292,นาฏศิลป์พื้นบ้านภาคกลาง,รำสีนวล,"รําสีนวล เป็นศิลปะการแสดงที่สวยงามทังท่ารําและเพลงขับร้องที่มีความไพเราะ
ลักษณะท่ารําและคําร้อง หมายถึง อิริยาบถที่นุ่มนวลอ่อนช้อยของกุลสตรี 
นิยมจัดแสดงในงานทั่วไป",4,10," 8,000 ",การแสดง ระบำ รำ ฟ้อน,งานขึ้นบ้านใหม่,งานมงคล
293,นาฏศิลป์พื้นบ้านภาคกลาง,รำสีนวล,"รําสีนวล เป็นศิลปะการแสดงที่สวยงามทังท่ารําและเพลงขับร้องที่มีความไพเราะ
ลักษณะท่ารําและคําร้อง หมายถึง อิริยาบถที่นุ่มนวลอ่อนช้อยของกุลสตรี 
นิยมจัดแสดงในงานทั่วไป",4,10," 8,000 ",การแสดง ระบำ รำ ฟ้อน,งานเปิดบริษัท,งานมงคล
294,นาฏศิลป์พื้นบ้านภาคกลาง,รำสีนวล,"รําสีนวล เป็นศิลปะการแสดงที่สวยงามทังท่ารําและเพลงขับร้องที่มีความไพเราะ
ลักษณะท่ารําและคําร้อง หมายถึง อิริยาบถที่นุ่มนวลอ่อนช้อยของกุลสตรี 
นิยมจัดแสดงในงานทั่วไป",4,10," 8,000 ",การแสดง ระบำ รำ ฟ้อน,งานบวงสรวง,งานมงคล
295,นาฏศิลป์พื้นบ้านภาคกลาง,รำสีนวล,"รําสีนวล เป็นศิลปะการแสดงที่สวยงามทังท่ารําและเพลงขับร้องที่มีความไพเราะ
ลักษณะท่ารําและคําร้อง หมายถึง อิริยาบถที่นุ่มนวลอ่อนช้อยของกุลสตรี 
นิยมจัดแสดงในงานทั่วไป",4,10," 8,000 ",การแสดง ระบำ รำ ฟ้อน,งานสวดอภิธรรม,งานอวมงคล
296,นาฏศิลป์พื้นบ้านภาคกลาง,รำสีนวล,"รําสีนวล เป็นศิลปะการแสดงที่สวยงามทังท่ารําและเพลงขับร้องที่มีความไพเราะ
ลักษณะท่ารําและคําร้อง หมายถึง อิริยาบถที่นุ่มนวลอ่อนช้อยของกุลสตรี 
นิยมจัดแสดงในงานทั่วไป",4,10," 8,000 ",การแสดง ระบำ รำ ฟ้อน,วันสงกรานต์,งานเทศกาล
297,นาฏศิลป์พื้นบ้านภาคกลาง,รำสีนวล,"รําสีนวล เป็นศิลปะการแสดงที่สวยงามทังท่ารําและเพลงขับร้องที่มีความไพเราะ
ลักษณะท่ารําและคําร้อง หมายถึง อิริยาบถที่นุ่มนวลอ่อนช้อยของกุลสตรี 
นิยมจัดแสดงในงานทั่วไป",4,10," 8,000 ",การแสดง ระบำ รำ ฟ้อน,วันขึ้นปีใหม่,งานเทศกาล
298,นาฏศิลป์พื้นบ้านภาคกลาง,รำสีนวล,"รําสีนวล เป็นศิลปะการแสดงที่สวยงามทังท่ารําและเพลงขับร้องที่มีความไพเราะ
ลักษณะท่ารําและคําร้อง หมายถึง อิริยาบถที่นุ่มนวลอ่อนช้อยของกุลสตรี 
นิยมจัดแสดงในงานทั่วไป",4,10," 8,000 ",การแสดง ระบำ รำ ฟ้อน,วันลอยกระทง,งานเทศกาล
299,นาฏศิลป์พื้นบ้านภาคกลาง,รำสีนวล,"รําสีนวล เป็นศิลปะการแสดงที่สวยงามทังท่ารําและเพลงขับร้องที่มีความไพเราะ
ลักษณะท่ารําและคําร้อง หมายถึง อิริยาบถที่นุ่มนวลอ่อนช้อยของกุลสตรี 
นิยมจัดแสดงในงานทั่วไป",4,10," 8,000 ",การแสดง ระบำ รำ ฟ้อน,การเผยแพร่วัฒนธรรมในประเทศ,งานเผยแพร่วัฒนธรรม
300,นาฏศิลป์พื้นบ้านภาคใต้,โนรา,"โนรา เป็นศิลปะการแสดงที่เก่าแก่ของชาวไทยภาคใต้ มีแบบแผนสืบต่อกันมาหลายร้อยปี
ท่ารําโนราบรรยายถึงลักษณะท่ารําของกินรี และใช้สําหรับเป็นการรําบูชาครู 
เพื่อความสวัสดิมงคล ยูเนสโกประกาศรับรองขึ้นทะเบียนเป็นมรดกภูมิปัญญา
ทางวัฒนธรรมที่จับต้องไม่ได้ของมนุษยชาติ",1,10," 3,500 ",การแสดง ระบำ รำ ฟ้อน,งานต้อนรับอาคันตุกะ,งานรัฐพิธี
301,นาฏศิลป์พื้นบ้านภาคใต้,โนรา,"โนรา เป็นศิลปะการแสดงที่เก่าแก่ของชาวไทยภาคใต้ มีแบบแผนสืบต่อกันมาหลายร้อยปี
ท่ารําโนราบรรยายถึงลักษณะท่ารําของกินรี และใช้สําหรับเป็นการรําบูชาครู 
เพื่อความสวัสดิมงคล ยูเนสโกประกาศรับรองขึ้นทะเบียนเป็นมรดกภูมิปัญญา
ทางวัฒนธรรมที่จับต้องไม่ได้ของมนุษยชาติ",1,10," 3,500 ",การแสดง ระบำ รำ ฟ้อน,งานเฉลิมพระชนมพรรษาพระบรมวงศานุวงศ์,งานราชพิธี
302,นาฏศิลป์พื้นบ้านภาคใต้,โนรา,"โนรา เป็นศิลปะการแสดงที่เก่าแก่ของชาวไทยภาคใต้ มีแบบแผนสืบต่อกันมาหลายร้อยปี
ท่ารําโนราบรรยายถึงลักษณะท่ารําของกินรี และใช้สําหรับเป็นการรําบูชาครู 
เพื่อความสวัสดิมงคล ยูเนสโกประกาศรับรองขึ้นทะเบียนเป็นมรดกภูมิปัญญา
ทางวัฒนธรรมที่จับต้องไม่ได้ของมนุษยชาติ",1,10," 3,500 ",การแสดง ระบำ รำ ฟ้อน,งานทำบุญ,งานมงคล
303,นาฏศิลป์พื้นบ้านภาคใต้,โนรา,"โนรา เป็นศิลปะการแสดงที่เก่าแก่ของชาวไทยภาคใต้ มีแบบแผนสืบต่อกันมาหลายร้อยปี
ท่ารําโนราบรรยายถึงลักษณะท่ารําของกินรี และใช้สําหรับเป็นการรําบูชาครู 
เพื่อความสวัสดิมงคล ยูเนสโกประกาศรับรองขึ้นทะเบียนเป็นมรดกภูมิปัญญา
ทางวัฒนธรรมที่จับต้องไม่ได้ของมนุษยชาติ",1,10," 3,500 ",การแสดง ระบำ รำ ฟ้อน,งานแต่งงาน,งานมงคล
304,นาฏศิลป์พื้นบ้านภาคใต้,โนรา,"โนรา เป็นศิลปะการแสดงที่เก่าแก่ของชาวไทยภาคใต้ มีแบบแผนสืบต่อกันมาหลายร้อยปี
ท่ารําโนราบรรยายถึงลักษณะท่ารําของกินรี และใช้สําหรับเป็นการรําบูชาครู 
เพื่อความสวัสดิมงคล ยูเนสโกประกาศรับรองขึ้นทะเบียนเป็นมรดกภูมิปัญญา
ทางวัฒนธรรมที่จับต้องไม่ได้ของมนุษยชาติ",1,10," 3,500 ",การแสดง ระบำ รำ ฟ้อน,งานบวงสรวง,งานมงคล
305,นาฏศิลป์พื้นบ้านภาคใต้,โนรา,"โนรา เป็นศิลปะการแสดงที่เก่าแก่ของชาวไทยภาคใต้ มีแบบแผนสืบต่อกันมาหลายร้อยปี
ท่ารําโนราบรรยายถึงลักษณะท่ารําของกินรี และใช้สําหรับเป็นการรําบูชาครู 
เพื่อความสวัสดิมงคล ยูเนสโกประกาศรับรองขึ้นทะเบียนเป็นมรดกภูมิปัญญา
ทางวัฒนธรรมที่จับต้องไม่ได้ของมนุษยชาติ",1,10," 3,500 ",การแสดง ระบำ รำ ฟ้อน,งานไหว้ครู,งานมงคล
306,นาฏศิลป์พื้นบ้านภาคใต้,โนรา,"โนรา เป็นศิลปะการแสดงที่เก่าแก่ของชาวไทยภาคใต้ มีแบบแผนสืบต่อกันมาหลายร้อยปี
ท่ารําโนราบรรยายถึงลักษณะท่ารําของกินรี และใช้สําหรับเป็นการรําบูชาครู 
เพื่อความสวัสดิมงคล ยูเนสโกประกาศรับรองขึ้นทะเบียนเป็นมรดกภูมิปัญญา
ทางวัฒนธรรมที่จับต้องไม่ได้ของมนุษยชาติ",1,10," 3,500 ",การแสดง ระบำ รำ ฟ้อน,งานสวดอภิธรรม,งานอวมงคล
307,นาฏศิลป์พื้นบ้านภาคใต้,โนรา,"โนรา เป็นศิลปะการแสดงที่เก่าแก่ของชาวไทยภาคใต้ มีแบบแผนสืบต่อกันมาหลายร้อยปี
ท่ารําโนราบรรยายถึงลักษณะท่ารําของกินรี และใช้สําหรับเป็นการรําบูชาครู 
เพื่อความสวัสดิมงคล ยูเนสโกประกาศรับรองขึ้นทะเบียนเป็นมรดกภูมิปัญญา
ทางวัฒนธรรมที่จับต้องไม่ได้ของมนุษยชาติ",1,10," 3,500 ",การแสดง ระบำ รำ ฟ้อน,งานพระราชทานเพลิงศพ,งานอวมงคล
308,นาฏศิลป์พื้นบ้านภาคใต้,โนรา,"โนรา เป็นศิลปะการแสดงที่เก่าแก่ของชาวไทยภาคใต้ มีแบบแผนสืบต่อกันมาหลายร้อยปี
ท่ารําโนราบรรยายถึงลักษณะท่ารําของกินรี และใช้สําหรับเป็นการรําบูชาครู 
เพื่อความสวัสดิมงคล ยูเนสโกประกาศรับรองขึ้นทะเบียนเป็นมรดกภูมิปัญญา
ทางวัฒนธรรมที่จับต้องไม่ได้ของมนุษยชาติ",1,10," 3,500 ",การแสดง ระบำ รำ ฟ้อน,งานฌาปนกิจศพ,งานอวมงคล
309,นาฏศิลป์พื้นบ้านภาคใต้,โนรา,"โนรา เป็นศิลปะการแสดงที่เก่าแก่ของชาวไทยภาคใต้ มีแบบแผนสืบต่อกันมาหลายร้อยปี
ท่ารําโนราบรรยายถึงลักษณะท่ารําของกินรี และใช้สําหรับเป็นการรําบูชาครู 
เพื่อความสวัสดิมงคล ยูเนสโกประกาศรับรองขึ้นทะเบียนเป็นมรดกภูมิปัญญา
ทางวัฒนธรรมที่จับต้องไม่ได้ของมนุษยชาติ",1,10," 3,500 ",การแสดง ระบำ รำ ฟ้อน,วันสงกรานต์,งานเทศกาล
310,นาฏศิลป์พื้นบ้านภาคใต้,โนรา,"โนรา เป็นศิลปะการแสดงที่เก่าแก่ของชาวไทยภาคใต้ มีแบบแผนสืบต่อกันมาหลายร้อยปี
ท่ารําโนราบรรยายถึงลักษณะท่ารําของกินรี และใช้สําหรับเป็นการรําบูชาครู 
เพื่อความสวัสดิมงคล ยูเนสโกประกาศรับรองขึ้นทะเบียนเป็นมรดกภูมิปัญญา
ทางวัฒนธรรมที่จับต้องไม่ได้ของมนุษยชาติ",1,10," 3,500 ",การแสดง ระบำ รำ ฟ้อน,วันขึ้นปีใหม่,งานเทศกาล
311,นาฏศิลป์พื้นบ้านภาคใต้,โนรา,"โนรา เป็นศิลปะการแสดงที่เก่าแก่ของชาวไทยภาคใต้ มีแบบแผนสืบต่อกันมาหลายร้อยปี
ท่ารําโนราบรรยายถึงลักษณะท่ารําของกินรี และใช้สําหรับเป็นการรําบูชาครู 
เพื่อความสวัสดิมงคล ยูเนสโกประกาศรับรองขึ้นทะเบียนเป็นมรดกภูมิปัญญา
ทางวัฒนธรรมที่จับต้องไม่ได้ของมนุษยชาติ",1,10," 3,500 ",การแสดง ระบำ รำ ฟ้อน,วันตรุษจีน,งานเทศกาล
312,นาฏศิลป์พื้นบ้านภาคใต้,โนรา,"โนรา เป็นศิลปะการแสดงที่เก่าแก่ของชาวไทยภาคใต้ มีแบบแผนสืบต่อกันมาหลายร้อยปี
ท่ารําโนราบรรยายถึงลักษณะท่ารําของกินรี และใช้สําหรับเป็นการรําบูชาครู 
เพื่อความสวัสดิมงคล ยูเนสโกประกาศรับรองขึ้นทะเบียนเป็นมรดกภูมิปัญญา
ทางวัฒนธรรมที่จับต้องไม่ได้ของมนุษยชาติ",1,10," 3,500 ",การแสดง ระบำ รำ ฟ้อน,วันลอยกระทง,งานเทศกาล
313,นาฏศิลป์พื้นบ้านภาคใต้,โนรา,"โนรา เป็นศิลปะการแสดงที่เก่าแก่ของชาวไทยภาคใต้ มีแบบแผนสืบต่อกันมาหลายร้อยปี
ท่ารําโนราบรรยายถึงลักษณะท่ารําของกินรี และใช้สําหรับเป็นการรําบูชาครู 
เพื่อความสวัสดิมงคล ยูเนสโกประกาศรับรองขึ้นทะเบียนเป็นมรดกภูมิปัญญา
ทางวัฒนธรรมที่จับต้องไม่ได้ของมนุษยชาติ",1,10," 3,500 ",การแสดง ระบำ รำ ฟ้อน,การเผยแพร่วัฒนธรรมในประเทศ,งานเผยแพร่วัฒนธรรม
314,นาฏศิลป์พื้นบ้านภาคใต้,โนรา,"โนรา เป็นศิลปะการแสดงที่เก่าแก่ของชาวไทยภาคใต้ มีแบบแผนสืบต่อกันมาหลายร้อยปี
ท่ารําโนราบรรยายถึงลักษณะท่ารําของกินรี และใช้สําหรับเป็นการรําบูชาครู 
เพื่อความสวัสดิมงคล ยูเนสโกประกาศรับรองขึ้นทะเบียนเป็นมรดกภูมิปัญญา
ทางวัฒนธรรมที่จับต้องไม่ได้ของมนุษยชาติ",1,10," 3,500 ",การแสดง ระบำ รำ ฟ้อน,การเผยแพร่วัฒนธรรมต่างประเทศ,งานเผยแพร่วัฒนธรรม
315,นาฏศิลป์พื้นบ้านภาคใต้,รองเง็ง,"รองเง็ง เป็นการละเล่นของชาวไทยทางภาคใต้ ที่ได้รับอิทธิพลของชาวตะวันตก
โดยเฉพาะสเปน และโปรตุเกส ที่ติดต่อค้าขายกับชาวมลายู โดยเผยแพร่มาทาง
จังหวัดชายแดนทางตอนใต้ของไทย ผู้แสดงประกอบด้วยชายหญิงรําเป็นคู่
นิยมแสดงในงานรื่นเริงทั่วไป",4,10," 8,000 ",การแสดง ระบำ รำ ฟ้อน,งานต้อนรับอาคันตุกะ,งานรัฐพิธี
316,นาฏศิลป์พื้นบ้านภาคใต้,รองเง็ง,"รองเง็ง เป็นการละเล่นของชาวไทยทางภาคใต้ ที่ได้รับอิทธิพลของชาวตะวันตก
โดยเฉพาะสเปน และโปรตุเกส ที่ติดต่อค้าขายกับชาวมลายู โดยเผยแพร่มาทาง
จังหวัดชายแดนทางตอนใต้ของไทย ผู้แสดงประกอบด้วยชายหญิงรําเป็นคู่
นิยมแสดงในงานรื่นเริงทั่วไป",4,10," 8,000 ",การแสดง ระบำ รำ ฟ้อน,งานสวดอภิธรรม,งานอวมงคล
317,นาฏศิลป์พื้นบ้านภาคใต้,รองเง็ง,"รองเง็ง เป็นการละเล่นของชาวไทยทางภาคใต้ ที่ได้รับอิทธิพลของชาวตะวันตก
โดยเฉพาะสเปน และโปรตุเกส ที่ติดต่อค้าขายกับชาวมลายู โดยเผยแพร่มาทาง
จังหวัดชายแดนทางตอนใต้ของไทย ผู้แสดงประกอบด้วยชายหญิงรําเป็นคู่
นิยมแสดงในงานรื่นเริงทั่วไป",4,10," 8,000 ",การแสดง ระบำ รำ ฟ้อน,งานพระราชทานเพลิงศพ,งานอวมงคล
318,นาฏศิลป์พื้นบ้านภาคใต้,รองเง็ง,"รองเง็ง เป็นการละเล่นของชาวไทยทางภาคใต้ ที่ได้รับอิทธิพลของชาวตะวันตก
โดยเฉพาะสเปน และโปรตุเกส ที่ติดต่อค้าขายกับชาวมลายู โดยเผยแพร่มาทาง
จังหวัดชายแดนทางตอนใต้ของไทย ผู้แสดงประกอบด้วยชายหญิงรําเป็นคู่
นิยมแสดงในงานรื่นเริงทั่วไป",4,10," 8,000 ",การแสดง ระบำ รำ ฟ้อน,งานฌาปนกิจศพ,งานอวมงคล
319,นาฏศิลป์พื้นบ้านภาคใต้,รองเง็ง,"รองเง็ง เป็นการละเล่นของชาวไทยทางภาคใต้ ที่ได้รับอิทธิพลของชาวตะวันตก
โดยเฉพาะสเปน และโปรตุเกส ที่ติดต่อค้าขายกับชาวมลายู โดยเผยแพร่มาทาง
จังหวัดชายแดนทางตอนใต้ของไทย ผู้แสดงประกอบด้วยชายหญิงรําเป็นคู่
นิยมแสดงในงานรื่นเริงทั่วไป",4,10," 8,000 ",การแสดง ระบำ รำ ฟ้อน,วันสงกรานต์,งานเทศกาล
320,นาฏศิลป์พื้นบ้านภาคใต้,รองเง็ง,"รองเง็ง เป็นการละเล่นของชาวไทยทางภาคใต้ ที่ได้รับอิทธิพลของชาวตะวันตก
โดยเฉพาะสเปน และโปรตุเกส ที่ติดต่อค้าขายกับชาวมลายู โดยเผยแพร่มาทาง
จังหวัดชายแดนทางตอนใต้ของไทย ผู้แสดงประกอบด้วยชายหญิงรําเป็นคู่
นิยมแสดงในงานรื่นเริงทั่วไป",4,10," 8,000 ",การแสดง ระบำ รำ ฟ้อน,วันขึ้นปีใหม่,งานเทศกาล
321,นาฏศิลป์พื้นบ้านภาคใต้,รองเง็ง,"รองเง็ง เป็นการละเล่นของชาวไทยทางภาคใต้ ที่ได้รับอิทธิพลของชาวตะวันตก
โดยเฉพาะสเปน และโปรตุเกส ที่ติดต่อค้าขายกับชาวมลายู โดยเผยแพร่มาทาง
จังหวัดชายแดนทางตอนใต้ของไทย ผู้แสดงประกอบด้วยชายหญิงรําเป็นคู่
นิยมแสดงในงานรื่นเริงทั่วไป",4,10," 8,000 ",การแสดง ระบำ รำ ฟ้อน,วันตรุษจีน,งานเทศกาล
322,นาฏศิลป์พื้นบ้านภาคใต้,รองเง็ง,"รองเง็ง เป็นการละเล่นของชาวไทยทางภาคใต้ ที่ได้รับอิทธิพลของชาวตะวันตก
โดยเฉพาะสเปน และโปรตุเกส ที่ติดต่อค้าขายกับชาวมลายู โดยเผยแพร่มาทาง
จังหวัดชายแดนทางตอนใต้ของไทย ผู้แสดงประกอบด้วยชายหญิงรําเป็นคู่
นิยมแสดงในงานรื่นเริงทั่วไป",4,10," 8,000 ",การแสดง ระบำ รำ ฟ้อน,วันลอยกระทง,งานเทศกาล
323,นาฏศิลป์พื้นบ้านภาคใต้,รองเง็ง,"รองเง็ง เป็นการละเล่นของชาวไทยทางภาคใต้ ที่ได้รับอิทธิพลของชาวตะวันตก
โดยเฉพาะสเปน และโปรตุเกส ที่ติดต่อค้าขายกับชาวมลายู โดยเผยแพร่มาทาง
จังหวัดชายแดนทางตอนใต้ของไทย ผู้แสดงประกอบด้วยชายหญิงรําเป็นคู่
นิยมแสดงในงานรื่นเริงทั่วไป",4,10," 8,000 ",การแสดง ระบำ รำ ฟ้อน,การเผยแพร่วัฒนธรรมในประเทศ,งานเผยแพร่วัฒนธรรม
324,นาฏศิลป์พื้นบ้านภาคใต้,รองเง็ง,"รองเง็ง เป็นการละเล่นของชาวไทยทางภาคใต้ ที่ได้รับอิทธิพลของชาวตะวันตก
โดยเฉพาะสเปน และโปรตุเกส ที่ติดต่อค้าขายกับชาวมลายู โดยเผยแพร่มาทาง
จังหวัดชายแดนทางตอนใต้ของไทย ผู้แสดงประกอบด้วยชายหญิงรําเป็นคู่
นิยมแสดงในงานรื่นเริงทั่วไป",4,10," 8,000 ",การแสดง ระบำ รำ ฟ้อน,การเผยแพร่วัฒนธรรมต่างประเทศ,งานเผยแพร่วัฒนธรรม
325,นาฏศิลป์พื้นบ้านภาคใต้,ระบำตารีกีปัส,"ระบําตารีกีปัส เป็นการแสดงรําพัดทางภาคใต้ของไทย ผู้แสดงหญิง
ถือพัดทัง 2 มือ ร่ายรําประกอบเพลงที่บรรเลงด้วยเครื่องดนตรีพื้นเมืองภาคใต้
ผสมผสานเครื่องประกอบจังหวะและเครื่องดนตรีตะวันตกที่มีความไพเราะ",4,10," 8,000 ",การแสดง ระบำ รำ ฟ้อน,งานต้อนรับอาคันตุกะ,งานรัฐพิธี
326,นาฏศิลป์พื้นบ้านภาคใต้,ระบำตารีกีปัส,"ระบําตารีกีปัส เป็นการแสดงรําพัดทางภาคใต้ของไทย ผู้แสดงหญิง
ถือพัดทัง 2 มือ ร่ายรําประกอบเพลงที่บรรเลงด้วยเครื่องดนตรีพื้นเมืองภาคใต้
ผสมผสานเครื่องประกอบจังหวะและเครื่องดนตรีตะวันตกที่มีความไพเราะ",4,10," 8,000 ",การแสดง ระบำ รำ ฟ้อน,งานทำบุญ,งานมงคล
327,นาฏศิลป์พื้นบ้านภาคใต้,ระบำตารีกีปัส,"ระบําตารีกีปัส เป็นการแสดงรําพัดทางภาคใต้ของไทย ผู้แสดงหญิง
ถือพัดทัง 2 มือ ร่ายรําประกอบเพลงที่บรรเลงด้วยเครื่องดนตรีพื้นเมืองภาคใต้
ผสมผสานเครื่องประกอบจังหวะและเครื่องดนตรีตะวันตกที่มีความไพเราะ",4,10," 8,000 ",การแสดง ระบำ รำ ฟ้อน,งานวันเกิด,งานมงคล
328,นาฏศิลป์พื้นบ้านภาคใต้,ระบำตารีกีปัส,"ระบําตารีกีปัส เป็นการแสดงรําพัดทางภาคใต้ของไทย ผู้แสดงหญิง
ถือพัดทัง 2 มือ ร่ายรําประกอบเพลงที่บรรเลงด้วยเครื่องดนตรีพื้นเมืองภาคใต้
ผสมผสานเครื่องประกอบจังหวะและเครื่องดนตรีตะวันตกที่มีความไพเราะ",4,10," 8,000 ",การแสดง ระบำ รำ ฟ้อน,งานขึ้นบ้านใหม่,งานมงคล
329,นาฏศิลป์พื้นบ้านภาคใต้,ระบำตารีกีปัส,"ระบําตารีกีปัส เป็นการแสดงรําพัดทางภาคใต้ของไทย ผู้แสดงหญิง
ถือพัดทัง 2 มือ ร่ายรําประกอบเพลงที่บรรเลงด้วยเครื่องดนตรีพื้นเมืองภาคใต้
ผสมผสานเครื่องประกอบจังหวะและเครื่องดนตรีตะวันตกที่มีความไพเราะ",4,10," 8,000 ",การแสดง ระบำ รำ ฟ้อน,งานเปิดบริษัท,งานมงคล
330,นาฏศิลป์พื้นบ้านภาคใต้,ระบำตารีกีปัส,"ระบําตารีกีปัส เป็นการแสดงรําพัดทางภาคใต้ของไทย ผู้แสดงหญิง
ถือพัดทัง 2 มือ ร่ายรําประกอบเพลงที่บรรเลงด้วยเครื่องดนตรีพื้นเมืองภาคใต้
ผสมผสานเครื่องประกอบจังหวะและเครื่องดนตรีตะวันตกที่มีความไพเราะ",4,10," 8,000 ",การแสดง ระบำ รำ ฟ้อน,งานสวดอภิธรรม,งานอวมงคล
331,นาฏศิลป์พื้นบ้านภาคใต้,ระบำตารีกีปัส,"ระบําตารีกีปัส เป็นการแสดงรําพัดทางภาคใต้ของไทย ผู้แสดงหญิง
ถือพัดทัง 2 มือ ร่ายรําประกอบเพลงที่บรรเลงด้วยเครื่องดนตรีพื้นเมืองภาคใต้
ผสมผสานเครื่องประกอบจังหวะและเครื่องดนตรีตะวันตกที่มีความไพเราะ",4,10," 8,000 ",การแสดง ระบำ รำ ฟ้อน,งานฌาปนกิจศพ,งานอวมงคล
332,นาฏศิลป์พื้นบ้านภาคใต้,ระบำตารีกีปัส,"ระบําตารีกีปัส เป็นการแสดงรําพัดทางภาคใต้ของไทย ผู้แสดงหญิง
ถือพัดทัง 2 มือ ร่ายรําประกอบเพลงที่บรรเลงด้วยเครื่องดนตรีพื้นเมืองภาคใต้
ผสมผสานเครื่องประกอบจังหวะและเครื่องดนตรีตะวันตกที่มีความไพเราะ",4,10," 8,000 ",การแสดง ระบำ รำ ฟ้อน,วันสงกรานต์,งานเทศกาล
333,นาฏศิลป์พื้นบ้านภาคใต้,ระบำตารีกีปัส,"ระบําตารีกีปัส เป็นการแสดงรําพัดทางภาคใต้ของไทย ผู้แสดงหญิง
ถือพัดทัง 2 มือ ร่ายรําประกอบเพลงที่บรรเลงด้วยเครื่องดนตรีพื้นเมืองภาคใต้
ผสมผสานเครื่องประกอบจังหวะและเครื่องดนตรีตะวันตกที่มีความไพเราะ",4,10," 8,000 ",การแสดง ระบำ รำ ฟ้อน,วันขึ้นปีใหม่,งานเทศกาล
334,นาฏศิลป์พื้นบ้านภาคใต้,ระบำตารีกีปัส,"ระบําตารีกีปัส เป็นการแสดงรําพัดทางภาคใต้ของไทย ผู้แสดงหญิง
ถือพัดทัง 2 มือ ร่ายรําประกอบเพลงที่บรรเลงด้วยเครื่องดนตรีพื้นเมืองภาคใต้
ผสมผสานเครื่องประกอบจังหวะและเครื่องดนตรีตะวันตกที่มีความไพเราะ",4,10," 8,000 ",การแสดง ระบำ รำ ฟ้อน,วันตรุษจีน,งานเทศกาล
335,นาฏศิลป์พื้นบ้านภาคใต้,ระบำตารีกีปัส,"ระบําตารีกีปัส เป็นการแสดงรําพัดทางภาคใต้ของไทย ผู้แสดงหญิง
ถือพัดทัง 2 มือ ร่ายรําประกอบเพลงที่บรรเลงด้วยเครื่องดนตรีพื้นเมืองภาคใต้
ผสมผสานเครื่องประกอบจังหวะและเครื่องดนตรีตะวันตกที่มีความไพเราะ",4,10," 8,000 ",การแสดง ระบำ รำ ฟ้อน,วันลอยกระทง,งานเทศกาล
336,นาฏศิลป์พื้นบ้านภาคใต้,ระบำตารีกีปัส,"ระบําตารีกีปัส เป็นการแสดงรําพัดทางภาคใต้ของไทย ผู้แสดงหญิง
ถือพัดทัง 2 มือ ร่ายรําประกอบเพลงที่บรรเลงด้วยเครื่องดนตรีพื้นเมืองภาคใต้
ผสมผสานเครื่องประกอบจังหวะและเครื่องดนตรีตะวันตกที่มีความไพเราะ",4,10," 8,000 ",การแสดง ระบำ รำ ฟ้อน,การเผยแพร่วัฒนธรรมในประเทศ,งานเผยแพร่วัฒนธรรม
337,นาฏศิลป์พื้นบ้านภาคใต้,ระบำตารีกีปัส,"ระบําตารีกีปัส เป็นการแสดงรําพัดทางภาคใต้ของไทย ผู้แสดงหญิง
ถือพัดทัง 2 มือ ร่ายรําประกอบเพลงที่บรรเลงด้วยเครื่องดนตรีพื้นเมืองภาคใต้
ผสมผสานเครื่องประกอบจังหวะและเครื่องดนตรีตะวันตกที่มีความไพเราะ",4,10," 8,000 ",การแสดง ระบำ รำ ฟ้อน,การเผยแพร่วัฒนธรรมต่างประเทศ,งานเผยแพร่วัฒนธรรม
338,นาฏศิลป์พื้นบ้านภาคใต้,ระบำตารีกีปัส,"ระบําตารีกีปัส เป็นการแสดงรําพัดทางภาคใต้ของไทย ผู้แสดงหญิง
ถือพัดทัง 2 มือ ร่ายรําประกอบเพลงที่บรรเลงด้วยเครื่องดนตรีพื้นเมืองภาคใต้
ผสมผสานเครื่องประกอบจังหวะและเครื่องดนตรีตะวันตกที่มีความไพเราะ",4,10," 8,000 ",การแสดง ระบำ รำ ฟ้อน,งานสวดมนต์ข้ามปี,งานวันสำคัญทางศาสนา
339,นาฏศิลป์พื้นบ้านภาคใต้,ระบำตารีบุหงา,"ตารีบุหงา เป็นภาษามลายู “ตารี” แปลว่า รําหรือระบํา “บุหงา”
แปลว่า ดอกไม้ ตารีบุหงา จึงหมายถึง ระบําดอกไม้ ได้แนวคิดมาจาก
ช่อดอกไม้ที่ใช้ แทนของที่ระลึกเพื่อมอบให้แขกที่มาร่วมในงานแต่งงาน 
ของชาวไทยมุสลิม ผู้แสดงสวมเครื่องแต่งกายแบบพื้นบ้านภาคใต้
ถือพานดอกไม้ประกอบกระบวนท่ารําที่งดงาม ",4,10," 8,000 ",การแสดง ระบำ รำ ฟ้อน,งานต้อนรับอาคันตุกะ,งานรัฐพิธี
340,นาฏศิลป์พื้นบ้านภาคใต้,ระบำตารีบุหงา,"ตารีบุหงา เป็นภาษามลายู “ตารี” แปลว่า รําหรือระบํา “บุหงา”
แปลว่า ดอกไม้ ตารีบุหงา จึงหมายถึง ระบําดอกไม้ ได้แนวคิดมาจาก
ช่อดอกไม้ที่ใช้ แทนของที่ระลึกเพื่อมอบให้แขกที่มาร่วมในงานแต่งงาน 
ของชาวไทยมุสลิม ผู้แสดงสวมเครื่องแต่งกายแบบพื้นบ้านภาคใต้
ถือพานดอกไม้ประกอบกระบวนท่ารําที่งดงาม ",4,10," 8,000 ",การแสดง ระบำ รำ ฟ้อน,งานเฉลิมพระชนมพรรษาพระบรมวงศานุวงศ์,งานราชพิธี
341,นาฏศิลป์พื้นบ้านภาคใต้,ระบำตารีบุหงา,"ตารีบุหงา เป็นภาษามลายู “ตารี” แปลว่า รําหรือระบํา “บุหงา”
แปลว่า ดอกไม้ ตารีบุหงา จึงหมายถึง ระบําดอกไม้ ได้แนวคิดมาจาก
ช่อดอกไม้ที่ใช้ แทนของที่ระลึกเพื่อมอบให้แขกที่มาร่วมในงานแต่งงาน 
ของชาวไทยมุสลิม ผู้แสดงสวมเครื่องแต่งกายแบบพื้นบ้านภาคใต้
ถือพานดอกไม้ประกอบกระบวนท่ารําที่งดงาม ",4,10," 8,000 ",การแสดง ระบำ รำ ฟ้อน,งานทำบุญ,งานมงคล
342,นาฏศิลป์พื้นบ้านภาคใต้,ระบำตารีบุหงา,"ตารีบุหงา เป็นภาษามลายู “ตารี” แปลว่า รําหรือระบํา “บุหงา”
แปลว่า ดอกไม้ ตารีบุหงา จึงหมายถึง ระบําดอกไม้ ได้แนวคิดมาจาก
ช่อดอกไม้ที่ใช้ แทนของที่ระลึกเพื่อมอบให้แขกที่มาร่วมในงานแต่งงาน 
ของชาวไทยมุสลิม ผู้แสดงสวมเครื่องแต่งกายแบบพื้นบ้านภาคใต้
ถือพานดอกไม้ประกอบกระบวนท่ารําที่งดงาม ",4,10," 8,000 ",การแสดง ระบำ รำ ฟ้อน,งานวันเกิด,งานมงคล
343,นาฏศิลป์พื้นบ้านภาคใต้,ระบำตารีบุหงา,"ตารีบุหงา เป็นภาษามลายู “ตารี” แปลว่า รําหรือระบํา “บุหงา”
แปลว่า ดอกไม้ ตารีบุหงา จึงหมายถึง ระบําดอกไม้ ได้แนวคิดมาจาก
ช่อดอกไม้ที่ใช้ แทนของที่ระลึกเพื่อมอบให้แขกที่มาร่วมในงานแต่งงาน 
ของชาวไทยมุสลิม ผู้แสดงสวมเครื่องแต่งกายแบบพื้นบ้านภาคใต้
ถือพานดอกไม้ประกอบกระบวนท่ารําที่งดงาม ",4,10," 8,000 ",การแสดง ระบำ รำ ฟ้อน,งานแต่งงาน,งานมงคล
344,นาฏศิลป์พื้นบ้านภาคใต้,ระบำตารีบุหงา,"ตารีบุหงา เป็นภาษามลายู “ตารี” แปลว่า รําหรือระบํา “บุหงา”
แปลว่า ดอกไม้ ตารีบุหงา จึงหมายถึง ระบําดอกไม้ ได้แนวคิดมาจาก
ช่อดอกไม้ที่ใช้ แทนของที่ระลึกเพื่อมอบให้แขกที่มาร่วมในงานแต่งงาน 
ของชาวไทยมุสลิม ผู้แสดงสวมเครื่องแต่งกายแบบพื้นบ้านภาคใต้
ถือพานดอกไม้ประกอบกระบวนท่ารําที่งดงาม ",4,10," 8,000 ",การแสดง ระบำ รำ ฟ้อน,งานขึ้นบ้านใหม่,งานมงคล
345,นาฏศิลป์พื้นบ้านภาคใต้,ระบำตารีบุหงา,"ตารีบุหงา เป็นภาษามลายู “ตารี” แปลว่า รําหรือระบํา “บุหงา”
แปลว่า ดอกไม้ ตารีบุหงา จึงหมายถึง ระบําดอกไม้ ได้แนวคิดมาจาก
ช่อดอกไม้ที่ใช้ แทนของที่ระลึกเพื่อมอบให้แขกที่มาร่วมในงานแต่งงาน 
ของชาวไทยมุสลิม ผู้แสดงสวมเครื่องแต่งกายแบบพื้นบ้านภาคใต้
ถือพานดอกไม้ประกอบกระบวนท่ารําที่งดงาม ",4,10," 8,000 ",การแสดง ระบำ รำ ฟ้อน,งานเปิดบริษัท,งานมงคล
346,นาฏศิลป์พื้นบ้านภาคใต้,ระบำตารีบุหงา,"ตารีบุหงา เป็นภาษามลายู “ตารี” แปลว่า รําหรือระบํา “บุหงา”
แปลว่า ดอกไม้ ตารีบุหงา จึงหมายถึง ระบําดอกไม้ ได้แนวคิดมาจาก
ช่อดอกไม้ที่ใช้ แทนของที่ระลึกเพื่อมอบให้แขกที่มาร่วมในงานแต่งงาน 
ของชาวไทยมุสลิม ผู้แสดงสวมเครื่องแต่งกายแบบพื้นบ้านภาคใต้
ถือพานดอกไม้ประกอบกระบวนท่ารําที่งดงาม ",4,10," 8,000 ",การแสดง ระบำ รำ ฟ้อน,งานบวงสรวง,งานมงคล
347,นาฏศิลป์พื้นบ้านภาคใต้,ระบำตารีบุหงา,"ตารีบุหงา เป็นภาษามลายู “ตารี” แปลว่า รําหรือระบํา “บุหงา”
แปลว่า ดอกไม้ ตารีบุหงา จึงหมายถึง ระบําดอกไม้ ได้แนวคิดมาจาก
ช่อดอกไม้ที่ใช้ แทนของที่ระลึกเพื่อมอบให้แขกที่มาร่วมในงานแต่งงาน 
ของชาวไทยมุสลิม ผู้แสดงสวมเครื่องแต่งกายแบบพื้นบ้านภาคใต้
ถือพานดอกไม้ประกอบกระบวนท่ารําที่งดงาม ",4,10," 8,000 ",การแสดง ระบำ รำ ฟ้อน,งานสวดอภิธรรม,งานอวมงคล
348,นาฏศิลป์พื้นบ้านภาคใต้,ระบำตารีบุหงา,"ตารีบุหงา เป็นภาษามลายู “ตารี” แปลว่า รําหรือระบํา “บุหงา”
แปลว่า ดอกไม้ ตารีบุหงา จึงหมายถึง ระบําดอกไม้ ได้แนวคิดมาจาก
ช่อดอกไม้ที่ใช้ แทนของที่ระลึกเพื่อมอบให้แขกที่มาร่วมในงานแต่งงาน 
ของชาวไทยมุสลิม ผู้แสดงสวมเครื่องแต่งกายแบบพื้นบ้านภาคใต้
ถือพานดอกไม้ประกอบกระบวนท่ารําที่งดงาม ",4,10," 8,000 ",การแสดง ระบำ รำ ฟ้อน,งานฌาปนกิจศพ,งานอวมงคล
349,นาฏศิลป์พื้นบ้านภาคใต้,ระบำตารีบุหงา,"ตารีบุหงา เป็นภาษามลายู “ตารี” แปลว่า รําหรือระบํา “บุหงา”
แปลว่า ดอกไม้ ตารีบุหงา จึงหมายถึง ระบําดอกไม้ ได้แนวคิดมาจาก
ช่อดอกไม้ที่ใช้ แทนของที่ระลึกเพื่อมอบให้แขกที่มาร่วมในงานแต่งงาน 
ของชาวไทยมุสลิม ผู้แสดงสวมเครื่องแต่งกายแบบพื้นบ้านภาคใต้
ถือพานดอกไม้ประกอบกระบวนท่ารําที่งดงาม ",4,10," 8,000 ",การแสดง ระบำ รำ ฟ้อน,วันสงกรานต์,งานเทศกาล
350,นาฏศิลป์พื้นบ้านภาคใต้,ระบำตารีบุหงา,"ตารีบุหงา เป็นภาษามลายู “ตารี” แปลว่า รําหรือระบํา “บุหงา”
แปลว่า ดอกไม้ ตารีบุหงา จึงหมายถึง ระบําดอกไม้ ได้แนวคิดมาจาก
ช่อดอกไม้ที่ใช้ แทนของที่ระลึกเพื่อมอบให้แขกที่มาร่วมในงานแต่งงาน 
ของชาวไทยมุสลิม ผู้แสดงสวมเครื่องแต่งกายแบบพื้นบ้านภาคใต้
ถือพานดอกไม้ประกอบกระบวนท่ารําที่งดงาม ",4,10," 8,000 ",การแสดง ระบำ รำ ฟ้อน,วันขึ้นปีใหม่,งานเทศกาล
351,นาฏศิลป์พื้นบ้านภาคใต้,ระบำตารีบุหงา,"ตารีบุหงา เป็นภาษามลายู “ตารี” แปลว่า รําหรือระบํา “บุหงา”
แปลว่า ดอกไม้ ตารีบุหงา จึงหมายถึง ระบําดอกไม้ ได้แนวคิดมาจาก
ช่อดอกไม้ที่ใช้ แทนของที่ระลึกเพื่อมอบให้แขกที่มาร่วมในงานแต่งงาน 
ของชาวไทยมุสลิม ผู้แสดงสวมเครื่องแต่งกายแบบพื้นบ้านภาคใต้
ถือพานดอกไม้ประกอบกระบวนท่ารําที่งดงาม ",4,10," 8,000 ",การแสดง ระบำ รำ ฟ้อน,วันตรุษจีน,งานเทศกาล
352,นาฏศิลป์พื้นบ้านภาคใต้,ระบำตารีบุหงา,"ตารีบุหงา เป็นภาษามลายู “ตารี” แปลว่า รําหรือระบํา “บุหงา”
แปลว่า ดอกไม้ ตารีบุหงา จึงหมายถึง ระบําดอกไม้ ได้แนวคิดมาจาก
ช่อดอกไม้ที่ใช้ แทนของที่ระลึกเพื่อมอบให้แขกที่มาร่วมในงานแต่งงาน 
ของชาวไทยมุสลิม ผู้แสดงสวมเครื่องแต่งกายแบบพื้นบ้านภาคใต้
ถือพานดอกไม้ประกอบกระบวนท่ารําที่งดงาม ",4,10," 8,000 ",การแสดง ระบำ รำ ฟ้อน,วันลอยกระทง,งานเทศกาล
353,นาฏศิลป์พื้นบ้านภาคใต้,ระบำตารีบุหงา,"ตารีบุหงา เป็นภาษามลายู “ตารี” แปลว่า รําหรือระบํา “บุหงา”
แปลว่า ดอกไม้ ตารีบุหงา จึงหมายถึง ระบําดอกไม้ ได้แนวคิดมาจาก
ช่อดอกไม้ที่ใช้ แทนของที่ระลึกเพื่อมอบให้แขกที่มาร่วมในงานแต่งงาน 
ของชาวไทยมุสลิม ผู้แสดงสวมเครื่องแต่งกายแบบพื้นบ้านภาคใต้
ถือพานดอกไม้ประกอบกระบวนท่ารําที่งดงาม ",4,10," 8,000 ",การแสดง ระบำ รำ ฟ้อน,การเผยแพร่วัฒนธรรมในประเทศ,งานเผยแพร่วัฒนธรรม
354,นาฏศิลป์พื้นบ้านภาคใต้,ระบำตารีบุหงา,"ตารีบุหงา เป็นภาษามลายู “ตารี” แปลว่า รําหรือระบํา “บุหงา”
แปลว่า ดอกไม้ ตารีบุหงา จึงหมายถึง ระบําดอกไม้ ได้แนวคิดมาจาก
ช่อดอกไม้ที่ใช้ แทนของที่ระลึกเพื่อมอบให้แขกที่มาร่วมในงานแต่งงาน 
ของชาวไทยมุสลิม ผู้แสดงสวมเครื่องแต่งกายแบบพื้นบ้านภาคใต้
ถือพานดอกไม้ประกอบกระบวนท่ารําที่งดงาม ",4,10," 8,000 ",การแสดง ระบำ รำ ฟ้อน,การเผยแพร่วัฒนธรรมต่างประเทศ,งานเผยแพร่วัฒนธรรม
355,นาฏศิลป์พื้นบ้านภาคใต้,ระบำตารีบุหงา,"ตารีบุหงา เป็นภาษามลายู “ตารี” แปลว่า รําหรือระบํา “บุหงา”
แปลว่า ดอกไม้ ตารีบุหงา จึงหมายถึง ระบําดอกไม้ ได้แนวคิดมาจาก
ช่อดอกไม้ที่ใช้ แทนของที่ระลึกเพื่อมอบให้แขกที่มาร่วมในงานแต่งงาน 
ของชาวไทยมุสลิม ผู้แสดงสวมเครื่องแต่งกายแบบพื้นบ้านภาคใต้
ถือพานดอกไม้ประกอบกระบวนท่ารําที่งดงาม ",4,10," 8,000 ",การแสดง ระบำ รำ ฟ้อน,วันวิสาขบูชา,งานวันสำคัญทางศาสนา
356,นาฏศิลป์พื้นบ้านภาคใต้,ระบำตารีบุหงา,"ตารีบุหงา เป็นภาษามลายู “ตารี” แปลว่า รําหรือระบํา “บุหงา”
แปลว่า ดอกไม้ ตารีบุหงา จึงหมายถึง ระบําดอกไม้ ได้แนวคิดมาจาก
ช่อดอกไม้ที่ใช้ แทนของที่ระลึกเพื่อมอบให้แขกที่มาร่วมในงานแต่งงาน 
ของชาวไทยมุสลิม ผู้แสดงสวมเครื่องแต่งกายแบบพื้นบ้านภาคใต้
ถือพานดอกไม้ประกอบกระบวนท่ารําที่งดงาม ",4,10," 8,000 ",การแสดง ระบำ รำ ฟ้อน,วันเข้าพรรษา,งานวันสำคัญทางศาสนา
357,นาฏศิลป์พื้นบ้านภาคใต้,ระบำตารีบุหงา,"ตารีบุหงา เป็นภาษามลายู “ตารี” แปลว่า รําหรือระบํา “บุหงา”
แปลว่า ดอกไม้ ตารีบุหงา จึงหมายถึง ระบําดอกไม้ ได้แนวคิดมาจาก
ช่อดอกไม้ที่ใช้ แทนของที่ระลึกเพื่อมอบให้แขกที่มาร่วมในงานแต่งงาน 
ของชาวไทยมุสลิม ผู้แสดงสวมเครื่องแต่งกายแบบพื้นบ้านภาคใต้
ถือพานดอกไม้ประกอบกระบวนท่ารําที่งดงาม ",4,10," 8,000 ",การแสดง ระบำ รำ ฟ้อน,วันออกพรรษา,งานวันสำคัญทางศาสนา
358,นาฏศิลป์พื้นบ้านภาคใต้,ระบำตารีบุหงา,"ตารีบุหงา เป็นภาษามลายู “ตารี” แปลว่า รําหรือระบํา “บุหงา”
แปลว่า ดอกไม้ ตารีบุหงา จึงหมายถึง ระบําดอกไม้ ได้แนวคิดมาจาก
ช่อดอกไม้ที่ใช้ แทนของที่ระลึกเพื่อมอบให้แขกที่มาร่วมในงานแต่งงาน 
ของชาวไทยมุสลิม ผู้แสดงสวมเครื่องแต่งกายแบบพื้นบ้านภาคใต้
ถือพานดอกไม้ประกอบกระบวนท่ารําที่งดงาม ",4,10," 8,000 ",การแสดง ระบำ รำ ฟ้อน,งานสวดมนต์ข้ามปี,งานวันสำคัญทางศาสนา
359,นาฏศิลป์พื้นบ้านภาคใต้,ระบำตารีบุหงา,"ตารีบุหงา เป็นภาษามลายู “ตารี” แปลว่า รําหรือระบํา “บุหงา”
แปลว่า ดอกไม้ ตารีบุหงา จึงหมายถึง ระบําดอกไม้ ได้แนวคิดมาจาก
ช่อดอกไม้ที่ใช้ แทนของที่ระลึกเพื่อมอบให้แขกที่มาร่วมในงานแต่งงาน 
ของชาวไทยมุสลิม ผู้แสดงสวมเครื่องแต่งกายแบบพื้นบ้านภาคใต้
ถือพานดอกไม้ประกอบกระบวนท่ารําที่งดงาม ",4,10," 8,000 ",การแสดง ระบำ รำ ฟ้อน,งานเทศมหาชาติ,งานวันสำคัญทางศาสนา
360,นาฏศิลป์พื้นบ้านภาคใต้,ระบำตารีบุหงา,"ตารีบุหงา เป็นภาษามลายู “ตารี” แปลว่า รําหรือระบํา “บุหงา”
แปลว่า ดอกไม้ ตารีบุหงา จึงหมายถึง ระบําดอกไม้ ได้แนวคิดมาจาก
ช่อดอกไม้ที่ใช้ แทนของที่ระลึกเพื่อมอบให้แขกที่มาร่วมในงานแต่งงาน 
ของชาวไทยมุสลิม ผู้แสดงสวมเครื่องแต่งกายแบบพื้นบ้านภาคใต้
ถือพานดอกไม้ประกอบกระบวนท่ารําที่งดงาม ",4,10," 8,000 ",การแสดง ระบำ รำ ฟ้อน,งานประชุมสงฆ์,งานวันสำคัญทางศาสนา
361,นาฏศิลป์พื้นบ้านภาคใต้,ระบำร่อนแร่,"ระบําร่อนแร่ เป็นการแสดงทางภาคใต้ของไทย มีลีลาท่ารําที่สื่อความหมาย
ถึงการประกอบอาชีพหาแร่จากแหล่งนํ้าธรรมชาติของหญิงสาว 
เริ่มด้วยการร่อนแร่ เก็บแร่ ประกอบจังหวะดนตรีที่สนุกสนานรื่นเริงใจ",4,10," 8,000 ",การแสดง ระบำ รำ ฟ้อน,งานต้อนรับอาคันตุกะ,งานรัฐพิธี
362,นาฏศิลป์พื้นบ้านภาคใต้,ระบำร่อนแร่,"ระบําร่อนแร่ เป็นการแสดงทางภาคใต้ของไทย มีลีลาท่ารําที่สื่อความหมาย
ถึงการประกอบอาชีพหาแร่จากแหล่งนํ้าธรรมชาติของหญิงสาว 
เริ่มด้วยการร่อนแร่ เก็บแร่ ประกอบจังหวะดนตรีที่สนุกสนานรื่นเริงใจ",4,10," 8,000 ",การแสดง ระบำ รำ ฟ้อน,วันสงกรานต์,งานเทศกาล
363,นาฏศิลป์พื้นบ้านภาคใต้,ระบำร่อนแร่,"ระบําร่อนแร่ เป็นการแสดงทางภาคใต้ของไทย มีลีลาท่ารําที่สื่อความหมาย
ถึงการประกอบอาชีพหาแร่จากแหล่งนํ้าธรรมชาติของหญิงสาว 
เริ่มด้วยการร่อนแร่ เก็บแร่ ประกอบจังหวะดนตรีที่สนุกสนานรื่นเริงใจ",4,10," 8,000 ",การแสดง ระบำ รำ ฟ้อน,วันขึ้นปีใหม่,งานเทศกาล
364,นาฏศิลป์พื้นบ้านภาคใต้,ระบำร่อนแร่,"ระบําร่อนแร่ เป็นการแสดงทางภาคใต้ของไทย มีลีลาท่ารําที่สื่อความหมาย
ถึงการประกอบอาชีพหาแร่จากแหล่งนํ้าธรรมชาติของหญิงสาว 
เริ่มด้วยการร่อนแร่ เก็บแร่ ประกอบจังหวะดนตรีที่สนุกสนานรื่นเริงใจ",4,10," 8,000 ",การแสดง ระบำ รำ ฟ้อน,วันตรุษจีน,งานเทศกาล
365,นาฏศิลป์พื้นบ้านภาคใต้,ระบำร่อนแร่,"ระบําร่อนแร่ เป็นการแสดงทางภาคใต้ของไทย มีลีลาท่ารําที่สื่อความหมาย
ถึงการประกอบอาชีพหาแร่จากแหล่งนํ้าธรรมชาติของหญิงสาว 
เริ่มด้วยการร่อนแร่ เก็บแร่ ประกอบจังหวะดนตรีที่สนุกสนานรื่นเริงใจ",4,10," 8,000 ",การแสดง ระบำ รำ ฟ้อน,วันลอยกระทง,งานเทศกาล
366,นาฏศิลป์พื้นบ้านภาคใต้,ระบำร่อนแร่,"ระบําร่อนแร่ เป็นการแสดงทางภาคใต้ของไทย มีลีลาท่ารําที่สื่อความหมาย
ถึงการประกอบอาชีพหาแร่จากแหล่งนํ้าธรรมชาติของหญิงสาว 
เริ่มด้วยการร่อนแร่ เก็บแร่ ประกอบจังหวะดนตรีที่สนุกสนานรื่นเริงใจ",4,10," 8,000 ",การแสดง ระบำ รำ ฟ้อน,การเผยแพร่วัฒนธรรมในประเทศ,งานเผยแพร่วัฒนธรรม
367,นาฏศิลป์พื้นบ้านภาคใต้,ระบำร่อนแร่,"ระบําร่อนแร่ เป็นการแสดงทางภาคใต้ของไทย มีลีลาท่ารําที่สื่อความหมาย
ถึงการประกอบอาชีพหาแร่จากแหล่งนํ้าธรรมชาติของหญิงสาว 
เริ่มด้วยการร่อนแร่ เก็บแร่ ประกอบจังหวะดนตรีที่สนุกสนานรื่นเริงใจ",4,10," 8,000 ",การแสดง ระบำ รำ ฟ้อน,การเผยแพร่วัฒนธรรมต่างประเทศ,งานเผยแพร่วัฒนธรรม
368,นาฏศิลป์พื้นบ้านภาคเหนือ,กลองสะบัดชัย,"กลองสะบัดชัย เป็นศิลปะการตีกลองของชาวล้านนาทางภาคเหนือของไทย 
มีศิลปะการตี เพื่อสร้างความฮึกเหิมก่อนออกรบทําสงครามกับข้าศึก
ต่อมานิยมตีกลองในขบวนแห่เกี่ยวกับพิธีทางศาสนา ผู้ตีกลองสะบัดชัย จะตีด้วยท่าทางคล่องแคล่วว่องไว โลดโผนและสนุกสนาน นอกจากนี้สามารถจัดแสดงในงานต่าง ๆ เพื่อความเป็นสิริมงคล",5,10," 10,000 ",การแสดง ระบำ รำ ฟ้อน,งานต้อนรับอาคันตุกะ,งานรัฐพิธี
369,นาฏศิลป์พื้นบ้านภาคเหนือ,กลองสะบัดชัย,"กลองสะบัดชัย เป็นศิลปะการตีกลองของชาวล้านนาทางภาคเหนือของไทย 
มีศิลปะการตี เพื่อสร้างความฮึกเหิมก่อนออกรบทําสงครามกับข้าศึก
ต่อมานิยมตีกลองในขบวนแห่เกี่ยวกับพิธีทางศาสนา ผู้ตีกลองสะบัดชัย จะตีด้วยท่าทางคล่องแคล่วว่องไว โลดโผนและสนุกสนาน นอกจากนี้สามารถจัดแสดงในงานต่าง ๆ เพื่อความเป็นสิริมงคล",5,10," 10,000 ",การแสดง ระบำ รำ ฟ้อน,งานเฉลิมพระชนมพรรษาพระบรมวงศานุวงศ์,งานราชพิธี
370,นาฏศิลป์พื้นบ้านภาคเหนือ,กลองสะบัดชัย,"กลองสะบัดชัย เป็นศิลปะการตีกลองของชาวล้านนาทางภาคเหนือของไทย 
มีศิลปะการตี เพื่อสร้างความฮึกเหิมก่อนออกรบทําสงครามกับข้าศึก
ต่อมานิยมตีกลองในขบวนแห่เกี่ยวกับพิธีทางศาสนา ผู้ตีกลองสะบัดชัย จะตีด้วยท่าทางคล่องแคล่วว่องไว โลดโผนและสนุกสนาน นอกจากนี้สามารถจัดแสดงในงานต่าง ๆ เพื่อความเป็นสิริมงคล",5,10," 10,000 ",การแสดง ระบำ รำ ฟ้อน,งานทำบุญ,งานมงคล
371,นาฏศิลป์พื้นบ้านภาคเหนือ,กลองสะบัดชัย,"กลองสะบัดชัย เป็นศิลปะการตีกลองของชาวล้านนาทางภาคเหนือของไทย 
มีศิลปะการตี เพื่อสร้างความฮึกเหิมก่อนออกรบทําสงครามกับข้าศึก
ต่อมานิยมตีกลองในขบวนแห่เกี่ยวกับพิธีทางศาสนา ผู้ตีกลองสะบัดชัย จะตีด้วยท่าทางคล่องแคล่วว่องไว โลดโผนและสนุกสนาน นอกจากนี้สามารถจัดแสดงในงานต่าง ๆ เพื่อความเป็นสิริมงคล",5,10," 10,000 ",การแสดง ระบำ รำ ฟ้อน,งานวันเกิด,งานมงคล
372,นาฏศิลป์พื้นบ้านภาคเหนือ,กลองสะบัดชัย,"กลองสะบัดชัย เป็นศิลปะการตีกลองของชาวล้านนาทางภาคเหนือของไทย 
มีศิลปะการตี เพื่อสร้างความฮึกเหิมก่อนออกรบทําสงครามกับข้าศึก
ต่อมานิยมตีกลองในขบวนแห่เกี่ยวกับพิธีทางศาสนา ผู้ตีกลองสะบัดชัย จะตีด้วยท่าทางคล่องแคล่วว่องไว โลดโผนและสนุกสนาน นอกจากนี้สามารถจัดแสดงในงานต่าง ๆ เพื่อความเป็นสิริมงคล",5,10," 10,000 ",การแสดง ระบำ รำ ฟ้อน,งานแต่งงาน,งานมงคล
373,นาฏศิลป์พื้นบ้านภาคเหนือ,กลองสะบัดชัย,"กลองสะบัดชัย เป็นศิลปะการตีกลองของชาวล้านนาทางภาคเหนือของไทย 
มีศิลปะการตี เพื่อสร้างความฮึกเหิมก่อนออกรบทําสงครามกับข้าศึก
ต่อมานิยมตีกลองในขบวนแห่เกี่ยวกับพิธีทางศาสนา ผู้ตีกลองสะบัดชัย จะตีด้วยท่าทางคล่องแคล่วว่องไว โลดโผนและสนุกสนาน นอกจากนี้สามารถจัดแสดงในงานต่าง ๆ เพื่อความเป็นสิริมงคล",5,10," 10,000 ",การแสดง ระบำ รำ ฟ้อน,งานขึ้นบ้านใหม่,งานมงคล
374,นาฏศิลป์พื้นบ้านภาคเหนือ,กลองสะบัดชัย,"กลองสะบัดชัย เป็นศิลปะการตีกลองของชาวล้านนาทางภาคเหนือของไทย 
มีศิลปะการตี เพื่อสร้างความฮึกเหิมก่อนออกรบทําสงครามกับข้าศึก
ต่อมานิยมตีกลองในขบวนแห่เกี่ยวกับพิธีทางศาสนา ผู้ตีกลองสะบัดชัย จะตีด้วยท่าทางคล่องแคล่วว่องไว โลดโผนและสนุกสนาน นอกจากนี้สามารถจัดแสดงในงานต่าง ๆ เพื่อความเป็นสิริมงคล",5,10," 10,000 ",การแสดง ระบำ รำ ฟ้อน,งานเปิดบริษัท,งานมงคล
375,นาฏศิลป์พื้นบ้านภาคเหนือ,กลองสะบัดชัย,"กลองสะบัดชัย เป็นศิลปะการตีกลองของชาวล้านนาทางภาคเหนือของไทย 
มีศิลปะการตี เพื่อสร้างความฮึกเหิมก่อนออกรบทําสงครามกับข้าศึก
ต่อมานิยมตีกลองในขบวนแห่เกี่ยวกับพิธีทางศาสนา ผู้ตีกลองสะบัดชัย จะตีด้วยท่าทางคล่องแคล่วว่องไว โลดโผนและสนุกสนาน นอกจากนี้สามารถจัดแสดงในงานต่าง ๆ เพื่อความเป็นสิริมงคล",5,10," 10,000 ",การแสดง ระบำ รำ ฟ้อน,งานบวงสรวง,งานมงคล
376,นาฏศิลป์พื้นบ้านภาคเหนือ,กลองสะบัดชัย,"กลองสะบัดชัย เป็นศิลปะการตีกลองของชาวล้านนาทางภาคเหนือของไทย 
มีศิลปะการตี เพื่อสร้างความฮึกเหิมก่อนออกรบทําสงครามกับข้าศึก
ต่อมานิยมตีกลองในขบวนแห่เกี่ยวกับพิธีทางศาสนา ผู้ตีกลองสะบัดชัย จะตีด้วยท่าทางคล่องแคล่วว่องไว โลดโผนและสนุกสนาน นอกจากนี้สามารถจัดแสดงในงานต่าง ๆ เพื่อความเป็นสิริมงคล",5,10," 10,000 ",การแสดง ระบำ รำ ฟ้อน,งานไหว้ครู,งานมงคล
377,นาฏศิลป์พื้นบ้านภาคเหนือ,กลองสะบัดชัย,"กลองสะบัดชัย เป็นศิลปะการตีกลองของชาวล้านนาทางภาคเหนือของไทย 
มีศิลปะการตี เพื่อสร้างความฮึกเหิมก่อนออกรบทําสงครามกับข้าศึก
ต่อมานิยมตีกลองในขบวนแห่เกี่ยวกับพิธีทางศาสนา ผู้ตีกลองสะบัดชัย จะตีด้วยท่าทางคล่องแคล่วว่องไว โลดโผนและสนุกสนาน นอกจากนี้สามารถจัดแสดงในงานต่าง ๆ เพื่อความเป็นสิริมงคล",5,10," 10,000 ",การแสดง ระบำ รำ ฟ้อน,วันสงกรานต์,งานเทศกาล
378,นาฏศิลป์พื้นบ้านภาคเหนือ,กลองสะบัดชัย,"กลองสะบัดชัย เป็นศิลปะการตีกลองของชาวล้านนาทางภาคเหนือของไทย 
มีศิลปะการตี เพื่อสร้างความฮึกเหิมก่อนออกรบทําสงครามกับข้าศึก
ต่อมานิยมตีกลองในขบวนแห่เกี่ยวกับพิธีทางศาสนา ผู้ตีกลองสะบัดชัย จะตีด้วยท่าทางคล่องแคล่วว่องไว โลดโผนและสนุกสนาน นอกจากนี้สามารถจัดแสดงในงานต่าง ๆ เพื่อความเป็นสิริมงคล",5,10," 10,000 ",การแสดง ระบำ รำ ฟ้อน,วันขึ้นปีใหม่,งานเทศกาล
379,นาฏศิลป์พื้นบ้านภาคเหนือ,กลองสะบัดชัย,"กลองสะบัดชัย เป็นศิลปะการตีกลองของชาวล้านนาทางภาคเหนือของไทย 
มีศิลปะการตี เพื่อสร้างความฮึกเหิมก่อนออกรบทําสงครามกับข้าศึก
ต่อมานิยมตีกลองในขบวนแห่เกี่ยวกับพิธีทางศาสนา ผู้ตีกลองสะบัดชัย จะตีด้วยท่าทางคล่องแคล่วว่องไว โลดโผนและสนุกสนาน นอกจากนี้สามารถจัดแสดงในงานต่าง ๆ เพื่อความเป็นสิริมงคล",5,10," 10,000 ",การแสดง ระบำ รำ ฟ้อน,วันตรุษจีน,งานเทศกาล
380,นาฏศิลป์พื้นบ้านภาคเหนือ,กลองสะบัดชัย,"กลองสะบัดชัย เป็นศิลปะการตีกลองของชาวล้านนาทางภาคเหนือของไทย 
มีศิลปะการตี เพื่อสร้างความฮึกเหิมก่อนออกรบทําสงครามกับข้าศึก
ต่อมานิยมตีกลองในขบวนแห่เกี่ยวกับพิธีทางศาสนา ผู้ตีกลองสะบัดชัย จะตีด้วยท่าทางคล่องแคล่วว่องไว โลดโผนและสนุกสนาน นอกจากนี้สามารถจัดแสดงในงานต่าง ๆ เพื่อความเป็นสิริมงคล",5,10," 10,000 ",การแสดง ระบำ รำ ฟ้อน,วันลอยกระทง,งานเทศกาล
381,นาฏศิลป์พื้นบ้านภาคเหนือ,กลองสะบัดชัย,"กลองสะบัดชัย เป็นศิลปะการตีกลองของชาวล้านนาทางภาคเหนือของไทย 
มีศิลปะการตี เพื่อสร้างความฮึกเหิมก่อนออกรบทําสงครามกับข้าศึก
ต่อมานิยมตีกลองในขบวนแห่เกี่ยวกับพิธีทางศาสนา ผู้ตีกลองสะบัดชัย จะตีด้วยท่าทางคล่องแคล่วว่องไว โลดโผนและสนุกสนาน นอกจากนี้สามารถจัดแสดงในงานต่าง ๆ เพื่อความเป็นสิริมงคล",5,10," 10,000 ",การแสดง ระบำ รำ ฟ้อน,การเผยแพร่วัฒนธรรมในประเทศ,งานเผยแพร่วัฒนธรรม
382,นาฏศิลป์พื้นบ้านภาคเหนือ,กลองสะบัดชัย,"กลองสะบัดชัย เป็นศิลปะการตีกลองของชาวล้านนาทางภาคเหนือของไทย 
มีศิลปะการตี เพื่อสร้างความฮึกเหิมก่อนออกรบทําสงครามกับข้าศึก
ต่อมานิยมตีกลองในขบวนแห่เกี่ยวกับพิธีทางศาสนา ผู้ตีกลองสะบัดชัย จะตีด้วยท่าทางคล่องแคล่วว่องไว โลดโผนและสนุกสนาน นอกจากนี้สามารถจัดแสดงในงานต่าง ๆ เพื่อความเป็นสิริมงคล",5,10," 10,000 ",การแสดง ระบำ รำ ฟ้อน,การเผยแพร่วัฒนธรรมต่างประเทศ,งานเผยแพร่วัฒนธรรม
383,นาฏศิลป์พื้นบ้านภาคเหนือ,กลองสะบัดชัย,"กลองสะบัดชัย เป็นศิลปะการตีกลองของชาวล้านนาทางภาคเหนือของไทย 
มีศิลปะการตี เพื่อสร้างความฮึกเหิมก่อนออกรบทําสงครามกับข้าศึก
ต่อมานิยมตีกลองในขบวนแห่เกี่ยวกับพิธีทางศาสนา ผู้ตีกลองสะบัดชัย จะตีด้วยท่าทางคล่องแคล่วว่องไว โลดโผนและสนุกสนาน นอกจากนี้สามารถจัดแสดงในงานต่าง ๆ เพื่อความเป็นสิริมงคล",5,10," 10,000 ",การแสดง ระบำ รำ ฟ้อน,วันวิสาขบูชา,งานวันสำคัญทางศาสนา
384,นาฏศิลป์พื้นบ้านภาคเหนือ,กลองสะบัดชัย,"กลองสะบัดชัย เป็นศิลปะการตีกลองของชาวล้านนาทางภาคเหนือของไทย 
มีศิลปะการตี เพื่อสร้างความฮึกเหิมก่อนออกรบทําสงครามกับข้าศึก
ต่อมานิยมตีกลองในขบวนแห่เกี่ยวกับพิธีทางศาสนา ผู้ตีกลองสะบัดชัย จะตีด้วยท่าทางคล่องแคล่วว่องไว โลดโผนและสนุกสนาน นอกจากนี้สามารถจัดแสดงในงานต่าง ๆ เพื่อความเป็นสิริมงคล",5,10," 10,000 ",การแสดง ระบำ รำ ฟ้อน,วันเข้าพรรษา,งานวันสำคัญทางศาสนา
385,นาฏศิลป์พื้นบ้านภาคเหนือ,กลองสะบัดชัย,"กลองสะบัดชัย เป็นศิลปะการตีกลองของชาวล้านนาทางภาคเหนือของไทย 
มีศิลปะการตี เพื่อสร้างความฮึกเหิมก่อนออกรบทําสงครามกับข้าศึก
ต่อมานิยมตีกลองในขบวนแห่เกี่ยวกับพิธีทางศาสนา ผู้ตีกลองสะบัดชัย จะตีด้วยท่าทางคล่องแคล่วว่องไว โลดโผนและสนุกสนาน นอกจากนี้สามารถจัดแสดงในงานต่าง ๆ เพื่อความเป็นสิริมงคล",5,10," 10,000 ",การแสดง ระบำ รำ ฟ้อน,วันออกพรรษา,งานวันสำคัญทางศาสนา
386,นาฏศิลป์พื้นบ้านภาคเหนือ,กลองสะบัดชัย,"กลองสะบัดชัย เป็นศิลปะการตีกลองของชาวล้านนาทางภาคเหนือของไทย 
มีศิลปะการตี เพื่อสร้างความฮึกเหิมก่อนออกรบทําสงครามกับข้าศึก
ต่อมานิยมตีกลองในขบวนแห่เกี่ยวกับพิธีทางศาสนา ผู้ตีกลองสะบัดชัย จะตีด้วยท่าทางคล่องแคล่วว่องไว โลดโผนและสนุกสนาน นอกจากนี้สามารถจัดแสดงในงานต่าง ๆ เพื่อความเป็นสิริมงคล",5,10," 10,000 ",การแสดง ระบำ รำ ฟ้อน,งานสวดมนต์ข้ามปี,งานวันสำคัญทางศาสนา
387,นาฏศิลป์พื้นบ้านภาคเหนือ,กลองสะบัดชัย,"กลองสะบัดชัย เป็นศิลปะการตีกลองของชาวล้านนาทางภาคเหนือของไทย 
มีศิลปะการตี เพื่อสร้างความฮึกเหิมก่อนออกรบทําสงครามกับข้าศึก
ต่อมานิยมตีกลองในขบวนแห่เกี่ยวกับพิธีทางศาสนา ผู้ตีกลองสะบัดชัย จะตีด้วยท่าทางคล่องแคล่วว่องไว โลดโผนและสนุกสนาน นอกจากนี้สามารถจัดแสดงในงานต่าง ๆ เพื่อความเป็นสิริมงคล",5,10," 10,000 ",การแสดง ระบำ รำ ฟ้อน,งานเทศมหาชาติ,งานวันสำคัญทางศาสนา
388,นาฏศิลป์พื้นบ้านภาคเหนือ,กลองสะบัดชัย,"กลองสะบัดชัย เป็นศิลปะการตีกลองของชาวล้านนาทางภาคเหนือของไทย 
มีศิลปะการตี เพื่อสร้างความฮึกเหิมก่อนออกรบทําสงครามกับข้าศึก
ต่อมานิยมตีกลองในขบวนแห่เกี่ยวกับพิธีทางศาสนา ผู้ตีกลองสะบัดชัย จะตีด้วยท่าทางคล่องแคล่วว่องไว โลดโผนและสนุกสนาน นอกจากนี้สามารถจัดแสดงในงานต่าง ๆ เพื่อความเป็นสิริมงคล",5,10," 10,000 ",การแสดง ระบำ รำ ฟ้อน,งานประชุมสงฆ์,งานวันสำคัญทางศาสนา
389,นาฏศิลป์พื้นบ้านภาคเหนือ,ฟ้อนจันทราพาฝัน,ชุดการฟ้อนตามท่วงทำนองและบทร้อง ที่บรรยายถึงหญิงสาวชาวเหนือผู้หลงใหลใฝ่ฝันในความงามของแสงจันทร์ โดยมีลีลาท่าฟ้อนอันอ่อนช้อยงดงาม ออกแบบท่ารำโดยท่านผู้หญิงแผ้ว สนิทวงศ์เสนี ผู้เชี่ยวชาญนาฏศิลป์ไทยและศิลปินแห่งชาติ ส่วนบทร้องนั้น ประพันธ์ร่วมกับนายประพันธ์ สุคนธะชาติ ในทำนองเพลงลาวคำหอม,6,10," 12,000 ",การแสดง ระบำ รำ ฟ้อน,งานทำบุญ,งานมงคล
390,นาฏศิลป์พื้นบ้านภาคเหนือ,ฟ้อนจันทราพาฝัน,ชุดการฟ้อนตามท่วงทำนองและบทร้อง ที่บรรยายถึงหญิงสาวชาวเหนือผู้หลงใหลใฝ่ฝันในความงามของแสงจันทร์ โดยมีลีลาท่าฟ้อนอันอ่อนช้อยงดงาม ออกแบบท่ารำโดยท่านผู้หญิงแผ้ว สนิทวงศ์เสนี ผู้เชี่ยวชาญนาฏศิลป์ไทยและศิลปินแห่งชาติ ส่วนบทร้องนั้น ประพันธ์ร่วมกับนายประพันธ์ สุคนธะชาติ ในทำนองเพลงลาวคำหอม,6,10," 12,000 ",การแสดง ระบำ รำ ฟ้อน,งานวันเกิด,งานมงคล
391,นาฏศิลป์พื้นบ้านภาคเหนือ,ฟ้อนจันทราพาฝัน,ชุดการฟ้อนตามท่วงทำนองและบทร้อง ที่บรรยายถึงหญิงสาวชาวเหนือผู้หลงใหลใฝ่ฝันในความงามของแสงจันทร์ โดยมีลีลาท่าฟ้อนอันอ่อนช้อยงดงาม ออกแบบท่ารำโดยท่านผู้หญิงแผ้ว สนิทวงศ์เสนี ผู้เชี่ยวชาญนาฏศิลป์ไทยและศิลปินแห่งชาติ ส่วนบทร้องนั้น ประพันธ์ร่วมกับนายประพันธ์ สุคนธะชาติ ในทำนองเพลงลาวคำหอม,6,10," 12,000 ",การแสดง ระบำ รำ ฟ้อน,งานขึ้นบ้านใหม่,งานมงคล
392,นาฏศิลป์พื้นบ้านภาคเหนือ,ฟ้อนจันทราพาฝัน,ชุดการฟ้อนตามท่วงทำนองและบทร้อง ที่บรรยายถึงหญิงสาวชาวเหนือผู้หลงใหลใฝ่ฝันในความงามของแสงจันทร์ โดยมีลีลาท่าฟ้อนอันอ่อนช้อยงดงาม ออกแบบท่ารำโดยท่านผู้หญิงแผ้ว สนิทวงศ์เสนี ผู้เชี่ยวชาญนาฏศิลป์ไทยและศิลปินแห่งชาติ ส่วนบทร้องนั้น ประพันธ์ร่วมกับนายประพันธ์ สุคนธะชาติ ในทำนองเพลงลาวคำหอม,6,10," 12,000 ",การแสดง ระบำ รำ ฟ้อน,งานเปิดบริษัท,งานมงคล
393,นาฏศิลป์พื้นบ้านภาคเหนือ,ฟ้อนจันทราพาฝัน,ชุดการฟ้อนตามท่วงทำนองและบทร้อง ที่บรรยายถึงหญิงสาวชาวเหนือผู้หลงใหลใฝ่ฝันในความงามของแสงจันทร์ โดยมีลีลาท่าฟ้อนอันอ่อนช้อยงดงาม ออกแบบท่ารำโดยท่านผู้หญิงแผ้ว สนิทวงศ์เสนี ผู้เชี่ยวชาญนาฏศิลป์ไทยและศิลปินแห่งชาติ ส่วนบทร้องนั้น ประพันธ์ร่วมกับนายประพันธ์ สุคนธะชาติ ในทำนองเพลงลาวคำหอม,6,10," 12,000 ",การแสดง ระบำ รำ ฟ้อน,วันสงกรานต์,งานเทศกาล
394,นาฏศิลป์พื้นบ้านภาคเหนือ,ฟ้อนจันทราพาฝัน,ชุดการฟ้อนตามท่วงทำนองและบทร้อง ที่บรรยายถึงหญิงสาวชาวเหนือผู้หลงใหลใฝ่ฝันในความงามของแสงจันทร์ โดยมีลีลาท่าฟ้อนอันอ่อนช้อยงดงาม ออกแบบท่ารำโดยท่านผู้หญิงแผ้ว สนิทวงศ์เสนี ผู้เชี่ยวชาญนาฏศิลป์ไทยและศิลปินแห่งชาติ ส่วนบทร้องนั้น ประพันธ์ร่วมกับนายประพันธ์ สุคนธะชาติ ในทำนองเพลงลาวคำหอม,6,10," 12,000 ",การแสดง ระบำ รำ ฟ้อน,วันขึ้นปีใหม่,งานเทศกาล
395,นาฏศิลป์พื้นบ้านภาคเหนือ,ฟ้อนจันทราพาฝัน,ชุดการฟ้อนตามท่วงทำนองและบทร้อง ที่บรรยายถึงหญิงสาวชาวเหนือผู้หลงใหลใฝ่ฝันในความงามของแสงจันทร์ โดยมีลีลาท่าฟ้อนอันอ่อนช้อยงดงาม ออกแบบท่ารำโดยท่านผู้หญิงแผ้ว สนิทวงศ์เสนี ผู้เชี่ยวชาญนาฏศิลป์ไทยและศิลปินแห่งชาติ ส่วนบทร้องนั้น ประพันธ์ร่วมกับนายประพันธ์ สุคนธะชาติ ในทำนองเพลงลาวคำหอม,6,10," 12,000 ",การแสดง ระบำ รำ ฟ้อน,การเผยแพร่วัฒนธรรมต่างประเทศ,งานเผยแพร่วัฒนธรรม
396,นาฏศิลป์พื้นบ้านภาคเหนือ,ฟ้อนเจิง,"ฟอนเจิง เป็นศิลปะการฟ้อนของชาวล้านนาทางภาคเหนือของไทย 
ที่แสดงถึงศิลปะการต่อสู้ ประกอบลีลา ท่าฟอน ที่สื่อถึงการต่อสู้ด้วยมือเปล่า 
หรือการต่อสู้ด้วยอาวุธ เชน หอก ดาบ ",4,10," 8,000 ",การแสดง ระบำ รำ ฟ้อน,งานสวดอภิธรรม,งานอวมงคล
397,นาฏศิลป์พื้นบ้านภาคเหนือ,ฟ้อนเจิง,"ฟอนเจิง เป็นศิลปะการฟ้อนของชาวล้านนาทางภาคเหนือของไทย 
ที่แสดงถึงศิลปะการต่อสู้ ประกอบลีลา ท่าฟอน ที่สื่อถึงการต่อสู้ด้วยมือเปล่า 
หรือการต่อสู้ด้วยอาวุธ เชน หอก ดาบ ",4,10," 8,000 ",การแสดง ระบำ รำ ฟ้อน,งานพระราชทานเพลิงศพ,งานอวมงคล
398,นาฏศิลป์พื้นบ้านภาคเหนือ,ฟ้อนเจิง,"ฟอนเจิง เป็นศิลปะการฟ้อนของชาวล้านนาทางภาคเหนือของไทย 
ที่แสดงถึงศิลปะการต่อสู้ ประกอบลีลา ท่าฟอน ที่สื่อถึงการต่อสู้ด้วยมือเปล่า 
หรือการต่อสู้ด้วยอาวุธ เชน หอก ดาบ ",4,10," 8,000 ",การแสดง ระบำ รำ ฟ้อน,งานฌาปนกิจศพ,งานอวมงคล
399,นาฏศิลป์พื้นบ้านภาคเหนือ,ฟ้อนเจิง,"ฟอนเจิง เป็นศิลปะการฟ้อนของชาวล้านนาทางภาคเหนือของไทย 
ที่แสดงถึงศิลปะการต่อสู้ ประกอบลีลา ท่าฟอน ที่สื่อถึงการต่อสู้ด้วยมือเปล่า 
หรือการต่อสู้ด้วยอาวุธ เชน หอก ดาบ ",4,10," 8,000 ",การแสดง ระบำ รำ ฟ้อน,วันสงกรานต์,งานเทศกาล
400,นาฏศิลป์พื้นบ้านภาคเหนือ,ฟ้อนเจิง,"ฟอนเจิง เป็นศิลปะการฟ้อนของชาวล้านนาทางภาคเหนือของไทย 
ที่แสดงถึงศิลปะการต่อสู้ ประกอบลีลา ท่าฟอน ที่สื่อถึงการต่อสู้ด้วยมือเปล่า 
หรือการต่อสู้ด้วยอาวุธ เชน หอก ดาบ ",4,10," 8,000 ",การแสดง ระบำ รำ ฟ้อน,วันขึ้นปีใหม่,งานเทศกาล
401,นาฏศิลป์พื้นบ้านภาคเหนือ,ฟ้อนเจิง,"ฟอนเจิง เป็นศิลปะการฟ้อนของชาวล้านนาทางภาคเหนือของไทย 
ที่แสดงถึงศิลปะการต่อสู้ ประกอบลีลา ท่าฟอน ที่สื่อถึงการต่อสู้ด้วยมือเปล่า 
หรือการต่อสู้ด้วยอาวุธ เชน หอก ดาบ ",4,10," 8,000 ",การแสดง ระบำ รำ ฟ้อน,วันลอยกระทง,งานเทศกาล
402,นาฏศิลป์พื้นบ้านภาคเหนือ,ฟ้อนเจิง,"ฟอนเจิง เป็นศิลปะการฟ้อนของชาวล้านนาทางภาคเหนือของไทย 
ที่แสดงถึงศิลปะการต่อสู้ ประกอบลีลา ท่าฟอน ที่สื่อถึงการต่อสู้ด้วยมือเปล่า 
หรือการต่อสู้ด้วยอาวุธ เชน หอก ดาบ ",4,10," 8,000 ",การแสดง ระบำ รำ ฟ้อน,การเผยแพร่วัฒนธรรมในประเทศ,งานเผยแพร่วัฒนธรรม
403,นาฏศิลป์พื้นบ้านภาคเหนือ,ฟ้อนเจิง,"ฟอนเจิง เป็นศิลปะการฟ้อนของชาวล้านนาทางภาคเหนือของไทย 
ที่แสดงถึงศิลปะการต่อสู้ ประกอบลีลา ท่าฟอน ที่สื่อถึงการต่อสู้ด้วยมือเปล่า 
หรือการต่อสู้ด้วยอาวุธ เชน หอก ดาบ ",4,10," 8,000 ",การแสดง ระบำ รำ ฟ้อน,การเผยแพร่วัฒนธรรมต่างประเทศ,งานเผยแพร่วัฒนธรรม
404,นาฏศิลป์พื้นบ้านภาคเหนือ,ฟ้อนดวงเดือน,เป็นการแสดงที่มีลักษณะการเกี้ยวพาราสีของชายหนุ่มหญิงสาว เพลงที่ใช้เป็นเพลงอัตราจังหวะ 2 ชั้น สำเนียงลาว ทรงพระนิพนธ์คำร้อง และทำนองโดยพระเจ้าบรมวงศ์เธอ กรมหมื่นพิชัยมหินทโรดม,8,10," 16,000 ",การแสดง ระบำ รำ ฟ้อน,งานต้อนรับอาคันตุกะ,งานรัฐพิธี
405,นาฏศิลป์พื้นบ้านภาคเหนือ,ฟ้อนดวงเดือน,เป็นการแสดงที่มีลักษณะการเกี้ยวพาราสีของชายหนุ่มหญิงสาว เพลงที่ใช้เป็นเพลงอัตราจังหวะ 2 ชั้น สำเนียงลาว ทรงพระนิพนธ์คำร้อง และทำนองโดยพระเจ้าบรมวงศ์เธอ กรมหมื่นพิชัยมหินทโรดม,8,10," 16,000 ",การแสดง ระบำ รำ ฟ้อน,งานเฉลิมพระชนมพรรษาพระบรมวงศานุวงศ์,งานราชพิธี
406,นาฏศิลป์พื้นบ้านภาคเหนือ,ฟ้อนดวงเดือน,เป็นการแสดงที่มีลักษณะการเกี้ยวพาราสีของชายหนุ่มหญิงสาว เพลงที่ใช้เป็นเพลงอัตราจังหวะ 2 ชั้น สำเนียงลาว ทรงพระนิพนธ์คำร้อง และทำนองโดยพระเจ้าบรมวงศ์เธอ กรมหมื่นพิชัยมหินทโรดม,8,10," 16,000 ",การแสดง ระบำ รำ ฟ้อน,งานทำบุญ,งานมงคล
407,นาฏศิลป์พื้นบ้านภาคเหนือ,ฟ้อนดวงเดือน,เป็นการแสดงที่มีลักษณะการเกี้ยวพาราสีของชายหนุ่มหญิงสาว เพลงที่ใช้เป็นเพลงอัตราจังหวะ 2 ชั้น สำเนียงลาว ทรงพระนิพนธ์คำร้อง และทำนองโดยพระเจ้าบรมวงศ์เธอ กรมหมื่นพิชัยมหินทโรดม,8,10," 16,000 ",การแสดง ระบำ รำ ฟ้อน,งานวันเกิด,งานมงคล
408,นาฏศิลป์พื้นบ้านภาคเหนือ,ฟ้อนดวงเดือน,เป็นการแสดงที่มีลักษณะการเกี้ยวพาราสีของชายหนุ่มหญิงสาว เพลงที่ใช้เป็นเพลงอัตราจังหวะ 2 ชั้น สำเนียงลาว ทรงพระนิพนธ์คำร้อง และทำนองโดยพระเจ้าบรมวงศ์เธอ กรมหมื่นพิชัยมหินทโรดม,8,10," 16,000 ",การแสดง ระบำ รำ ฟ้อน,งานแต่งงาน,งานมงคล
409,นาฏศิลป์พื้นบ้านภาคเหนือ,ฟ้อนดวงเดือน,เป็นการแสดงที่มีลักษณะการเกี้ยวพาราสีของชายหนุ่มหญิงสาว เพลงที่ใช้เป็นเพลงอัตราจังหวะ 2 ชั้น สำเนียงลาว ทรงพระนิพนธ์คำร้อง และทำนองโดยพระเจ้าบรมวงศ์เธอ กรมหมื่นพิชัยมหินทโรดม,8,10," 16,000 ",การแสดง ระบำ รำ ฟ้อน,งานขึ้นบ้านใหม่,งานมงคล
410,นาฏศิลป์พื้นบ้านภาคเหนือ,ฟ้อนดวงเดือน,เป็นการแสดงที่มีลักษณะการเกี้ยวพาราสีของชายหนุ่มหญิงสาว เพลงที่ใช้เป็นเพลงอัตราจังหวะ 2 ชั้น สำเนียงลาว ทรงพระนิพนธ์คำร้อง และทำนองโดยพระเจ้าบรมวงศ์เธอ กรมหมื่นพิชัยมหินทโรดม,8,10," 16,000 ",การแสดง ระบำ รำ ฟ้อน,งานเปิดบริษัท,งานมงคล
411,นาฏศิลป์พื้นบ้านภาคเหนือ,ฟ้อนดวงเดือน,เป็นการแสดงที่มีลักษณะการเกี้ยวพาราสีของชายหนุ่มหญิงสาว เพลงที่ใช้เป็นเพลงอัตราจังหวะ 2 ชั้น สำเนียงลาว ทรงพระนิพนธ์คำร้อง และทำนองโดยพระเจ้าบรมวงศ์เธอ กรมหมื่นพิชัยมหินทโรดม,8,10," 16,000 ",การแสดง ระบำ รำ ฟ้อน,งานสวดอภิธรรม,งานอวมงคล
412,นาฏศิลป์พื้นบ้านภาคเหนือ,ฟ้อนดวงเดือน,เป็นการแสดงที่มีลักษณะการเกี้ยวพาราสีของชายหนุ่มหญิงสาว เพลงที่ใช้เป็นเพลงอัตราจังหวะ 2 ชั้น สำเนียงลาว ทรงพระนิพนธ์คำร้อง และทำนองโดยพระเจ้าบรมวงศ์เธอ กรมหมื่นพิชัยมหินทโรดม,8,10," 16,000 ",การแสดง ระบำ รำ ฟ้อน,งานพระราชทานเพลิงศพ,งานอวมงคล
413,นาฏศิลป์พื้นบ้านภาคเหนือ,ฟ้อนดวงเดือน,เป็นการแสดงที่มีลักษณะการเกี้ยวพาราสีของชายหนุ่มหญิงสาว เพลงที่ใช้เป็นเพลงอัตราจังหวะ 2 ชั้น สำเนียงลาว ทรงพระนิพนธ์คำร้อง และทำนองโดยพระเจ้าบรมวงศ์เธอ กรมหมื่นพิชัยมหินทโรดม,8,10," 16,000 ",การแสดง ระบำ รำ ฟ้อน,งานฌาปนกิจศพ,งานอวมงคล
414,นาฏศิลป์พื้นบ้านภาคเหนือ,ฟ้อนดวงเดือน,เป็นการแสดงที่มีลักษณะการเกี้ยวพาราสีของชายหนุ่มหญิงสาว เพลงที่ใช้เป็นเพลงอัตราจังหวะ 2 ชั้น สำเนียงลาว ทรงพระนิพนธ์คำร้อง และทำนองโดยพระเจ้าบรมวงศ์เธอ กรมหมื่นพิชัยมหินทโรดม,8,10," 16,000 ",การแสดง ระบำ รำ ฟ้อน,วันสงกรานต์,งานเทศกาล
415,นาฏศิลป์พื้นบ้านภาคเหนือ,ฟ้อนดวงเดือน,เป็นการแสดงที่มีลักษณะการเกี้ยวพาราสีของชายหนุ่มหญิงสาว เพลงที่ใช้เป็นเพลงอัตราจังหวะ 2 ชั้น สำเนียงลาว ทรงพระนิพนธ์คำร้อง และทำนองโดยพระเจ้าบรมวงศ์เธอ กรมหมื่นพิชัยมหินทโรดม,8,10," 16,000 ",การแสดง ระบำ รำ ฟ้อน,วันขึ้นปีใหม่,งานเทศกาล
416,นาฏศิลป์พื้นบ้านภาคเหนือ,ฟ้อนดวงเดือน,เป็นการแสดงที่มีลักษณะการเกี้ยวพาราสีของชายหนุ่มหญิงสาว เพลงที่ใช้เป็นเพลงอัตราจังหวะ 2 ชั้น สำเนียงลาว ทรงพระนิพนธ์คำร้อง และทำนองโดยพระเจ้าบรมวงศ์เธอ กรมหมื่นพิชัยมหินทโรดม,8,10," 16,000 ",การแสดง ระบำ รำ ฟ้อน,วันลอยกระทง,งานเทศกาล
417,นาฏศิลป์พื้นบ้านภาคเหนือ,ฟ้อนดวงเดือน,เป็นการแสดงที่มีลักษณะการเกี้ยวพาราสีของชายหนุ่มหญิงสาว เพลงที่ใช้เป็นเพลงอัตราจังหวะ 2 ชั้น สำเนียงลาว ทรงพระนิพนธ์คำร้อง และทำนองโดยพระเจ้าบรมวงศ์เธอ กรมหมื่นพิชัยมหินทโรดม,8,10," 16,000 ",การแสดง ระบำ รำ ฟ้อน,การเผยแพร่วัฒนธรรมในประเทศ,งานเผยแพร่วัฒนธรรม
418,นาฏศิลป์พื้นบ้านภาคเหนือ,ฟ้อนดวงเดือน,เป็นการแสดงที่มีลักษณะการเกี้ยวพาราสีของชายหนุ่มหญิงสาว เพลงที่ใช้เป็นเพลงอัตราจังหวะ 2 ชั้น สำเนียงลาว ทรงพระนิพนธ์คำร้อง และทำนองโดยพระเจ้าบรมวงศ์เธอ กรมหมื่นพิชัยมหินทโรดม,8,10," 16,000 ",การแสดง ระบำ รำ ฟ้อน,งานสวดมนต์ข้ามปี,งานวันสำคัญทางศาสนา
419,นาฏศิลป์พื้นบ้านภาคเหนือ,ฟ้อนที,"ที หมายถึง ร่ม เป็นภาษา “ไต” นํามาใช้เป็นอุปกรณ์ประกอบท่าฟ้อน
ผสมกับท่ารําของชาวไต จังหวัดแม่ฮ่องสอนในภาคเหนือของไทย
ลีลาท่ารําเน้นศิลปะการใช้ร่มในลักษณะต่าง ๆ ที่งดงาม 
ตามท่วงทํานองดนตรีพื้นบ้านภาคเหนือ",4,10," 8,000 ",การแสดง ระบำ รำ ฟ้อน,งานต้อนรับอาคันตุกะ,งานรัฐพิธี
420,นาฏศิลป์พื้นบ้านภาคเหนือ,ฟ้อนที,"ที หมายถึง ร่ม เป็นภาษา “ไต” นํามาใช้เป็นอุปกรณ์ประกอบท่าฟ้อน
ผสมกับท่ารําของชาวไต จังหวัดแม่ฮ่องสอนในภาคเหนือของไทย
ลีลาท่ารําเน้นศิลปะการใช้ร่มในลักษณะต่าง ๆ ที่งดงาม 
ตามท่วงทํานองดนตรีพื้นบ้านภาคเหนือ",4,10," 8,000 ",การแสดง ระบำ รำ ฟ้อน,งานทำบุญ,งานมงคล
421,นาฏศิลป์พื้นบ้านภาคเหนือ,ฟ้อนที,"ที หมายถึง ร่ม เป็นภาษา “ไต” นํามาใช้เป็นอุปกรณ์ประกอบท่าฟ้อน
ผสมกับท่ารําของชาวไต จังหวัดแม่ฮ่องสอนในภาคเหนือของไทย
ลีลาท่ารําเน้นศิลปะการใช้ร่มในลักษณะต่าง ๆ ที่งดงาม 
ตามท่วงทํานองดนตรีพื้นบ้านภาคเหนือ",4,10," 8,000 ",การแสดง ระบำ รำ ฟ้อน,งานแต่งงาน,งานมงคล
422,นาฏศิลป์พื้นบ้านภาคเหนือ,ฟ้อนที,"ที หมายถึง ร่ม เป็นภาษา “ไต” นํามาใช้เป็นอุปกรณ์ประกอบท่าฟ้อน
ผสมกับท่ารําของชาวไต จังหวัดแม่ฮ่องสอนในภาคเหนือของไทย
ลีลาท่ารําเน้นศิลปะการใช้ร่มในลักษณะต่าง ๆ ที่งดงาม 
ตามท่วงทํานองดนตรีพื้นบ้านภาคเหนือ",4,10," 8,000 ",การแสดง ระบำ รำ ฟ้อน,งานเปิดบริษัท,งานมงคล
423,นาฏศิลป์พื้นบ้านภาคเหนือ,ฟ้อนที,"ที หมายถึง ร่ม เป็นภาษา “ไต” นํามาใช้เป็นอุปกรณ์ประกอบท่าฟ้อน
ผสมกับท่ารําของชาวไต จังหวัดแม่ฮ่องสอนในภาคเหนือของไทย
ลีลาท่ารําเน้นศิลปะการใช้ร่มในลักษณะต่าง ๆ ที่งดงาม 
ตามท่วงทํานองดนตรีพื้นบ้านภาคเหนือ",4,10," 8,000 ",การแสดง ระบำ รำ ฟ้อน,วันสงกรานต์,งานเทศกาล
424,นาฏศิลป์พื้นบ้านภาคเหนือ,ฟ้อนที,"ที หมายถึง ร่ม เป็นภาษา “ไต” นํามาใช้เป็นอุปกรณ์ประกอบท่าฟ้อน
ผสมกับท่ารําของชาวไต จังหวัดแม่ฮ่องสอนในภาคเหนือของไทย
ลีลาท่ารําเน้นศิลปะการใช้ร่มในลักษณะต่าง ๆ ที่งดงาม 
ตามท่วงทํานองดนตรีพื้นบ้านภาคเหนือ",4,10," 8,000 ",การแสดง ระบำ รำ ฟ้อน,วันขึ้นปีใหม่,งานเทศกาล
425,นาฏศิลป์พื้นบ้านภาคเหนือ,ฟ้อนที,"ที หมายถึง ร่ม เป็นภาษา “ไต” นํามาใช้เป็นอุปกรณ์ประกอบท่าฟ้อน
ผสมกับท่ารําของชาวไต จังหวัดแม่ฮ่องสอนในภาคเหนือของไทย
ลีลาท่ารําเน้นศิลปะการใช้ร่มในลักษณะต่าง ๆ ที่งดงาม 
ตามท่วงทํานองดนตรีพื้นบ้านภาคเหนือ",4,10," 8,000 ",การแสดง ระบำ รำ ฟ้อน,วันลอยกระทง,งานเทศกาล
426,นาฏศิลป์พื้นบ้านภาคเหนือ,ฟ้อนที,"ที หมายถึง ร่ม เป็นภาษา “ไต” นํามาใช้เป็นอุปกรณ์ประกอบท่าฟ้อน
ผสมกับท่ารําของชาวไต จังหวัดแม่ฮ่องสอนในภาคเหนือของไทย
ลีลาท่ารําเน้นศิลปะการใช้ร่มในลักษณะต่าง ๆ ที่งดงาม 
ตามท่วงทํานองดนตรีพื้นบ้านภาคเหนือ",4,10," 8,000 ",การแสดง ระบำ รำ ฟ้อน,การเผยแพร่วัฒนธรรมในประเทศ,งานเผยแพร่วัฒนธรรม
427,นาฏศิลป์พื้นบ้านภาคเหนือ,ฟ้อนที,"ที หมายถึง ร่ม เป็นภาษา “ไต” นํามาใช้เป็นอุปกรณ์ประกอบท่าฟ้อน
ผสมกับท่ารําของชาวไต จังหวัดแม่ฮ่องสอนในภาคเหนือของไทย
ลีลาท่ารําเน้นศิลปะการใช้ร่มในลักษณะต่าง ๆ ที่งดงาม 
ตามท่วงทํานองดนตรีพื้นบ้านภาคเหนือ",4,10," 8,000 ",การแสดง ระบำ รำ ฟ้อน,การเผยแพร่วัฒนธรรมต่างประเทศ,งานเผยแพร่วัฒนธรรม
428,นาฏศิลป์พื้นบ้านภาคเหนือ,ฟ้อนที,"ที หมายถึง ร่ม เป็นภาษา “ไต” นํามาใช้เป็นอุปกรณ์ประกอบท่าฟ้อน
ผสมกับท่ารําของชาวไต จังหวัดแม่ฮ่องสอนในภาคเหนือของไทย
ลีลาท่ารําเน้นศิลปะการใช้ร่มในลักษณะต่าง ๆ ที่งดงาม 
ตามท่วงทํานองดนตรีพื้นบ้านภาคเหนือ",4,10," 8,000 ",การแสดง ระบำ รำ ฟ้อน,งานสวดมนต์ข้ามปี,งานวันสำคัญทางศาสนา
429,นาฏศิลป์พื้นบ้านภาคเหนือ,ฟ้อนเทียน,"ฟ้อนเทียน เป็นการฟ้อนแบบหนึ่งทางภาคเหนือของประเทศไทย 
ผู้ฟ้อนเป็นหญิงสาวถือเทียนจุดไฟข้างละ 1 เล่ม ร่ายรําไปตามทํานองเพลง 
นิยมแสดงในเวลากลางคืน เพื่อให้เห็นการเคลื่อนไหวของเปลวเทียนได้ชดเจน",8,10," 16,000 ",การแสดง ระบำ รำ ฟ้อน,งานทำบุญ,งานมงคล
430,นาฏศิลป์พื้นบ้านภาคเหนือ,ฟ้อนเทียน,"ฟ้อนเทียน เป็นการฟ้อนแบบหนึ่งทางภาคเหนือของประเทศไทย 
ผู้ฟ้อนเป็นหญิงสาวถือเทียนจุดไฟข้างละ 1 เล่ม ร่ายรําไปตามทํานองเพลง 
นิยมแสดงในเวลากลางคืน เพื่อให้เห็นการเคลื่อนไหวของเปลวเทียนได้ชดเจน",8,10," 16,000 ",การแสดง ระบำ รำ ฟ้อน,งานวันเกิด,งานมงคล
431,นาฏศิลป์พื้นบ้านภาคเหนือ,ฟ้อนเทียน,"ฟ้อนเทียน เป็นการฟ้อนแบบหนึ่งทางภาคเหนือของประเทศไทย 
ผู้ฟ้อนเป็นหญิงสาวถือเทียนจุดไฟข้างละ 1 เล่ม ร่ายรําไปตามทํานองเพลง 
นิยมแสดงในเวลากลางคืน เพื่อให้เห็นการเคลื่อนไหวของเปลวเทียนได้ชดเจน",8,10," 16,000 ",การแสดง ระบำ รำ ฟ้อน,งานขึ้นบ้านใหม่,งานมงคล
432,นาฏศิลป์พื้นบ้านภาคเหนือ,ฟ้อนเทียน,"ฟ้อนเทียน เป็นการฟ้อนแบบหนึ่งทางภาคเหนือของประเทศไทย 
ผู้ฟ้อนเป็นหญิงสาวถือเทียนจุดไฟข้างละ 1 เล่ม ร่ายรําไปตามทํานองเพลง 
นิยมแสดงในเวลากลางคืน เพื่อให้เห็นการเคลื่อนไหวของเปลวเทียนได้ชดเจน",8,10," 16,000 ",การแสดง ระบำ รำ ฟ้อน,งานเปิดบริษัท,งานมงคล
433,นาฏศิลป์พื้นบ้านภาคเหนือ,ฟ้อนเทียน,"ฟ้อนเทียน เป็นการฟ้อนแบบหนึ่งทางภาคเหนือของประเทศไทย 
ผู้ฟ้อนเป็นหญิงสาวถือเทียนจุดไฟข้างละ 1 เล่ม ร่ายรําไปตามทํานองเพลง 
นิยมแสดงในเวลากลางคืน เพื่อให้เห็นการเคลื่อนไหวของเปลวเทียนได้ชดเจน",8,10," 16,000 ",การแสดง ระบำ รำ ฟ้อน,วันสงกรานต์,งานเทศกาล
434,นาฏศิลป์พื้นบ้านภาคเหนือ,ฟ้อนเทียน,"ฟ้อนเทียน เป็นการฟ้อนแบบหนึ่งทางภาคเหนือของประเทศไทย 
ผู้ฟ้อนเป็นหญิงสาวถือเทียนจุดไฟข้างละ 1 เล่ม ร่ายรําไปตามทํานองเพลง 
นิยมแสดงในเวลากลางคืน เพื่อให้เห็นการเคลื่อนไหวของเปลวเทียนได้ชดเจน",8,10," 16,000 ",การแสดง ระบำ รำ ฟ้อน,วันขึ้นปีใหม่,งานเทศกาล
435,นาฏศิลป์พื้นบ้านภาคเหนือ,ฟ้อนเทียน,"ฟ้อนเทียน เป็นการฟ้อนแบบหนึ่งทางภาคเหนือของประเทศไทย 
ผู้ฟ้อนเป็นหญิงสาวถือเทียนจุดไฟข้างละ 1 เล่ม ร่ายรําไปตามทํานองเพลง 
นิยมแสดงในเวลากลางคืน เพื่อให้เห็นการเคลื่อนไหวของเปลวเทียนได้ชดเจน",8,10," 16,000 ",การแสดง ระบำ รำ ฟ้อน,วันลอยกระทง,งานเทศกาล
436,นาฏศิลป์พื้นบ้านภาคเหนือ,ฟ้อนเทียน,"ฟ้อนเทียน เป็นการฟ้อนแบบหนึ่งทางภาคเหนือของประเทศไทย 
ผู้ฟ้อนเป็นหญิงสาวถือเทียนจุดไฟข้างละ 1 เล่ม ร่ายรําไปตามทํานองเพลง 
นิยมแสดงในเวลากลางคืน เพื่อให้เห็นการเคลื่อนไหวของเปลวเทียนได้ชดเจน",8,10," 16,000 ",การแสดง ระบำ รำ ฟ้อน,การเผยแพร่วัฒนธรรมในประเทศ,งานเผยแพร่วัฒนธรรม
437,นาฏศิลป์พื้นบ้านภาคเหนือ,ฟ้อนเทียน,"ฟ้อนเทียน เป็นการฟ้อนแบบหนึ่งทางภาคเหนือของประเทศไทย 
ผู้ฟ้อนเป็นหญิงสาวถือเทียนจุดไฟข้างละ 1 เล่ม ร่ายรําไปตามทํานองเพลง 
นิยมแสดงในเวลากลางคืน เพื่อให้เห็นการเคลื่อนไหวของเปลวเทียนได้ชดเจน",8,10," 16,000 ",การแสดง ระบำ รำ ฟ้อน,การเผยแพร่วัฒนธรรมต่างประเทศ,งานเผยแพร่วัฒนธรรม
438,นาฏศิลป์พื้นบ้านภาคเหนือ,ฟ้อนเทียน,"ฟ้อนเทียน เป็นการฟ้อนแบบหนึ่งทางภาคเหนือของประเทศไทย 
ผู้ฟ้อนเป็นหญิงสาวถือเทียนจุดไฟข้างละ 1 เล่ม ร่ายรําไปตามทํานองเพลง 
นิยมแสดงในเวลากลางคืน เพื่อให้เห็นการเคลื่อนไหวของเปลวเทียนได้ชดเจน",8,10," 16,000 ",การแสดง ระบำ รำ ฟ้อน,วันวิสาขบูชา,งานวันสำคัญทางศาสนา
439,นาฏศิลป์พื้นบ้านภาคเหนือ,ฟ้อนเทียน,"ฟ้อนเทียน เป็นการฟ้อนแบบหนึ่งทางภาคเหนือของประเทศไทย 
ผู้ฟ้อนเป็นหญิงสาวถือเทียนจุดไฟข้างละ 1 เล่ม ร่ายรําไปตามทํานองเพลง 
นิยมแสดงในเวลากลางคืน เพื่อให้เห็นการเคลื่อนไหวของเปลวเทียนได้ชดเจน",8,10," 16,000 ",การแสดง ระบำ รำ ฟ้อน,วันเข้าพรรษา,งานวันสำคัญทางศาสนา
440,นาฏศิลป์พื้นบ้านภาคเหนือ,ฟ้อนเทียน,"ฟ้อนเทียน เป็นการฟ้อนแบบหนึ่งทางภาคเหนือของประเทศไทย 
ผู้ฟ้อนเป็นหญิงสาวถือเทียนจุดไฟข้างละ 1 เล่ม ร่ายรําไปตามทํานองเพลง 
นิยมแสดงในเวลากลางคืน เพื่อให้เห็นการเคลื่อนไหวของเปลวเทียนได้ชดเจน",8,10," 16,000 ",การแสดง ระบำ รำ ฟ้อน,วันออกพรรษา,งานวันสำคัญทางศาสนา
441,นาฏศิลป์พื้นบ้านภาคเหนือ,ฟ้อนเทียน,"ฟ้อนเทียน เป็นการฟ้อนแบบหนึ่งทางภาคเหนือของประเทศไทย 
ผู้ฟ้อนเป็นหญิงสาวถือเทียนจุดไฟข้างละ 1 เล่ม ร่ายรําไปตามทํานองเพลง 
นิยมแสดงในเวลากลางคืน เพื่อให้เห็นการเคลื่อนไหวของเปลวเทียนได้ชดเจน",8,10," 16,000 ",การแสดง ระบำ รำ ฟ้อน,งานสวดมนต์ข้ามปี,งานวันสำคัญทางศาสนา
442,นาฏศิลป์พื้นบ้านภาคเหนือ,ฟ้อนเทียน,"ฟ้อนเทียน เป็นการฟ้อนแบบหนึ่งทางภาคเหนือของประเทศไทย 
ผู้ฟ้อนเป็นหญิงสาวถือเทียนจุดไฟข้างละ 1 เล่ม ร่ายรําไปตามทํานองเพลง 
นิยมแสดงในเวลากลางคืน เพื่อให้เห็นการเคลื่อนไหวของเปลวเทียนได้ชดเจน",8,10," 16,000 ",การแสดง ระบำ รำ ฟ้อน,งานเทศมหาชาติ,งานวันสำคัญทางศาสนา
443,นาฏศิลป์พื้นบ้านภาคเหนือ,ฟ้อนเทียน,"ฟ้อนเทียน เป็นการฟ้อนแบบหนึ่งทางภาคเหนือของประเทศไทย 
ผู้ฟ้อนเป็นหญิงสาวถือเทียนจุดไฟข้างละ 1 เล่ม ร่ายรําไปตามทํานองเพลง 
นิยมแสดงในเวลากลางคืน เพื่อให้เห็นการเคลื่อนไหวของเปลวเทียนได้ชดเจน",8,10," 16,000 ",การแสดง ระบำ รำ ฟ้อน,งานประชุมสงฆ์,งานวันสำคัญทางศาสนา
444,นาฏศิลป์พื้นบ้านภาคเหนือ,ฟ้อนผาง,"ฟ้อนผาง เป็นการแสดงนาฏศิลป์พื้นบ้านของชาวล้านนาทางภาคเหนือของไทย 
ผู้แสดงออกมาร่ายรําพร้อมถือภาชนะดินเผาจุดไฟเรียกว่า ผางประทีป ทั้ง 2 มือ
นิยมจัดแสดงในงานประเพณีสําคัญของชาวล้านนามาแต่ครังโบราณ ",4,10," 8,000 ",การแสดง ระบำ รำ ฟ้อน,งานต้อนรับอาคันตุกะ,งานรัฐพิธี
445,นาฏศิลป์พื้นบ้านภาคเหนือ,ฟ้อนผาง,"ฟ้อนผาง เป็นการแสดงนาฏศิลป์พื้นบ้านของชาวล้านนาทางภาคเหนือของไทย 
ผู้แสดงออกมาร่ายรําพร้อมถือภาชนะดินเผาจุดไฟเรียกว่า ผางประทีป ทั้ง 2 มือ
นิยมจัดแสดงในงานประเพณีสําคัญของชาวล้านนามาแต่ครังโบราณ ",4,10," 8,000 ",การแสดง ระบำ รำ ฟ้อน,งานทำบุญ,งานมงคล
446,นาฏศิลป์พื้นบ้านภาคเหนือ,ฟ้อนผาง,"ฟ้อนผาง เป็นการแสดงนาฏศิลป์พื้นบ้านของชาวล้านนาทางภาคเหนือของไทย 
ผู้แสดงออกมาร่ายรําพร้อมถือภาชนะดินเผาจุดไฟเรียกว่า ผางประทีป ทั้ง 2 มือ
นิยมจัดแสดงในงานประเพณีสําคัญของชาวล้านนามาแต่ครังโบราณ ",4,10," 8,000 ",การแสดง ระบำ รำ ฟ้อน,งานวันเกิด,งานมงคล
447,นาฏศิลป์พื้นบ้านภาคเหนือ,ฟ้อนผาง,"ฟ้อนผาง เป็นการแสดงนาฏศิลป์พื้นบ้านของชาวล้านนาทางภาคเหนือของไทย 
ผู้แสดงออกมาร่ายรําพร้อมถือภาชนะดินเผาจุดไฟเรียกว่า ผางประทีป ทั้ง 2 มือ
นิยมจัดแสดงในงานประเพณีสําคัญของชาวล้านนามาแต่ครังโบราณ ",4,10," 8,000 ",การแสดง ระบำ รำ ฟ้อน,งานแต่งงาน,งานมงคล
448,นาฏศิลป์พื้นบ้านภาคเหนือ,ฟ้อนผาง,"ฟ้อนผาง เป็นการแสดงนาฏศิลป์พื้นบ้านของชาวล้านนาทางภาคเหนือของไทย 
ผู้แสดงออกมาร่ายรําพร้อมถือภาชนะดินเผาจุดไฟเรียกว่า ผางประทีป ทั้ง 2 มือ
นิยมจัดแสดงในงานประเพณีสําคัญของชาวล้านนามาแต่ครังโบราณ ",4,10," 8,000 ",การแสดง ระบำ รำ ฟ้อน,งานขึ้นบ้านใหม่,งานมงคล
449,นาฏศิลป์พื้นบ้านภาคเหนือ,ฟ้อนผาง,"ฟ้อนผาง เป็นการแสดงนาฏศิลป์พื้นบ้านของชาวล้านนาทางภาคเหนือของไทย 
ผู้แสดงออกมาร่ายรําพร้อมถือภาชนะดินเผาจุดไฟเรียกว่า ผางประทีป ทั้ง 2 มือ
นิยมจัดแสดงในงานประเพณีสําคัญของชาวล้านนามาแต่ครังโบราณ ",4,10," 8,000 ",การแสดง ระบำ รำ ฟ้อน,งานเปิดบริษัท,งานมงคล
450,นาฏศิลป์พื้นบ้านภาคเหนือ,ฟ้อนผาง,"ฟ้อนผาง เป็นการแสดงนาฏศิลป์พื้นบ้านของชาวล้านนาทางภาคเหนือของไทย 
ผู้แสดงออกมาร่ายรําพร้อมถือภาชนะดินเผาจุดไฟเรียกว่า ผางประทีป ทั้ง 2 มือ
นิยมจัดแสดงในงานประเพณีสําคัญของชาวล้านนามาแต่ครังโบราณ ",4,10," 8,000 ",การแสดง ระบำ รำ ฟ้อน,งานสวดอภิธรรม,งานอวมงคล
451,นาฏศิลป์พื้นบ้านภาคเหนือ,ฟ้อนผาง,"ฟ้อนผาง เป็นการแสดงนาฏศิลป์พื้นบ้านของชาวล้านนาทางภาคเหนือของไทย 
ผู้แสดงออกมาร่ายรําพร้อมถือภาชนะดินเผาจุดไฟเรียกว่า ผางประทีป ทั้ง 2 มือ
นิยมจัดแสดงในงานประเพณีสําคัญของชาวล้านนามาแต่ครังโบราณ ",4,10," 8,000 ",การแสดง ระบำ รำ ฟ้อน,งานพระราชทานเพลิงศพ,งานอวมงคล
452,นาฏศิลป์พื้นบ้านภาคเหนือ,ฟ้อนผาง,"ฟ้อนผาง เป็นการแสดงนาฏศิลป์พื้นบ้านของชาวล้านนาทางภาคเหนือของไทย 
ผู้แสดงออกมาร่ายรําพร้อมถือภาชนะดินเผาจุดไฟเรียกว่า ผางประทีป ทั้ง 2 มือ
นิยมจัดแสดงในงานประเพณีสําคัญของชาวล้านนามาแต่ครังโบราณ ",4,10," 8,000 ",การแสดง ระบำ รำ ฟ้อน,งานฌาปนกิจศพ,งานอวมงคล
453,นาฏศิลป์พื้นบ้านภาคเหนือ,ฟ้อนผาง,"ฟ้อนผาง เป็นการแสดงนาฏศิลป์พื้นบ้านของชาวล้านนาทางภาคเหนือของไทย 
ผู้แสดงออกมาร่ายรําพร้อมถือภาชนะดินเผาจุดไฟเรียกว่า ผางประทีป ทั้ง 2 มือ
นิยมจัดแสดงในงานประเพณีสําคัญของชาวล้านนามาแต่ครังโบราณ ",4,10," 8,000 ",การแสดง ระบำ รำ ฟ้อน,วันสงกรานต์,งานเทศกาล
454,นาฏศิลป์พื้นบ้านภาคเหนือ,ฟ้อนผาง,"ฟ้อนผาง เป็นการแสดงนาฏศิลป์พื้นบ้านของชาวล้านนาทางภาคเหนือของไทย 
ผู้แสดงออกมาร่ายรําพร้อมถือภาชนะดินเผาจุดไฟเรียกว่า ผางประทีป ทั้ง 2 มือ
นิยมจัดแสดงในงานประเพณีสําคัญของชาวล้านนามาแต่ครังโบราณ ",4,10," 8,000 ",การแสดง ระบำ รำ ฟ้อน,วันขึ้นปีใหม่,งานเทศกาล
455,นาฏศิลป์พื้นบ้านภาคเหนือ,ฟ้อนผาง,"ฟ้อนผาง เป็นการแสดงนาฏศิลป์พื้นบ้านของชาวล้านนาทางภาคเหนือของไทย 
ผู้แสดงออกมาร่ายรําพร้อมถือภาชนะดินเผาจุดไฟเรียกว่า ผางประทีป ทั้ง 2 มือ
นิยมจัดแสดงในงานประเพณีสําคัญของชาวล้านนามาแต่ครังโบราณ ",4,10," 8,000 ",การแสดง ระบำ รำ ฟ้อน,วันตรุษจีน,งานเทศกาล
456,นาฏศิลป์พื้นบ้านภาคเหนือ,ฟ้อนผาง,"ฟ้อนผาง เป็นการแสดงนาฏศิลป์พื้นบ้านของชาวล้านนาทางภาคเหนือของไทย 
ผู้แสดงออกมาร่ายรําพร้อมถือภาชนะดินเผาจุดไฟเรียกว่า ผางประทีป ทั้ง 2 มือ
นิยมจัดแสดงในงานประเพณีสําคัญของชาวล้านนามาแต่ครังโบราณ ",4,10," 8,000 ",การแสดง ระบำ รำ ฟ้อน,วันลอยกระทง,งานเทศกาล
457,นาฏศิลป์พื้นบ้านภาคเหนือ,ฟ้อนผาง,"ฟ้อนผาง เป็นการแสดงนาฏศิลป์พื้นบ้านของชาวล้านนาทางภาคเหนือของไทย 
ผู้แสดงออกมาร่ายรําพร้อมถือภาชนะดินเผาจุดไฟเรียกว่า ผางประทีป ทั้ง 2 มือ
นิยมจัดแสดงในงานประเพณีสําคัญของชาวล้านนามาแต่ครังโบราณ ",4,10," 8,000 ",การแสดง ระบำ รำ ฟ้อน,การเผยแพร่วัฒนธรรมในประเทศ,งานเผยแพร่วัฒนธรรม
458,นาฏศิลป์พื้นบ้านภาคเหนือ,ฟ้อนผาง,"ฟ้อนผาง เป็นการแสดงนาฏศิลป์พื้นบ้านของชาวล้านนาทางภาคเหนือของไทย 
ผู้แสดงออกมาร่ายรําพร้อมถือภาชนะดินเผาจุดไฟเรียกว่า ผางประทีป ทั้ง 2 มือ
นิยมจัดแสดงในงานประเพณีสําคัญของชาวล้านนามาแต่ครังโบราณ ",4,10," 8,000 ",การแสดง ระบำ รำ ฟ้อน,การเผยแพร่วัฒนธรรมต่างประเทศ,งานเผยแพร่วัฒนธรรม
459,นาฏศิลป์พื้นบ้านภาคเหนือ,ฟ้อนผาง,"ฟ้อนผาง เป็นการแสดงนาฏศิลป์พื้นบ้านของชาวล้านนาทางภาคเหนือของไทย 
ผู้แสดงออกมาร่ายรําพร้อมถือภาชนะดินเผาจุดไฟเรียกว่า ผางประทีป ทั้ง 2 มือ
นิยมจัดแสดงในงานประเพณีสําคัญของชาวล้านนามาแต่ครังโบราณ ",4,10," 8,000 ",การแสดง ระบำ รำ ฟ้อน,วันวิสาขบูชา,งานวันสำคัญทางศาสนา
460,นาฏศิลป์พื้นบ้านภาคเหนือ,ฟ้อนผาง,"ฟ้อนผาง เป็นการแสดงนาฏศิลป์พื้นบ้านของชาวล้านนาทางภาคเหนือของไทย 
ผู้แสดงออกมาร่ายรําพร้อมถือภาชนะดินเผาจุดไฟเรียกว่า ผางประทีป ทั้ง 2 มือ
นิยมจัดแสดงในงานประเพณีสําคัญของชาวล้านนามาแต่ครังโบราณ ",4,10," 8,000 ",การแสดง ระบำ รำ ฟ้อน,วันเข้าพรรษา,งานวันสำคัญทางศาสนา
461,นาฏศิลป์พื้นบ้านภาคเหนือ,ฟ้อนผาง,"ฟ้อนผาง เป็นการแสดงนาฏศิลป์พื้นบ้านของชาวล้านนาทางภาคเหนือของไทย 
ผู้แสดงออกมาร่ายรําพร้อมถือภาชนะดินเผาจุดไฟเรียกว่า ผางประทีป ทั้ง 2 มือ
นิยมจัดแสดงในงานประเพณีสําคัญของชาวล้านนามาแต่ครังโบราณ ",4,10," 8,000 ",การแสดง ระบำ รำ ฟ้อน,วันออกพรรษา,งานวันสำคัญทางศาสนา
462,นาฏศิลป์พื้นบ้านภาคเหนือ,ฟ้อนผาง,"ฟ้อนผาง เป็นการแสดงนาฏศิลป์พื้นบ้านของชาวล้านนาทางภาคเหนือของไทย 
ผู้แสดงออกมาร่ายรําพร้อมถือภาชนะดินเผาจุดไฟเรียกว่า ผางประทีป ทั้ง 2 มือ
นิยมจัดแสดงในงานประเพณีสําคัญของชาวล้านนามาแต่ครังโบราณ ",4,10," 8,000 ",การแสดง ระบำ รำ ฟ้อน,งานสวดมนต์ข้ามปี,งานวันสำคัญทางศาสนา
463,นาฏศิลป์พื้นบ้านภาคเหนือ,ฟ้อนผาง,"ฟ้อนผาง เป็นการแสดงนาฏศิลป์พื้นบ้านของชาวล้านนาทางภาคเหนือของไทย 
ผู้แสดงออกมาร่ายรําพร้อมถือภาชนะดินเผาจุดไฟเรียกว่า ผางประทีป ทั้ง 2 มือ
นิยมจัดแสดงในงานประเพณีสําคัญของชาวล้านนามาแต่ครังโบราณ ",4,10," 8,000 ",การแสดง ระบำ รำ ฟ้อน,งานเทศมหาชาติ,งานวันสำคัญทางศาสนา
464,นาฏศิลป์พื้นบ้านภาคเหนือ,ฟ้อนผาง,"ฟ้อนผาง เป็นการแสดงนาฏศิลป์พื้นบ้านของชาวล้านนาทางภาคเหนือของไทย 
ผู้แสดงออกมาร่ายรําพร้อมถือภาชนะดินเผาจุดไฟเรียกว่า ผางประทีป ทั้ง 2 มือ
นิยมจัดแสดงในงานประเพณีสําคัญของชาวล้านนามาแต่ครังโบราณ ",4,10," 8,000 ",การแสดง ระบำ รำ ฟ้อน,งานประชุมสงฆ์,งานวันสำคัญทางศาสนา
465,นาฏศิลป์พื้นบ้านภาคเหนือ,ฟ้อนมาลัย,ฟ้อนมาลัย หรือ ฟ้อนดวงดอกไม้ เป็นเพลงเก่าของราชสำนักเชียงใหม่ เจ้าดารารัศมีพระชายาในพระบาทสมเด็จพระจุลจอมเกล้าเจ้าอยู่หัว ได้ทรงนำมาใช้ในละครเรื่อง “น้อยใจยา” เมื่อกรมศิลปากรแสดงละครพันทางเรื่อง “พญาผานอง” ณ โรงละครแห่งชาติ เมื่อ พ.ศ. 2501 อาจารย์มนตรี  ตราโมท ได้นำทำนองเพลงฟ้อนดวงดอกไม้มาใช้เป็นเพลงฟ้อนของนางข้าหลวงของนางพญาคำปิน โดยได้แต่งบทร้องขึ้นมาใหม่ และท่านผู้หญิงแผ้ว สนิทวงศ์เสนี ประดิษฐ์ท่ารำ ฟ้อนชุดนี้ออกเพลงซุ้ม ซึ่งเป็นเพลงสำเนียงลาวชั้นเดียว,8,10," 16,000 ",การแสดง ระบำ รำ ฟ้อน,งานต้อนรับอาคันตุกะ,งานรัฐพิธี
466,นาฏศิลป์พื้นบ้านภาคเหนือ,ฟ้อนมาลัย,ฟ้อนมาลัย หรือ ฟ้อนดวงดอกไม้ เป็นเพลงเก่าของราชสำนักเชียงใหม่ เจ้าดารารัศมีพระชายาในพระบาทสมเด็จพระจุลจอมเกล้าเจ้าอยู่หัว ได้ทรงนำมาใช้ในละครเรื่อง “น้อยใจยา” เมื่อกรมศิลปากรแสดงละครพันทางเรื่อง “พญาผานอง” ณ โรงละครแห่งชาติ เมื่อ พ.ศ. 2501 อาจารย์มนตรี  ตราโมท ได้นำทำนองเพลงฟ้อนดวงดอกไม้มาใช้เป็นเพลงฟ้อนของนางข้าหลวงของนางพญาคำปิน โดยได้แต่งบทร้องขึ้นมาใหม่ และท่านผู้หญิงแผ้ว สนิทวงศ์เสนี ประดิษฐ์ท่ารำ ฟ้อนชุดนี้ออกเพลงซุ้ม ซึ่งเป็นเพลงสำเนียงลาวชั้นเดียว,8,10," 16,000 ",การแสดง ระบำ รำ ฟ้อน,งานทำบุญ,งานมงคล
467,นาฏศิลป์พื้นบ้านภาคเหนือ,ฟ้อนมาลัย,ฟ้อนมาลัย หรือ ฟ้อนดวงดอกไม้ เป็นเพลงเก่าของราชสำนักเชียงใหม่ เจ้าดารารัศมีพระชายาในพระบาทสมเด็จพระจุลจอมเกล้าเจ้าอยู่หัว ได้ทรงนำมาใช้ในละครเรื่อง “น้อยใจยา” เมื่อกรมศิลปากรแสดงละครพันทางเรื่อง “พญาผานอง” ณ โรงละครแห่งชาติ เมื่อ พ.ศ. 2501 อาจารย์มนตรี  ตราโมท ได้นำทำนองเพลงฟ้อนดวงดอกไม้มาใช้เป็นเพลงฟ้อนของนางข้าหลวงของนางพญาคำปิน โดยได้แต่งบทร้องขึ้นมาใหม่ และท่านผู้หญิงแผ้ว สนิทวงศ์เสนี ประดิษฐ์ท่ารำ ฟ้อนชุดนี้ออกเพลงซุ้ม ซึ่งเป็นเพลงสำเนียงลาวชั้นเดียว,8,10," 16,000 ",การแสดง ระบำ รำ ฟ้อน,งานวันเกิด,งานมงคล
468,นาฏศิลป์พื้นบ้านภาคเหนือ,ฟ้อนมาลัย,ฟ้อนมาลัย หรือ ฟ้อนดวงดอกไม้ เป็นเพลงเก่าของราชสำนักเชียงใหม่ เจ้าดารารัศมีพระชายาในพระบาทสมเด็จพระจุลจอมเกล้าเจ้าอยู่หัว ได้ทรงนำมาใช้ในละครเรื่อง “น้อยใจยา” เมื่อกรมศิลปากรแสดงละครพันทางเรื่อง “พญาผานอง” ณ โรงละครแห่งชาติ เมื่อ พ.ศ. 2501 อาจารย์มนตรี  ตราโมท ได้นำทำนองเพลงฟ้อนดวงดอกไม้มาใช้เป็นเพลงฟ้อนของนางข้าหลวงของนางพญาคำปิน โดยได้แต่งบทร้องขึ้นมาใหม่ และท่านผู้หญิงแผ้ว สนิทวงศ์เสนี ประดิษฐ์ท่ารำ ฟ้อนชุดนี้ออกเพลงซุ้ม ซึ่งเป็นเพลงสำเนียงลาวชั้นเดียว,8,10," 16,000 ",การแสดง ระบำ รำ ฟ้อน,งานแต่งงาน,งานมงคล
469,นาฏศิลป์พื้นบ้านภาคเหนือ,ฟ้อนมาลัย,ฟ้อนมาลัย หรือ ฟ้อนดวงดอกไม้ เป็นเพลงเก่าของราชสำนักเชียงใหม่ เจ้าดารารัศมีพระชายาในพระบาทสมเด็จพระจุลจอมเกล้าเจ้าอยู่หัว ได้ทรงนำมาใช้ในละครเรื่อง “น้อยใจยา” เมื่อกรมศิลปากรแสดงละครพันทางเรื่อง “พญาผานอง” ณ โรงละครแห่งชาติ เมื่อ พ.ศ. 2501 อาจารย์มนตรี  ตราโมท ได้นำทำนองเพลงฟ้อนดวงดอกไม้มาใช้เป็นเพลงฟ้อนของนางข้าหลวงของนางพญาคำปิน โดยได้แต่งบทร้องขึ้นมาใหม่ และท่านผู้หญิงแผ้ว สนิทวงศ์เสนี ประดิษฐ์ท่ารำ ฟ้อนชุดนี้ออกเพลงซุ้ม ซึ่งเป็นเพลงสำเนียงลาวชั้นเดียว,8,10," 16,000 ",การแสดง ระบำ รำ ฟ้อน,งานขึ้นบ้านใหม่,งานมงคล
470,นาฏศิลป์พื้นบ้านภาคเหนือ,ฟ้อนมาลัย,ฟ้อนมาลัย หรือ ฟ้อนดวงดอกไม้ เป็นเพลงเก่าของราชสำนักเชียงใหม่ เจ้าดารารัศมีพระชายาในพระบาทสมเด็จพระจุลจอมเกล้าเจ้าอยู่หัว ได้ทรงนำมาใช้ในละครเรื่อง “น้อยใจยา” เมื่อกรมศิลปากรแสดงละครพันทางเรื่อง “พญาผานอง” ณ โรงละครแห่งชาติ เมื่อ พ.ศ. 2501 อาจารย์มนตรี  ตราโมท ได้นำทำนองเพลงฟ้อนดวงดอกไม้มาใช้เป็นเพลงฟ้อนของนางข้าหลวงของนางพญาคำปิน โดยได้แต่งบทร้องขึ้นมาใหม่ และท่านผู้หญิงแผ้ว สนิทวงศ์เสนี ประดิษฐ์ท่ารำ ฟ้อนชุดนี้ออกเพลงซุ้ม ซึ่งเป็นเพลงสำเนียงลาวชั้นเดียว,8,10," 16,000 ",การแสดง ระบำ รำ ฟ้อน,งานเปิดบริษัท,งานมงคล
471,นาฏศิลป์พื้นบ้านภาคเหนือ,ฟ้อนมาลัย,ฟ้อนมาลัย หรือ ฟ้อนดวงดอกไม้ เป็นเพลงเก่าของราชสำนักเชียงใหม่ เจ้าดารารัศมีพระชายาในพระบาทสมเด็จพระจุลจอมเกล้าเจ้าอยู่หัว ได้ทรงนำมาใช้ในละครเรื่อง “น้อยใจยา” เมื่อกรมศิลปากรแสดงละครพันทางเรื่อง “พญาผานอง” ณ โรงละครแห่งชาติ เมื่อ พ.ศ. 2501 อาจารย์มนตรี  ตราโมท ได้นำทำนองเพลงฟ้อนดวงดอกไม้มาใช้เป็นเพลงฟ้อนของนางข้าหลวงของนางพญาคำปิน โดยได้แต่งบทร้องขึ้นมาใหม่ และท่านผู้หญิงแผ้ว สนิทวงศ์เสนี ประดิษฐ์ท่ารำ ฟ้อนชุดนี้ออกเพลงซุ้ม ซึ่งเป็นเพลงสำเนียงลาวชั้นเดียว,8,10," 16,000 ",การแสดง ระบำ รำ ฟ้อน,งานบวงสรวง,งานมงคล
472,นาฏศิลป์พื้นบ้านภาคเหนือ,ฟ้อนมาลัย,ฟ้อนมาลัย หรือ ฟ้อนดวงดอกไม้ เป็นเพลงเก่าของราชสำนักเชียงใหม่ เจ้าดารารัศมีพระชายาในพระบาทสมเด็จพระจุลจอมเกล้าเจ้าอยู่หัว ได้ทรงนำมาใช้ในละครเรื่อง “น้อยใจยา” เมื่อกรมศิลปากรแสดงละครพันทางเรื่อง “พญาผานอง” ณ โรงละครแห่งชาติ เมื่อ พ.ศ. 2501 อาจารย์มนตรี  ตราโมท ได้นำทำนองเพลงฟ้อนดวงดอกไม้มาใช้เป็นเพลงฟ้อนของนางข้าหลวงของนางพญาคำปิน โดยได้แต่งบทร้องขึ้นมาใหม่ และท่านผู้หญิงแผ้ว สนิทวงศ์เสนี ประดิษฐ์ท่ารำ ฟ้อนชุดนี้ออกเพลงซุ้ม ซึ่งเป็นเพลงสำเนียงลาวชั้นเดียว,8,10," 16,000 ",การแสดง ระบำ รำ ฟ้อน,งานไหว้ครู,งานมงคล
473,นาฏศิลป์พื้นบ้านภาคเหนือ,ฟ้อนมาลัย,ฟ้อนมาลัย หรือ ฟ้อนดวงดอกไม้ เป็นเพลงเก่าของราชสำนักเชียงใหม่ เจ้าดารารัศมีพระชายาในพระบาทสมเด็จพระจุลจอมเกล้าเจ้าอยู่หัว ได้ทรงนำมาใช้ในละครเรื่อง “น้อยใจยา” เมื่อกรมศิลปากรแสดงละครพันทางเรื่อง “พญาผานอง” ณ โรงละครแห่งชาติ เมื่อ พ.ศ. 2501 อาจารย์มนตรี  ตราโมท ได้นำทำนองเพลงฟ้อนดวงดอกไม้มาใช้เป็นเพลงฟ้อนของนางข้าหลวงของนางพญาคำปิน โดยได้แต่งบทร้องขึ้นมาใหม่ และท่านผู้หญิงแผ้ว สนิทวงศ์เสนี ประดิษฐ์ท่ารำ ฟ้อนชุดนี้ออกเพลงซุ้ม ซึ่งเป็นเพลงสำเนียงลาวชั้นเดียว,8,10," 16,000 ",การแสดง ระบำ รำ ฟ้อน,งานสวดอภิธรรม,งานอวมงคล
474,นาฏศิลป์พื้นบ้านภาคเหนือ,ฟ้อนมาลัย,ฟ้อนมาลัย หรือ ฟ้อนดวงดอกไม้ เป็นเพลงเก่าของราชสำนักเชียงใหม่ เจ้าดารารัศมีพระชายาในพระบาทสมเด็จพระจุลจอมเกล้าเจ้าอยู่หัว ได้ทรงนำมาใช้ในละครเรื่อง “น้อยใจยา” เมื่อกรมศิลปากรแสดงละครพันทางเรื่อง “พญาผานอง” ณ โรงละครแห่งชาติ เมื่อ พ.ศ. 2501 อาจารย์มนตรี  ตราโมท ได้นำทำนองเพลงฟ้อนดวงดอกไม้มาใช้เป็นเพลงฟ้อนของนางข้าหลวงของนางพญาคำปิน โดยได้แต่งบทร้องขึ้นมาใหม่ และท่านผู้หญิงแผ้ว สนิทวงศ์เสนี ประดิษฐ์ท่ารำ ฟ้อนชุดนี้ออกเพลงซุ้ม ซึ่งเป็นเพลงสำเนียงลาวชั้นเดียว,8,10," 16,000 ",การแสดง ระบำ รำ ฟ้อน,งานฌาปนกิจศพ,งานอวมงคล
475,นาฏศิลป์พื้นบ้านภาคเหนือ,ฟ้อนมาลัย,ฟ้อนมาลัย หรือ ฟ้อนดวงดอกไม้ เป็นเพลงเก่าของราชสำนักเชียงใหม่ เจ้าดารารัศมีพระชายาในพระบาทสมเด็จพระจุลจอมเกล้าเจ้าอยู่หัว ได้ทรงนำมาใช้ในละครเรื่อง “น้อยใจยา” เมื่อกรมศิลปากรแสดงละครพันทางเรื่อง “พญาผานอง” ณ โรงละครแห่งชาติ เมื่อ พ.ศ. 2501 อาจารย์มนตรี  ตราโมท ได้นำทำนองเพลงฟ้อนดวงดอกไม้มาใช้เป็นเพลงฟ้อนของนางข้าหลวงของนางพญาคำปิน โดยได้แต่งบทร้องขึ้นมาใหม่ และท่านผู้หญิงแผ้ว สนิทวงศ์เสนี ประดิษฐ์ท่ารำ ฟ้อนชุดนี้ออกเพลงซุ้ม ซึ่งเป็นเพลงสำเนียงลาวชั้นเดียว,8,10," 16,000 ",การแสดง ระบำ รำ ฟ้อน,วันสงกรานต์,งานเทศกาล
476,นาฏศิลป์พื้นบ้านภาคเหนือ,ฟ้อนมาลัย,ฟ้อนมาลัย หรือ ฟ้อนดวงดอกไม้ เป็นเพลงเก่าของราชสำนักเชียงใหม่ เจ้าดารารัศมีพระชายาในพระบาทสมเด็จพระจุลจอมเกล้าเจ้าอยู่หัว ได้ทรงนำมาใช้ในละครเรื่อง “น้อยใจยา” เมื่อกรมศิลปากรแสดงละครพันทางเรื่อง “พญาผานอง” ณ โรงละครแห่งชาติ เมื่อ พ.ศ. 2501 อาจารย์มนตรี  ตราโมท ได้นำทำนองเพลงฟ้อนดวงดอกไม้มาใช้เป็นเพลงฟ้อนของนางข้าหลวงของนางพญาคำปิน โดยได้แต่งบทร้องขึ้นมาใหม่ และท่านผู้หญิงแผ้ว สนิทวงศ์เสนี ประดิษฐ์ท่ารำ ฟ้อนชุดนี้ออกเพลงซุ้ม ซึ่งเป็นเพลงสำเนียงลาวชั้นเดียว,8,10," 16,000 ",การแสดง ระบำ รำ ฟ้อน,วันขึ้นปีใหม่,งานเทศกาล
477,นาฏศิลป์พื้นบ้านภาคเหนือ,ฟ้อนมาลัย,ฟ้อนมาลัย หรือ ฟ้อนดวงดอกไม้ เป็นเพลงเก่าของราชสำนักเชียงใหม่ เจ้าดารารัศมีพระชายาในพระบาทสมเด็จพระจุลจอมเกล้าเจ้าอยู่หัว ได้ทรงนำมาใช้ในละครเรื่อง “น้อยใจยา” เมื่อกรมศิลปากรแสดงละครพันทางเรื่อง “พญาผานอง” ณ โรงละครแห่งชาติ เมื่อ พ.ศ. 2501 อาจารย์มนตรี  ตราโมท ได้นำทำนองเพลงฟ้อนดวงดอกไม้มาใช้เป็นเพลงฟ้อนของนางข้าหลวงของนางพญาคำปิน โดยได้แต่งบทร้องขึ้นมาใหม่ และท่านผู้หญิงแผ้ว สนิทวงศ์เสนี ประดิษฐ์ท่ารำ ฟ้อนชุดนี้ออกเพลงซุ้ม ซึ่งเป็นเพลงสำเนียงลาวชั้นเดียว,8,10," 16,000 ",การแสดง ระบำ รำ ฟ้อน,วันตรุษจีน,งานเทศกาล
478,นาฏศิลป์พื้นบ้านภาคเหนือ,ฟ้อนมาลัย,ฟ้อนมาลัย หรือ ฟ้อนดวงดอกไม้ เป็นเพลงเก่าของราชสำนักเชียงใหม่ เจ้าดารารัศมีพระชายาในพระบาทสมเด็จพระจุลจอมเกล้าเจ้าอยู่หัว ได้ทรงนำมาใช้ในละครเรื่อง “น้อยใจยา” เมื่อกรมศิลปากรแสดงละครพันทางเรื่อง “พญาผานอง” ณ โรงละครแห่งชาติ เมื่อ พ.ศ. 2501 อาจารย์มนตรี  ตราโมท ได้นำทำนองเพลงฟ้อนดวงดอกไม้มาใช้เป็นเพลงฟ้อนของนางข้าหลวงของนางพญาคำปิน โดยได้แต่งบทร้องขึ้นมาใหม่ และท่านผู้หญิงแผ้ว สนิทวงศ์เสนี ประดิษฐ์ท่ารำ ฟ้อนชุดนี้ออกเพลงซุ้ม ซึ่งเป็นเพลงสำเนียงลาวชั้นเดียว,8,10," 16,000 ",การแสดง ระบำ รำ ฟ้อน,วันลอยกระทง,งานเทศกาล
479,นาฏศิลป์พื้นบ้านภาคเหนือ,ฟ้อนมาลัย,ฟ้อนมาลัย หรือ ฟ้อนดวงดอกไม้ เป็นเพลงเก่าของราชสำนักเชียงใหม่ เจ้าดารารัศมีพระชายาในพระบาทสมเด็จพระจุลจอมเกล้าเจ้าอยู่หัว ได้ทรงนำมาใช้ในละครเรื่อง “น้อยใจยา” เมื่อกรมศิลปากรแสดงละครพันทางเรื่อง “พญาผานอง” ณ โรงละครแห่งชาติ เมื่อ พ.ศ. 2501 อาจารย์มนตรี  ตราโมท ได้นำทำนองเพลงฟ้อนดวงดอกไม้มาใช้เป็นเพลงฟ้อนของนางข้าหลวงของนางพญาคำปิน โดยได้แต่งบทร้องขึ้นมาใหม่ และท่านผู้หญิงแผ้ว สนิทวงศ์เสนี ประดิษฐ์ท่ารำ ฟ้อนชุดนี้ออกเพลงซุ้ม ซึ่งเป็นเพลงสำเนียงลาวชั้นเดียว,8,10," 16,000 ",การแสดง ระบำ รำ ฟ้อน,การเผยแพร่วัฒนธรรมในประเทศ,งานเผยแพร่วัฒนธรรม
480,นาฏศิลป์พื้นบ้านภาคเหนือ,ฟ้อนมาลัย,ฟ้อนมาลัย หรือ ฟ้อนดวงดอกไม้ เป็นเพลงเก่าของราชสำนักเชียงใหม่ เจ้าดารารัศมีพระชายาในพระบาทสมเด็จพระจุลจอมเกล้าเจ้าอยู่หัว ได้ทรงนำมาใช้ในละครเรื่อง “น้อยใจยา” เมื่อกรมศิลปากรแสดงละครพันทางเรื่อง “พญาผานอง” ณ โรงละครแห่งชาติ เมื่อ พ.ศ. 2501 อาจารย์มนตรี  ตราโมท ได้นำทำนองเพลงฟ้อนดวงดอกไม้มาใช้เป็นเพลงฟ้อนของนางข้าหลวงของนางพญาคำปิน โดยได้แต่งบทร้องขึ้นมาใหม่ และท่านผู้หญิงแผ้ว สนิทวงศ์เสนี ประดิษฐ์ท่ารำ ฟ้อนชุดนี้ออกเพลงซุ้ม ซึ่งเป็นเพลงสำเนียงลาวชั้นเดียว,8,10," 16,000 ",การแสดง ระบำ รำ ฟ้อน,วันวิสาขบูชา,งานวันสำคัญทางศาสนา
481,นาฏศิลป์พื้นบ้านภาคเหนือ,ฟ้อนมาลัย,ฟ้อนมาลัย หรือ ฟ้อนดวงดอกไม้ เป็นเพลงเก่าของราชสำนักเชียงใหม่ เจ้าดารารัศมีพระชายาในพระบาทสมเด็จพระจุลจอมเกล้าเจ้าอยู่หัว ได้ทรงนำมาใช้ในละครเรื่อง “น้อยใจยา” เมื่อกรมศิลปากรแสดงละครพันทางเรื่อง “พญาผานอง” ณ โรงละครแห่งชาติ เมื่อ พ.ศ. 2501 อาจารย์มนตรี  ตราโมท ได้นำทำนองเพลงฟ้อนดวงดอกไม้มาใช้เป็นเพลงฟ้อนของนางข้าหลวงของนางพญาคำปิน โดยได้แต่งบทร้องขึ้นมาใหม่ และท่านผู้หญิงแผ้ว สนิทวงศ์เสนี ประดิษฐ์ท่ารำ ฟ้อนชุดนี้ออกเพลงซุ้ม ซึ่งเป็นเพลงสำเนียงลาวชั้นเดียว,8,10," 16,000 ",การแสดง ระบำ รำ ฟ้อน,วันเข้าพรรษา,งานวันสำคัญทางศาสนา
482,นาฏศิลป์พื้นบ้านภาคเหนือ,ฟ้อนมาลัย,ฟ้อนมาลัย หรือ ฟ้อนดวงดอกไม้ เป็นเพลงเก่าของราชสำนักเชียงใหม่ เจ้าดารารัศมีพระชายาในพระบาทสมเด็จพระจุลจอมเกล้าเจ้าอยู่หัว ได้ทรงนำมาใช้ในละครเรื่อง “น้อยใจยา” เมื่อกรมศิลปากรแสดงละครพันทางเรื่อง “พญาผานอง” ณ โรงละครแห่งชาติ เมื่อ พ.ศ. 2501 อาจารย์มนตรี  ตราโมท ได้นำทำนองเพลงฟ้อนดวงดอกไม้มาใช้เป็นเพลงฟ้อนของนางข้าหลวงของนางพญาคำปิน โดยได้แต่งบทร้องขึ้นมาใหม่ และท่านผู้หญิงแผ้ว สนิทวงศ์เสนี ประดิษฐ์ท่ารำ ฟ้อนชุดนี้ออกเพลงซุ้ม ซึ่งเป็นเพลงสำเนียงลาวชั้นเดียว,8,10," 16,000 ",การแสดง ระบำ รำ ฟ้อน,วันออกพรรษา,งานวันสำคัญทางศาสนา
483,นาฏศิลป์พื้นบ้านภาคเหนือ,ฟ้อนมาลัย,ฟ้อนมาลัย หรือ ฟ้อนดวงดอกไม้ เป็นเพลงเก่าของราชสำนักเชียงใหม่ เจ้าดารารัศมีพระชายาในพระบาทสมเด็จพระจุลจอมเกล้าเจ้าอยู่หัว ได้ทรงนำมาใช้ในละครเรื่อง “น้อยใจยา” เมื่อกรมศิลปากรแสดงละครพันทางเรื่อง “พญาผานอง” ณ โรงละครแห่งชาติ เมื่อ พ.ศ. 2501 อาจารย์มนตรี  ตราโมท ได้นำทำนองเพลงฟ้อนดวงดอกไม้มาใช้เป็นเพลงฟ้อนของนางข้าหลวงของนางพญาคำปิน โดยได้แต่งบทร้องขึ้นมาใหม่ และท่านผู้หญิงแผ้ว สนิทวงศ์เสนี ประดิษฐ์ท่ารำ ฟ้อนชุดนี้ออกเพลงซุ้ม ซึ่งเป็นเพลงสำเนียงลาวชั้นเดียว,8,10," 16,000 ",การแสดง ระบำ รำ ฟ้อน,งานสวดมนต์ข้ามปี,งานวันสำคัญทางศาสนา
484,นาฏศิลป์พื้นบ้านภาคเหนือ,ฟ้อนมาลัย,ฟ้อนมาลัย หรือ ฟ้อนดวงดอกไม้ เป็นเพลงเก่าของราชสำนักเชียงใหม่ เจ้าดารารัศมีพระชายาในพระบาทสมเด็จพระจุลจอมเกล้าเจ้าอยู่หัว ได้ทรงนำมาใช้ในละครเรื่อง “น้อยใจยา” เมื่อกรมศิลปากรแสดงละครพันทางเรื่อง “พญาผานอง” ณ โรงละครแห่งชาติ เมื่อ พ.ศ. 2501 อาจารย์มนตรี  ตราโมท ได้นำทำนองเพลงฟ้อนดวงดอกไม้มาใช้เป็นเพลงฟ้อนของนางข้าหลวงของนางพญาคำปิน โดยได้แต่งบทร้องขึ้นมาใหม่ และท่านผู้หญิงแผ้ว สนิทวงศ์เสนี ประดิษฐ์ท่ารำ ฟ้อนชุดนี้ออกเพลงซุ้ม ซึ่งเป็นเพลงสำเนียงลาวชั้นเดียว,8,10," 16,000 ",การแสดง ระบำ รำ ฟ้อน,งานเทศมหาชาติ,งานวันสำคัญทางศาสนา
485,นาฏศิลป์พื้นบ้านภาคเหนือ,ฟ้อนมาลัย,ฟ้อนมาลัย หรือ ฟ้อนดวงดอกไม้ เป็นเพลงเก่าของราชสำนักเชียงใหม่ เจ้าดารารัศมีพระชายาในพระบาทสมเด็จพระจุลจอมเกล้าเจ้าอยู่หัว ได้ทรงนำมาใช้ในละครเรื่อง “น้อยใจยา” เมื่อกรมศิลปากรแสดงละครพันทางเรื่อง “พญาผานอง” ณ โรงละครแห่งชาติ เมื่อ พ.ศ. 2501 อาจารย์มนตรี  ตราโมท ได้นำทำนองเพลงฟ้อนดวงดอกไม้มาใช้เป็นเพลงฟ้อนของนางข้าหลวงของนางพญาคำปิน โดยได้แต่งบทร้องขึ้นมาใหม่ และท่านผู้หญิงแผ้ว สนิทวงศ์เสนี ประดิษฐ์ท่ารำ ฟ้อนชุดนี้ออกเพลงซุ้ม ซึ่งเป็นเพลงสำเนียงลาวชั้นเดียว,8,10," 16,000 ",การแสดง ระบำ รำ ฟ้อน,งานประชุมสงฆ์,งานวันสำคัญทางศาสนา
486,นาฏศิลป์พื้นบ้านภาคเหนือ,ฟ้อนรัก,เป็นการแสดงชุดหนึ่งในละครพันทางเรื่องพระลอ ตอน พระลอลงสวน พระนิพนธ์ของพระเจ้าบรมวงศ์เธอกรมพระนราธิปประพันธ์พงศ์ ที่ทรงปรับปรุงขึ้นจากวรรณคดีลิลิตพระลอ บทร้องและลีลาท่ารำแสดงถึงความรักของนายแก้วนายขวัญสองพระพี่เลี้ยงของพระลอกษัตริย์แห่งแมนสรวง กับนางรื่นนางโรยพระพี่เลี้ยงของพระเพื่อนพระแพง พระราชธิดาของท้าวพิชัยพิษณุกรแห่งเมืองสรอง,8,10," 16,000 ",การแสดง ระบำ รำ ฟ้อน,การเผยแพร่วัฒนธรรมในประเทศ,งานเผยแพร่วัฒนธรรม
487,นาฏศิลป์พื้นบ้านภาคเหนือ,ฟ้อนเล็บ,"ฟ้อนเล็บ เป็นศิลปะการฟ้อนของทางภาคเหนือของไทย
นิยมจัดแสดงในการต้อนรับแขกผู้มาเยือนให้เกิดความประทับใจ
ผู้แสดงสวมเล็บสีทองร่ายรําตามรูปแบบการฟ้อนประกอบบทร้องและทํานองเพลง ",4,10," 8,000 ",การแสดง ระบำ รำ ฟ้อน,งานสโมสรสันนิบาต,งานรัฐพิธี
488,นาฏศิลป์พื้นบ้านภาคเหนือ,ฟ้อนเล็บ,"ฟ้อนเล็บ เป็นศิลปะการฟ้อนของทางภาคเหนือของไทย
นิยมจัดแสดงในการต้อนรับแขกผู้มาเยือนให้เกิดความประทับใจ
ผู้แสดงสวมเล็บสีทองร่ายรําตามรูปแบบการฟ้อนประกอบบทร้องและทํานองเพลง ",4,10," 8,000 ",การแสดง ระบำ รำ ฟ้อน,งานทำบุญ,งานมงคล
489,นาฏศิลป์พื้นบ้านภาคเหนือ,ฟ้อนเล็บ,"ฟ้อนเล็บ เป็นศิลปะการฟ้อนของทางภาคเหนือของไทย
นิยมจัดแสดงในการต้อนรับแขกผู้มาเยือนให้เกิดความประทับใจ
ผู้แสดงสวมเล็บสีทองร่ายรําตามรูปแบบการฟ้อนประกอบบทร้องและทํานองเพลง ",4,10," 8,000 ",การแสดง ระบำ รำ ฟ้อน,งานวันเกิด,งานมงคล
490,นาฏศิลป์พื้นบ้านภาคเหนือ,ฟ้อนเล็บ,"ฟ้อนเล็บ เป็นศิลปะการฟ้อนของทางภาคเหนือของไทย
นิยมจัดแสดงในการต้อนรับแขกผู้มาเยือนให้เกิดความประทับใจ
ผู้แสดงสวมเล็บสีทองร่ายรําตามรูปแบบการฟ้อนประกอบบทร้องและทํานองเพลง ",4,10," 8,000 ",การแสดง ระบำ รำ ฟ้อน,งานขึ้นบ้านใหม่,งานมงคล
491,นาฏศิลป์พื้นบ้านภาคเหนือ,ฟ้อนเล็บ,"ฟ้อนเล็บ เป็นศิลปะการฟ้อนของทางภาคเหนือของไทย
นิยมจัดแสดงในการต้อนรับแขกผู้มาเยือนให้เกิดความประทับใจ
ผู้แสดงสวมเล็บสีทองร่ายรําตามรูปแบบการฟ้อนประกอบบทร้องและทํานองเพลง ",4,10," 8,000 ",การแสดง ระบำ รำ ฟ้อน,วันสงกรานต์,งานเทศกาล
492,นาฏศิลป์พื้นบ้านภาคเหนือ,ฟ้อนเล็บ,"ฟ้อนเล็บ เป็นศิลปะการฟ้อนของทางภาคเหนือของไทย
นิยมจัดแสดงในการต้อนรับแขกผู้มาเยือนให้เกิดความประทับใจ
ผู้แสดงสวมเล็บสีทองร่ายรําตามรูปแบบการฟ้อนประกอบบทร้องและทํานองเพลง ",4,10," 8,000 ",การแสดง ระบำ รำ ฟ้อน,วันขึ้นปีใหม่,งานเทศกาล
493,นาฏศิลป์พื้นบ้านภาคเหนือ,ฟ้อนเล็บ,"ฟ้อนเล็บ เป็นศิลปะการฟ้อนของทางภาคเหนือของไทย
นิยมจัดแสดงในการต้อนรับแขกผู้มาเยือนให้เกิดความประทับใจ
ผู้แสดงสวมเล็บสีทองร่ายรําตามรูปแบบการฟ้อนประกอบบทร้องและทํานองเพลง ",4,10," 8,000 ",การแสดง ระบำ รำ ฟ้อน,วันลอยกระทง,งานเทศกาล
494,นาฏศิลป์พื้นบ้านภาคเหนือ,ฟ้อนเล็บ,"ฟ้อนเล็บ เป็นศิลปะการฟ้อนของทางภาคเหนือของไทย
นิยมจัดแสดงในการต้อนรับแขกผู้มาเยือนให้เกิดความประทับใจ
ผู้แสดงสวมเล็บสีทองร่ายรําตามรูปแบบการฟ้อนประกอบบทร้องและทํานองเพลง ",4,10," 8,000 ",การแสดง ระบำ รำ ฟ้อน,การเผยแพร่วัฒนธรรมในประเทศ,งานเผยแพร่วัฒนธรรม
495,นาฏศิลป์พื้นบ้านภาคเหนือ,ฟ้อนเล็บ,"ฟ้อนเล็บ เป็นศิลปะการฟ้อนของทางภาคเหนือของไทย
นิยมจัดแสดงในการต้อนรับแขกผู้มาเยือนให้เกิดความประทับใจ
ผู้แสดงสวมเล็บสีทองร่ายรําตามรูปแบบการฟ้อนประกอบบทร้องและทํานองเพลง ",4,10," 8,000 ",การแสดง ระบำ รำ ฟ้อน,การเผยแพร่วัฒนธรรมต่างประเทศ,งานเผยแพร่วัฒนธรรม
496,นาฏศิลป์พื้นบ้านภาคเหนือ,ฟ้อนสาวไหม,"ฟ้อนสาวไหม เป็นศิลปะการฟ้อนของทางภาคเหนือ มีลีลาท่ารํา
สื่อความหมายถึงกรรมวิธีการทอผ้าไหม เริมด้วยขั้นตอนการปลูกต้นหม่อน 
เก็บฝ้าย สาวไหม และทอผ้า มีรูปแบบการฟ้อนรําตามทํานองเพลงในจังหวะช้า
ใช้เครื่องดนตรีพื้นบ้านภาคเหนือ เช่น สะล้อ ซอ ซึง",4,10," 8,000 ",การแสดง ระบำ รำ ฟ้อน,งานต้อนรับอาคันตุกะ,งานรัฐพิธี
497,นาฏศิลป์พื้นบ้านภาคเหนือ,ฟ้อนสาวไหม,"ฟ้อนสาวไหม เป็นศิลปะการฟ้อนของทางภาคเหนือ มีลีลาท่ารํา
สื่อความหมายถึงกรรมวิธีการทอผ้าไหม เริมด้วยขั้นตอนการปลูกต้นหม่อน 
เก็บฝ้าย สาวไหม และทอผ้า มีรูปแบบการฟ้อนรําตามทํานองเพลงในจังหวะช้า
ใช้เครื่องดนตรีพื้นบ้านภาคเหนือ เช่น สะล้อ ซอ ซึง",4,10," 8,000 ",การแสดง ระบำ รำ ฟ้อน,งานทำบุญ,งานมงคล
498,นาฏศิลป์พื้นบ้านภาคเหนือ,ฟ้อนสาวไหม,"ฟ้อนสาวไหม เป็นศิลปะการฟ้อนของทางภาคเหนือ มีลีลาท่ารํา
สื่อความหมายถึงกรรมวิธีการทอผ้าไหม เริมด้วยขั้นตอนการปลูกต้นหม่อน 
เก็บฝ้าย สาวไหม และทอผ้า มีรูปแบบการฟ้อนรําตามทํานองเพลงในจังหวะช้า
ใช้เครื่องดนตรีพื้นบ้านภาคเหนือ เช่น สะล้อ ซอ ซึง",4,10," 8,000 ",การแสดง ระบำ รำ ฟ้อน,งานวันเกิด,งานมงคล
499,นาฏศิลป์พื้นบ้านภาคเหนือ,ฟ้อนสาวไหม,"ฟ้อนสาวไหม เป็นศิลปะการฟ้อนของทางภาคเหนือ มีลีลาท่ารํา
สื่อความหมายถึงกรรมวิธีการทอผ้าไหม เริมด้วยขั้นตอนการปลูกต้นหม่อน 
เก็บฝ้าย สาวไหม และทอผ้า มีรูปแบบการฟ้อนรําตามทํานองเพลงในจังหวะช้า
ใช้เครื่องดนตรีพื้นบ้านภาคเหนือ เช่น สะล้อ ซอ ซึง",4,10," 8,000 ",การแสดง ระบำ รำ ฟ้อน,งานแต่งงาน,งานมงคล
500,นาฏศิลป์พื้นบ้านภาคเหนือ,ฟ้อนสาวไหม,"ฟ้อนสาวไหม เป็นศิลปะการฟ้อนของทางภาคเหนือ มีลีลาท่ารํา
สื่อความหมายถึงกรรมวิธีการทอผ้าไหม เริมด้วยขั้นตอนการปลูกต้นหม่อน 
เก็บฝ้าย สาวไหม และทอผ้า มีรูปแบบการฟ้อนรําตามทํานองเพลงในจังหวะช้า
ใช้เครื่องดนตรีพื้นบ้านภาคเหนือ เช่น สะล้อ ซอ ซึง",4,10," 8,000 ",การแสดง ระบำ รำ ฟ้อน,งานขึ้นบ้านใหม่,งานมงคล
501,นาฏศิลป์พื้นบ้านภาคเหนือ,ฟ้อนสาวไหม,"ฟ้อนสาวไหม เป็นศิลปะการฟ้อนของทางภาคเหนือ มีลีลาท่ารํา
สื่อความหมายถึงกรรมวิธีการทอผ้าไหม เริมด้วยขั้นตอนการปลูกต้นหม่อน 
เก็บฝ้าย สาวไหม และทอผ้า มีรูปแบบการฟ้อนรําตามทํานองเพลงในจังหวะช้า
ใช้เครื่องดนตรีพื้นบ้านภาคเหนือ เช่น สะล้อ ซอ ซึง",4,10," 8,000 ",การแสดง ระบำ รำ ฟ้อน,งานเปิดบริษัท,งานมงคล
502,นาฏศิลป์พื้นบ้านภาคเหนือ,ฟ้อนสาวไหม,"ฟ้อนสาวไหม เป็นศิลปะการฟ้อนของทางภาคเหนือ มีลีลาท่ารํา
สื่อความหมายถึงกรรมวิธีการทอผ้าไหม เริมด้วยขั้นตอนการปลูกต้นหม่อน 
เก็บฝ้าย สาวไหม และทอผ้า มีรูปแบบการฟ้อนรําตามทํานองเพลงในจังหวะช้า
ใช้เครื่องดนตรีพื้นบ้านภาคเหนือ เช่น สะล้อ ซอ ซึง",4,10," 8,000 ",การแสดง ระบำ รำ ฟ้อน,งานบวงสรวง,งานมงคล
503,นาฏศิลป์พื้นบ้านภาคเหนือ,ฟ้อนสาวไหม,"ฟ้อนสาวไหม เป็นศิลปะการฟ้อนของทางภาคเหนือ มีลีลาท่ารํา
สื่อความหมายถึงกรรมวิธีการทอผ้าไหม เริมด้วยขั้นตอนการปลูกต้นหม่อน 
เก็บฝ้าย สาวไหม และทอผ้า มีรูปแบบการฟ้อนรําตามทํานองเพลงในจังหวะช้า
ใช้เครื่องดนตรีพื้นบ้านภาคเหนือ เช่น สะล้อ ซอ ซึง",4,10," 8,000 ",การแสดง ระบำ รำ ฟ้อน,วันสงกรานต์,งานเทศกาล
504,นาฏศิลป์พื้นบ้านภาคเหนือ,ฟ้อนสาวไหม,"ฟ้อนสาวไหม เป็นศิลปะการฟ้อนของทางภาคเหนือ มีลีลาท่ารํา
สื่อความหมายถึงกรรมวิธีการทอผ้าไหม เริมด้วยขั้นตอนการปลูกต้นหม่อน 
เก็บฝ้าย สาวไหม และทอผ้า มีรูปแบบการฟ้อนรําตามทํานองเพลงในจังหวะช้า
ใช้เครื่องดนตรีพื้นบ้านภาคเหนือ เช่น สะล้อ ซอ ซึง",4,10," 8,000 ",การแสดง ระบำ รำ ฟ้อน,วันขึ้นปีใหม่,งานเทศกาล
505,นาฏศิลป์พื้นบ้านภาคเหนือ,ฟ้อนสาวไหม,"ฟ้อนสาวไหม เป็นศิลปะการฟ้อนของทางภาคเหนือ มีลีลาท่ารํา
สื่อความหมายถึงกรรมวิธีการทอผ้าไหม เริมด้วยขั้นตอนการปลูกต้นหม่อน 
เก็บฝ้าย สาวไหม และทอผ้า มีรูปแบบการฟ้อนรําตามทํานองเพลงในจังหวะช้า
ใช้เครื่องดนตรีพื้นบ้านภาคเหนือ เช่น สะล้อ ซอ ซึง",4,10," 8,000 ",การแสดง ระบำ รำ ฟ้อน,วันตรุษจีน,งานเทศกาล
506,นาฏศิลป์พื้นบ้านภาคเหนือ,ฟ้อนสาวไหม,"ฟ้อนสาวไหม เป็นศิลปะการฟ้อนของทางภาคเหนือ มีลีลาท่ารํา
สื่อความหมายถึงกรรมวิธีการทอผ้าไหม เริมด้วยขั้นตอนการปลูกต้นหม่อน 
เก็บฝ้าย สาวไหม และทอผ้า มีรูปแบบการฟ้อนรําตามทํานองเพลงในจังหวะช้า
ใช้เครื่องดนตรีพื้นบ้านภาคเหนือ เช่น สะล้อ ซอ ซึง",4,10," 8,000 ",การแสดง ระบำ รำ ฟ้อน,วันลอยกระทง,งานเทศกาล
507,นาฏศิลป์พื้นบ้านภาคเหนือ,ฟ้อนสาวไหม,"ฟ้อนสาวไหม เป็นศิลปะการฟ้อนของทางภาคเหนือ มีลีลาท่ารํา
สื่อความหมายถึงกรรมวิธีการทอผ้าไหม เริมด้วยขั้นตอนการปลูกต้นหม่อน 
เก็บฝ้าย สาวไหม และทอผ้า มีรูปแบบการฟ้อนรําตามทํานองเพลงในจังหวะช้า
ใช้เครื่องดนตรีพื้นบ้านภาคเหนือ เช่น สะล้อ ซอ ซึง",4,10," 8,000 ",การแสดง ระบำ รำ ฟ้อน,การเผยแพร่วัฒนธรรมในประเทศ,งานเผยแพร่วัฒนธรรม
508,นาฏศิลป์พื้นบ้านภาคเหนือ,ฟ้อนสาวไหม,"ฟ้อนสาวไหม เป็นศิลปะการฟ้อนของทางภาคเหนือ มีลีลาท่ารํา
สื่อความหมายถึงกรรมวิธีการทอผ้าไหม เริมด้วยขั้นตอนการปลูกต้นหม่อน 
เก็บฝ้าย สาวไหม และทอผ้า มีรูปแบบการฟ้อนรําตามทํานองเพลงในจังหวะช้า
ใช้เครื่องดนตรีพื้นบ้านภาคเหนือ เช่น สะล้อ ซอ ซึง",4,10," 8,000 ",การแสดง ระบำ รำ ฟ้อน,การเผยแพร่วัฒนธรรมต่างประเทศ,งานเผยแพร่วัฒนธรรม
509,นาฏศิลป์พื้นบ้านภาคเหนือ,ระบำเก็บใบชา,"ระบําเก็บใบชา เป็นการแสดงทางภาคเหนือมีลีลาท่ารําที่สื่อความหมาย
ถึงกรรมวิธีการเก็บใบชาของชาวเขา เริ่มตั้งแต่ช่วงเช้าาออกเดินทางไปเก็บใบชา 
ที่ปลูกอยู่ตามไหล่เขา ต่อจากนั้นนํามาเลือกใบและผึ่งแดด มีการละเล่นที่สนุกสนาน 
รื่นเริงขณะรอใบชาแห้ง ช่วงเย็นจึงเก็บใบชาและเดินทางกลับบ้าน 
ผู้แสดงชายหญิงแต่งกายแบบชาวพื้นเมืองภาคเหนือของไทย ",4,10," 8,000 ",การแสดง ระบำ รำ ฟ้อน,งานต้อนรับอาคันตุกะ,งานรัฐพิธี
510,นาฏศิลป์พื้นบ้านภาคเหนือ,ระบำเก็บใบชา,"ระบําเก็บใบชา เป็นการแสดงทางภาคเหนือมีลีลาท่ารําที่สื่อความหมาย
ถึงกรรมวิธีการเก็บใบชาของชาวเขา เริ่มตั้งแต่ช่วงเช้าาออกเดินทางไปเก็บใบชา 
ที่ปลูกอยู่ตามไหล่เขา ต่อจากนั้นนํามาเลือกใบและผึ่งแดด มีการละเล่นที่สนุกสนาน 
รื่นเริงขณะรอใบชาแห้ง ช่วงเย็นจึงเก็บใบชาและเดินทางกลับบ้าน 
ผู้แสดงชายหญิงแต่งกายแบบชาวพื้นเมืองภาคเหนือของไทย ",4,10," 8,000 ",การแสดง ระบำ รำ ฟ้อน,วันสงกรานต์,งานเทศกาล
511,นาฏศิลป์พื้นบ้านภาคเหนือ,ระบำเก็บใบชา,"ระบําเก็บใบชา เป็นการแสดงทางภาคเหนือมีลีลาท่ารําที่สื่อความหมาย
ถึงกรรมวิธีการเก็บใบชาของชาวเขา เริ่มตั้งแต่ช่วงเช้าาออกเดินทางไปเก็บใบชา 
ที่ปลูกอยู่ตามไหล่เขา ต่อจากนั้นนํามาเลือกใบและผึ่งแดด มีการละเล่นที่สนุกสนาน 
รื่นเริงขณะรอใบชาแห้ง ช่วงเย็นจึงเก็บใบชาและเดินทางกลับบ้าน 
ผู้แสดงชายหญิงแต่งกายแบบชาวพื้นเมืองภาคเหนือของไทย ",4,10," 8,000 ",การแสดง ระบำ รำ ฟ้อน,วันขึ้นปีใหม่,งานเทศกาล
512,นาฏศิลป์พื้นบ้านภาคเหนือ,ระบำเก็บใบชา,"ระบําเก็บใบชา เป็นการแสดงทางภาคเหนือมีลีลาท่ารําที่สื่อความหมาย
ถึงกรรมวิธีการเก็บใบชาของชาวเขา เริ่มตั้งแต่ช่วงเช้าาออกเดินทางไปเก็บใบชา 
ที่ปลูกอยู่ตามไหล่เขา ต่อจากนั้นนํามาเลือกใบและผึ่งแดด มีการละเล่นที่สนุกสนาน 
รื่นเริงขณะรอใบชาแห้ง ช่วงเย็นจึงเก็บใบชาและเดินทางกลับบ้าน 
ผู้แสดงชายหญิงแต่งกายแบบชาวพื้นเมืองภาคเหนือของไทย ",4,10," 8,000 ",การแสดง ระบำ รำ ฟ้อน,วันลอยกระทง,งานเทศกาล
513,นาฏศิลป์พื้นบ้านภาคเหนือ,ระบำเก็บใบชา,"ระบําเก็บใบชา เป็นการแสดงทางภาคเหนือมีลีลาท่ารําที่สื่อความหมาย
ถึงกรรมวิธีการเก็บใบชาของชาวเขา เริ่มตั้งแต่ช่วงเช้าาออกเดินทางไปเก็บใบชา 
ที่ปลูกอยู่ตามไหล่เขา ต่อจากนั้นนํามาเลือกใบและผึ่งแดด มีการละเล่นที่สนุกสนาน 
รื่นเริงขณะรอใบชาแห้ง ช่วงเย็นจึงเก็บใบชาและเดินทางกลับบ้าน 
ผู้แสดงชายหญิงแต่งกายแบบชาวพื้นเมืองภาคเหนือของไทย ",4,10," 8,000 ",การแสดง ระบำ รำ ฟ้อน,การเผยแพร่วัฒนธรรมในประเทศ,งานเผยแพร่วัฒนธรรม
514,นาฏศิลป์พื้นบ้านภาคเหนือ,ระบำเก็บใบชา,"ระบําเก็บใบชา เป็นการแสดงทางภาคเหนือมีลีลาท่ารําที่สื่อความหมาย
ถึงกรรมวิธีการเก็บใบชาของชาวเขา เริ่มตั้งแต่ช่วงเช้าาออกเดินทางไปเก็บใบชา 
ที่ปลูกอยู่ตามไหล่เขา ต่อจากนั้นนํามาเลือกใบและผึ่งแดด มีการละเล่นที่สนุกสนาน 
รื่นเริงขณะรอใบชาแห้ง ช่วงเย็นจึงเก็บใบชาและเดินทางกลับบ้าน 
ผู้แสดงชายหญิงแต่งกายแบบชาวพื้นเมืองภาคเหนือของไทย ",4,10," 8,000 ",การแสดง ระบำ รำ ฟ้อน,การเผยแพร่วัฒนธรรมต่างประเทศ,งานเผยแพร่วัฒนธรรม
515,นาฏศิลป์พื้นบ้านภาคอีสาน,กระทบสากหรือกระทบไม้,"กระทบสากหรือกระทบไม้ เป็นการละเล่นพื้นเมืองของชาวจังหวัดสุรินทร์
ภาคอีสานของไทย เดิมเรียกว่า “เต้นสาก” ด้วยนิสัยรักสนุกของชาวไทย
เมื่อเสร็จกิจวัตรจากการทํานา จึงนําสากตําข้าวมากระทบกัน เป็นเครื่องประกอบจังหวะ
พร้อมกับมีการละเล่นให้เข้ากับจังหวะ เป็นการแสดงที่สนุกสนานระหว่างชายหญิง
เกี้ยวพาราสีกัน สื่อให้เห็นความงามของพระจันทร์ยามคํ่าคืน ทําให้เกิดความเพลิดเพลินใจ
ชายหญิงจึงชวนกันมาเชอมความสัมพันธ์ ด้วยการเล่นกระทบไม้ ",6,10," 12,000 ",การแสดง ระบำ รำ ฟ้อน,วันสงกรานต์,งานเทศกาล
516,นาฏศิลป์พื้นบ้านภาคอีสาน,กระทบสากหรือกระทบไม้,"กระทบสากหรือกระทบไม้ เป็นการละเล่นพื้นเมืองของชาวจังหวัดสุรินทร์
ภาคอีสานของไทย เดิมเรียกว่า “เต้นสาก” ด้วยนิสัยรักสนุกของชาวไทย
เมื่อเสร็จกิจวัตรจากการทํานา จึงนําสากตําข้าวมากระทบกัน เป็นเครื่องประกอบจังหวะ
พร้อมกับมีการละเล่นให้เข้ากับจังหวะ เป็นการแสดงที่สนุกสนานระหว่างชายหญิง
เกี้ยวพาราสีกัน สื่อให้เห็นความงามของพระจันทร์ยามคํ่าคืน ทําให้เกิดความเพลิดเพลินใจ
ชายหญิงจึงชวนกันมาเชอมความสัมพันธ์ ด้วยการเล่นกระทบไม้ ",6,10," 12,000 ",การแสดง ระบำ รำ ฟ้อน,วันขึ้นปีใหม่,งานเทศกาล
517,นาฏศิลป์พื้นบ้านภาคอีสาน,กระทบสากหรือกระทบไม้,"กระทบสากหรือกระทบไม้ เป็นการละเล่นพื้นเมืองของชาวจังหวัดสุรินทร์
ภาคอีสานของไทย เดิมเรียกว่า “เต้นสาก” ด้วยนิสัยรักสนุกของชาวไทย
เมื่อเสร็จกิจวัตรจากการทํานา จึงนําสากตําข้าวมากระทบกัน เป็นเครื่องประกอบจังหวะ
พร้อมกับมีการละเล่นให้เข้ากับจังหวะ เป็นการแสดงที่สนุกสนานระหว่างชายหญิง
เกี้ยวพาราสีกัน สื่อให้เห็นความงามของพระจันทร์ยามคํ่าคืน ทําให้เกิดความเพลิดเพลินใจ
ชายหญิงจึงชวนกันมาเชอมความสัมพันธ์ ด้วยการเล่นกระทบไม้ ",6,10," 12,000 ",การแสดง ระบำ รำ ฟ้อน,การเผยแพร่วัฒนธรรมในประเทศ,งานเผยแพร่วัฒนธรรม
518,นาฏศิลป์พื้นบ้านภาคอีสาน,กระทบสากหรือกระทบไม้,"กระทบสากหรือกระทบไม้ เป็นการละเล่นพื้นเมืองของชาวจังหวัดสุรินทร์
ภาคอีสานของไทย เดิมเรียกว่า “เต้นสาก” ด้วยนิสัยรักสนุกของชาวไทย
เมื่อเสร็จกิจวัตรจากการทํานา จึงนําสากตําข้าวมากระทบกัน เป็นเครื่องประกอบจังหวะ
พร้อมกับมีการละเล่นให้เข้ากับจังหวะ เป็นการแสดงที่สนุกสนานระหว่างชายหญิง
เกี้ยวพาราสีกัน สื่อให้เห็นความงามของพระจันทร์ยามคํ่าคืน ทําให้เกิดความเพลิดเพลินใจ
ชายหญิงจึงชวนกันมาเชอมความสัมพันธ์ ด้วยการเล่นกระทบไม้ ",6,10," 12,000 ",การแสดง ระบำ รำ ฟ้อน,การเผยแพร่วัฒนธรรมต่างประเทศ,งานเผยแพร่วัฒนธรรม
519,นาฏศิลป์พื้นบ้านภาคอีสาน,เซิ้งกระติบข้าว,"เซิงกระติบข้าว เป็นการแสดงพื้นเมืองของชาวภูไท นิยมแสดงกัน 
ในโอกาสรื่นเริงวันนักขัตฤกษ์ การแสดงสื่อถึงหญิงสาวนําอาหารไป
ให้แก่บุคคลอันเป็นที่รัก ความสวยงามของกระบวนท่ารําอยู่ที่กิริยาท่าทาง
การเดินของหญิงสาวทังแบบช้าแล้วเร่งรีบ การดีดข้าวเหนียว การปั้นข้าวเหนียว ",4,10," 8,000 ",การแสดง ระบำ รำ ฟ้อน,งานทำบุญ,งานมงคล
520,นาฏศิลป์พื้นบ้านภาคอีสาน,เซิ้งกระติบข้าว,"เซิงกระติบข้าว เป็นการแสดงพื้นเมืองของชาวภูไท นิยมแสดงกัน 
ในโอกาสรื่นเริงวันนักขัตฤกษ์ การแสดงสื่อถึงหญิงสาวนําอาหารไป
ให้แก่บุคคลอันเป็นที่รัก ความสวยงามของกระบวนท่ารําอยู่ที่กิริยาท่าทาง
การเดินของหญิงสาวทังแบบช้าแล้วเร่งรีบ การดีดข้าวเหนียว การปั้นข้าวเหนียว ",4,10," 8,000 ",การแสดง ระบำ รำ ฟ้อน,การเผยแพร่วัฒนธรรมในประเทศ,งานเผยแพร่วัฒนธรรม
521,นาฏศิลป์พื้นบ้านภาคอีสาน,เซิ้งกระติบข้าว,"เซิงกระติบข้าว เป็นการแสดงพื้นเมืองของชาวภูไท นิยมแสดงกัน 
ในโอกาสรื่นเริงวันนักขัตฤกษ์ การแสดงสื่อถึงหญิงสาวนําอาหารไป
ให้แก่บุคคลอันเป็นที่รัก ความสวยงามของกระบวนท่ารําอยู่ที่กิริยาท่าทาง
การเดินของหญิงสาวทังแบบช้าแล้วเร่งรีบ การดีดข้าวเหนียว การปั้นข้าวเหนียว ",4,10," 8,000 ",การแสดง ระบำ รำ ฟ้อน,การเผยแพร่วัฒนธรรมต่างประเทศ,งานเผยแพร่วัฒนธรรม
522,นาฏศิลป์พื้นบ้านภาคอีสาน,เซิ้งตังหวาย,"เซิ้งตังหวาย เป็นศิลปะการแสดงที่ปรากฏในวัฒนธรรมสองฝั่งแม่นํ้าโขง
ระหว่างไทยและลาว โดยเริ่มต้นจากการขับลํานําประกอบดนตรี 
ต่อด้วยการฟ้อนรําประกอบทํานองลําตังหวาย เป็นที่นิยมนํามา 
ขับลําเพื่อความบันเทิงสองฝั่งแม่นํ้าโขง และมีการนํามาสร้างสรรค์
การขับร้องประกอบการแสดงอยู่เสมอ",4,10," 8,000 ",การแสดง ระบำ รำ ฟ้อน,งานต้อนรับอาคันตุกะ,งานรัฐพิธี
523,นาฏศิลป์พื้นบ้านภาคอีสาน,เซิ้งตังหวาย,"เซิ้งตังหวาย เป็นศิลปะการแสดงที่ปรากฏในวัฒนธรรมสองฝั่งแม่นํ้าโขง
ระหว่างไทยและลาว โดยเริ่มต้นจากการขับลํานําประกอบดนตรี 
ต่อด้วยการฟ้อนรําประกอบทํานองลําตังหวาย เป็นที่นิยมนํามา 
ขับลําเพื่อความบันเทิงสองฝั่งแม่นํ้าโขง และมีการนํามาสร้างสรรค์
การขับร้องประกอบการแสดงอยู่เสมอ",4,10," 8,000 ",การแสดง ระบำ รำ ฟ้อน,งานทำบุญ,งานมงคล
524,นาฏศิลป์พื้นบ้านภาคอีสาน,เซิ้งตังหวาย,"เซิ้งตังหวาย เป็นศิลปะการแสดงที่ปรากฏในวัฒนธรรมสองฝั่งแม่นํ้าโขง
ระหว่างไทยและลาว โดยเริ่มต้นจากการขับลํานําประกอบดนตรี 
ต่อด้วยการฟ้อนรําประกอบทํานองลําตังหวาย เป็นที่นิยมนํามา 
ขับลําเพื่อความบันเทิงสองฝั่งแม่นํ้าโขง และมีการนํามาสร้างสรรค์
การขับร้องประกอบการแสดงอยู่เสมอ",4,10," 8,000 ",การแสดง ระบำ รำ ฟ้อน,งานวันเกิด,งานมงคล
525,นาฏศิลป์พื้นบ้านภาคอีสาน,เซิ้งตังหวาย,"เซิ้งตังหวาย เป็นศิลปะการแสดงที่ปรากฏในวัฒนธรรมสองฝั่งแม่นํ้าโขง
ระหว่างไทยและลาว โดยเริ่มต้นจากการขับลํานําประกอบดนตรี 
ต่อด้วยการฟ้อนรําประกอบทํานองลําตังหวาย เป็นที่นิยมนํามา 
ขับลําเพื่อความบันเทิงสองฝั่งแม่นํ้าโขง และมีการนํามาสร้างสรรค์
การขับร้องประกอบการแสดงอยู่เสมอ",4,10," 8,000 ",การแสดง ระบำ รำ ฟ้อน,งานขึ้นบ้านใหม่,งานมงคล
526,นาฏศิลป์พื้นบ้านภาคอีสาน,เซิ้งตังหวาย,"เซิ้งตังหวาย เป็นศิลปะการแสดงที่ปรากฏในวัฒนธรรมสองฝั่งแม่นํ้าโขง
ระหว่างไทยและลาว โดยเริ่มต้นจากการขับลํานําประกอบดนตรี 
ต่อด้วยการฟ้อนรําประกอบทํานองลําตังหวาย เป็นที่นิยมนํามา 
ขับลําเพื่อความบันเทิงสองฝั่งแม่นํ้าโขง และมีการนํามาสร้างสรรค์
การขับร้องประกอบการแสดงอยู่เสมอ",4,10," 8,000 ",การแสดง ระบำ รำ ฟ้อน,งานเปิดบริษัท,งานมงคล
527,นาฏศิลป์พื้นบ้านภาคอีสาน,เซิ้งตังหวาย,"เซิ้งตังหวาย เป็นศิลปะการแสดงที่ปรากฏในวัฒนธรรมสองฝั่งแม่นํ้าโขง
ระหว่างไทยและลาว โดยเริ่มต้นจากการขับลํานําประกอบดนตรี 
ต่อด้วยการฟ้อนรําประกอบทํานองลําตังหวาย เป็นที่นิยมนํามา 
ขับลําเพื่อความบันเทิงสองฝั่งแม่นํ้าโขง และมีการนํามาสร้างสรรค์
การขับร้องประกอบการแสดงอยู่เสมอ",4,10," 8,000 ",การแสดง ระบำ รำ ฟ้อน,วันสงกรานต์,งานเทศกาล
528,นาฏศิลป์พื้นบ้านภาคอีสาน,เซิ้งตังหวาย,"เซิ้งตังหวาย เป็นศิลปะการแสดงที่ปรากฏในวัฒนธรรมสองฝั่งแม่นํ้าโขง
ระหว่างไทยและลาว โดยเริ่มต้นจากการขับลํานําประกอบดนตรี 
ต่อด้วยการฟ้อนรําประกอบทํานองลําตังหวาย เป็นที่นิยมนํามา 
ขับลําเพื่อความบันเทิงสองฝั่งแม่นํ้าโขง และมีการนํามาสร้างสรรค์
การขับร้องประกอบการแสดงอยู่เสมอ",4,10," 8,000 ",การแสดง ระบำ รำ ฟ้อน,วันขึ้นปีใหม่,งานเทศกาล
529,นาฏศิลป์พื้นบ้านภาคอีสาน,เซิ้งตังหวาย,"เซิ้งตังหวาย เป็นศิลปะการแสดงที่ปรากฏในวัฒนธรรมสองฝั่งแม่นํ้าโขง
ระหว่างไทยและลาว โดยเริ่มต้นจากการขับลํานําประกอบดนตรี 
ต่อด้วยการฟ้อนรําประกอบทํานองลําตังหวาย เป็นที่นิยมนํามา 
ขับลําเพื่อความบันเทิงสองฝั่งแม่นํ้าโขง และมีการนํามาสร้างสรรค์
การขับร้องประกอบการแสดงอยู่เสมอ",4,10," 8,000 ",การแสดง ระบำ รำ ฟ้อน,วันตรุษจีน,งานเทศกาล
530,นาฏศิลป์พื้นบ้านภาคอีสาน,เซิ้งตังหวาย,"เซิ้งตังหวาย เป็นศิลปะการแสดงที่ปรากฏในวัฒนธรรมสองฝั่งแม่นํ้าโขง
ระหว่างไทยและลาว โดยเริ่มต้นจากการขับลํานําประกอบดนตรี 
ต่อด้วยการฟ้อนรําประกอบทํานองลําตังหวาย เป็นที่นิยมนํามา 
ขับลําเพื่อความบันเทิงสองฝั่งแม่นํ้าโขง และมีการนํามาสร้างสรรค์
การขับร้องประกอบการแสดงอยู่เสมอ",4,10," 8,000 ",การแสดง ระบำ รำ ฟ้อน,วันลอยกระทง,งานเทศกาล
531,นาฏศิลป์พื้นบ้านภาคอีสาน,เซิ้งตังหวาย,"เซิ้งตังหวาย เป็นศิลปะการแสดงที่ปรากฏในวัฒนธรรมสองฝั่งแม่นํ้าโขง
ระหว่างไทยและลาว โดยเริ่มต้นจากการขับลํานําประกอบดนตรี 
ต่อด้วยการฟ้อนรําประกอบทํานองลําตังหวาย เป็นที่นิยมนํามา 
ขับลําเพื่อความบันเทิงสองฝั่งแม่นํ้าโขง และมีการนํามาสร้างสรรค์
การขับร้องประกอบการแสดงอยู่เสมอ",4,10," 8,000 ",การแสดง ระบำ รำ ฟ้อน,การเผยแพร่วัฒนธรรมในประเทศ,งานเผยแพร่วัฒนธรรม
532,นาฏศิลป์พื้นบ้านภาคอีสาน,เซิ้งตังหวาย,"เซิ้งตังหวาย เป็นศิลปะการแสดงที่ปรากฏในวัฒนธรรมสองฝั่งแม่นํ้าโขง
ระหว่างไทยและลาว โดยเริ่มต้นจากการขับลํานําประกอบดนตรี 
ต่อด้วยการฟ้อนรําประกอบทํานองลําตังหวาย เป็นที่นิยมนํามา 
ขับลําเพื่อความบันเทิงสองฝั่งแม่นํ้าโขง และมีการนํามาสร้างสรรค์
การขับร้องประกอบการแสดงอยู่เสมอ",4,10," 8,000 ",การแสดง ระบำ รำ ฟ้อน,การเผยแพร่วัฒนธรรมต่างประเทศ,งานเผยแพร่วัฒนธรรม
533,นาฏศิลป์พื้นบ้านภาคอีสาน,เซิ้งไทภูเขา,"ไทภูเขา คือ ชาวไทยกลุ่มหนึ่ง อาศัยอยู่ตามแถบเทือกเขาภูพาน
การแสดงชุดนี้สื่อถึงวิถีชีวิตของชาวภูไท ในการเดินทางขึ้นภูเขา 
เพื่อหาวัตถุดิบมาประกอบอาหาร เช่น การขุดหน่อไม้ เก็บใบย่านาง 
เก็บเห็ด ตัดหวาย เก็บผัก เมื่อเสร็จกิจกรรมก็กราบคารวะขอขมาผีภู
หรือเจ้าที่เจ้าทางบนภูเขา",4,10," 8,000 ",การแสดง ระบำ รำ ฟ้อน,การเผยแพร่วัฒนธรรมในประเทศ,งานเผยแพร่วัฒนธรรม
534,นาฏศิลป์พื้นบ้านภาคอีสาน,เซิ้งไทภูเขา,"ไทภูเขา คือ ชาวไทยกลุ่มหนึ่ง อาศัยอยู่ตามแถบเทือกเขาภูพาน
การแสดงชุดนี้สื่อถึงวิถีชีวิตของชาวภูไท ในการเดินทางขึ้นภูเขา 
เพื่อหาวัตถุดิบมาประกอบอาหาร เช่น การขุดหน่อไม้ เก็บใบย่านาง 
เก็บเห็ด ตัดหวาย เก็บผัก เมื่อเสร็จกิจกรรมก็กราบคารวะขอขมาผีภู
หรือเจ้าที่เจ้าทางบนภูเขา",4,10," 8,000 ",การแสดง ระบำ รำ ฟ้อน,การเผยแพร่วัฒนธรรมต่างประเทศ,งานเผยแพร่วัฒนธรรม
535,นาฏศิลป์พื้นบ้านภาคอีสาน,เซิ้งโปงลาง,"เซิ้งโปงลาง เป็นการแสดงของชายหนุ่มหญิงสาว หลังเสร็จสิ้นภารกิจการงาน
ก็จะมาร่วมพบปะสังสรรค์รื่นเริงและเกี้ยวพาราสีกันเป็นที่สนุกสนาน
ใช้ผู้แสดงชาย - หญิง มีโปงลางเป็นเครื่องดนตรีหลักในการดําเนินทํานอง",4,10," 8,000 ",การแสดง ระบำ รำ ฟ้อน,งานต้อนรับอาคันตุกะ,งานรัฐพิธี
536,นาฏศิลป์พื้นบ้านภาคอีสาน,เซิ้งโปงลาง,"เซิ้งโปงลาง เป็นการแสดงของชายหนุ่มหญิงสาว หลังเสร็จสิ้นภารกิจการงาน
ก็จะมาร่วมพบปะสังสรรค์รื่นเริงและเกี้ยวพาราสีกันเป็นที่สนุกสนาน
ใช้ผู้แสดงชาย - หญิง มีโปงลางเป็นเครื่องดนตรีหลักในการดําเนินทํานอง",4,10," 8,000 ",การแสดง ระบำ รำ ฟ้อน,งานทำบุญ,งานมงคล
537,นาฏศิลป์พื้นบ้านภาคอีสาน,เซิ้งโปงลาง,"เซิ้งโปงลาง เป็นการแสดงของชายหนุ่มหญิงสาว หลังเสร็จสิ้นภารกิจการงาน
ก็จะมาร่วมพบปะสังสรรค์รื่นเริงและเกี้ยวพาราสีกันเป็นที่สนุกสนาน
ใช้ผู้แสดงชาย - หญิง มีโปงลางเป็นเครื่องดนตรีหลักในการดําเนินทํานอง",4,10," 8,000 ",การแสดง ระบำ รำ ฟ้อน,งานวันเกิด,งานมงคล
538,นาฏศิลป์พื้นบ้านภาคอีสาน,เซิ้งโปงลาง,"เซิ้งโปงลาง เป็นการแสดงของชายหนุ่มหญิงสาว หลังเสร็จสิ้นภารกิจการงาน
ก็จะมาร่วมพบปะสังสรรค์รื่นเริงและเกี้ยวพาราสีกันเป็นที่สนุกสนาน
ใช้ผู้แสดงชาย - หญิง มีโปงลางเป็นเครื่องดนตรีหลักในการดําเนินทํานอง",4,10," 8,000 ",การแสดง ระบำ รำ ฟ้อน,งานขึ้นบ้านใหม่,งานมงคล
539,นาฏศิลป์พื้นบ้านภาคอีสาน,เซิ้งโปงลาง,"เซิ้งโปงลาง เป็นการแสดงของชายหนุ่มหญิงสาว หลังเสร็จสิ้นภารกิจการงาน
ก็จะมาร่วมพบปะสังสรรค์รื่นเริงและเกี้ยวพาราสีกันเป็นที่สนุกสนาน
ใช้ผู้แสดงชาย - หญิง มีโปงลางเป็นเครื่องดนตรีหลักในการดําเนินทํานอง",4,10," 8,000 ",การแสดง ระบำ รำ ฟ้อน,งานเปิดบริษัท,งานมงคล
540,นาฏศิลป์พื้นบ้านภาคอีสาน,เซิ้งโปงลาง,"เซิ้งโปงลาง เป็นการแสดงของชายหนุ่มหญิงสาว หลังเสร็จสิ้นภารกิจการงาน
ก็จะมาร่วมพบปะสังสรรค์รื่นเริงและเกี้ยวพาราสีกันเป็นที่สนุกสนาน
ใช้ผู้แสดงชาย - หญิง มีโปงลางเป็นเครื่องดนตรีหลักในการดําเนินทํานอง",4,10," 8,000 ",การแสดง ระบำ รำ ฟ้อน,วันสงกรานต์,งานเทศกาล
541,นาฏศิลป์พื้นบ้านภาคอีสาน,เซิ้งโปงลาง,"เซิ้งโปงลาง เป็นการแสดงของชายหนุ่มหญิงสาว หลังเสร็จสิ้นภารกิจการงาน
ก็จะมาร่วมพบปะสังสรรค์รื่นเริงและเกี้ยวพาราสีกันเป็นที่สนุกสนาน
ใช้ผู้แสดงชาย - หญิง มีโปงลางเป็นเครื่องดนตรีหลักในการดําเนินทํานอง",4,10," 8,000 ",การแสดง ระบำ รำ ฟ้อน,วันขึ้นปีใหม่,งานเทศกาล
542,นาฏศิลป์พื้นบ้านภาคอีสาน,เซิ้งโปงลาง,"เซิ้งโปงลาง เป็นการแสดงของชายหนุ่มหญิงสาว หลังเสร็จสิ้นภารกิจการงาน
ก็จะมาร่วมพบปะสังสรรค์รื่นเริงและเกี้ยวพาราสีกันเป็นที่สนุกสนาน
ใช้ผู้แสดงชาย - หญิง มีโปงลางเป็นเครื่องดนตรีหลักในการดําเนินทํานอง",4,10," 8,000 ",การแสดง ระบำ รำ ฟ้อน,วันตรุษจีน,งานเทศกาล
543,นาฏศิลป์พื้นบ้านภาคอีสาน,เซิ้งโปงลาง,"เซิ้งโปงลาง เป็นการแสดงของชายหนุ่มหญิงสาว หลังเสร็จสิ้นภารกิจการงาน
ก็จะมาร่วมพบปะสังสรรค์รื่นเริงและเกี้ยวพาราสีกันเป็นที่สนุกสนาน
ใช้ผู้แสดงชาย - หญิง มีโปงลางเป็นเครื่องดนตรีหลักในการดําเนินทํานอง",4,10," 8,000 ",การแสดง ระบำ รำ ฟ้อน,วันลอยกระทง,งานเทศกาล
544,นาฏศิลป์พื้นบ้านภาคอีสาน,เซิ้งโปงลาง,"เซิ้งโปงลาง เป็นการแสดงของชายหนุ่มหญิงสาว หลังเสร็จสิ้นภารกิจการงาน
ก็จะมาร่วมพบปะสังสรรค์รื่นเริงและเกี้ยวพาราสีกันเป็นที่สนุกสนาน
ใช้ผู้แสดงชาย - หญิง มีโปงลางเป็นเครื่องดนตรีหลักในการดําเนินทํานอง",4,10," 8,000 ",การแสดง ระบำ รำ ฟ้อน,การเผยแพร่วัฒนธรรมในประเทศ,งานเผยแพร่วัฒนธรรม
545,นาฏศิลป์พื้นบ้านภาคอีสาน,เซิ้งโปงลาง,"เซิ้งโปงลาง เป็นการแสดงของชายหนุ่มหญิงสาว หลังเสร็จสิ้นภารกิจการงาน
ก็จะมาร่วมพบปะสังสรรค์รื่นเริงและเกี้ยวพาราสีกันเป็นที่สนุกสนาน
ใช้ผู้แสดงชาย - หญิง มีโปงลางเป็นเครื่องดนตรีหลักในการดําเนินทํานอง",4,10," 8,000 ",การแสดง ระบำ รำ ฟ้อน,การเผยแพร่วัฒนธรรมต่างประเทศ,งานเผยแพร่วัฒนธรรม
546,นาฏศิลป์พื้นบ้านภาคอีสาน,เซิ้งสวิง,"เซิ้งสวิง เป็นการแสดงพื้นเมืองของภาคตะวันออกเฉียงเหนือ
ที่เกี่ยวกับอาชีพจับสัตว์นํ้า มีสวิงเป็นเครื่องมือที่นํามาประกอบการเซิ้ง
เข้ากับทํานองดนตรีที่มีจังหวะรุกเร้าสนุกสนาน ใช้ผู้แสดงชาย - หญิง 
ท่ารําเลียนแบบท่าทางธรรมชาติในการออกไปประกอบอาชีพจับปลา 
ความสวยงามของกระบวนท่ารําอยู่ที่ขั้นตอนในการจับปลาประดิษฐ์ให้มีความสนุกสนาน หยอกล้อกันระหว่างชายหญิง",4,10," 8,000 ",การแสดง ระบำ รำ ฟ้อน,การเผยแพร่วัฒนธรรมในประเทศ,งานเผยแพร่วัฒนธรรม
547,นาฏศิลป์พื้นบ้านภาคอีสาน,เซิ้งสวิง,"เซิ้งสวิง เป็นการแสดงพื้นเมืองของภาคตะวันออกเฉียงเหนือ
ที่เกี่ยวกับอาชีพจับสัตว์นํ้า มีสวิงเป็นเครื่องมือที่นํามาประกอบการเซิ้ง
เข้ากับทํานองดนตรีที่มีจังหวะรุกเร้าสนุกสนาน ใช้ผู้แสดงชาย - หญิง 
ท่ารําเลียนแบบท่าทางธรรมชาติในการออกไปประกอบอาชีพจับปลา 
ความสวยงามของกระบวนท่ารําอยู่ที่ขั้นตอนในการจับปลาประดิษฐ์ให้มีความสนุกสนาน หยอกล้อกันระหว่างชายหญิง",4,10," 8,000 ",การแสดง ระบำ รำ ฟ้อน,การเผยแพร่วัฒนธรรมต่างประเทศ,งานเผยแพร่วัฒนธรรม
548,นาฏศิลป์พื้นบ้านภาคอีสาน,ฟ้อนภูไท,"ฟ้อนภูไท เป็นการร่ายรําของชาวภูไท ซึ่งมีเชื้อสายสืบต่อกันมา
ในดินแดนลุ่มแม่นํ้าโขงและเทือกเขาภูพาน อันประกอบด้วยจังหวัด นครพนม
สกลนคร กาฬสินธุ์ มุกดาหาร นิยมฟ้อนในโอกาสรื่นเริงของวันนักขัตฤกษ์ 
โดยผู้ฟ้อนสวมเล็บที่ประดิษฐ์ขึ้น ส่วนปลายติดพู่สีแดง 
ก่อให้เกิดความสวยงามเมื่อเคลื่อนไหวมือ",3,10," 6,000 ",การแสดง ระบำ รำ ฟ้อน,งานต้อนรับอาคันตุกะ,งานรัฐพิธี
549,นาฏศิลป์พื้นบ้านภาคอีสาน,ฟ้อนภูไท,"ฟ้อนภูไท เป็นการร่ายรําของชาวภูไท ซึ่งมีเชื้อสายสืบต่อกันมา
ในดินแดนลุ่มแม่นํ้าโขงและเทือกเขาภูพาน อันประกอบด้วยจังหวัด นครพนม
สกลนคร กาฬสินธุ์ มุกดาหาร นิยมฟ้อนในโอกาสรื่นเริงของวันนักขัตฤกษ์ 
โดยผู้ฟ้อนสวมเล็บที่ประดิษฐ์ขึ้น ส่วนปลายติดพู่สีแดง 
ก่อให้เกิดความสวยงามเมื่อเคลื่อนไหวมือ",3,10," 6,000 ",การแสดง ระบำ รำ ฟ้อน,วันสงกรานต์,งานเทศกาล
550,นาฏศิลป์พื้นบ้านภาคอีสาน,ฟ้อนภูไท,"ฟ้อนภูไท เป็นการร่ายรําของชาวภูไท ซึ่งมีเชื้อสายสืบต่อกันมา
ในดินแดนลุ่มแม่นํ้าโขงและเทือกเขาภูพาน อันประกอบด้วยจังหวัด นครพนม
สกลนคร กาฬสินธุ์ มุกดาหาร นิยมฟ้อนในโอกาสรื่นเริงของวันนักขัตฤกษ์ 
โดยผู้ฟ้อนสวมเล็บที่ประดิษฐ์ขึ้น ส่วนปลายติดพู่สีแดง 
ก่อให้เกิดความสวยงามเมื่อเคลื่อนไหวมือ",3,10," 6,000 ",การแสดง ระบำ รำ ฟ้อน,วันขึ้นปีใหม่,งานเทศกาล
551,นาฏศิลป์พื้นบ้านภาคอีสาน,ฟ้อนภูไท,"ฟ้อนภูไท เป็นการร่ายรําของชาวภูไท ซึ่งมีเชื้อสายสืบต่อกันมา
ในดินแดนลุ่มแม่นํ้าโขงและเทือกเขาภูพาน อันประกอบด้วยจังหวัด นครพนม
สกลนคร กาฬสินธุ์ มุกดาหาร นิยมฟ้อนในโอกาสรื่นเริงของวันนักขัตฤกษ์ 
โดยผู้ฟ้อนสวมเล็บที่ประดิษฐ์ขึ้น ส่วนปลายติดพู่สีแดง 
ก่อให้เกิดความสวยงามเมื่อเคลื่อนไหวมือ",3,10," 6,000 ",การแสดง ระบำ รำ ฟ้อน,วันลอยกระทง,งานเทศกาล
552,นาฏศิลป์พื้นบ้านภาคอีสาน,ฟ้อนภูไท,"ฟ้อนภูไท เป็นการร่ายรําของชาวภูไท ซึ่งมีเชื้อสายสืบต่อกันมา
ในดินแดนลุ่มแม่นํ้าโขงและเทือกเขาภูพาน อันประกอบด้วยจังหวัด นครพนม
สกลนคร กาฬสินธุ์ มุกดาหาร นิยมฟ้อนในโอกาสรื่นเริงของวันนักขัตฤกษ์ 
โดยผู้ฟ้อนสวมเล็บที่ประดิษฐ์ขึ้น ส่วนปลายติดพู่สีแดง 
ก่อให้เกิดความสวยงามเมื่อเคลื่อนไหวมือ",3,10," 6,000 ",การแสดง ระบำ รำ ฟ้อน,การเผยแพร่วัฒนธรรมในประเทศ,งานเผยแพร่วัฒนธรรม
553,นาฏศิลป์พื้นบ้านภาคอีสาน,ฟ้อนภูไท,"ฟ้อนภูไท เป็นการร่ายรําของชาวภูไท ซึ่งมีเชื้อสายสืบต่อกันมา
ในดินแดนลุ่มแม่นํ้าโขงและเทือกเขาภูพาน อันประกอบด้วยจังหวัด นครพนม
สกลนคร กาฬสินธุ์ มุกดาหาร นิยมฟ้อนในโอกาสรื่นเริงของวันนักขัตฤกษ์ 
โดยผู้ฟ้อนสวมเล็บที่ประดิษฐ์ขึ้น ส่วนปลายติดพู่สีแดง 
ก่อให้เกิดความสวยงามเมื่อเคลื่อนไหวมือ",3,10," 6,000 ",การแสดง ระบำ รำ ฟ้อน,การเผยแพร่วัฒนธรรมต่างประเทศ,งานเผยแพร่วัฒนธรรม
554,นาฏศิลป์พื้นบ้านภาคอีสาน,ฟ้อนภูไท 3 เผ่า,"ฟ้อนภูไท 3 เผ่า เป็นการแสดงลีลาการฟ้อนรําของชาวภูไทที่อาศัย 
อยู่บนเทือกเขาภูพาน 3 จังหวัด คือ กาฬสินธุ์ สกลนคร และนครพนม
ใช้ผู้แสดงชาย - หญิง ประกอบด้วยการแสดงฟ้อนมวยโบราณ 
ต่อสู้การแสดงเชิงมวย และการเกี้ยวพาราสีของชาย-หญิง 
ต่อมาใช้ผู้แสดงหญิงเท่านั้น",6,10," 12,000 ",การแสดง ระบำ รำ ฟ้อน,งานต้อนรับอาคันตุกะ,งานรัฐพิธี
555,นาฏศิลป์พื้นบ้านภาคอีสาน,ฟ้อนภูไท 3 เผ่า,"ฟ้อนภูไท 3 เผ่า เป็นการแสดงลีลาการฟ้อนรําของชาวภูไทที่อาศัย 
อยู่บนเทือกเขาภูพาน 3 จังหวัด คือ กาฬสินธุ์ สกลนคร และนครพนม
ใช้ผู้แสดงชาย - หญิง ประกอบด้วยการแสดงฟ้อนมวยโบราณ 
ต่อสู้การแสดงเชิงมวย และการเกี้ยวพาราสีของชาย-หญิง 
ต่อมาใช้ผู้แสดงหญิงเท่านั้น",6,10," 12,000 ",การแสดง ระบำ รำ ฟ้อน,การเผยแพร่วัฒนธรรมในประเทศ,งานเผยแพร่วัฒนธรรม
556,นาฏศิลป์พื้นบ้านภาคอีสาน,ฟ้อนภูไท 3 เผ่า,"ฟ้อนภูไท 3 เผ่า เป็นการแสดงลีลาการฟ้อนรําของชาวภูไทที่อาศัย 
อยู่บนเทือกเขาภูพาน 3 จังหวัด คือ กาฬสินธุ์ สกลนคร และนครพนม
ใช้ผู้แสดงชาย - หญิง ประกอบด้วยการแสดงฟ้อนมวยโบราณ 
ต่อสู้การแสดงเชิงมวย และการเกี้ยวพาราสีของชาย-หญิง 
ต่อมาใช้ผู้แสดงหญิงเท่านั้น",6,10," 12,000 ",การแสดง ระบำ รำ ฟ้อน,การเผยแพร่วัฒนธรรมต่างประเทศ,งานเผยแพร่วัฒนธรรม
557,นาฏศิลป์พื้นบ้านภาคอีสาน,ฟ้อนหมากกั๊บแก๊บลำเพลิน,"ฟ้อนหมากกั๊บแก๊บลําเพลิน เป็นการแสดงที่รวมนาฏศิลป์พื้นบ้าน 
2 ประเภทเข้าด้วยกัน คือ หมากกับแก๊บ และลําเพลิน หมากกับแก๊บ
คือ เครื่องดนตรีประกอบจังหวะของภาคอีสาน มี 2 ชนิด คือ ไม้สั้น พื้นผิวเรียบ
ไม้ยาว พื้นผิวมีร่องฟันปลา เพื่อขูดกันทําให้เกิดเสียง สามารถเล่นได้ทุกโอกาสที่มี
การบรรเลงดนตรีพื้นบ้าน ลําเพลิน คือ การขับร้องอีกประเภทหนึ่งของชาวอีสาน
เมื่อนําทัง 2 ประเภท มารวมกันจึงเกิดเป็นการแสดงนาฏศิลป์พื้นบ้านของชาวอีสาน 
ที่มีความสนุกสนาน หยอกล้อกันระหว่างชายหญิง",2,10," 4,000 ",การแสดง ระบำ รำ ฟ้อน,งานต้อนรับอาคันตุกะ,งานรัฐพิธี
558,นาฏศิลป์พื้นบ้านภาคอีสาน,ฟ้อนหมากกั๊บแก๊บลำเพลิน,"ฟอนหมากกั๊บแก๊บลําเพลิน เป็นการแสดงที่รวมนาฏศิลป์พื้นบ้าน 
2 ประเภทเข้าด้วยกัน คือ หมากกับแก๊บ และลําเพลิน หมากกับแก๊บ
คือ เครื่องดนตรีประกอบจังหวะของภาคอีสาน มี 2 ชนิด คือ ไม้สั้น พื้นผิวเรียบ
ไม้ยาว พื้นผิวมีร่องฟันปลา เพื่อขูดกันทําให้เกิดเสียง สามารถเล่นได้ทุกโอกาสที่มี
การบรรเลงดนตรีพื้นบ้าน ลําเพลิน คือ การขับร้องอีกประเภทหนึ่งของชาวอีสาน
เมื่อนําทัง 2 ประเภท มารวมกันจึงเกิดเป็นการแสดงนาฏศิลป์พื้นบ้านของชาวอีสาน 
ที่มีความสนุกสนาน หยอกล้อกันระหว่างชายหญิง",2,10," 4,000 ",การแสดง ระบำ รำ ฟ้อน,งานทำบุญ,งานมงคล
559,นาฏศิลป์พื้นบ้านภาคอีสาน,ฟ้อนหมากกั๊บแก๊บลำเพลิน,"ฟอนหมากกั๊บแก๊บลําเพลิน เป็นการแสดงที่รวมนาฏศิลป์พื้นบ้าน 
2 ประเภทเข้าด้วยกัน คือ หมากกับแก๊บ และลําเพลิน หมากกับแก๊บ
คือ เครื่องดนตรีประกอบจังหวะของภาคอีสาน มี 2 ชนิด คือ ไม้สั้น พื้นผิวเรียบ
ไม้ยาว พื้นผิวมีร่องฟันปลา เพื่อขูดกันทําให้เกิดเสียง สามารถเล่นได้ทุกโอกาสที่มี
การบรรเลงดนตรีพื้นบ้าน ลําเพลิน คือ การขับร้องอีกประเภทหนึ่งของชาวอีสาน
เมื่อนําทัง 2 ประเภท มารวมกันจึงเกิดเป็นการแสดงนาฏศิลป์พื้นบ้านของชาวอีสาน 
ที่มีความสนุกสนาน หยอกล้อกันระหว่างชายหญิง",2,10," 4,000 ",การแสดง ระบำ รำ ฟ้อน,งานวันเกิด,งานมงคล
560,นาฏศิลป์พื้นบ้านภาคอีสาน,ฟ้อนหมากกั๊บแก๊บลำเพลิน,"ฟอนหมากกั๊บแก๊บลําเพลิน เป็นการแสดงที่รวมนาฏศิลป์พื้นบ้าน 
2 ประเภทเข้าด้วยกัน คือ หมากกับแก๊บ และลําเพลิน หมากกับแก๊บ
คือ เครื่องดนตรีประกอบจังหวะของภาคอีสาน มี 2 ชนิด คือ ไม้สั้น พื้นผิวเรียบ
ไม้ยาว พื้นผิวมีร่องฟันปลา เพื่อขูดกันทําให้เกิดเสียง สามารถเล่นได้ทุกโอกาสที่มี
การบรรเลงดนตรีพื้นบ้าน ลําเพลิน คือ การขับร้องอีกประเภทหนึ่งของชาวอีสาน
เมื่อนําทัง 2 ประเภท มารวมกันจึงเกิดเป็นการแสดงนาฏศิลป์พื้นบ้านของชาวอีสาน 
ที่มีความสนุกสนาน หยอกล้อกันระหว่างชายหญิง",2,10," 4,000 ",การแสดง ระบำ รำ ฟ้อน,งานขึ้นบ้านใหม่,งานมงคล
561,นาฏศิลป์พื้นบ้านภาคอีสาน,ฟ้อนหมากกั๊บแก๊บลำเพลิน,"ฟอนหมากกั๊บแก๊บลําเพลิน เป็นการแสดงที่รวมนาฏศิลป์พื้นบ้าน 
2 ประเภทเข้าด้วยกัน คือ หมากกับแก๊บ และลําเพลิน หมากกับแก๊บ
คือ เครื่องดนตรีประกอบจังหวะของภาคอีสาน มี 2 ชนิด คือ ไม้สั้น พื้นผิวเรียบ
ไม้ยาว พื้นผิวมีร่องฟันปลา เพื่อขูดกันทําให้เกิดเสียง สามารถเล่นได้ทุกโอกาสที่มี
การบรรเลงดนตรีพื้นบ้าน ลําเพลิน คือ การขับร้องอีกประเภทหนึ่งของชาวอีสาน
เมื่อนําทัง 2 ประเภท มารวมกันจึงเกิดเป็นการแสดงนาฏศิลป์พื้นบ้านของชาวอีสาน 
ที่มีความสนุกสนาน หยอกล้อกันระหว่างชายหญิง",2,10," 4,000 ",การแสดง ระบำ รำ ฟ้อน,งานเปิดบริษัท,งานมงคล
562,นาฏศิลป์พื้นบ้านภาคอีสาน,ฟ้อนหมากกั๊บแก๊บลำเพลิน,"ฟอนหมากกั๊บแก๊บลําเพลิน เป็นการแสดงที่รวมนาฏศิลป์พื้นบ้าน 
2 ประเภทเข้าด้วยกัน คือ หมากกับแก๊บ และลําเพลิน หมากกับแก๊บ
คือ เครื่องดนตรีประกอบจังหวะของภาคอีสาน มี 2 ชนิด คือ ไม้สั้น พื้นผิวเรียบ
ไม้ยาว พื้นผิวมีร่องฟันปลา เพื่อขูดกันทําให้เกิดเสียง สามารถเล่นได้ทุกโอกาสที่มี
การบรรเลงดนตรีพื้นบ้าน ลําเพลิน คือ การขับร้องอีกประเภทหนึ่งของชาวอีสาน
เมื่อนําทัง 2 ประเภท มารวมกันจึงเกิดเป็นการแสดงนาฏศิลป์พื้นบ้านของชาวอีสาน 
ที่มีความสนุกสนาน หยอกล้อกันระหว่างชายหญิง",2,10," 4,000 ",การแสดง ระบำ รำ ฟ้อน,วันสงกรานต์,งานเทศกาล
563,นาฏศิลป์พื้นบ้านภาคอีสาน,ฟ้อนหมากกั๊บแก๊บลำเพลิน,"ฟอนหมากกั๊บแก๊บลําเพลิน เป็นการแสดงที่รวมนาฏศิลป์พื้นบ้าน 
2 ประเภทเข้าด้วยกัน คือ หมากกับแก๊บ และลําเพลิน หมากกับแก๊บ
คือ เครื่องดนตรีประกอบจังหวะของภาคอีสาน มี 2 ชนิด คือ ไม้สั้น พื้นผิวเรียบ
ไม้ยาว พื้นผิวมีร่องฟันปลา เพื่อขูดกันทําให้เกิดเสียง สามารถเล่นได้ทุกโอกาสที่มี
การบรรเลงดนตรีพื้นบ้าน ลําเพลิน คือ การขับร้องอีกประเภทหนึ่งของชาวอีสาน
เมื่อนําทัง 2 ประเภท มารวมกันจึงเกิดเป็นการแสดงนาฏศิลป์พื้นบ้านของชาวอีสาน 
ที่มีความสนุกสนาน หยอกล้อกันระหว่างชายหญิง",2,10," 4,000 ",การแสดง ระบำ รำ ฟ้อน,วันขึ้นปีใหม่,งานเทศกาล
564,นาฏศิลป์พื้นบ้านภาคอีสาน,ฟ้อนหมากกั๊บแก๊บลำเพลิน,"ฟอนหมากกั๊บแก๊บลําเพลิน เป็นการแสดงที่รวมนาฏศิลป์พื้นบ้าน 
2 ประเภทเข้าด้วยกัน คือ หมากกับแก๊บ และลําเพลิน หมากกับแก๊บ
คือ เครื่องดนตรีประกอบจังหวะของภาคอีสาน มี 2 ชนิด คือ ไม้สั้น พื้นผิวเรียบ
ไม้ยาว พื้นผิวมีร่องฟันปลา เพื่อขูดกันทําให้เกิดเสียง สามารถเล่นได้ทุกโอกาสที่มี
การบรรเลงดนตรีพื้นบ้าน ลําเพลิน คือ การขับร้องอีกประเภทหนึ่งของชาวอีสาน
เมื่อนําทัง 2 ประเภท มารวมกันจึงเกิดเป็นการแสดงนาฏศิลป์พื้นบ้านของชาวอีสาน 
ที่มีความสนุกสนาน หยอกล้อกันระหว่างชายหญิง",2,10," 4,000 ",การแสดง ระบำ รำ ฟ้อน,วันตรุษจีน,งานเทศกาล
565,นาฏศิลป์พื้นบ้านภาคอีสาน,ฟ้อนหมากกั๊บแก๊บลำเพลิน,"ฟอนหมากกั๊บแก๊บลําเพลิน เป็นการแสดงที่รวมนาฏศิลป์พื้นบ้าน 
2 ประเภทเข้าด้วยกัน คือ หมากกับแก๊บ และลําเพลิน หมากกับแก๊บ
คือ เครื่องดนตรีประกอบจังหวะของภาคอีสาน มี 2 ชนิด คือ ไม้สั้น พื้นผิวเรียบ
ไม้ยาว พื้นผิวมีร่องฟันปลา เพื่อขูดกันทําให้เกิดเสียง สามารถเล่นได้ทุกโอกาสที่มี
การบรรเลงดนตรีพื้นบ้าน ลําเพลิน คือ การขับร้องอีกประเภทหนึ่งของชาวอีสาน
เมื่อนําทัง 2 ประเภท มารวมกันจึงเกิดเป็นการแสดงนาฏศิลป์พื้นบ้านของชาวอีสาน 
ที่มีความสนุกสนาน หยอกล้อกันระหว่างชายหญิง",2,10," 4,000 ",การแสดง ระบำ รำ ฟ้อน,วันลอยกระทง,งานเทศกาล
566,นาฏศิลป์พื้นบ้านภาคอีสาน,ฟ้อนหมากกั๊บแก๊บลำเพลิน,"ฟอนหมากกั๊บแก๊บลําเพลิน เป็นการแสดงที่รวมนาฏศิลป์พื้นบ้าน 
2 ประเภทเข้าด้วยกัน คือ หมากกับแก๊บ และลําเพลิน หมากกับแก๊บ
คือ เครื่องดนตรีประกอบจังหวะของภาคอีสาน มี 2 ชนิด คือ ไม้สั้น พื้นผิวเรียบ
ไม้ยาว พื้นผิวมีร่องฟันปลา เพื่อขูดกันทําให้เกิดเสียง สามารถเล่นได้ทุกโอกาสที่มี
การบรรเลงดนตรีพื้นบ้าน ลําเพลิน คือ การขับร้องอีกประเภทหนึ่งของชาวอีสาน
เมื่อนําทัง 2 ประเภท มารวมกันจึงเกิดเป็นการแสดงนาฏศิลป์พื้นบ้านของชาวอีสาน 
ที่มีความสนุกสนาน หยอกล้อกันระหว่างชายหญิง",2,10," 4,000 ",การแสดง ระบำ รำ ฟ้อน,การเผยแพร่วัฒนธรรมในประเทศ,งานเผยแพร่วัฒนธรรม
567,นาฏศิลป์พื้นบ้านภาคอีสาน,ฟ้อนหมากกั๊บแก๊บลำเพลิน,"ฟ้อนหมากกั๊บแก๊บลําเพลิน เป็นการแสดงที่รวมนาฏศิลป์พื้นบ้าน 
2 ประเภทเข้าด้วยกัน คือ หมากกับแก๊บ และลําเพลิน หมากกับแก๊บ
คือ เครื่องดนตรีประกอบจังหวะของภาคอีสาน มี 2 ชนิด คือ ไม้สั้น พื้นผิวเรียบ
ไม้ยาว พื้นผิวมีร่องฟันปลา เพื่อขูดกันทําให้เกิดเสียง สามารถเล่นได้ทุกโอกาสที่มี
การบรรเลงดนตรีพื้นบ้าน ลําเพลิน คือ การขับร้องอีกประเภทหนึ่งของชาวอีสาน
เมื่อนําทัง 2 ประเภท มารวมกันจึงเกิดเป็นการแสดงนาฏศิลป์พื้นบ้านของชาวอีสาน 
ที่มีความสนุกสนาน หยอกล้อกันระหว่างชายหญิง",2,10," 4,000 ",การแสดง ระบำ รำ ฟ้อน,การเผยแพร่วัฒนธรรมต่างประเทศ,งานเผยแพร่วัฒนธรรม
568,นาฏศิลป์อนุรักษ์,กราววีรชัยยักษ์,"กราววีรชยยักษ์ เป็นการแสดงของเสนายักษ์ กระบวนท่าทาง
การเต้นตามแบบการแสดงโขน ลีลาท่ารําแสดงให้เห็นพละกําลัง ความพร้อมเพรียง และความสง่างาม โดยนําท่าทางมาจากกระบวนการจัดทัพตรวจพล ของกองทัพยักษ์ฝ่ายลงกาจากเรื่องรามเกียรติ์",8,10," 16,000 ",การแสดง ระบำ รำ ฟ้อน,งานต้อนรับอาคันตุกะ,งานรัฐพิธี
569,นาฏศิลป์อนุรักษ์,กราววีรชัยยักษ์,"กราววีรชยยักษ์ เป็นการแสดงของเสนายักษ์ กระบวนท่าทาง
การเต้นตามแบบการแสดงโขน ลีลาท่ารําแสดงให้เห็นพละกําลัง ความพร้อมเพรียง และความสง่างาม โดยนําท่าทางมาจากกระบวนการจัดทัพตรวจพล ของกองทัพยักษ์ฝ่ายลงกาจากเรื่องรามเกียรติ์",8,10," 16,000 ",การแสดง ระบำ รำ ฟ้อน,งานสโมสรสันนิบาต,งานรัฐพิธี
570,นาฏศิลป์อนุรักษ์,กราววีรชัยยักษ์,"กราววีรชยยักษ์ เป็นการแสดงของเสนายักษ์ กระบวนท่าทาง
การเต้นตามแบบการแสดงโขน ลีลาท่ารําแสดงให้เห็นพละกําลัง ความพร้อมเพรียง และความสง่างาม โดยนําท่าทางมาจากกระบวนการจัดทัพตรวจพล ของกองทัพยักษ์ฝ่ายลงกาจากเรื่องรามเกียรติ์",8,10," 16,000 ",การแสดง ระบำ รำ ฟ้อน,งานเฉลิมพระชนมพรรษาพระบรมวงศานุวงศ์,งานราชพิธี
571,นาฏศิลป์อนุรักษ์,กราววีรชัยยักษ์,"กราววีรชยยักษ์ เป็นการแสดงของเสนายักษ์ กระบวนท่าทาง
การเต้นตามแบบการแสดงโขน ลีลาท่ารําแสดงให้เห็นพละกําลัง ความพร้อมเพรียง และความสง่างาม โดยนําท่าทางมาจากกระบวนการจัดทัพตรวจพล ของกองทัพยักษ์ฝ่ายลงกาจากเรื่องรามเกียรติ์",8,10," 16,000 ",การแสดง ระบำ รำ ฟ้อน,การเผยแพร่วัฒนธรรมในประเทศ,งานเผยแพร่วัฒนธรรม
572,นาฏศิลป์อนุรักษ์,กราววีรชัยลิง,"กราววีรชยลิง เป็นการแสดงการจัดพลของเหล่าวานรสิบแปดมงกุฎ 
ซึ่งเป็นเสนาวานรของกองทัพพระรามในเรื่องรามเกียรติ์
 กระบวนลีลาท่าทาง มีความคล่องแคล่ว ว่องไวและความเข้มแข็ง โดยนําท่าทางมาจากการรําตรวจพล ท่าทางการต่อสู้ และท่าทางเลียนแบบกิริยาอาการซุกซนของลิงมาสร้างสรรค์เป็นท่ารํา",8,10," 16,000 ",การแสดง ระบำ รำ ฟ้อน,งานต้อนรับอาคันตุกะ,งานรัฐพิธี
573,นาฏศิลป์อนุรักษ์,กราววีรชัยลิง,"กราววีรชยลิง เป็นการแสดงการจัดพลของเหล่าวานรสิบแปดมงกุฎ 
ซึ่งเป็นเสนาวานรของกองทัพพระรามในเรื่องรามเกียรติ์
 กระบวนลีลาท่าทาง มีความคล่องแคล่ว ว่องไวและความเข้มแข็ง โดยนําท่าทางมาจากการรําตรวจพล ท่าทางการต่อสู้ และท่าทางเลียนแบบกิริยาอาการซุกซนของลิงมาสร้างสรรค์เป็นท่ารํา",8,10," 16,000 ",การแสดง ระบำ รำ ฟ้อน,งานสโมสรสันนิบาต,งานรัฐพิธี
574,นาฏศิลป์อนุรักษ์,กราววีรชัยลิง,"กราววีรชยลิง เป็นการแสดงการจัดพลของเหล่าวานรสิบแปดมงกุฎ 
ซึ่งเป็นเสนาวานรของกองทัพพระรามในเรื่องรามเกียรติ์
 กระบวนลีลาท่าทาง มีความคล่องแคล่ว ว่องไวและความเข้มแข็ง โดยนําท่าทางมาจากการรําตรวจพล ท่าทางการต่อสู้ และท่าทางเลียนแบบกิริยาอาการซุกซนของลิงมาสร้างสรรค์เป็นท่ารํา",8,10," 16,000 ",การแสดง ระบำ รำ ฟ้อน,การเผยแพร่วัฒนธรรมในประเทศ,งานเผยแพร่วัฒนธรรม
575,นาฏศิลป์อนุรักษ์,การแสดงโขนเรื่องรามเกียรติ์ ชุดยกรบ,"การแสดงโขน เรื่องรามเกียรติ์ ชุดยกรบ กล่าวถึงการทําสงคราม
ระหว่างกองทัพฝ่ายพระรามและฝ่ายทศกัณฐ์ แสดงถึงกระบวนการรบ
ระหว่างพระราม พระลักษมณ์ พร้อมด้วยไพร่พลวานร กับทศกัณฐ์เจ้ากรุงลงกา แสดงให้เห็นชั้นเชิงและลีลาการรบด้วยอาวุธ การต่อตัวของตัวละคร หรือที่เรียกว่า “การขึ้นลอย” ",12,15," 25,000 ",การแสดงโขน - ละคร,งานต้อนรับอาคันตุกะ,งานรัฐพิธี
576,นาฏศิลป์อนุรักษ์,การแสดงโขนเรื่องรามเกียรติ์ ชุดยกรบ,"การแสดงโขน เรื่องรามเกียรติ์ ชุดยกรบ กล่าวถึงการทําสงคราม
ระหว่างกองทัพฝ่ายพระรามและฝ่ายทศกัณฐ์ แสดงถึงกระบวนการรบ
ระหว่างพระราม พระลักษมณ์ พร้อมด้วยไพร่พลวานร กับทศกัณฐ์เจ้ากรุงลงกา แสดงให้เห็นชั้นเชิงและลีลาการรบด้วยอาวุธ การต่อตัวของตัวละคร หรือที่เรียกว่า “การขึ้นลอย” ",12,15," 25,000 ",การแสดงโขน - ละคร,งานสโมสรสันนิบาต,งานรัฐพิธี
577,นาฏศิลป์อนุรักษ์,การแสดงโขนเรื่องรามเกียรติ์ ชุดยกรบ,"การแสดงโขน เรื่องรามเกียรติ์ ชุดยกรบ กล่าวถึงการทําสงคราม
ระหว่างกองทัพฝ่ายพระรามและฝ่ายทศกัณฐ์ แสดงถึงกระบวนการรบ
ระหว่างพระราม พระลักษมณ์ พร้อมด้วยไพร่พลวานร กับทศกัณฐ์เจ้ากรุงลงกา แสดงให้เห็นชั้นเชิงและลีลาการรบด้วยอาวุธ การต่อตัวของตัวละคร หรือที่เรียกว่า “การขึ้นลอย” ",12,15," 25,000 ",การแสดงโขน - ละคร,งานเฉลิมพระชนมพรรษาพระบรมวงศานุวงศ์,งานราชพิธี
578,นาฏศิลป์อนุรักษ์,การแสดงโขนเรื่องรามเกียรติ์ ชุดยกรบ,"การแสดงโขน เรื่องรามเกียรติ์ ชุดยกรบ กล่าวถึงการทําสงคราม
ระหว่างกองทัพฝ่ายพระรามและฝ่ายทศกัณฐ์ แสดงถึงกระบวนการรบ
ระหว่างพระราม พระลักษมณ์ พร้อมด้วยไพร่พลวานร กับทศกัณฐ์เจ้ากรุงลงกา แสดงให้เห็นชั้นเชิงและลีลาการรบด้วยอาวุธ การต่อตัวของตัวละคร หรือที่เรียกว่า “การขึ้นลอย” ",12,15," 25,000 ",การแสดงโขน - ละคร,งานทำบุญ,งานมงคล
579,นาฏศิลป์อนุรักษ์,การแสดงโขนเรื่องรามเกียรติ์ ชุดยกรบ,"การแสดงโขน เรื่องรามเกียรติ์ ชุดยกรบ กล่าวถึงการทําสงคราม
ระหว่างกองทัพฝ่ายพระรามและฝ่ายทศกัณฐ์ แสดงถึงกระบวนการรบ
ระหว่างพระราม พระลักษมณ์ พร้อมด้วยไพร่พลวานร กับทศกัณฐ์เจ้ากรุงลงกา แสดงให้เห็นชั้นเชิงและลีลาการรบด้วยอาวุธ การต่อตัวของตัวละคร หรือที่เรียกว่า “การขึ้นลอย” ",12,15," 25,000 ",การแสดงโขน - ละคร,งานวันเกิด,งานมงคล
580,นาฏศิลป์อนุรักษ์,การแสดงโขนเรื่องรามเกียรติ์ ชุดยกรบ,"การแสดงโขน เรื่องรามเกียรติ์ ชุดยกรบ กล่าวถึงการทําสงคราม
ระหว่างกองทัพฝ่ายพระรามและฝ่ายทศกัณฐ์ แสดงถึงกระบวนการรบ
ระหว่างพระราม พระลักษมณ์ พร้อมด้วยไพร่พลวานร กับทศกัณฐ์เจ้ากรุงลงกา แสดงให้เห็นชั้นเชิงและลีลาการรบด้วยอาวุธ การต่อตัวของตัวละคร หรือที่เรียกว่า “การขึ้นลอย” ",12,15," 25,000 ",การแสดงโขน - ละคร,งานแต่งงาน,งานมงคล
581,นาฏศิลป์อนุรักษ์,การแสดงโขนเรื่องรามเกียรติ์ ชุดยกรบ,"การแสดงโขน เรื่องรามเกียรติ์ ชุดยกรบ กล่าวถึงการทําสงคราม
ระหว่างกองทัพฝ่ายพระรามและฝ่ายทศกัณฐ์ แสดงถึงกระบวนการรบ
ระหว่างพระราม พระลักษมณ์ พร้อมด้วยไพร่พลวานร กับทศกัณฐ์เจ้ากรุงลงกา แสดงให้เห็นชั้นเชิงและลีลาการรบด้วยอาวุธ การต่อตัวของตัวละคร หรือที่เรียกว่า “การขึ้นลอย” ",12,15," 25,000 ",การแสดงโขน - ละคร,งานขึ้นบ้านใหม่,งานมงคล
582,นาฏศิลป์อนุรักษ์,การแสดงโขนเรื่องรามเกียรติ์ ชุดยกรบ,"การแสดงโขน เรื่องรามเกียรติ์ ชุดยกรบ กล่าวถึงการทําสงคราม
ระหว่างกองทัพฝ่ายพระรามและฝ่ายทศกัณฐ์ แสดงถึงกระบวนการรบ
ระหว่างพระราม พระลักษมณ์ พร้อมด้วยไพร่พลวานร กับทศกัณฐ์เจ้ากรุงลงกา แสดงให้เห็นชั้นเชิงและลีลาการรบด้วยอาวุธ การต่อตัวของตัวละคร หรือที่เรียกว่า “การขึ้นลอย” ",12,15," 25,000 ",การแสดงโขน - ละคร,งานเปิดบริษัท,งานมงคล
583,นาฏศิลป์อนุรักษ์,การแสดงโขนเรื่องรามเกียรติ์ ชุดยกรบ,"การแสดงโขน เรื่องรามเกียรติ์ ชุดยกรบ กล่าวถึงการทําสงคราม
ระหว่างกองทัพฝ่ายพระรามและฝ่ายทศกัณฐ์ แสดงถึงกระบวนการรบ
ระหว่างพระราม พระลักษมณ์ พร้อมด้วยไพร่พลวานร กับทศกัณฐ์เจ้ากรุงลงกา แสดงให้เห็นชั้นเชิงและลีลาการรบด้วยอาวุธ การต่อตัวของตัวละคร หรือที่เรียกว่า “การขึ้นลอย” ",12,15," 25,000 ",การแสดงโขน - ละคร,งานบวงสรวง,งานมงคล
584,นาฏศิลป์อนุรักษ์,การแสดงโขนเรื่องรามเกียรติ์ ชุดยกรบ,"การแสดงโขน เรื่องรามเกียรติ์ ชุดยกรบ กล่าวถึงการทําสงคราม
ระหว่างกองทัพฝ่ายพระรามและฝ่ายทศกัณฐ์ แสดงถึงกระบวนการรบ
ระหว่างพระราม พระลักษมณ์ พร้อมด้วยไพร่พลวานร กับทศกัณฐ์เจ้ากรุงลงกา แสดงให้เห็นชั้นเชิงและลีลาการรบด้วยอาวุธ การต่อตัวของตัวละคร หรือที่เรียกว่า “การขึ้นลอย” ",12,15," 25,000 ",การแสดงโขน - ละคร,งานไหว้ครู,งานมงคล
585,นาฏศิลป์อนุรักษ์,การแสดงโขนเรื่องรามเกียรติ์ ชุดยกรบ,"การแสดงโขน เรื่องรามเกียรติ์ ชุดยกรบ กล่าวถึงการทําสงคราม
ระหว่างกองทัพฝ่ายพระรามและฝ่ายทศกัณฐ์ แสดงถึงกระบวนการรบ
ระหว่างพระราม พระลักษมณ์ พร้อมด้วยไพร่พลวานร กับทศกัณฐ์เจ้ากรุงลงกา แสดงให้เห็นชั้นเชิงและลีลาการรบด้วยอาวุธ การต่อตัวของตัวละคร หรือที่เรียกว่า “การขึ้นลอย” ",12,15," 25,000 ",การแสดงโขน - ละคร,งานสวดอภิธรรม,งานอวมงคล
586,นาฏศิลป์อนุรักษ์,การแสดงโขนเรื่องรามเกียรติ์ ชุดยกรบ,"การแสดงโขน เรื่องรามเกียรติ์ ชุดยกรบ กล่าวถึงการทําสงคราม
ระหว่างกองทัพฝ่ายพระรามและฝ่ายทศกัณฐ์ แสดงถึงกระบวนการรบ
ระหว่างพระราม พระลักษมณ์ พร้อมด้วยไพร่พลวานร กับทศกัณฐ์เจ้ากรุงลงกา แสดงให้เห็นชั้นเชิงและลีลาการรบด้วยอาวุธ การต่อตัวของตัวละคร หรือที่เรียกว่า “การขึ้นลอย” ",12,15," 25,000 ",การแสดงโขน - ละคร,งานพระราชทานเพลิงศพ,งานอวมงคล
587,นาฏศิลป์อนุรักษ์,การแสดงโขนเรื่องรามเกียรติ์ ชุดยกรบ,"การแสดงโขน เรื่องรามเกียรติ์ ชุดยกรบ กล่าวถึงการทําสงคราม
ระหว่างกองทัพฝ่ายพระรามและฝ่ายทศกัณฐ์ แสดงถึงกระบวนการรบ
ระหว่างพระราม พระลักษมณ์ พร้อมด้วยไพร่พลวานร กับทศกัณฐ์เจ้ากรุงลงกา แสดงให้เห็นชั้นเชิงและลีลาการรบด้วยอาวุธ การต่อตัวของตัวละคร หรือที่เรียกว่า “การขึ้นลอย” ",12,15," 25,000 ",การแสดงโขน - ละคร,งานฌาปนกิจศพ,งานอวมงคล
588,นาฏศิลป์อนุรักษ์,การแสดงโขนเรื่องรามเกียรติ์ ชุดยกรบ,"การแสดงโขน เรื่องรามเกียรติ์ ชุดยกรบ กล่าวถึงการทําสงคราม
ระหว่างกองทัพฝ่ายพระรามและฝ่ายทศกัณฐ์ แสดงถึงกระบวนการรบ
ระหว่างพระราม พระลักษมณ์ พร้อมด้วยไพร่พลวานร กับทศกัณฐ์เจ้ากรุงลงกา แสดงให้เห็นชั้นเชิงและลีลาการรบด้วยอาวุธ การต่อตัวของตัวละคร หรือที่เรียกว่า “การขึ้นลอย” ",12,15," 25,000 ",การแสดงโขน - ละคร,วันสงกรานต์,งานเทศกาล
589,นาฏศิลป์อนุรักษ์,การแสดงโขนเรื่องรามเกียรติ์ ชุดยกรบ,"การแสดงโขน เรื่องรามเกียรติ์ ชุดยกรบ กล่าวถึงการทําสงคราม
ระหว่างกองทัพฝ่ายพระรามและฝ่ายทศกัณฐ์ แสดงถึงกระบวนการรบ
ระหว่างพระราม พระลักษมณ์ พร้อมด้วยไพร่พลวานร กับทศกัณฐ์เจ้ากรุงลงกา แสดงให้เห็นชั้นเชิงและลีลาการรบด้วยอาวุธ การต่อตัวของตัวละคร หรือที่เรียกว่า “การขึ้นลอย” ",12,15," 25,000 ",การแสดงโขน - ละคร,วันขึ้นปีใหม่,งานเทศกาล
590,นาฏศิลป์อนุรักษ์,การแสดงโขนเรื่องรามเกียรติ์ ชุดยกรบ,"การแสดงโขน เรื่องรามเกียรติ์ ชุดยกรบ กล่าวถึงการทําสงคราม
ระหว่างกองทัพฝ่ายพระรามและฝ่ายทศกัณฐ์ แสดงถึงกระบวนการรบ
ระหว่างพระราม พระลักษมณ์ พร้อมด้วยไพร่พลวานร กับทศกัณฐ์เจ้ากรุงลงกา แสดงให้เห็นชั้นเชิงและลีลาการรบด้วยอาวุธ การต่อตัวของตัวละคร หรือที่เรียกว่า “การขึ้นลอย” ",12,15," 25,000 ",การแสดงโขน - ละคร,วันตรุษจีน,งานเทศกาล
591,นาฏศิลป์อนุรักษ์,การแสดงโขนเรื่องรามเกียรติ์ ชุดยกรบ,"การแสดงโขน เรื่องรามเกียรติ์ ชุดยกรบ กล่าวถึงการทําสงคราม
ระหว่างกองทัพฝ่ายพระรามและฝ่ายทศกัณฐ์ แสดงถึงกระบวนการรบ
ระหว่างพระราม พระลักษมณ์ พร้อมด้วยไพร่พลวานร กับทศกัณฐ์เจ้ากรุงลงกา แสดงให้เห็นชั้นเชิงและลีลาการรบด้วยอาวุธ การต่อตัวของตัวละคร หรือที่เรียกว่า “การขึ้นลอย” ",12,15," 25,000 ",การแสดงโขน - ละคร,วันลอยกระทง,งานเทศกาล
592,นาฏศิลป์อนุรักษ์,การแสดงโขนเรื่องรามเกียรติ์ ชุดยกรบ,"การแสดงโขน เรื่องรามเกียรติ์ ชุดยกรบ กล่าวถึงการทําสงคราม
ระหว่างกองทัพฝ่ายพระรามและฝ่ายทศกัณฐ์ แสดงถึงกระบวนการรบ
ระหว่างพระราม พระลักษมณ์ พร้อมด้วยไพร่พลวานร กับทศกัณฐ์เจ้ากรุงลงกา แสดงให้เห็นชั้นเชิงและลีลาการรบด้วยอาวุธ การต่อตัวของตัวละคร หรือที่เรียกว่า “การขึ้นลอย” ",12,15," 25,000 ",การแสดงโขน - ละคร,การเผยแพร่วัฒนธรรมในประเทศ,งานเผยแพร่วัฒนธรรม
593,นาฏศิลป์อนุรักษ์,การแสดงโขนเรื่องรามเกียรติ์ ชุดยกรบ,"การแสดงโขน เรื่องรามเกียรติ์ ชุดยกรบ กล่าวถึงการทําสงคราม
ระหว่างกองทัพฝ่ายพระรามและฝ่ายทศกัณฐ์ แสดงถึงกระบวนการรบ
ระหว่างพระราม พระลักษมณ์ พร้อมด้วยไพร่พลวานร กับทศกัณฐ์เจ้ากรุงลงกา แสดงให้เห็นชั้นเชิงและลีลาการรบด้วยอาวุธ การต่อตัวของตัวละคร หรือที่เรียกว่า “การขึ้นลอย” ",12,15," 25,000 ",การแสดงโขน - ละคร,การเผยแพร่วัฒนธรรมต่างประเทศ,งานเผยแพร่วัฒนธรรม
594,นาฏศิลป์อนุรักษ์,การแสดงโขนเรื่องรามเกียรติ์ ชุดยกรบ,"การแสดงโขน เรื่องรามเกียรติ์ ชุดยกรบ กล่าวถึงการทําสงคราม
ระหว่างกองทัพฝ่ายพระรามและฝ่ายทศกัณฐ์ แสดงถึงกระบวนการรบ
ระหว่างพระราม พระลักษมณ์ พร้อมด้วยไพร่พลวานร กับทศกัณฐ์เจ้ากรุงลงกา แสดงให้เห็นชั้นเชิงและลีลาการรบด้วยอาวุธ การต่อตัวของตัวละคร หรือที่เรียกว่า “การขึ้นลอย” ",12,15," 25,000 ",การแสดงโขน - ละคร,วันวิสาขบูชา,งานวันสำคัญทางศาสนา
595,นาฏศิลป์อนุรักษ์,การแสดงโขนเรื่องรามเกียรติ์ ชุดยกรบ,"การแสดงโขน เรื่องรามเกียรติ์ ชุดยกรบ กล่าวถึงการทําสงคราม
ระหว่างกองทัพฝ่ายพระรามและฝ่ายทศกัณฐ์ แสดงถึงกระบวนการรบ
ระหว่างพระราม พระลักษมณ์ พร้อมด้วยไพร่พลวานร กับทศกัณฐ์เจ้ากรุงลงกา แสดงให้เห็นชั้นเชิงและลีลาการรบด้วยอาวุธ การต่อตัวของตัวละคร หรือที่เรียกว่า “การขึ้นลอย” ",12,15," 25,000 ",การแสดงโขน - ละคร,วันเข้าพรรษา,งานวันสำคัญทางศาสนา
596,นาฏศิลป์อนุรักษ์,การแสดงโขนเรื่องรามเกียรติ์ ชุดยกรบ,"การแสดงโขน เรื่องรามเกียรติ์ ชุดยกรบ กล่าวถึงการทําสงคราม
ระหว่างกองทัพฝ่ายพระรามและฝ่ายทศกัณฐ์ แสดงถึงกระบวนการรบ
ระหว่างพระราม พระลักษมณ์ พร้อมด้วยไพร่พลวานร กับทศกัณฐ์เจ้ากรุงลงกา แสดงให้เห็นชั้นเชิงและลีลาการรบด้วยอาวุธ การต่อตัวของตัวละคร หรือที่เรียกว่า “การขึ้นลอย” ",12,15," 25,000 ",การแสดงโขน - ละคร,วันออกพรรษา,งานวันสำคัญทางศาสนา
597,นาฏศิลป์อนุรักษ์,การแสดงโขนเรื่องรามเกียรติ์ ชุดยกรบ,"การแสดงโขน เรื่องรามเกียรติ์ ชุดยกรบ กล่าวถึงการทําสงคราม
ระหว่างกองทัพฝ่ายพระรามและฝ่ายทศกัณฐ์ แสดงถึงกระบวนการรบ
ระหว่างพระราม พระลักษมณ์ พร้อมด้วยไพร่พลวานร กับทศกัณฐ์เจ้ากรุงลงกา แสดงให้เห็นชั้นเชิงและลีลาการรบด้วยอาวุธ การต่อตัวของตัวละคร หรือที่เรียกว่า “การขึ้นลอย” ",12,15," 25,000 ",การแสดงโขน - ละคร,งานสวดมนต์ข้ามปี,งานวันสำคัญทางศาสนา
598,นาฏศิลป์อนุรักษ์,การแสดงโขนเรื่องรามเกียรติ์ ชุดยกรบ,"การแสดงโขน เรื่องรามเกียรติ์ ชุดยกรบ กล่าวถึงการทําสงคราม
ระหว่างกองทัพฝ่ายพระรามและฝ่ายทศกัณฐ์ แสดงถึงกระบวนการรบ
ระหว่างพระราม พระลักษมณ์ พร้อมด้วยไพร่พลวานร กับทศกัณฐ์เจ้ากรุงลงกา แสดงให้เห็นชั้นเชิงและลีลาการรบด้วยอาวุธ การต่อตัวของตัวละคร หรือที่เรียกว่า “การขึ้นลอย” ",12,15," 25,000 ",การแสดงโขน - ละคร,งานเทศมหาชาติ,งานวันสำคัญทางศาสนา
599,นาฏศิลป์อนุรักษ์,การแสดงโขนเรื่องรามเกียรติ์ ชุดยกรบ,"การแสดงโขน เรื่องรามเกียรติ์ ชุดยกรบ กล่าวถึงการทําสงคราม
ระหว่างกองทัพฝ่ายพระรามและฝ่ายทศกัณฐ์ แสดงถึงกระบวนการรบ
ระหว่างพระราม พระลักษมณ์ พร้อมด้วยไพร่พลวานร กับทศกัณฐ์เจ้ากรุงลงกา แสดงให้เห็นชั้นเชิงและลีลาการรบด้วยอาวุธ การต่อตัวของตัวละคร หรือที่เรียกว่า “การขึ้นลอย” ",12,15," 25,000 ",การแสดงโขน - ละคร,งานประชุมสงฆ์,งานวันสำคัญทางศาสนา
600,นาฏศิลป์อนุรักษ์,การแสดงโขนเรื่องรามเกียรติ์ ตอน  จองถนน,"หลังจากที่พระรามได้นำพลวานรจากเมืองขีดขิน และเมืองชมพู ยกทัพมาตั้งอยู่ตรงข้ามกับ 
เกาะกรุงลงกา พระรามจึงปรึกษาหาวิธีที่จะข้ามไปยังกรุงลงกา ข้าทหารทั้งหลายต่างทูลอาสาต่าง ๆ กันไป เช่น เหาะข้ามทะเลไปถึงกรุงลงกา โน้มพระเมรุบรรพตใช้เป็นทาง วิดน้ำในทะเลให้แห้งข้ามไป ให้ลิงขยายร่างใหญ่โต นำไพร่พลลิงใส่มือข้ามไป นิมิตเป็นสำเภาใหญ่ใช้ข้ามไป หรือเอาหางพาดเชื่อมสองฝั่ง ให้ไพร่พลลิง ไต่ข้ามไป ชามพูวราช กราบทูลพระรามว่า การจะทำสิ่งเหล่านั้นไม่สมพระเกียรติยศ สมควรให้ไพร่พลลิง
ไปขนหินมาทิ้งลงทะเล หรือ “จองถนน” ข้ามไปยังกรุงลงกา",40,45," 80,000 ",การแสดงโขน - ละคร,งานเฉลิมพระชนมพรรษาพระบรมวงศานุวงศ์,งานราชพิธี
601,นาฏศิลป์อนุรักษ์,การแสดงโขนเรื่องรามเกียรติ์ ตอน  จองถนน,"หลังจากที่พระรามได้นำพลวานรจากเมืองขีดขิน และเมืองชมพู ยกทัพมาตั้งอยู่ตรงข้ามกับ 
เกาะกรุงลงกา พระรามจึงปรึกษาหาวิธีที่จะข้ามไปยังกรุงลงกา ข้าทหารทั้งหลายต่างทูลอาสาต่าง ๆ กันไป เช่น เหาะข้ามทะเลไปถึงกรุงลงกา โน้มพระเมรุบรรพตใช้เป็นทาง วิดน้ำในทะเลให้แห้งข้ามไป ให้ลิงขยายร่างใหญ่โต นำไพร่พลลิงใส่มือข้ามไป นิมิตเป็นสำเภาใหญ่ใช้ข้ามไป หรือเอาหางพาดเชื่อมสองฝั่ง ให้ไพร่พลลิง ไต่ข้ามไป ชามพูวราช กราบทูลพระรามว่า การจะทำสิ่งเหล่านั้นไม่สมพระเกียรติยศ สมควรให้ไพร่พลลิง
ไปขนหินมาทิ้งลงทะเล หรือ “จองถนน” ข้ามไปยังกรุงลงกา",40,45," 80,000 ",การแสดงโขน - ละคร,การเผยแพร่วัฒนธรรมในประเทศ,งานเผยแพร่วัฒนธรรม
602,นาฏศิลป์อนุรักษ์,การแสดงโขนเรื่องรามเกียรติ์ ตอน  นารายณ์ปราบนนทก,"นนทก เป็นยักษ์ที่นั่งประจำอยู่เชิงบันไดเขาไกลลาศ มีหน้าที่ล้างเท้าให้เหล่าเทวดาที่มาเข้าเฝ้า
พระอิศวร แต่ถูกรังแกอยู่เป็นประจำ นนทกเข้าเฝ้าพระอิศวรแล้วกราบทูลขอนิ้วเพชร ที่มีฤทธิ์ชี้ผู้ใดก็ให้ผู้นั้น
ตาย พระอิศวรเห็นว่านนทกปฏิบัติหน้าที่รับใช้พระองค์มานาน จึงประทานพรให้ตามที่ขอ ไม่นานนักนนทก
ก็มีใจกำเริบไม่ปฏิบัติหน้าที่ พระอิศวรทรงทราบก็กริ้ว โปรดให้พระนารายณ์ไปปราบนนทก",10,45," 15,000 ",การแสดงโขน - ละคร,งานพระราชทานเพลิงศพ,งานอวมงคล
603,นาฏศิลป์อนุรักษ์,การแสดงโขนเรื่องรามเกียรติ์ ตอน  นารายณ์ปราบนนทก,"นนทก เป็นยักษ์ที่นั่งประจำอยู่เชิงบันไดเขาไกลลาศ มีหน้าที่ล้างเท้าให้เหล่าเทวดาที่มาเข้าเฝ้า
พระอิศวร แต่ถูกรังแกอยู่เป็นประจำ นนทกเข้าเฝ้าพระอิศวรแล้วกราบทูลขอนิ้วเพชร ที่มีฤทธิ์ชี้ผู้ใดก็ให้ผู้นั้น
ตาย พระอิศวรเห็นว่านนทกปฏิบัติหน้าที่รับใช้พระองค์มานาน จึงประทานพรให้ตามที่ขอ ไม่นานนักนนทก
ก็มีใจกำเริบไม่ปฏิบัติหน้าที่ พระอิศวรทรงทราบก็กริ้ว โปรดให้พระนารายณ์ไปปราบนนทก",10,45," 15,000 ",การแสดงโขน - ละคร,งานฌาปนกิจศพ,งานอวมงคล
604,นาฏศิลป์อนุรักษ์,การแสดงโขนเรื่องรามเกียรติ์ ตอน  นารายณ์ปราบนนทก,"นนทก เป็นยักษ์ที่นั่งประจำอยู่เชิงบันไดเขาไกลลาศ มีหน้าที่ล้างเท้าให้เหล่าเทวดาที่มาเข้าเฝ้า
พระอิศวร แต่ถูกรังแกอยู่เป็นประจำ นนทกเข้าเฝ้าพระอิศวรแล้วกราบทูลขอนิ้วเพชร ที่มีฤทธิ์ชี้ผู้ใดก็ให้ผู้นั้น
ตาย พระอิศวรเห็นว่านนทกปฏิบัติหน้าที่รับใช้พระองค์มานาน จึงประทานพรให้ตามที่ขอ ไม่นานนักนนทก
ก็มีใจกำเริบไม่ปฏิบัติหน้าที่ พระอิศวรทรงทราบก็กริ้ว โปรดให้พระนารายณ์ไปปราบนนทก",10,45," 15,000 ",การแสดงโขน - ละคร,การเผยแพร่วัฒนธรรมในประเทศ,งานเผยแพร่วัฒนธรรม
605,นาฏศิลป์อนุรักษ์,การแสดงโขนเรื่องรามเกียรติ์ ตอน  ศึกแสงอาทิตย์,แสงอาทิตย์ ตัวละครฝ่ายลงกา เป็นโอรสองค์ที่สองของพญาขร เป็นอนุชาของมังกรกัณฐ์ มีอาวุธเป็นแว่นแก้วสุรกานต์ที่พระพรหมประทานให้ หากใช้ส่องไปที่ใครจะทำให้ผู้นั้นถึงแก่ความตาย ทศกัณฐ์สั่งให้แสงอาทิตย์ยกทัพออกไปรบกับพระราม พิเภกทูลพระรามว่าแสงอาทิตย์มีแว่นแก้วสุรกานต์เป็นอาวุธฝากไว้ที่พระพรหม กองทัพพระรามจึงวางอุบายเพื่อชิงแว่นแก้วสุรกานต์,43,45," 86,000 ",การแสดงโขน - ละคร,การเผยแพร่วัฒนธรรมในประเทศ,งานเผยแพร่วัฒนธรรม
606,นาฏศิลป์อนุรักษ์,การแสดงโขนเรื่องรามเกียรติ์ ตอน  หนุมานชาญสมร,"""หนุมาน"" ทหารเอกของพระราม ถ่ายทอดเรื่องราวของหนุมานตั้งแต่การเตรียมการให้กำเนิดหนุมาน พระอิศวรมีบัญชาให้พระพายเป็นบิดา นำเทพศาสตราและพละกำลังของพระองค์ไปซัดใส่ปากนางสวาหะ               ให้บังเกิดบุตรเป็น วานรและประทานนามว่า “หนุมาน” นางสวาหะได้บอกกับหนุมนว่าหากมีผู้ใดแลเห็น               และมาทักทายถึง กุณฑล ขนเพชร เขี้ยวแก้วที่มีประจำกาย ผู้นั้นคือองค์พระนารายณ์ อวตารให้เข้าสวามิภักดิ์ฝากตัวเป็นข้ารับใช้ จนถึงถวายพลกับพระราม และร่วมกองทัพฝ่ายพลับพลายกทัพไปกรุงลงกา",61,45," 122,000 ",การแสดงโขน - ละคร,งานพระราชทานเพลิงศพ,งานอวมงคล
607,นาฏศิลป์อนุรักษ์,การแสดงโขนเรื่องรามเกียรติ์ ตอน  หนุมานชาญสมร,"""หนุมาน"" ทหารเอกของพระราม ถ่ายทอดเรื่องราวของหนุมานตั้งแต่การเตรียมการให้กำเนิดหนุมาน พระอิศวรมีบัญชาให้พระพายเป็นบิดา นำเทพศาสตราและพละกำลังของพระองค์ไปซัดใส่ปากนางสวาหะ               ให้บังเกิดบุตรเป็น วานรและประทานนามว่า “หนุมาน” นางสวาหะได้บอกกับหนุมนว่าหากมีผู้ใดแลเห็น               และมาทักทายถึง กุณฑล ขนเพชร เขี้ยวแก้วที่มีประจำกาย ผู้นั้นคือองค์พระนารายณ์ อวตารให้เข้าสวามิภักดิ์ฝากตัวเป็นข้ารับใช้ จนถึงถวายพลกับพระราม และร่วมกองทัพฝ่ายพลับพลายกทัพไปกรุงลงกา",61,45," 122,000 ",การแสดงโขน - ละคร,งานฌาปนกิจศพ,งานอวมงคล
608,นาฏศิลป์อนุรักษ์,การแสดงโขนเรื่องรามเกียรติ์ ตอน  หนุมานชาญสมร,"""หนุมาน"" ทหารเอกของพระราม ถ่ายทอดเรื่องราวของหนุมานตั้งแต่การเตรียมการให้กำเนิดหนุมาน พระอิศวรมีบัญชาให้พระพายเป็นบิดา นำเทพศาสตราและพละกำลังของพระองค์ไปซัดใส่ปากนางสวาหะ               ให้บังเกิดบุตรเป็น วานรและประทานนามว่า “หนุมาน” นางสวาหะได้บอกกับหนุมนว่าหากมีผู้ใดแลเห็น               และมาทักทายถึง กุณฑล ขนเพชร เขี้ยวแก้วที่มีประจำกาย ผู้นั้นคือองค์พระนารายณ์ อวตารให้เข้าสวามิภักดิ์ฝากตัวเป็นข้ารับใช้ จนถึงถวายพลกับพระราม และร่วมกองทัพฝ่ายพลับพลายกทัพไปกรุงลงกา",61,45," 122,000 ",การแสดงโขน - ละคร,การเผยแพร่วัฒนธรรมในประเทศ,งานเผยแพร่วัฒนธรรม
609,นาฏศิลป์อนุรักษ์,การแสดงโขนเรื่องรามเกียรติ์ ตอน กุมภกรรณพุ่งหอกโมกขศักดิ์,"กุมภกรรณ เป็นอนุชาของทศกัณฐ์ ดำรงตำแหน่ง อุปราชแห่งกรุงลงกา กุมกรรณเป็นพญายักษ์ 
ที่ครองธรรมรักษาไว้ซึ่งสัจจะและความสุจริตยุติธรรม หลังจากที่มัยราพณ์ พระนัดดาสิ้นชีพลง ทศกัณฐ์ ได้รำพึงถึงการศึกที่จะทำสงครามกับฝ่ายพระราม ทศกัณฐ์นึกถึงกุมภกรรณ จึงเชิญขึ้นมาเฝ้าปรึกษาศึก กุมภกรรณทูลให้ทศกัณฐ์ส่งนางสีดาคืนไป แต่ทศกัณฐ์กริ้ว จึงประกาศโทษและขับไล่ กุมภกรรณเห็นว่า เมื่อทัดทานมิเป็นผลจึงจำใจรับอาสาออกทำสงคราม โดยจะนำหอกโมกขศักดิ์อันมีฤทธิ์ร้ายกาจ ซึ่งฝากไว้กับพระพรหมสู้ศึกกับพระราม",37,45," 74,000 ",การแสดงโขน - ละคร,งานพระราชทานเพลิงศพ,งานอวมงคล
610,นาฏศิลป์อนุรักษ์,การแสดงโขนเรื่องรามเกียรติ์ ตอน กุมภกรรณพุ่งหอกโมกขศักดิ์,"กุมภกรรณ เป็นอนุชาของทศกัณฐ์ ดำรงตำแหน่ง อุปราชแห่งกรุงลงกา กุมกรรณเป็นพญายักษ์ 
ที่ครองธรรมรักษาไว้ซึ่งสัจจะและความสุจริตยุติธรรม หลังจากที่มัยราพณ์ พระนัดดาสิ้นชีพลง ทศกัณฐ์ ได้รำพึงถึงการศึกที่จะทำสงครามกับฝ่ายพระราม ทศกัณฐ์นึกถึงกุมภกรรณ จึงเชิญขึ้นมาเฝ้าปรึกษาศึก กุมภกรรณทูลให้ทศกัณฐ์ส่งนางสีดาคืนไป แต่ทศกัณฐ์กริ้ว จึงประกาศโทษและขับไล่ กุมภกรรณเห็นว่า เมื่อทัดทานมิเป็นผลจึงจำใจรับอาสาออกทำสงคราม โดยจะนำหอกโมกขศักดิ์อันมีฤทธิ์ร้ายกาจ ซึ่งฝากไว้กับพระพรหมสู้ศึกกับพระราม",37,45," 74,000 ",การแสดงโขน - ละคร,งานฌาปนกิจศพ,งานอวมงคล
611,นาฏศิลป์อนุรักษ์,การแสดงโขนเรื่องรามเกียรติ์ ตอน กุมภกรรณพุ่งหอกโมกขศักดิ์,"กุมภกรรณ เป็นอนุชาของทศกัณฐ์ ดำรงตำแหน่ง อุปราชแห่งกรุงลงกา กุมกรรณเป็นพญายักษ์ 
ที่ครองธรรมรักษาไว้ซึ่งสัจจะและความสุจริตยุติธรรม หลังจากที่มัยราพณ์ พระนัดดาสิ้นชีพลง ทศกัณฐ์ ได้รำพึงถึงการศึกที่จะทำสงครามกับฝ่ายพระราม ทศกัณฐ์นึกถึงกุมภกรรณ จึงเชิญขึ้นมาเฝ้าปรึกษาศึก กุมภกรรณทูลให้ทศกัณฐ์ส่งนางสีดาคืนไป แต่ทศกัณฐ์กริ้ว จึงประกาศโทษและขับไล่ กุมภกรรณเห็นว่า เมื่อทัดทานมิเป็นผลจึงจำใจรับอาสาออกทำสงคราม โดยจะนำหอกโมกขศักดิ์อันมีฤทธิ์ร้ายกาจ ซึ่งฝากไว้กับพระพรหมสู้ศึกกับพระราม",37,45," 74,000 ",การแสดงโขน - ละคร,การเผยแพร่วัฒนธรรมในประเทศ,งานเผยแพร่วัฒนธรรม
612,นาฏศิลป์อนุรักษ์,การแสดงโขนเรื่องรามเกียรติ์ ตอน ขับพิเภก,"คืนหนึ่งทศกัณฐ์ฝันว่ามีพญาแร้งขนสีขาวบินมาจากทิศตะวันออก ร่อนมาที่หน้าพระลานวัง 
ทศกัณฐ์ตีกันกับแร้งดำที่มาจากทางทิศตะวันตก แร้งดำปราชัยกลายร่างเป็นยักษ์ มีกะลาน้ำมันยาง มีไส้กะลาวางเหนือมือทศกัณฐ์ มีหญิงนางหนึ่งวิ่งมาจุดไส้กะลา ไฟไหม้ติดมือ พิษร้อนแรงไปทั่วร่าง เมื่อตื่นขึ้นจึงเรียกพิเภกมาทำนาย พิเภกทำนายฝันว่า กะลาคือกรุงลงกา ไส้กะลาคือทศกัณฐ์ น้ำมันยางคือพระญาติวงศ์ทั้งหลาย เพลิงคือนางสีดา หญิงที่วิ่งมาจุดไฟคือนางสำมนักขา แร้งเผือกคือพระราม แร้งดำคือ ทศกัณฐ์ การศึกครั้งนี้ร้ายแรงนัก ทศกัณฐ์โกรธมากให้พิเภกสะเดาะเคราห์ แต่พิเภกบอกว่าสะเดาะไม่ได้ทำให้ร้ายกลายเป็นดี หนทางเดียว คือ คืนนางสีดาให้แก่พระราม ทศกัณฐ์โกรธพิเภกมากถึงขนาดตัดพี่ตัดน้อง ยึดเมียคือนางตรีชฎาไปเป็นทาสรับใช้นางสีดา ยึดสมบัติทั้งหมดแล้วขับไล่ออกไปจากเมือง",20,45," 40,000 ",การแสดงโขน - ละคร,งานสวดอภิธรรม,งานอวมงคล
613,นาฏศิลป์อนุรักษ์,การแสดงโขนเรื่องรามเกียรติ์ ตอน ขับพิเภก,"คืนหนึ่งทศกัณฐ์ฝันว่ามีพญาแร้งขนสีขาวบินมาจากทิศตะวันออก ร่อนมาที่หน้าพระลานวัง 
ทศกัณฐ์ตีกันกับแร้งดำที่มาจากทางทิศตะวันตก แร้งดำปราชัยกลายร่างเป็นยักษ์ มีกะลาน้ำมันยาง มีไส้กะลาวางเหนือมือทศกัณฐ์ มีหญิงนางหนึ่งวิ่งมาจุดไส้กะลา ไฟไหม้ติดมือ พิษร้อนแรงไปทั่วร่าง เมื่อตื่นขึ้นจึงเรียกพิเภกมาทำนาย พิเภกทำนายฝันว่า กะลาคือกรุงลงกา ไส้กะลาคือทศกัณฐ์ น้ำมันยางคือพระญาติวงศ์ทั้งหลาย เพลิงคือนางสีดา หญิงที่วิ่งมาจุดไฟคือนางสำมนักขา แร้งเผือกคือพระราม แร้งดำคือ ทศกัณฐ์ การศึกครั้งนี้ร้ายแรงนัก ทศกัณฐ์โกรธมากให้พิเภกสะเดาะเคราห์ แต่พิเภกบอกว่าสะเดาะไม่ได้ทำให้ร้ายกลายเป็นดี หนทางเดียว คือ คืนนางสีดาให้แก่พระราม ทศกัณฐ์โกรธพิเภกมากถึงขนาดตัดพี่ตัดน้อง ยึดเมียคือนางตรีชฎาไปเป็นทาสรับใช้นางสีดา ยึดสมบัติทั้งหมดแล้วขับไล่ออกไปจากเมือง",20,45," 40,000 ",การแสดงโขน - ละคร,งานพระราชทานเพลิงศพ,งานอวมงคล
614,นาฏศิลป์อนุรักษ์,การแสดงโขนเรื่องรามเกียรติ์ ตอน ขับพิเภก,"คืนหนึ่งทศกัณฐ์ฝันว่ามีพญาแร้งขนสีขาวบินมาจากทิศตะวันออก ร่อนมาที่หน้าพระลานวัง 
ทศกัณฐ์ตีกันกับแร้งดำที่มาจากทางทิศตะวันตก แร้งดำปราชัยกลายร่างเป็นยักษ์ มีกะลาน้ำมันยาง มีไส้กะลาวางเหนือมือทศกัณฐ์ มีหญิงนางหนึ่งวิ่งมาจุดไส้กะลา ไฟไหม้ติดมือ พิษร้อนแรงไปทั่วร่าง เมื่อตื่นขึ้นจึงเรียกพิเภกมาทำนาย พิเภกทำนายฝันว่า กะลาคือกรุงลงกา ไส้กะลาคือทศกัณฐ์ น้ำมันยางคือพระญาติวงศ์ทั้งหลาย เพลิงคือนางสีดา หญิงที่วิ่งมาจุดไฟคือนางสำมนักขา แร้งเผือกคือพระราม แร้งดำคือ ทศกัณฐ์ การศึกครั้งนี้ร้ายแรงนัก ทศกัณฐ์โกรธมากให้พิเภกสะเดาะเคราห์ แต่พิเภกบอกว่าสะเดาะไม่ได้ทำให้ร้ายกลายเป็นดี หนทางเดียว คือ คืนนางสีดาให้แก่พระราม ทศกัณฐ์โกรธพิเภกมากถึงขนาดตัดพี่ตัดน้อง ยึดเมียคือนางตรีชฎาไปเป็นทาสรับใช้นางสีดา ยึดสมบัติทั้งหมดแล้วขับไล่ออกไปจากเมือง",20,45," 40,000 ",การแสดงโขน - ละคร,งานฌาปนกิจศพ,งานอวมงคล
615,นาฏศิลป์อนุรักษ์,การแสดงโขนเรื่องรามเกียรติ์ ตอน ขับพิเภก,"คืนหนึ่งทศกัณฐ์ฝันว่ามีพญาแร้งขนสีขาวบินมาจากทิศตะวันออก ร่อนมาที่หน้าพระลานวัง 
ทศกัณฐ์ตีกันกับแร้งดำที่มาจากทางทิศตะวันตก แร้งดำปราชัยกลายร่างเป็นยักษ์ มีกะลาน้ำมันยาง มีไส้กะลาวางเหนือมือทศกัณฐ์ มีหญิงนางหนึ่งวิ่งมาจุดไส้กะลา ไฟไหม้ติดมือ พิษร้อนแรงไปทั่วร่าง เมื่อตื่นขึ้นจึงเรียกพิเภกมาทำนาย พิเภกทำนายฝันว่า กะลาคือกรุงลงกา ไส้กะลาคือทศกัณฐ์ น้ำมันยางคือพระญาติวงศ์ทั้งหลาย เพลิงคือนางสีดา หญิงที่วิ่งมาจุดไฟคือนางสำมนักขา แร้งเผือกคือพระราม แร้งดำคือ ทศกัณฐ์ การศึกครั้งนี้ร้ายแรงนัก ทศกัณฐ์โกรธมากให้พิเภกสะเดาะเคราห์ แต่พิเภกบอกว่าสะเดาะไม่ได้ทำให้ร้ายกลายเป็นดี หนทางเดียว คือ คืนนางสีดาให้แก่พระราม ทศกัณฐ์โกรธพิเภกมากถึงขนาดตัดพี่ตัดน้อง ยึดเมียคือนางตรีชฎาไปเป็นทาสรับใช้นางสีดา ยึดสมบัติทั้งหมดแล้วขับไล่ออกไปจากเมือง",20,45," 40,000 ",การแสดงโขน - ละคร,การเผยแพร่วัฒนธรรมในประเทศ,งานเผยแพร่วัฒนธรรม
616,นาฏศิลป์อนุรักษ์,การแสดงโขนเรื่องรามเกียรติ์ ตอน นางลอย,"พิเภก ทำนายฝันว่า ทศกัณฐ์ จะแพ้สงครามและถูกฆ่าตาย ควรจะสะเดาะเคราะห์โดยคืนนางสีดาไป
ให้แก่พระราม แต่ทศกัณฐ์โกรธจึงขับพิเภกออกไปจากกรุงลงกา เมื่อพิเภกออกจากกรุงลงกาแล้ว จึงไปอยู่ด้วย
กับกองทัพพระราม ทศกัณฐ์คิดหาทางยุติศึกชิงตัวนางสีดากับพระราม โดยคิดว่า ถ้าหากพระรามเห็นว่านางสี
ดาตายไปแล้ว พระรามคงจะยกทัพกลับไปเอง จึงให้นางเบญกายแปลงเป็นนางสีดา จำแลงกายเป็นศพลอย
ตามแม่น้ำไปที่หน้าพลับพลาของพระราม",26,45," 52,000 ",การแสดงโขน - ละคร,งานสวดอภิธรรม,งานอวมงคล
617,นาฏศิลป์อนุรักษ์,การแสดงโขนเรื่องรามเกียรติ์ ตอน นางลอย,"พิเภก ทำนายฝันว่า ทศกัณฐ์ จะแพ้สงครามและถูกฆ่าตาย ควรจะสะเดาะเคราะห์โดยคืนนางสีดาไป
ให้แก่พระราม แต่ทศกัณฐ์โกรธจึงขับพิเภกออกไปจากกรุงลงกา เมื่อพิเภกออกจากกรุงลงกาแล้ว จึงไปอยู่ด้วย
กับกองทัพพระราม ทศกัณฐ์คิดหาทางยุติศึกชิงตัวนางสีดากับพระราม โดยคิดว่า ถ้าหากพระรามเห็นว่านางสี
ดาตายไปแล้ว พระรามคงจะยกทัพกลับไปเอง จึงให้นางเบญกายแปลงเป็นนางสีดา จำแลงกายเป็นศพลอย
ตามแม่น้ำไปที่หน้าพลับพลาของพระราม",26,45," 52,000 ",การแสดงโขน - ละคร,งานพระราชทานเพลิงศพ,งานอวมงคล
618,นาฏศิลป์อนุรักษ์,การแสดงโขนเรื่องรามเกียรติ์ ตอน นางลอย,"พิเภก ทำนายฝันว่า ทศกัณฐ์ จะแพ้สงครามและถูกฆ่าตาย ควรจะสะเดาะเคราะห์โดยคืนนางสีดาไป
ให้แก่พระราม แต่ทศกัณฐ์โกรธจึงขับพิเภกออกไปจากกรุงลงกา เมื่อพิเภกออกจากกรุงลงกาแล้ว จึงไปอยู่ด้วย
กับกองทัพพระราม ทศกัณฐ์คิดหาทางยุติศึกชิงตัวนางสีดากับพระราม โดยคิดว่า ถ้าหากพระรามเห็นว่านางสี
ดาตายไปแล้ว พระรามคงจะยกทัพกลับไปเอง จึงให้นางเบญกายแปลงเป็นนางสีดา จำแลงกายเป็นศพลอย
ตามแม่น้ำไปที่หน้าพลับพลาของพระราม",26,45," 52,000 ",การแสดงโขน - ละคร,งานฌาปนกิจศพ,งานอวมงคล
619,นาฏศิลป์อนุรักษ์,การแสดงโขนเรื่องรามเกียรติ์ ตอน นางลอย,"พิเภก ทำนายฝันว่า ทศกัณฐ์ จะแพ้สงครามและถูกฆ่าตาย ควรจะสะเดาะเคราะห์โดยคืนนางสีดาไป
ให้แก่พระราม แต่ทศกัณฐ์โกรธจึงขับพิเภกออกไปจากกรุงลงกา เมื่อพิเภกออกจากกรุงลงกาแล้ว จึงไปอยู่ด้วย
กับกองทัพพระราม ทศกัณฐ์คิดหาทางยุติศึกชิงตัวนางสีดากับพระราม โดยคิดว่า ถ้าหากพระรามเห็นว่านางสี
ดาตายไปแล้ว พระรามคงจะยกทัพกลับไปเอง จึงให้นางเบญกายแปลงเป็นนางสีดา จำแลงกายเป็นศพลอย
ตามแม่น้ำไปที่หน้าพลับพลาของพระราม",26,45," 52,000 ",การแสดงโขน - ละคร,การเผยแพร่วัฒนธรรมในประเทศ,งานเผยแพร่วัฒนธรรม
620,นาฏศิลป์อนุรักษ์,การแสดงโขนเรื่องรามเกียรติ์ ตอน นางลอย,"พิเภก ทำนายฝันว่า ทศกัณฐ์ จะแพ้สงครามและถูกฆ่าตาย ควรจะสะเดาะเคราะห์โดยคืนนางสีดาไป
ให้แก่พระราม แต่ทศกัณฐ์โกรธจึงขับพิเภกออกไปจากกรุงลงกา เมื่อพิเภกออกจากกรุงลงกาแล้ว จึงไปอยู่ด้วย
กับกองทัพพระราม ทศกัณฐ์คิดหาทางยุติศึกชิงตัวนางสีดากับพระราม โดยคิดว่า ถ้าหากพระรามเห็นว่านางสี
ดาตายไปแล้ว พระรามคงจะยกทัพกลับไปเอง จึงให้นางเบญกายแปลงเป็นนางสีดา จำแลงกายเป็นศพลอย
ตามแม่น้ำไปที่หน้าพลับพลาของพระราม",26,45," 52,000 ",การแสดงโขน - ละคร,การเผยแพร่วัฒนธรรมต่างประเทศ,งานเผยแพร่วัฒนธรรม
621,นาฏศิลป์อนุรักษ์,การแสดงโขนเรื่องรามเกียรติ์ ตอน พระคเณศเสียงา,ปรศุรามเป็นอวตารของพระนารายณ์ ได้ยืมขวานจากพระอิศวรไปทำลายเหล่ากษัตริย์ เมื่อเสร็จภารกิจจะเข้าเฝ้าที่เขาไกรลาส ระหว่างนั้นบริเวณพระตำหนักชั้นในพระศิวะเทพกำลังสนทนาอยู่กับนางปารวตีพระคเณศ ไม่ยอมให้ปรศุรามเข้าพบ ปรศุรามโมโห เลยใช้ขวานของพระศิวะขว้างไปยังพระคเณศ พระองค์จำใจต้องใช้งาข้างซ้ายรับขวานนั้น ด้วยเหตุที่ท่านทรงมีความกตัญญูเป็นอย่างยิ่งในตัวพระบิดา แม้จะต่อสู้กันไปก็อาจทำได้ แต่การทำลายฤทธิ์เดชของอาวุธของบิดาตนเองนั้นไม่ใช่ทางที่ได้ประโยชน์แก่ฝ่ายใดจึงยอมสละงาเพื่อรักษาอาวุธของพระอิศวรด้วยความกตัญญู,12,10," 24,000 ",การแสดงโขน - ละคร,การเผยแพร่วัฒนธรรมในประเทศ,งานเผยแพร่วัฒนธรรม
622,นาฏศิลป์อนุรักษ์,การแสดงโขนเรื่องรามเกียรติ์ ตอน พระรามตามกวาง,กวางทอง คือ มารีศ พระยายักษ์เป็นลูกของนางกากนาสูร ซึ่งรับพระราชบัญชาของทศกัณฐ์แปลงกายเป็นกวางทองมาล่อหลอกให้นางสีดาอยากได้กวางทอง พระรามจึงเสด็จตามกวางทองไปในป่าตามกลอุบายของทศกัณฐ์,2,10," 4,000 ",การแสดงโขน - ละคร,งานต้อนรับอาคันตุกะ,งานรัฐพิธี
623,นาฏศิลป์อนุรักษ์,การแสดงโขนเรื่องรามเกียรติ์ ตอน พระรามตามกวาง,กวางทอง คือ มารีศ พระยายักษ์เป็นลูกของนางกากนาสูร ซึ่งรับพระราชบัญชาของทศกัณฐ์แปลงกายเป็นกวางทองมาล่อหลอกให้นางสีดาอยากได้กวางทอง พระรามจึงเสด็จตามกวางทองไปในป่าตามกลอุบายของทศกัณฐ์,2,10," 4,000 ",การแสดงโขน - ละคร,งานสวดอภิธรรม,งานอวมงคล
624,นาฏศิลป์อนุรักษ์,การแสดงโขนเรื่องรามเกียรติ์ ตอน พระรามตามกวาง,กวางทอง คือ มารีศ พระยายักษ์เป็นลูกของนางกากนาสูร ซึ่งรับพระราชบัญชาของทศกัณฐ์แปลงกายเป็นกวางทองมาล่อหลอกให้นางสีดาอยากได้กวางทอง พระรามจึงเสด็จตามกวางทองไปในป่าตามกลอุบายของทศกัณฐ์,2,10," 4,000 ",การแสดงโขน - ละคร,งานพระราชทานเพลิงศพ,งานอวมงคล
625,นาฏศิลป์อนุรักษ์,การแสดงโขนเรื่องรามเกียรติ์ ตอน พระรามตามกวาง,กวางทอง คือ มารีศ พระยายักษ์เป็นลูกของนางกากนาสูร ซึ่งรับพระราชบัญชาของทศกัณฐ์แปลงกายเป็นกวางทองมาล่อหลอกให้นางสีดาอยากได้กวางทอง พระรามจึงเสด็จตามกวางทองไปในป่าตามกลอุบายของทศกัณฐ์,2,10," 4,000 ",การแสดงโขน - ละคร,งานฌาปนกิจศพ,งานอวมงคล
626,นาฏศิลป์อนุรักษ์,การแสดงโขนเรื่องรามเกียรติ์ ตอน พระรามตามกวาง,กวางทอง คือ มารีศ พระยายักษ์เป็นลูกของนางกากนาสูร ซึ่งรับพระราชบัญชาของทศกัณฐ์แปลงกายเป็นกวางทองมาล่อหลอกให้นางสีดาอยากได้กวางทอง พระรามจึงเสด็จตามกวางทองไปในป่าตามกลอุบายของทศกัณฐ์,2,10," 4,000 ",การแสดงโขน - ละคร,การเผยแพร่วัฒนธรรมในประเทศ,งานเผยแพร่วัฒนธรรม
627,นาฏศิลป์อนุรักษ์,การแสดงโขนเรื่องรามเกียรติ์ ตอน พระรามตามกวาง,กวางทอง คือ มารีศ พระยายักษ์เป็นลูกของนางกากนาสูร ซึ่งรับพระราชบัญชาของทศกัณฐ์แปลงกายเป็นกวางทองมาล่อหลอกให้นางสีดาอยากได้กวางทอง พระรามจึงเสด็จตามกวางทองไปในป่าตามกลอุบายของทศกัณฐ์,2,10," 4,000 ",การแสดงโขน - ละคร,การเผยแพร่วัฒนธรรมต่างประเทศ,งานเผยแพร่วัฒนธรรม
628,นาฏศิลป์อนุรักษ์,การแสดงโขนเรื่องรามเกียรติ์ ตอน พาลีสอนน้อง,พาลีผู้ครองนครขีดขิน เมื่อใกล้จะตายได้เรียกสุครีพผู้เป็นอนุชา มาสั่งสอนให้รับใช้พระรามด้วยความจงรักภักดี พาลีได้สอนหลักปฏิบัติในการรับราชการว่า พระมหากษัตริย์ทรงเป็นสมมุติเทพ ผู้ที่จะเข้ารับใช้จึงต้องเจียมตน จึงสอนสุครีพเกี่ยวกับหลักราชการเป็นอเนกประการ,4,10," 8,000 ",การแสดงโขน - ละคร,การเผยแพร่วัฒนธรรมในประเทศ,งานเผยแพร่วัฒนธรรม
629,นาฏศิลป์อนุรักษ์,การแสดงโขนเรื่องรามเกียรติ์ ตอน ลักสีดา,"ทศกัณฐ์หลงใหลในความงามของนางสีดา จากการฟังคำบอกเล่าของนางสำมนักขา จึงสั่งให้มารีศ
จำกายเป็นกวางทองไปล่อหลอกนางสีดา เมื่อนางสีดาเห็นกวางทองก็ขอให้พระรามไปตามจับ พระรามพบว่า
มารีศเป็นยักษ์แปลงเป็นกวาง จึงยิงด้วยศร ก่อนตายมารีศแกล้งทำเสียงเป็นพระรามร้องขอความช่วยเหลือ
นางสีดาได้ยิน จึงให้พระลักษมณ์ตามไปช่วย ทศกัณฐ์แปลงเป็นฤาษีแดงเข้าไปลักตัวนางสีดากลับเข้ากรุงลงกา",7,30," 15,000 ",การแสดงโขน - ละคร,งานพระราชทานเพลิงศพ,งานอวมงคล
630,นาฏศิลป์อนุรักษ์,การแสดงโขนเรื่องรามเกียรติ์ ตอน ลักสีดา,"ทศกัณฐ์หลงใหลในความงามของนางสีดา จากการฟังคำบอกเล่าของนางสำมนักขา จึงสั่งให้มารีศ
จำกายเป็นกวางทองไปล่อหลอกนางสีดา เมื่อนางสีดาเห็นกวางทองก็ขอให้พระรามไปตามจับ พระรามพบว่า
มารีศเป็นยักษ์แปลงเป็นกวาง จึงยิงด้วยศร ก่อนตายมารีศแกล้งทำเสียงเป็นพระรามร้องขอความช่วยเหลือ
นางสีดาได้ยิน จึงให้พระลักษมณ์ตามไปช่วย ทศกัณฐ์แปลงเป็นฤาษีแดงเข้าไปลักตัวนางสีดากลับเข้ากรุงลงกา",7,30," 15,000 ",การแสดงโขน - ละคร,งานฌาปนกิจศพ,งานอวมงคล
631,นาฏศิลป์อนุรักษ์,การแสดงโขนเรื่องรามเกียรติ์ ตอน ลักสีดา,"ทศกัณฐ์หลงใหลในความงามของนางสีดา จากการฟังคำบอกเล่าของนางสำมนักขา จึงสั่งให้มารีศ
จำกายเป็นกวางทองไปล่อหลอกนางสีดา เมื่อนางสีดาเห็นกวางทองก็ขอให้พระรามไปตามจับ พระรามพบว่า
มารีศเป็นยักษ์แปลงเป็นกวาง จึงยิงด้วยศร ก่อนตายมารีศแกล้งทำเสียงเป็นพระรามร้องขอความช่วยเหลือ
นางสีดาได้ยิน จึงให้พระลักษมณ์ตามไปช่วย ทศกัณฐ์แปลงเป็นฤาษีแดงเข้าไปลักตัวนางสีดากลับเข้ากรุงลงกา",7,30," 15,000 ",การแสดงโขน - ละคร,การเผยแพร่วัฒนธรรมในประเทศ,งานเผยแพร่วัฒนธรรม
632,นาฏศิลป์อนุรักษ์,การแสดงโขนเรื่องรามเกียรติ์ ตอน ลักสีดา,"ทศกัณฐ์หลงใหลในความงามของนางสีดา จากการฟังคำบอกเล่าของนางสำมนักขา จึงสั่งให้มารีศ
จำกายเป็นกวางทองไปล่อหลอกนางสีดา เมื่อนางสีดาเห็นกวางทองก็ขอให้พระรามไปตามจับ พระรามพบว่า
มารีศเป็นยักษ์แปลงเป็นกวาง จึงยิงด้วยศร ก่อนตายมารีศแกล้งทำเสียงเป็นพระรามร้องขอความช่วยเหลือ
นางสีดาได้ยิน จึงให้พระลักษมณ์ตามไปช่วย ทศกัณฐ์แปลงเป็นฤาษีแดงเข้าไปลักตัวนางสีดากลับเข้ากรุงลงกา",7,30," 15,000 ",การแสดงโขน - ละคร,การเผยแพร่วัฒนธรรมต่างประเทศ,งานเผยแพร่วัฒนธรรม
633,นาฏศิลป์อนุรักษ์,การแสดงโขนเรื่องรามเกียรติ์ ตอน ศึกพรหมาสตร์,"สองสารัณยักษ์ได้กราบทูลทศกัณฐ์ เรื่องที่มังกรกัณฐ์และแสงอาทิตย์ผู้เป็นหลาน ถูกฝ่ายพระราม
สังหารสิ้นชีวิต ทศกัณฐ์จึงใช้กาลสูรให้ไปแจ้งข่าวศึกแก่อินทรชิต กาลสูรรีบไปตามพระบัญชา ขณะนั้น
อินทรชิตกำลังทำพิธีชุบศรพรหมาสตร์จึงกริ้วโกรธที่กาลสูรมาทูลเรื่องร้ายให้เป็นลางกลางพิธี แต่ก็ไม่อาจขัด
รับสั่งได้จำต้องออกจากพิธี แล้วสั่งให้รุทการเตรียมจัดกองทัพ โดยตนเองแปลงตัวเป็นพระอินทร์ให้การุณราช
แปลงกายเป็นช้างเอราวัณ และไพร่พลแปลงตนเป็นเทวดานางฟ้า หมายจะล่อลวงฝ่ายพระรามให้หลงกล",55,45," 120,000 ",การแสดงโขน - ละคร,งานพระราชทานเพลิงศพ,งานอวมงคล
634,นาฏศิลป์อนุรักษ์,การแสดงโขนเรื่องรามเกียรติ์ ตอน ศึกพรหมาสตร์,"สองสารัณยักษ์ได้กราบทูลทศกัณฐ์ เรื่องที่มังกรกัณฐ์และแสงอาทิตย์ผู้เป็นหลาน ถูกฝ่ายพระราม
สังหารสิ้นชีวิต ทศกัณฐ์จึงใช้กาลสูรให้ไปแจ้งข่าวศึกแก่อินทรชิต กาลสูรรีบไปตามพระบัญชา ขณะนั้น
อินทรชิตกำลังทำพิธีชุบศรพรหมาสตร์จึงกริ้วโกรธที่กาลสูรมาทูลเรื่องร้ายให้เป็นลางกลางพิธี แต่ก็ไม่อาจขัด
รับสั่งได้จำต้องออกจากพิธี แล้วสั่งให้รุทการเตรียมจัดกองทัพ โดยตนเองแปลงตัวเป็นพระอินทร์ให้การุณราช
แปลงกายเป็นช้างเอราวัณ และไพร่พลแปลงตนเป็นเทวดานางฟ้า หมายจะล่อลวงฝ่ายพระรามให้หลงกล",55,45," 120,000 ",การแสดงโขน - ละคร,งานฌาปนกิจศพ,งานอวมงคล
635,นาฏศิลป์อนุรักษ์,การแสดงโขนเรื่องรามเกียรติ์ ตอน ศึกพรหมาสตร์,"สองสารัณยักษ์ได้กราบทูลทศกัณฐ์ เรื่องที่มังกรกัณฐ์และแสงอาทิตย์ผู้เป็นหลาน ถูกฝ่ายพระราม
สังหารสิ้นชีวิต ทศกัณฐ์จึงใช้กาลสูรให้ไปแจ้งข่าวศึกแก่อินทรชิต กาลสูรรีบไปตามพระบัญชา ขณะนั้น
อินทรชิตกำลังทำพิธีชุบศรพรหมาสตร์จึงกริ้วโกรธที่กาลสูรมาทูลเรื่องร้ายให้เป็นลางกลางพิธี แต่ก็ไม่อาจขัด
รับสั่งได้จำต้องออกจากพิธี แล้วสั่งให้รุทการเตรียมจัดกองทัพ โดยตนเองแปลงตัวเป็นพระอินทร์ให้การุณราช
แปลงกายเป็นช้างเอราวัณ และไพร่พลแปลงตนเป็นเทวดานางฟ้า หมายจะล่อลวงฝ่ายพระรามให้หลงกล",55,45," 120,000 ",การแสดงโขน - ละคร,การเผยแพร่วัฒนธรรมในประเทศ,งานเผยแพร่วัฒนธรรม
636,นาฏศิลป์อนุรักษ์,การแสดงโขนเรื่องรามเกียรติ์ ตอน ศึกวิรุญจำบัง,วิรุญจำบัง เป็นโอรสของพญาทูษณ์ กษัตริย์เมืองจารึกองค์ที่ 1 โอรสองค์ที่ 5 ของท้าวลัสเตียน กับนางรัชฎา น้องชายร่วมบิดามารดาของทศกัณฐ์ วิรุณจำบังมีม้าทรงคู่ใจตัวดำปากแดงชื่อ นิลพาหุ ซึ่งสามารถหายตัวได้ทั้งตนและม้า วิรุณจำบังรับอาสาทศกัณฐ์ยกทัพไปทำสงครามกับพระรามและพลวานร  ซึ่งกำลังมุ่งหน้ามาที่กรุงลงกา เพื่อทวงนางสีดาคืน โดยไปสมทบกับทัพของท้าวสัทธาสูร เจ้าเมืองอัสดง สหายอีกตนของทศกัณฐ์ ,37,45," 74,000 ",การแสดงโขน - ละคร,งานพระราชทานเพลิงศพ,งานอวมงคล
637,นาฏศิลป์อนุรักษ์,การแสดงโขนเรื่องรามเกียรติ์ ตอน ศึกวิรุญจำบัง,วิรุญจำบัง เป็นโอรสของพญาทูษณ์ กษัตริย์เมืองจารึกองค์ที่ 1 โอรสองค์ที่ 5 ของท้าวลัสเตียน กับนางรัชฎา น้องชายร่วมบิดามารดาของทศกัณฐ์ วิรุณจำบังมีม้าทรงคู่ใจตัวดำปากแดงชื่อ นิลพาหุ ซึ่งสามารถหายตัวได้ทั้งตนและม้า วิรุณจำบังรับอาสาทศกัณฐ์ยกทัพไปทำสงครามกับพระรามและพลวานร  ซึ่งกำลังมุ่งหน้ามาที่กรุงลงกา เพื่อทวงนางสีดาคืน โดยไปสมทบกับทัพของท้าวสัทธาสูร เจ้าเมืองอัสดง สหายอีกตนของทศกัณฐ์ ,37,45," 74,000 ",การแสดงโขน - ละคร,งานฌาปนกิจศพ,งานอวมงคล
638,นาฏศิลป์อนุรักษ์,การแสดงโขนเรื่องรามเกียรติ์ ตอน ศึกวิรุญจำบัง,วิรุญจำบัง เป็นโอรสของพญาทูษณ์ กษัตริย์เมืองจารึกองค์ที่ 1 โอรสองค์ที่ 5 ของท้าวลัสเตียน กับนางรัชฎา น้องชายร่วมบิดามารดาของทศกัณฐ์ วิรุณจำบังมีม้าทรงคู่ใจตัวดำปากแดงชื่อ นิลพาหุ ซึ่งสามารถหายตัวได้ทั้งตนและม้า วิรุณจำบังรับอาสาทศกัณฐ์ยกทัพไปทำสงครามกับพระรามและพลวานร  ซึ่งกำลังมุ่งหน้ามาที่กรุงลงกา เพื่อทวงนางสีดาคืน โดยไปสมทบกับทัพของท้าวสัทธาสูร เจ้าเมืองอัสดง สหายอีกตนของทศกัณฐ์ ,37,45," 74,000 ",การแสดงโขน - ละคร,การเผยแพร่วัฒนธรรมในประเทศ,งานเผยแพร่วัฒนธรรม
639,นาฏศิลป์อนุรักษ์,การแสดงโขนเรื่องรามเกียรติ์ ตอน ศึกวิรุญจำบัง,วิรุญจำบัง เป็นโอรสของพญาทูษณ์ กษัตริย์เมืองจารึกองค์ที่ 1 โอรสองค์ที่ 5 ของท้าวลัสเตียน กับนางรัชฎา น้องชายร่วมบิดามารดาของทศกัณฐ์ วิรุณจำบังมีม้าทรงคู่ใจตัวดำปากแดงชื่อ นิลพาหุ ซึ่งสามารถหายตัวได้ทั้งตนและม้า วิรุณจำบังรับอาสาทศกัณฐ์ยกทัพไปทำสงครามกับพระรามและพลวานร  ซึ่งกำลังมุ่งหน้ามาที่กรุงลงกา เพื่อทวงนางสีดาคืน โดยไปสมทบกับทัพของท้าวสัทธาสูร เจ้าเมืองอัสดง สหายอีกตนของทศกัณฐ์ ,37,45," 74,000 ",การแสดงโขน - ละคร,การเผยแพร่วัฒนธรรมต่างประเทศ,งานเผยแพร่วัฒนธรรม
640,นาฏศิลป์อนุรักษ์,การแสดงโขนเรื่องรามเกียรติ์ ตอน ศึกวิรุญมุข,"วิรุญมุขเป็นโอรสวิรุญจำบัง ขณะที่อินทรชิตทำพิธีชุบศรนาคบาศที่เขาอังกาศ ทศกัณฐ์ให้มังกรกัณฐ์
มาขัดตาทัพแต่ถูกฆ่าตาย จึงให้วิรุญมุขไปขัดตาทัพอีกครั้ง วิรุญมุขนอกจากสามารถเหาะเหินเดินอากาศ ได้แล้วยังหายตัวพรางกายได้เป็นเยี่ยม เมื่อชามพูวราชรับอาสาพระรามไปทำลายพิธีอินทรชิต โดยแปลงร่างเป็นหมีไปกัดไม้โรงพิธีจนหักพังอินทรชิตจึงชุบศรไม่สำเร็จก็กลับมายังสมรภูมิรบร่วมกับวิรุญมุข วิรุญมุขได้ใช้วิชาหายตัวฆ่าพลลิงตายเป็นจำนวนมาก พิเภกจึงทูลพระลักษมณ์ว่าเหตุที่ลิงตายเพราะวิรุญมุขหายตัวฆ่าพลลิง พระลักษมณ์จึงแผลงศรเป็นข่ายเหล็กรัดตัววิรุญมุขแล้วบัญชาให้หนุมานสักหน้าวิรุญมุขก่อนปล่อยตัวไป",36,45," 72,000 ",การแสดงโขน - ละคร,การเผยแพร่วัฒนธรรมในประเทศ,งานเผยแพร่วัฒนธรรม
641,นาฏศิลป์อนุรักษ์,การแสดงโขนเรื่องรามเกียรติ์ ตอน ศึกสัทธาสูร  ,ทศกัณฐ์ให้สัทธาสูร และวิรุญจำบัง ลูกพระยาทูษณ์ไปรบหนุมานออกอุบายให้การขออาวุธจากเทวดาของสัทธาสูรไม่เป็นผล สัทธาสูรถูกหนุมานฆ่าตาย ส่วนวิรุญจำบังสู้ไม่ได้ จึงทำอุบายเพื่อจะหนีได้เอาผ้ามาทำเป็นพยนต์ขี่ม้ามาต่อสู้แทน ส่วนตนจะหลบหนีไป ต่อมาพระรามรู้ว่าวิรุญจำบังที่รบอยู่ไม่ใช่ตัวจริง ก็แผลงศรพาลจันทร์เป็น ข่ายเพชรล้อมผ้าพยนต์ แล้วให้หนุมานตามไปฆ่า พบนางวานรินทร์ นางบอกทางให้หนุมานเหาะไปสุดเขาสัตภัณฑ์พบฟองน้ำใหญ่จึงจับไว้ วิรุญจำบังกลายเป็นรูปเดิมเข้าต่อสู้แต่แพ้ได้แหวกน้ำไปอยู่ใต้  ดินดาล หนุมานตามจนพบจับวิรุญจำบังฟาดกับภูเขาจนตาย,43,45," 86,000 ",การแสดงโขน - ละคร,การเผยแพร่วัฒนธรรมในประเทศ,งานเผยแพร่วัฒนธรรม
642,นาฏศิลป์อนุรักษ์,การแสดงโขนเรื่องรามเกียรติ์ ตอน สามจับ,กุมภกรรณออกอุบายลวงสุครีพไปถอนต้นรังเพื่อหวังทอนกำลังสุครีพ บอกว่าถ้าสุครีพถอนต้นรังได้ ตนจะยอมถอยทัพ สุครีพไปถอนต้นรังจนหมดแรงกลับมาสู้กุมภกรรณไม่ได้ หนุมานกับองคตต้องมาช่วยสุครีพต่อสู้กับกุมภกรรณ ถึงเอาชนะได้,4,10," 8,000 ",การแสดงโขน - ละคร,การเผยแพร่วัฒนธรรมในประเทศ,งานเผยแพร่วัฒนธรรม
643,นาฏศิลป์อนุรักษ์,การแสดงโขนเรื่องรามเกียรติ์ ตอน สุครีพถอนต้นรัง,กุมภกรรณ อนุชาของทศกัณฐ์ จำต้องยอมออกศึกตามคำสั่งของทศกัณฐ์ผู้เป็นเชษฐา เมื่อยกทัพมาพบสุครีพ นายทัพหน้าฝ่ายพลับพลา กุมภกรรณออกอุบายลวงสุครีพไปถอนต้นรังเพื่อหวังทอนกำลังสุครีพ โดยบอกว่าถ้าถอนได้ตนจะยอมถอยทัพ สุครีพก็ไปถอนต้นรัง ตามคำท้าจนเหนื่อยจุกหมดแรง กลับมาสู้ กุมภกรรณไม่ได้ หนุมานกับองคตต้องมาช่วยรุมทึ้งกุมภกรรณถึงเอาชนะได้,30,45," 60,000 ",การแสดงโขน - ละคร,งานพระราชทานเพลิงศพ,งานอวมงคล
644,นาฏศิลป์อนุรักษ์,การแสดงโขนเรื่องรามเกียรติ์ ตอน สุครีพถอนต้นรัง,กุมภกรรณ อนุชาของทศกัณฐ์ จำต้องยอมออกศึกตามคำสั่งของทศกัณฐ์ผู้เป็นเชษฐา เมื่อยกทัพมาพบสุครีพ นายทัพหน้าฝ่ายพลับพลา กุมภกรรณออกอุบายลวงสุครีพไปถอนต้นรังเพื่อหวังทอนกำลังสุครีพ โดยบอกว่าถ้าถอนได้ตนจะยอมถอยทัพ สุครีพก็ไปถอนต้นรัง ตามคำท้าจนเหนื่อยจุกหมดแรง กลับมาสู้ กุมภกรรณไม่ได้ หนุมานกับองคตต้องมาช่วยรุมทึ้งกุมภกรรณถึงเอาชนะได้,30,45," 60,000 ",การแสดงโขน - ละคร,งานฌาปนกิจศพ,งานอวมงคล
645,นาฏศิลป์อนุรักษ์,การแสดงโขนเรื่องรามเกียรติ์ ตอน สุครีพถอนต้นรัง,กุมภกรรณ อนุชาของทศกัณฐ์ จำต้องยอมออกศึกตามคำสั่งของทศกัณฐ์ผู้เป็นเชษฐา เมื่อยกทัพมาพบสุครีพ นายทัพหน้าฝ่ายพลับพลา กุมภกรรณออกอุบายลวงสุครีพไปถอนต้นรังเพื่อหวังทอนกำลังสุครีพ โดยบอกว่าถ้าถอนได้ตนจะยอมถอยทัพ สุครีพก็ไปถอนต้นรัง ตามคำท้าจนเหนื่อยจุกหมดแรง กลับมาสู้ กุมภกรรณไม่ได้ หนุมานกับองคตต้องมาช่วยรุมทึ้งกุมภกรรณถึงเอาชนะได้,30,45," 60,000 ",การแสดงโขน - ละคร,การเผยแพร่วัฒนธรรมในประเทศ,งานเผยแพร่วัฒนธรรม
646,นาฏศิลป์อนุรักษ์,การแสดงโขนเรื่องรามเกียรติ์ ตอน สุครีพถอนต้นรัง,กุมภกรรณ อนุชาของทศกัณฐ์ จำต้องยอมออกศึกตามคำสั่งของทศกัณฐ์ผู้เป็นเชษฐา เมื่อยกทัพมาพบสุครีพ นายทัพหน้าฝ่ายพลับพลา กุมภกรรณออกอุบายลวงสุครีพไปถอนต้นรังเพื่อหวังทอนกำลังสุครีพ โดยบอกว่าถ้าถอนได้ตนจะยอมถอยทัพ สุครีพก็ไปถอนต้นรัง ตามคำท้าจนเหนื่อยจุกหมดแรง กลับมาสู้ กุมภกรรณไม่ได้ หนุมานกับองคตต้องมาช่วยรุมทึ้งกุมภกรรณถึงเอาชนะได้,30,45," 60,000 ",การแสดงโขน - ละคร,การเผยแพร่วัฒนธรรมต่างประเทศ,งานเผยแพร่วัฒนธรรม
647,นาฏศิลป์อนุรักษ์,กินนรีร่อนออกมโนราห์บูชายัญ,"ระบำกินรีร่อน เป็นการแสดงชุดหนึ่งในการแสดงละครชาตรีเรื่อง มโนราห์ ลักษณะกระบวนท่ารำ
แสดงถึงอากัปกิริยาของนางกินรีพี่น้องทั้ง 7 นาง ที่ชักชวนกันบินร่อนลงเล่นน้ำที่สระอโนดาต",7,13," 14,000 ",การแสดง ระบำ รำ ฟ้อน,งานต้อนรับอาคันตุกะ,งานรัฐพิธี
648,นาฏศิลป์อนุรักษ์,กินนรีร่อนออกมโนราห์บูชายัญ,"ระบำกินรีร่อน เป็นการแสดงชุดหนึ่งในการแสดงละครชาตรีเรื่อง มโนราห์ ลักษณะกระบวนท่ารำ
แสดงถึงอากัปกิริยาของนางกินรีพี่น้องทั้ง 7 นาง ที่ชักชวนกันบินร่อนลงเล่นน้ำที่สระอโนดาต",7,13," 14,000 ",การแสดง ระบำ รำ ฟ้อน,งานบวงสรวง,งานมงคล
649,นาฏศิลป์อนุรักษ์,กินนรีร่อนออกมโนราห์บูชายัญ,"ระบำกินรีร่อน เป็นการแสดงชุดหนึ่งในการแสดงละครชาตรีเรื่อง มโนราห์ ลักษณะกระบวนท่ารำ
แสดงถึงอากัปกิริยาของนางกินรีพี่น้องทั้ง 7 นาง ที่ชักชวนกันบินร่อนลงเล่นน้ำที่สระอโนดาต",7,13," 14,000 ",การแสดง ระบำ รำ ฟ้อน,งานไหว้ครู,งานมงคล
650,นาฏศิลป์อนุรักษ์,กินนรีร่อนออกมโนราห์บูชายัญ,"ระบำกินรีร่อน เป็นการแสดงชุดหนึ่งในการแสดงละครชาตรีเรื่อง มโนราห์ ลักษณะกระบวนท่ารำ
แสดงถึงอากัปกิริยาของนางกินรีพี่น้องทั้ง 7 นาง ที่ชักชวนกันบินร่อนลงเล่นน้ำที่สระอโนดาต",7,13," 14,000 ",การแสดง ระบำ รำ ฟ้อน,งานสวดอภิธรรม,งานอวมงคล
651,นาฏศิลป์อนุรักษ์,กินนรีร่อนออกมโนราห์บูชายัญ,"ระบำกินรีร่อน เป็นการแสดงชุดหนึ่งในการแสดงละครชาตรีเรื่อง มโนราห์ ลักษณะกระบวนท่ารำ
แสดงถึงอากัปกิริยาของนางกินรีพี่น้องทั้ง 7 นาง ที่ชักชวนกันบินร่อนลงเล่นน้ำที่สระอโนดาต",7,13," 14,000 ",การแสดง ระบำ รำ ฟ้อน,งานพระราชทานเพลิงศพ,งานอวมงคล
652,นาฏศิลป์อนุรักษ์,กินนรีร่อนออกมโนราห์บูชายัญ,"ระบำกินรีร่อน เป็นการแสดงชุดหนึ่งในการแสดงละครชาตรีเรื่อง มโนราห์ ลักษณะกระบวนท่ารำ
แสดงถึงอากัปกิริยาของนางกินรีพี่น้องทั้ง 7 นาง ที่ชักชวนกันบินร่อนลงเล่นน้ำที่สระอโนดาต",7,13," 14,000 ",การแสดง ระบำ รำ ฟ้อน,งานฌาปนกิจศพ,งานอวมงคล
653,นาฏศิลป์อนุรักษ์,กินนรีร่อนออกมโนราห์บูชายัญ,"ระบำกินรีร่อน เป็นการแสดงชุดหนึ่งในการแสดงละครชาตรีเรื่อง มโนราห์ ลักษณะกระบวนท่ารำ
แสดงถึงอากัปกิริยาของนางกินรีพี่น้องทั้ง 7 นาง ที่ชักชวนกันบินร่อนลงเล่นน้ำที่สระอโนดาต",7,13," 14,000 ",การแสดง ระบำ รำ ฟ้อน,การเผยแพร่วัฒนธรรมในประเทศ,งานเผยแพร่วัฒนธรรม
654,นาฏศิลป์อนุรักษ์,กินนรีร่อนออกมโนราห์บูชายัญ,"ระบำกินรีร่อน เป็นการแสดงชุดหนึ่งในการแสดงละครชาตรีเรื่อง มโนราห์ ลักษณะกระบวนท่ารำ
แสดงถึงอากัปกิริยาของนางกินรีพี่น้องทั้ง 7 นาง ที่ชักชวนกันบินร่อนลงเล่นน้ำที่สระอโนดาต",7,13," 14,000 ",การแสดง ระบำ รำ ฟ้อน,การเผยแพร่วัฒนธรรมต่างประเทศ,งานเผยแพร่วัฒนธรรม
655,นาฏศิลป์อนุรักษ์,เมขลา รามสูร,"เมขลา รามสูร เป็นตัวละครที่ปรากฏในตำนานเทพนิยายของไทยมาแต่โบราณ
แสดงลีลาการไล่ติดตามระหว่างรามสูรกับนางเมขลา จากมูลเหตุที่นางเมขลา
เทพธิดาที่คอยชวยเหลือผู้คนในท้องทะเล เดินทางออกจากวิมานไปร่วมร่ายรํา
กับเหล่าเทวดานางฟ้าในช่วงวสันตฤดู (ฤดูฝน) พร้อมโยนดวงแก้วประจํากาย 
ให้เกิดแสงอย่างงดงาม ขณะเดียวกันรามสูรซึ่งเป็นอสูรเทพบุตรได้เหาะมาพบ
และเห็นแสงจากดวงแก้ว จึงไล่ติดตามเพื่อช่วงชิงดวงแก้วมาเป็นของตน ",2,13," 4,000 ",การแสดง ระบำ รำ ฟ้อน,งานบวงสรวง,งานมงคล
656,นาฏศิลป์อนุรักษ์,เมขลา รามสูร,"เมขลา รามสูร เป็นตัวละครที่ปรากฏในตำนานเทพนิยายของไทยมาแต่โบราณ
แสดงลีลาการไล่ติดตามระหว่างรามสูรกับนางเมขลา จากมูลเหตุที่นางเมขลา
เทพธิดาที่คอยชวยเหลือผู้คนในท้องทะเล เดินทางออกจากวิมานไปร่วมร่ายรํา
กับเหล่าเทวดานางฟ้าในช่วงวสันตฤดู (ฤดูฝน) พร้อมโยนดวงแก้วประจํากาย 
ให้เกิดแสงอย่างงดงาม ขณะเดียวกันรามสูรซึ่งเป็นอสูรเทพบุตรได้เหาะมาพบ
และเห็นแสงจากดวงแก้ว จึงไล่ติดตามเพื่อช่วงชิงดวงแก้วมาเป็นของตน ",2,13," 4,000 ",การแสดง ระบำ รำ ฟ้อน,งานไหว้ครู,งานมงคล
657,นาฏศิลป์อนุรักษ์,เมขลา รามสูร,"เมขลา รามสูร เป็นตัวละครที่ปรากฏในตำนานเทพนิยายของไทยมาแต่โบราณ
แสดงลีลาการไล่ติดตามระหว่างรามสูรกับนางเมขลา จากมูลเหตุที่นางเมขลา
เทพธิดาที่คอยชวยเหลือผู้คนในท้องทะเล เดินทางออกจากวิมานไปร่วมร่ายรํา
กับเหล่าเทวดานางฟ้าในช่วงวสันตฤดู (ฤดูฝน) พร้อมโยนดวงแก้วประจํากาย 
ให้เกิดแสงอย่างงดงาม ขณะเดียวกันรามสูรซึ่งเป็นอสูรเทพบุตรได้เหาะมาพบ
และเห็นแสงจากดวงแก้ว จึงไล่ติดตามเพื่อช่วงชิงดวงแก้วมาเป็นของตน ",2,13," 4,000 ",การแสดง ระบำ รำ ฟ้อน,งานสวดอภิธรรม,งานอวมงคล
658,นาฏศิลป์อนุรักษ์,เมขลา รามสูร,"เมขลา รามสูร เป็นตัวละครที่ปรากฏในตำนานเทพนิยายของไทยมาแต่โบราณ
แสดงลีลาการไล่ติดตามระหว่างรามสูรกับนางเมขลา จากมูลเหตุที่นางเมขลา
เทพธิดาที่คอยชวยเหลือผู้คนในท้องทะเล เดินทางออกจากวิมานไปร่วมร่ายรํา
กับเหล่าเทวดานางฟ้าในช่วงวสันตฤดู (ฤดูฝน) พร้อมโยนดวงแก้วประจํากาย 
ให้เกิดแสงอย่างงดงาม ขณะเดียวกันรามสูรซึ่งเป็นอสูรเทพบุตรได้เหาะมาพบ
และเห็นแสงจากดวงแก้ว จึงไล่ติดตามเพื่อช่วงชิงดวงแก้วมาเป็นของตน ",2,13," 4,000 ",การแสดง ระบำ รำ ฟ้อน,งานพระราชทานเพลิงศพ,งานอวมงคล
659,นาฏศิลป์อนุรักษ์,เมขลา รามสูร,"เมขลา รามสูร เป็นตัวละครที่ปรากฏในตำนานเทพนิยายของไทยมาแต่โบราณ
แสดงลีลาการไล่ติดตามระหว่างรามสูรกับนางเมขลา จากมูลเหตุที่นางเมขลา
เทพธิดาที่คอยชวยเหลือผู้คนในท้องทะเล เดินทางออกจากวิมานไปร่วมร่ายรํา
กับเหล่าเทวดานางฟ้าในช่วงวสันตฤดู (ฤดูฝน) พร้อมโยนดวงแก้วประจํากาย 
ให้เกิดแสงอย่างงดงาม ขณะเดียวกันรามสูรซึ่งเป็นอสูรเทพบุตรได้เหาะมาพบ
และเห็นแสงจากดวงแก้ว จึงไล่ติดตามเพื่อช่วงชิงดวงแก้วมาเป็นของตน ",2,13," 4,000 ",การแสดง ระบำ รำ ฟ้อน,งานฌาปนกิจศพ,งานอวมงคล
660,นาฏศิลป์อนุรักษ์,เมขลา รามสูร,"เมขลา รามสูร เป็นตัวละครที่ปรากฏในตำนานเทพนิยายของไทยมาแต่โบราณ
แสดงลีลาการไล่ติดตามระหว่างรามสูรกับนางเมขลา จากมูลเหตุที่นางเมขลา
เทพธิดาที่คอยชวยเหลือผู้คนในท้องทะเล เดินทางออกจากวิมานไปร่วมร่ายรํา
กับเหล่าเทวดานางฟ้าในช่วงวสันตฤดู (ฤดูฝน) พร้อมโยนดวงแก้วประจํากาย 
ให้เกิดแสงอย่างงดงาม ขณะเดียวกันรามสูรซึ่งเป็นอสูรเทพบุตรได้เหาะมาพบ
และเห็นแสงจากดวงแก้ว จึงไล่ติดตามเพื่อช่วงชิงดวงแก้วมาเป็นของตน ",2,13," 4,000 ",การแสดง ระบำ รำ ฟ้อน,การเผยแพร่วัฒนธรรมในประเทศ,งานเผยแพร่วัฒนธรรม
661,นาฏศิลป์อนุรักษ์,เมขลา รามสูร,"เมขลา รามสูร เป็นตัวละครที่ปรากฏในตำนานเทพนิยายของไทยมาแต่โบราณ
แสดงลีลาการไล่ติดตามระหว่างรามสูรกับนางเมขลา จากมูลเหตุที่นางเมขลา
เทพธิดาที่คอยชวยเหลือผู้คนในท้องทะเล เดินทางออกจากวิมานไปร่วมร่ายรํา
กับเหล่าเทวดานางฟ้าในช่วงวสันตฤดู (ฤดูฝน) พร้อมโยนดวงแก้วประจํากาย 
ให้เกิดแสงอย่างงดงาม ขณะเดียวกันรามสูรซึ่งเป็นอสูรเทพบุตรได้เหาะมาพบ
และเห็นแสงจากดวงแก้ว จึงไล่ติดตามเพื่อช่วงชิงดวงแก้วมาเป็นของตน ",2,13," 4,000 ",การแสดง ระบำ รำ ฟ้อน,การเผยแพร่วัฒนธรรมต่างประเทศ,งานเผยแพร่วัฒนธรรม
662,นาฏศิลป์อนุรักษ์,รจนาเสี่ยงพวงมาลัย,"เป็นการแสดงที่มีลักษณะพิเศษตอนหนึ่ง ในบทละครเรื่องสังข์ทอง ซึ่งมีพระสังข์เป็นพระเอก และรจนา เป็นนางเอก ในตอนรจนาเสี่ยงพวงมาลัยนี้มีชื่อเรื่องว่า พระสังข์ซึ่งตัวจริง รูปร่างสวยงาม ผิวเป็นทองทั้งตัว แต่แกล้งปลอมแปลงตัวโดยเอารูปเงาะเข้าสวมใส่แล้วแกล้งทำเป็นบ้าใบ้ พระสังข์ในตอนนี้จึงถูกเรียบตามรูปนอกว่า “เจ้าเงาะ” แล้วถูกพามาให้เจ้ารจนา ซึ่งเป็นเจ้าหญิงเลือกคู่ เนื่องจากเป็นบุปเพสันนิวาส 
นางรจนาจึงมองเห็นรูปทองข้างในของเจ้าเงาะ แล้วทิ้งพวงมาลัยให้เพื่อเลือกพระสังข์ คือเจ้าเงาะปลอม เป็นสวามี",2,10," 4,000 ",การแสดงโขน - ละคร,งานแต่งงาน,งานมงคล
663,นาฏศิลป์อนุรักษ์,รจนาเสี่ยงพวงมาลัย,"เป็นการแสดงที่มีลักษณะพิเศษตอนหนึ่ง ในบทละครเรื่องสังข์ทอง ซึ่งมีพระสังข์เป็นพระเอก และรจนา เป็นนางเอก ในตอนรจนาเสี่ยงพวงมาลัยนี้มีชื่อเรื่องว่า พระสังข์ซึ่งตัวจริง รูปร่างสวยงาม ผิวเป็นทองทั้งตัว แต่แกล้งปลอมแปลงตัวโดยเอารูปเงาะเข้าสวมใส่แล้วแกล้งทำเป็นบ้าใบ้ พระสังข์ในตอนนี้จึงถูกเรียบตามรูปนอกว่า “เจ้าเงาะ” แล้วถูกพามาให้เจ้ารจนา ซึ่งเป็นเจ้าหญิงเลือกคู่ เนื่องจากเป็นบุปเพสันนิวาส 
นางรจนาจึงมองเห็นรูปทองข้างในของเจ้าเงาะ แล้วทิ้งพวงมาลัยให้เพื่อเลือกพระสังข์ คือเจ้าเงาะปลอม เป็นสวามี",2,10," 4,000 ",การแสดงโขน - ละคร,งานสวดอภิธรรม,งานอวมงคล
664,นาฏศิลป์อนุรักษ์,รจนาเสี่ยงพวงมาลัย,"เป็นการแสดงที่มีลักษณะพิเศษตอนหนึ่ง ในบทละครเรื่องสังข์ทอง ซึ่งมีพระสังข์เป็นพระเอก และรจนา เป็นนางเอก ในตอนรจนาเสี่ยงพวงมาลัยนี้มีชื่อเรื่องว่า พระสังข์ซึ่งตัวจริง รูปร่างสวยงาม ผิวเป็นทองทั้งตัว แต่แกล้งปลอมแปลงตัวโดยเอารูปเงาะเข้าสวมใส่แล้วแกล้งทำเป็นบ้าใบ้ พระสังข์ในตอนนี้จึงถูกเรียบตามรูปนอกว่า “เจ้าเงาะ” แล้วถูกพามาให้เจ้ารจนา ซึ่งเป็นเจ้าหญิงเลือกคู่ เนื่องจากเป็นบุปเพสันนิวาส 
นางรจนาจึงมองเห็นรูปทองข้างในของเจ้าเงาะ แล้วทิ้งพวงมาลัยให้เพื่อเลือกพระสังข์ คือเจ้าเงาะปลอม เป็นสวามี",2,10," 4,000 ",การแสดงโขน - ละคร,งานพระราชทานเพลิงศพ,งานอวมงคล
665,นาฏศิลป์อนุรักษ์,รจนาเสี่ยงพวงมาลัย,"เป็นการแสดงที่มีลักษณะพิเศษตอนหนึ่ง ในบทละครเรื่องสังข์ทอง ซึ่งมีพระสังข์เป็นพระเอก และรจนา เป็นนางเอก ในตอนรจนาเสี่ยงพวงมาลัยนี้มีชื่อเรื่องว่า พระสังข์ซึ่งตัวจริง รูปร่างสวยงาม ผิวเป็นทองทั้งตัว แต่แกล้งปลอมแปลงตัวโดยเอารูปเงาะเข้าสวมใส่แล้วแกล้งทำเป็นบ้าใบ้ พระสังข์ในตอนนี้จึงถูกเรียบตามรูปนอกว่า “เจ้าเงาะ” แล้วถูกพามาให้เจ้ารจนา ซึ่งเป็นเจ้าหญิงเลือกคู่ เนื่องจากเป็นบุปเพสันนิวาส 
นางรจนาจึงมองเห็นรูปทองข้างในของเจ้าเงาะ แล้วทิ้งพวงมาลัยให้เพื่อเลือกพระสังข์ คือเจ้าเงาะปลอม เป็นสวามี",2,10," 4,000 ",การแสดงโขน - ละคร,งานฌาปนกิจศพ,งานอวมงคล
666,นาฏศิลป์อนุรักษ์,รจนาเสี่ยงพวงมาลัย,"เป็นการแสดงที่มีลักษณะพิเศษตอนหนึ่ง ในบทละครเรื่องสังข์ทอง ซึ่งมีพระสังข์เป็นพระเอก และรจนา เป็นนางเอก ในตอนรจนาเสี่ยงพวงมาลัยนี้มีชื่อเรื่องว่า พระสังข์ซึ่งตัวจริง รูปร่างสวยงาม ผิวเป็นทองทั้งตัว แต่แกล้งปลอมแปลงตัวโดยเอารูปเงาะเข้าสวมใส่แล้วแกล้งทำเป็นบ้าใบ้ พระสังข์ในตอนนี้จึงถูกเรียบตามรูปนอกว่า “เจ้าเงาะ” แล้วถูกพามาให้เจ้ารจนา ซึ่งเป็นเจ้าหญิงเลือกคู่ เนื่องจากเป็นบุปเพสันนิวาส 
นางรจนาจึงมองเห็นรูปทองข้างในของเจ้าเงาะ แล้วทิ้งพวงมาลัยให้เพื่อเลือกพระสังข์ คือเจ้าเงาะปลอม เป็นสวามี",2,10," 4,000 ",การแสดงโขน - ละคร,การเผยแพร่วัฒนธรรมในประเทศ,งานเผยแพร่วัฒนธรรม
667,นาฏศิลป์อนุรักษ์,ระบำกรับ,"ระบำกรับ เป็นระบำที่ใช้กรับพวงประกอบการแสดง 
ซึ่ง ""กรับพวง"" เป็นเครื่องดนตรีไทยชนิดหนึ่ง โดยผู้แสดงใช้มือขวา ถือกรับพวง ตีกระทบส่วนต่าง ๆ ของร่างกาย เช่น ฝ่ามือ ไหล่ ต้นขา เป็นต้น ร่ายรำตามท่วงทำนองและจังหวะของเพลงที่มีทั้งช้าและเร็ว",2,10," 4,000 ",การแสดง ระบำ รำ ฟ้อน,งานต้อนรับอาคันตุกะ,งานรัฐพิธี
668,นาฏศิลป์อนุรักษ์,ระบำกรับ,"ระบำกรับ เป็นระบำที่ใช้กรับพวงประกอบการแสดง 
ซึ่ง ""กรับพวง"" เป็นเครื่องดนตรีไทยชนิดหนึ่ง โดยผู้แสดงใช้มือขวา ถือกรับพวง ตีกระทบส่วนต่าง ๆ ของร่างกาย เช่น ฝ่ามือ ไหล่ ต้นขา เป็นต้น ร่ายรำตามท่วงทำนองและจังหวะของเพลงที่มีทั้งช้าและเร็ว",2,10," 4,000 ",การแสดง ระบำ รำ ฟ้อน,งานเฉลิมพระชนมพรรษาพระบรมวงศานุวงศ์,งานราชพิธี
669,นาฏศิลป์อนุรักษ์,ระบำกรับ,"ระบำกรับ เป็นระบำที่ใช้กรับพวงประกอบการแสดง 
ซึ่ง ""กรับพวง"" เป็นเครื่องดนตรีไทยชนิดหนึ่ง โดยผู้แสดงใช้มือขวา ถือกรับพวง ตีกระทบส่วนต่าง ๆ ของร่างกาย เช่น ฝ่ามือ ไหล่ ต้นขา เป็นต้น ร่ายรำตามท่วงทำนองและจังหวะของเพลงที่มีทั้งช้าและเร็ว",2,10," 4,000 ",การแสดง ระบำ รำ ฟ้อน,งานทำบุญ,งานมงคล
670,นาฏศิลป์อนุรักษ์,ระบำกรับ,"ระบำกรับ เป็นระบำที่ใช้กรับพวงประกอบการแสดง 
ซึ่ง ""กรับพวง"" เป็นเครื่องดนตรีไทยชนิดหนึ่ง โดยผู้แสดงใช้มือขวา ถือกรับพวง ตีกระทบส่วนต่าง ๆ ของร่างกาย เช่น ฝ่ามือ ไหล่ ต้นขา เป็นต้น ร่ายรำตามท่วงทำนองและจังหวะของเพลงที่มีทั้งช้าและเร็ว",2,10," 4,000 ",การแสดง ระบำ รำ ฟ้อน,งานวันเกิด,งานมงคล
671,นาฏศิลป์อนุรักษ์,ระบำกรับ,"ระบำกรับ เป็นระบำที่ใช้กรับพวงประกอบการแสดง 
ซึ่ง ""กรับพวง"" เป็นเครื่องดนตรีไทยชนิดหนึ่ง โดยผู้แสดงใช้มือขวา ถือกรับพวง ตีกระทบส่วนต่าง ๆ ของร่างกาย เช่น ฝ่ามือ ไหล่ ต้นขา เป็นต้น ร่ายรำตามท่วงทำนองและจังหวะของเพลงที่มีทั้งช้าและเร็ว",2,10," 4,000 ",การแสดง ระบำ รำ ฟ้อน,งานแต่งงาน,งานมงคล
672,นาฏศิลป์อนุรักษ์,ระบำกรับ,"ระบำกรับ เป็นระบำที่ใช้กรับพวงประกอบการแสดง 
ซึ่ง ""กรับพวง"" เป็นเครื่องดนตรีไทยชนิดหนึ่ง โดยผู้แสดงใช้มือขวา ถือกรับพวง ตีกระทบส่วนต่าง ๆ ของร่างกาย เช่น ฝ่ามือ ไหล่ ต้นขา เป็นต้น ร่ายรำตามท่วงทำนองและจังหวะของเพลงที่มีทั้งช้าและเร็ว",2,10," 4,000 ",การแสดง ระบำ รำ ฟ้อน,งานขึ้นบ้านใหม่,งานมงคล
673,นาฏศิลป์อนุรักษ์,ระบำกรับ,"ระบำกรับ เป็นระบำที่ใช้กรับพวงประกอบการแสดง 
ซึ่ง ""กรับพวง"" เป็นเครื่องดนตรีไทยชนิดหนึ่ง โดยผู้แสดงใช้มือขวา ถือกรับพวง ตีกระทบส่วนต่าง ๆ ของร่างกาย เช่น ฝ่ามือ ไหล่ ต้นขา เป็นต้น ร่ายรำตามท่วงทำนองและจังหวะของเพลงที่มีทั้งช้าและเร็ว",2,10," 4,000 ",การแสดง ระบำ รำ ฟ้อน,งานเปิดบริษัท,งานมงคล
674,นาฏศิลป์อนุรักษ์,ระบำกรับ,"ระบำกรับ เป็นระบำที่ใช้กรับพวงประกอบการแสดง 
ซึ่ง ""กรับพวง"" เป็นเครื่องดนตรีไทยชนิดหนึ่ง โดยผู้แสดงใช้มือขวา ถือกรับพวง ตีกระทบส่วนต่าง ๆ ของร่างกาย เช่น ฝ่ามือ ไหล่ ต้นขา เป็นต้น ร่ายรำตามท่วงทำนองและจังหวะของเพลงที่มีทั้งช้าและเร็ว",2,10," 4,000 ",การแสดง ระบำ รำ ฟ้อน,วันสงกรานต์,งานเทศกาล
675,นาฏศิลป์อนุรักษ์,ระบำกรับ,"ระบำกรับ เป็นระบำที่ใช้กรับพวงประกอบการแสดง 
ซึ่ง ""กรับพวง"" เป็นเครื่องดนตรีไทยชนิดหนึ่ง โดยผู้แสดงใช้มือขวา ถือกรับพวง ตีกระทบส่วนต่าง ๆ ของร่างกาย เช่น ฝ่ามือ ไหล่ ต้นขา เป็นต้น ร่ายรำตามท่วงทำนองและจังหวะของเพลงที่มีทั้งช้าและเร็ว",2,10," 4,000 ",การแสดง ระบำ รำ ฟ้อน,วันขึ้นปีใหม่,งานเทศกาล
676,นาฏศิลป์อนุรักษ์,ระบำกรับ,"ระบำกรับ เป็นระบำที่ใช้กรับพวงประกอบการแสดง 
ซึ่ง ""กรับพวง"" เป็นเครื่องดนตรีไทยชนิดหนึ่ง โดยผู้แสดงใช้มือขวา ถือกรับพวง ตีกระทบส่วนต่าง ๆ ของร่างกาย เช่น ฝ่ามือ ไหล่ ต้นขา เป็นต้น ร่ายรำตามท่วงทำนองและจังหวะของเพลงที่มีทั้งช้าและเร็ว",2,10," 4,000 ",การแสดง ระบำ รำ ฟ้อน,วันลอยกระทง,งานเทศกาล
677,นาฏศิลป์อนุรักษ์,ระบำกรับ,"ระบำกรับ เป็นระบำที่ใช้กรับพวงประกอบการแสดง 
ซึ่ง ""กรับพวง"" เป็นเครื่องดนตรีไทยชนิดหนึ่ง โดยผู้แสดงใช้มือขวา ถือกรับพวง ตีกระทบส่วนต่าง ๆ ของร่างกาย เช่น ฝ่ามือ ไหล่ ต้นขา เป็นต้น ร่ายรำตามท่วงทำนองและจังหวะของเพลงที่มีทั้งช้าและเร็ว",2,10," 4,000 ",การแสดง ระบำ รำ ฟ้อน,การเผยแพร่วัฒนธรรมในประเทศ,งานเผยแพร่วัฒนธรรม
678,นาฏศิลป์อนุรักษ์,ระบำกรับ,"ระบำกรับ เป็นระบำที่ใช้กรับพวงประกอบการแสดง 
ซึ่ง ""กรับพวง"" เป็นเครื่องดนตรีไทยชนิดหนึ่ง โดยผู้แสดงใช้มือขวา ถือกรับพวง ตีกระทบส่วนต่าง ๆ ของร่างกาย เช่น ฝ่ามือ ไหล่ ต้นขา เป็นต้น ร่ายรำตามท่วงทำนองและจังหวะของเพลงที่มีทั้งช้าและเร็ว",2,10," 4,000 ",การแสดง ระบำ รำ ฟ้อน,การเผยแพร่วัฒนธรรมต่างประเทศ,งานเผยแพร่วัฒนธรรม
679,นาฏศิลป์อนุรักษ์,ระบำกรับ,"ระบำกรับ เป็นระบำที่ใช้กรับพวงประกอบการแสดง 
ซึ่ง ""กรับพวง"" เป็นเครื่องดนตรีไทยชนิดหนึ่ง โดยผู้แสดงใช้มือขวา ถือกรับพวง ตีกระทบส่วนต่าง ๆ ของร่างกาย เช่น ฝ่ามือ ไหล่ ต้นขา เป็นต้น ร่ายรำตามท่วงทำนองและจังหวะของเพลงที่มีทั้งช้าและเร็ว",2,10," 4,000 ",การแสดง ระบำ รำ ฟ้อน,งานสวดมนต์ข้ามปี,งานวันสำคัญทางศาสนา
680,นาฏศิลป์อนุรักษ์,ระบำกฤดาภินิหาร,"การแสดงชุดนี้อยู่ในตอนท้ายเรื่องเกียรติศักดิ์ไทย อันเป็นการร่ายรําของเหล่าเทวดานางฟ้า
ที่ได้ทราบถึงความเจริญรุ่งเรืองยิ่งใหญ่ของชาติไทย จึงเกิดความปิติยินดีชื่นชมโสมนัส ต่างพากันมาอวยชัยให้
พร ผู้แต่งบทร้องคือ นางสุดา บุษปฤกษ์ ผู้ประดิษฐ์ท่ารําคือ นางลมุล ยมะคุปต์ และนางศุภลักษณ์ ภัทรนาวิก
(หม่อมครูต่วน) ผู้เชี่ยวชาญการสอนนาฏศิลป์ไทย กรมศิลปากร ด้วยความหมายอันเป็นมงคลของระบําชุดนี้
ต่อมาจึงนําออกแสดงในระบําชุดเอกเทศ มักใช้วงปี่พาทย์ไม้นวมในการบรรเลง แต่บางโอกาสก็คงใช้วงดุริยางค์
สากลบรรเลงอยู่ การแสดงระบําชุดนี้ยังเป็นที่นิยมแสดงกันอย่างแพร่หลาย",4,6," 8,000 ",การแสดง ระบำ รำ ฟ้อน,งานต้อนรับอาคันตุกะ,งานรัฐพิธี
681,นาฏศิลป์อนุรักษ์,ระบำกฤดาภินิหาร,"การแสดงชุดนี้อยู่ในตอนท้ายเรื่องเกียรติศักดิ์ไทย อันเป็นการร่ายรําของเหล่าเทวดานางฟ้า
ที่ได้ทราบถึงความเจริญรุ่งเรืองยิ่งใหญ่ของชาติไทย จึงเกิดความปิติยินดีชื่นชมโสมนัส ต่างพากันมาอวยชัยให้
พร ผู้แต่งบทร้องคือ นางสุดา บุษปฤกษ์ ผู้ประดิษฐ์ท่ารําคือ นางลมุล ยมะคุปต์ และนางศุภลักษณ์ ภัทรนาวิก
(หม่อมครูต่วน) ผู้เชี่ยวชาญการสอนนาฏศิลป์ไทย กรมศิลปากร ด้วยความหมายอันเป็นมงคลของระบําชุดนี้
ต่อมาจึงนําออกแสดงในระบําชุดเอกเทศ มักใช้วงปี่พาทย์ไม้นวมในการบรรเลง แต่บางโอกาสก็คงใช้วงดุริยางค์
สากลบรรเลงอยู่ การแสดงระบําชุดนี้ยังเป็นที่นิยมแสดงกันอย่างแพร่หลาย",4,6," 8,000 ",การแสดง ระบำ รำ ฟ้อน,งานสโมสรสันนิบาต,งานรัฐพิธี
682,นาฏศิลป์อนุรักษ์,ระบำกฤดาภินิหาร,"การแสดงชุดนี้อยู่ในตอนท้ายเรื่องเกียรติศักดิ์ไทย อันเป็นการร่ายรําของเหล่าเทวดานางฟ้า
ที่ได้ทราบถึงความเจริญรุ่งเรืองยิ่งใหญ่ของชาติไทย จึงเกิดความปิติยินดีชื่นชมโสมนัส ต่างพากันมาอวยชัยให้
พร ผู้แต่งบทร้องคือ นางสุดา บุษปฤกษ์ ผู้ประดิษฐ์ท่ารําคือ นางลมุล ยมะคุปต์ และนางศุภลักษณ์ ภัทรนาวิก
(หม่อมครูต่วน) ผู้เชี่ยวชาญการสอนนาฏศิลป์ไทย กรมศิลปากร ด้วยความหมายอันเป็นมงคลของระบําชุดนี้
ต่อมาจึงนําออกแสดงในระบําชุดเอกเทศ มักใช้วงปี่พาทย์ไม้นวมในการบรรเลง แต่บางโอกาสก็คงใช้วงดุริยางค์
สากลบรรเลงอยู่ การแสดงระบําชุดนี้ยังเป็นที่นิยมแสดงกันอย่างแพร่หลาย",4,6," 8,000 ",การแสดง ระบำ รำ ฟ้อน,งานเฉลิมพระชนมพรรษาพระบรมวงศานุวงศ์,งานราชพิธี
683,นาฏศิลป์อนุรักษ์,ระบำกฤดาภินิหาร,"การแสดงชุดนี้อยู่ในตอนท้ายเรื่องเกียรติศักดิ์ไทย อันเป็นการร่ายรําของเหล่าเทวดานางฟ้า
ที่ได้ทราบถึงความเจริญรุ่งเรืองยิ่งใหญ่ของชาติไทย จึงเกิดความปิติยินดีชื่นชมโสมนัส ต่างพากันมาอวยชัยให้
พร ผู้แต่งบทร้องคือ นางสุดา บุษปฤกษ์ ผู้ประดิษฐ์ท่ารําคือ นางลมุล ยมะคุปต์ และนางศุภลักษณ์ ภัทรนาวิก
(หม่อมครูต่วน) ผู้เชี่ยวชาญการสอนนาฏศิลป์ไทย กรมศิลปากร ด้วยความหมายอันเป็นมงคลของระบําชุดนี้
ต่อมาจึงนําออกแสดงในระบําชุดเอกเทศ มักใช้วงปี่พาทย์ไม้นวมในการบรรเลง แต่บางโอกาสก็คงใช้วงดุริยางค์
สากลบรรเลงอยู่ การแสดงระบําชุดนี้ยังเป็นที่นิยมแสดงกันอย่างแพร่หลาย",4,6," 8,000 ",การแสดง ระบำ รำ ฟ้อน,งานทำบุญ,งานมงคล
684,นาฏศิลป์อนุรักษ์,ระบำกฤดาภินิหาร,"การแสดงชุดนี้อยู่ในตอนท้ายเรื่องเกียรติศักดิ์ไทย อันเป็นการร่ายรําของเหล่าเทวดานางฟ้า
ที่ได้ทราบถึงความเจริญรุ่งเรืองยิ่งใหญ่ของชาติไทย จึงเกิดความปิติยินดีชื่นชมโสมนัส ต่างพากันมาอวยชัยให้
พร ผู้แต่งบทร้องคือ นางสุดา บุษปฤกษ์ ผู้ประดิษฐ์ท่ารําคือ นางลมุล ยมะคุปต์ และนางศุภลักษณ์ ภัทรนาวิก
(หม่อมครูต่วน) ผู้เชี่ยวชาญการสอนนาฏศิลป์ไทย กรมศิลปากร ด้วยความหมายอันเป็นมงคลของระบําชุดนี้
ต่อมาจึงนําออกแสดงในระบําชุดเอกเทศ มักใช้วงปี่พาทย์ไม้นวมในการบรรเลง แต่บางโอกาสก็คงใช้วงดุริยางค์
สากลบรรเลงอยู่ การแสดงระบําชุดนี้ยังเป็นที่นิยมแสดงกันอย่างแพร่หลาย",4,6," 8,000 ",การแสดง ระบำ รำ ฟ้อน,งานวันเกิด,งานมงคล
685,นาฏศิลป์อนุรักษ์,ระบำกฤดาภินิหาร,"การแสดงชุดนี้อยู่ในตอนท้ายเรื่องเกียรติศักดิ์ไทย อันเป็นการร่ายรําของเหล่าเทวดานางฟ้า
ที่ได้ทราบถึงความเจริญรุ่งเรืองยิ่งใหญ่ของชาติไทย จึงเกิดความปิติยินดีชื่นชมโสมนัส ต่างพากันมาอวยชัยให้
พร ผู้แต่งบทร้องคือ นางสุดา บุษปฤกษ์ ผู้ประดิษฐ์ท่ารําคือ นางลมุล ยมะคุปต์ และนางศุภลักษณ์ ภัทรนาวิก
(หม่อมครูต่วน) ผู้เชี่ยวชาญการสอนนาฏศิลป์ไทย กรมศิลปากร ด้วยความหมายอันเป็นมงคลของระบําชุดนี้
ต่อมาจึงนําออกแสดงในระบําชุดเอกเทศ มักใช้วงปี่พาทย์ไม้นวมในการบรรเลง แต่บางโอกาสก็คงใช้วงดุริยางค์
สากลบรรเลงอยู่ การแสดงระบําชุดนี้ยังเป็นที่นิยมแสดงกันอย่างแพร่หลาย",4,6," 8,000 ",การแสดง ระบำ รำ ฟ้อน,งานแต่งงาน,งานมงคล
686,นาฏศิลป์อนุรักษ์,ระบำกฤดาภินิหาร,"การแสดงชุดนี้อยู่ในตอนท้ายเรื่องเกียรติศักดิ์ไทย อันเป็นการร่ายรําของเหล่าเทวดานางฟ้า
ที่ได้ทราบถึงความเจริญรุ่งเรืองยิ่งใหญ่ของชาติไทย จึงเกิดความปิติยินดีชื่นชมโสมนัส ต่างพากันมาอวยชัยให้
พร ผู้แต่งบทร้องคือ นางสุดา บุษปฤกษ์ ผู้ประดิษฐ์ท่ารําคือ นางลมุล ยมะคุปต์ และนางศุภลักษณ์ ภัทรนาวิก
(หม่อมครูต่วน) ผู้เชี่ยวชาญการสอนนาฏศิลป์ไทย กรมศิลปากร ด้วยความหมายอันเป็นมงคลของระบําชุดนี้
ต่อมาจึงนําออกแสดงในระบําชุดเอกเทศ มักใช้วงปี่พาทย์ไม้นวมในการบรรเลง แต่บางโอกาสก็คงใช้วงดุริยางค์
สากลบรรเลงอยู่ การแสดงระบําชุดนี้ยังเป็นที่นิยมแสดงกันอย่างแพร่หลาย",4,6," 8,000 ",การแสดง ระบำ รำ ฟ้อน,งานขึ้นบ้านใหม่,งานมงคล
687,นาฏศิลป์อนุรักษ์,ระบำกฤดาภินิหาร,"การแสดงชุดนี้อยู่ในตอนท้ายเรื่องเกียรติศักดิ์ไทย อันเป็นการร่ายรําของเหล่าเทวดานางฟ้า
ที่ได้ทราบถึงความเจริญรุ่งเรืองยิ่งใหญ่ของชาติไทย จึงเกิดความปิติยินดีชื่นชมโสมนัส ต่างพากันมาอวยชัยให้
พร ผู้แต่งบทร้องคือ นางสุดา บุษปฤกษ์ ผู้ประดิษฐ์ท่ารําคือ นางลมุล ยมะคุปต์ และนางศุภลักษณ์ ภัทรนาวิก
(หม่อมครูต่วน) ผู้เชี่ยวชาญการสอนนาฏศิลป์ไทย กรมศิลปากร ด้วยความหมายอันเป็นมงคลของระบําชุดนี้
ต่อมาจึงนําออกแสดงในระบําชุดเอกเทศ มักใช้วงปี่พาทย์ไม้นวมในการบรรเลง แต่บางโอกาสก็คงใช้วงดุริยางค์
สากลบรรเลงอยู่ การแสดงระบําชุดนี้ยังเป็นที่นิยมแสดงกันอย่างแพร่หลาย",4,6," 8,000 ",การแสดง ระบำ รำ ฟ้อน,งานเปิดบริษัท,งานมงคล
688,นาฏศิลป์อนุรักษ์,ระบำกฤดาภินิหาร,"การแสดงชุดนี้อยู่ในตอนท้ายเรื่องเกียรติศักดิ์ไทย อันเป็นการร่ายรําของเหล่าเทวดานางฟ้า
ที่ได้ทราบถึงความเจริญรุ่งเรืองยิ่งใหญ่ของชาติไทย จึงเกิดความปิติยินดีชื่นชมโสมนัส ต่างพากันมาอวยชัยให้
พร ผู้แต่งบทร้องคือ นางสุดา บุษปฤกษ์ ผู้ประดิษฐ์ท่ารําคือ นางลมุล ยมะคุปต์ และนางศุภลักษณ์ ภัทรนาวิก
(หม่อมครูต่วน) ผู้เชี่ยวชาญการสอนนาฏศิลป์ไทย กรมศิลปากร ด้วยความหมายอันเป็นมงคลของระบําชุดนี้
ต่อมาจึงนําออกแสดงในระบําชุดเอกเทศ มักใช้วงปี่พาทย์ไม้นวมในการบรรเลง แต่บางโอกาสก็คงใช้วงดุริยางค์
สากลบรรเลงอยู่ การแสดงระบําชุดนี้ยังเป็นที่นิยมแสดงกันอย่างแพร่หลาย",4,6," 8,000 ",การแสดง ระบำ รำ ฟ้อน,งานบวงสรวง,งานมงคล
689,นาฏศิลป์อนุรักษ์,ระบำกฤดาภินิหาร,"การแสดงชุดนี้อยู่ในตอนท้ายเรื่องเกียรติศักดิ์ไทย อันเป็นการร่ายรําของเหล่าเทวดานางฟ้า
ที่ได้ทราบถึงความเจริญรุ่งเรืองยิ่งใหญ่ของชาติไทย จึงเกิดความปิติยินดีชื่นชมโสมนัส ต่างพากันมาอวยชัยให้
พร ผู้แต่งบทร้องคือ นางสุดา บุษปฤกษ์ ผู้ประดิษฐ์ท่ารําคือ นางลมุล ยมะคุปต์ และนางศุภลักษณ์ ภัทรนาวิก
(หม่อมครูต่วน) ผู้เชี่ยวชาญการสอนนาฏศิลป์ไทย กรมศิลปากร ด้วยความหมายอันเป็นมงคลของระบําชุดนี้
ต่อมาจึงนําออกแสดงในระบําชุดเอกเทศ มักใช้วงปี่พาทย์ไม้นวมในการบรรเลง แต่บางโอกาสก็คงใช้วงดุริยางค์
สากลบรรเลงอยู่ การแสดงระบําชุดนี้ยังเป็นที่นิยมแสดงกันอย่างแพร่หลาย",4,6," 8,000 ",การแสดง ระบำ รำ ฟ้อน,งานไหว้ครู,งานมงคล
690,นาฏศิลป์อนุรักษ์,ระบำกฤดาภินิหาร,"การแสดงชุดนี้อยู่ในตอนท้ายเรื่องเกียรติศักดิ์ไทย อันเป็นการร่ายรําของเหล่าเทวดานางฟ้า
ที่ได้ทราบถึงความเจริญรุ่งเรืองยิ่งใหญ่ของชาติไทย จึงเกิดความปิติยินดีชื่นชมโสมนัส ต่างพากันมาอวยชัยให้
พร ผู้แต่งบทร้องคือ นางสุดา บุษปฤกษ์ ผู้ประดิษฐ์ท่ารําคือ นางลมุล ยมะคุปต์ และนางศุภลักษณ์ ภัทรนาวิก
(หม่อมครูต่วน) ผู้เชี่ยวชาญการสอนนาฏศิลป์ไทย กรมศิลปากร ด้วยความหมายอันเป็นมงคลของระบําชุดนี้
ต่อมาจึงนําออกแสดงในระบําชุดเอกเทศ มักใช้วงปี่พาทย์ไม้นวมในการบรรเลง แต่บางโอกาสก็คงใช้วงดุริยางค์
สากลบรรเลงอยู่ การแสดงระบําชุดนี้ยังเป็นที่นิยมแสดงกันอย่างแพร่หลาย",4,6," 8,000 ",การแสดง ระบำ รำ ฟ้อน,วันสงกรานต์,งานเทศกาล
691,นาฏศิลป์อนุรักษ์,ระบำกฤดาภินิหาร,"การแสดงชุดนี้อยู่ในตอนท้ายเรื่องเกียรติศักดิ์ไทย อันเป็นการร่ายรําของเหล่าเทวดานางฟ้า
ที่ได้ทราบถึงความเจริญรุ่งเรืองยิ่งใหญ่ของชาติไทย จึงเกิดความปิติยินดีชื่นชมโสมนัส ต่างพากันมาอวยชัยให้
พร ผู้แต่งบทร้องคือ นางสุดา บุษปฤกษ์ ผู้ประดิษฐ์ท่ารําคือ นางลมุล ยมะคุปต์ และนางศุภลักษณ์ ภัทรนาวิก
(หม่อมครูต่วน) ผู้เชี่ยวชาญการสอนนาฏศิลป์ไทย กรมศิลปากร ด้วยความหมายอันเป็นมงคลของระบําชุดนี้
ต่อมาจึงนําออกแสดงในระบําชุดเอกเทศ มักใช้วงปี่พาทย์ไม้นวมในการบรรเลง แต่บางโอกาสก็คงใช้วงดุริยางค์
สากลบรรเลงอยู่ การแสดงระบําชุดนี้ยังเป็นที่นิยมแสดงกันอย่างแพร่หลาย",4,6," 8,000 ",การแสดง ระบำ รำ ฟ้อน,วันขึ้นปีใหม่,งานเทศกาล
692,นาฏศิลป์อนุรักษ์,ระบำกฤดาภินิหาร,"การแสดงชุดนี้อยู่ในตอนท้ายเรื่องเกียรติศักดิ์ไทย อันเป็นการร่ายรําของเหล่าเทวดานางฟ้า
ที่ได้ทราบถึงความเจริญรุ่งเรืองยิ่งใหญ่ของชาติไทย จึงเกิดความปิติยินดีชื่นชมโสมนัส ต่างพากันมาอวยชัยให้
พร ผู้แต่งบทร้องคือ นางสุดา บุษปฤกษ์ ผู้ประดิษฐ์ท่ารําคือ นางลมุล ยมะคุปต์ และนางศุภลักษณ์ ภัทรนาวิก
(หม่อมครูต่วน) ผู้เชี่ยวชาญการสอนนาฏศิลป์ไทย กรมศิลปากร ด้วยความหมายอันเป็นมงคลของระบําชุดนี้
ต่อมาจึงนําออกแสดงในระบําชุดเอกเทศ มักใช้วงปี่พาทย์ไม้นวมในการบรรเลง แต่บางโอกาสก็คงใช้วงดุริยางค์
สากลบรรเลงอยู่ การแสดงระบําชุดนี้ยังเป็นที่นิยมแสดงกันอย่างแพร่หลาย",4,6," 8,000 ",การแสดง ระบำ รำ ฟ้อน,วันตรุษจีน,งานเทศกาล
693,นาฏศิลป์อนุรักษ์,ระบำกฤดาภินิหาร,"การแสดงชุดนี้อยู่ในตอนท้ายเรื่องเกียรติศักดิ์ไทย อันเป็นการร่ายรําของเหล่าเทวดานางฟ้า
ที่ได้ทราบถึงความเจริญรุ่งเรืองยิ่งใหญ่ของชาติไทย จึงเกิดความปิติยินดีชื่นชมโสมนัส ต่างพากันมาอวยชัยให้
พร ผู้แต่งบทร้องคือ นางสุดา บุษปฤกษ์ ผู้ประดิษฐ์ท่ารําคือ นางลมุล ยมะคุปต์ และนางศุภลักษณ์ ภัทรนาวิก
(หม่อมครูต่วน) ผู้เชี่ยวชาญการสอนนาฏศิลป์ไทย กรมศิลปากร ด้วยความหมายอันเป็นมงคลของระบําชุดนี้
ต่อมาจึงนําออกแสดงในระบําชุดเอกเทศ มักใช้วงปี่พาทย์ไม้นวมในการบรรเลง แต่บางโอกาสก็คงใช้วงดุริยางค์
สากลบรรเลงอยู่ การแสดงระบําชุดนี้ยังเป็นที่นิยมแสดงกันอย่างแพร่หลาย",4,6," 8,000 ",การแสดง ระบำ รำ ฟ้อน,วันลอยกระทง,งานเทศกาล
694,นาฏศิลป์อนุรักษ์,ระบำกฤดาภินิหาร,"การแสดงชุดนี้อยู่ในตอนท้ายเรื่องเกียรติศักดิ์ไทย อันเป็นการร่ายรําของเหล่าเทวดานางฟ้า
ที่ได้ทราบถึงความเจริญรุ่งเรืองยิ่งใหญ่ของชาติไทย จึงเกิดความปิติยินดีชื่นชมโสมนัส ต่างพากันมาอวยชัยให้
พร ผู้แต่งบทร้องคือ นางสุดา บุษปฤกษ์ ผู้ประดิษฐ์ท่ารําคือ นางลมุล ยมะคุปต์ และนางศุภลักษณ์ ภัทรนาวิก
(หม่อมครูต่วน) ผู้เชี่ยวชาญการสอนนาฏศิลป์ไทย กรมศิลปากร ด้วยความหมายอันเป็นมงคลของระบําชุดนี้
ต่อมาจึงนําออกแสดงในระบําชุดเอกเทศ มักใช้วงปี่พาทย์ไม้นวมในการบรรเลง แต่บางโอกาสก็คงใช้วงดุริยางค์
สากลบรรเลงอยู่ การแสดงระบําชุดนี้ยังเป็นที่นิยมแสดงกันอย่างแพร่หลาย",4,6," 8,000 ",การแสดง ระบำ รำ ฟ้อน,การเผยแพร่วัฒนธรรมในประเทศ,งานเผยแพร่วัฒนธรรม
695,นาฏศิลป์อนุรักษ์,ระบำกฤดาภินิหาร,"การแสดงชุดนี้อยู่ในตอนท้ายเรื่องเกียรติศักดิ์ไทย อันเป็นการร่ายรําของเหล่าเทวดานางฟ้า
ที่ได้ทราบถึงความเจริญรุ่งเรืองยิ่งใหญ่ของชาติไทย จึงเกิดความปิติยินดีชื่นชมโสมนัส ต่างพากันมาอวยชัยให้
พร ผู้แต่งบทร้องคือ นางสุดา บุษปฤกษ์ ผู้ประดิษฐ์ท่ารําคือ นางลมุล ยมะคุปต์ และนางศุภลักษณ์ ภัทรนาวิก
(หม่อมครูต่วน) ผู้เชี่ยวชาญการสอนนาฏศิลป์ไทย กรมศิลปากร ด้วยความหมายอันเป็นมงคลของระบําชุดนี้
ต่อมาจึงนําออกแสดงในระบําชุดเอกเทศ มักใช้วงปี่พาทย์ไม้นวมในการบรรเลง แต่บางโอกาสก็คงใช้วงดุริยางค์
สากลบรรเลงอยู่ การแสดงระบําชุดนี้ยังเป็นที่นิยมแสดงกันอย่างแพร่หลาย",4,6," 8,000 ",การแสดง ระบำ รำ ฟ้อน,วันวิสาขบูชา,งานวันสำคัญทางศาสนา
696,นาฏศิลป์อนุรักษ์,ระบำกฤดาภินิหาร,"การแสดงชุดนี้อยู่ในตอนท้ายเรื่องเกียรติศักดิ์ไทย อันเป็นการร่ายรําของเหล่าเทวดานางฟ้า
ที่ได้ทราบถึงความเจริญรุ่งเรืองยิ่งใหญ่ของชาติไทย จึงเกิดความปิติยินดีชื่นชมโสมนัส ต่างพากันมาอวยชัยให้
พร ผู้แต่งบทร้องคือ นางสุดา บุษปฤกษ์ ผู้ประดิษฐ์ท่ารําคือ นางลมุล ยมะคุปต์ และนางศุภลักษณ์ ภัทรนาวิก
(หม่อมครูต่วน) ผู้เชี่ยวชาญการสอนนาฏศิลป์ไทย กรมศิลปากร ด้วยความหมายอันเป็นมงคลของระบําชุดนี้
ต่อมาจึงนําออกแสดงในระบําชุดเอกเทศ มักใช้วงปี่พาทย์ไม้นวมในการบรรเลง แต่บางโอกาสก็คงใช้วงดุริยางค์
สากลบรรเลงอยู่ การแสดงระบําชุดนี้ยังเป็นที่นิยมแสดงกันอย่างแพร่หลาย",4,6," 8,000 ",การแสดง ระบำ รำ ฟ้อน,วันเข้าพรรษา,งานวันสำคัญทางศาสนา
697,นาฏศิลป์อนุรักษ์,ระบำกฤดาภินิหาร,"การแสดงชุดนี้อยู่ในตอนท้ายเรื่องเกียรติศักดิ์ไทย อันเป็นการร่ายรําของเหล่าเทวดานางฟ้า
ที่ได้ทราบถึงความเจริญรุ่งเรืองยิ่งใหญ่ของชาติไทย จึงเกิดความปิติยินดีชื่นชมโสมนัส ต่างพากันมาอวยชัยให้
พร ผู้แต่งบทร้องคือ นางสุดา บุษปฤกษ์ ผู้ประดิษฐ์ท่ารําคือ นางลมุล ยมะคุปต์ และนางศุภลักษณ์ ภัทรนาวิก
(หม่อมครูต่วน) ผู้เชี่ยวชาญการสอนนาฏศิลป์ไทย กรมศิลปากร ด้วยความหมายอันเป็นมงคลของระบําชุดนี้
ต่อมาจึงนําออกแสดงในระบําชุดเอกเทศ มักใช้วงปี่พาทย์ไม้นวมในการบรรเลง แต่บางโอกาสก็คงใช้วงดุริยางค์
สากลบรรเลงอยู่ การแสดงระบําชุดนี้ยังเป็นที่นิยมแสดงกันอย่างแพร่หลาย",4,6," 8,000 ",การแสดง ระบำ รำ ฟ้อน,วันออกพรรษา,งานวันสำคัญทางศาสนา
698,นาฏศิลป์อนุรักษ์,ระบำกฤดาภินิหาร,"การแสดงชุดนี้อยู่ในตอนท้ายเรื่องเกียรติศักดิ์ไทย อันเป็นการร่ายรําของเหล่าเทวดานางฟ้า
ที่ได้ทราบถึงความเจริญรุ่งเรืองยิ่งใหญ่ของชาติไทย จึงเกิดความปิติยินดีชื่นชมโสมนัส ต่างพากันมาอวยชัยให้
พร ผู้แต่งบทร้องคือ นางสุดา บุษปฤกษ์ ผู้ประดิษฐ์ท่ารําคือ นางลมุล ยมะคุปต์ และนางศุภลักษณ์ ภัทรนาวิก
(หม่อมครูต่วน) ผู้เชี่ยวชาญการสอนนาฏศิลป์ไทย กรมศิลปากร ด้วยความหมายอันเป็นมงคลของระบําชุดนี้
ต่อมาจึงนําออกแสดงในระบําชุดเอกเทศ มักใช้วงปี่พาทย์ไม้นวมในการบรรเลง แต่บางโอกาสก็คงใช้วงดุริยางค์
สากลบรรเลงอยู่ การแสดงระบําชุดนี้ยังเป็นที่นิยมแสดงกันอย่างแพร่หลาย",4,6," 8,000 ",การแสดง ระบำ รำ ฟ้อน,งานสวดมนต์ข้ามปี,งานวันสำคัญทางศาสนา
699,นาฏศิลป์อนุรักษ์,ระบำกฤดาภินิหาร,"การแสดงชุดนี้อยู่ในตอนท้ายเรื่องเกียรติศักดิ์ไทย อันเป็นการร่ายรําของเหล่าเทวดานางฟ้า
ที่ได้ทราบถึงความเจริญรุ่งเรืองยิ่งใหญ่ของชาติไทย จึงเกิดความปิติยินดีชื่นชมโสมนัส ต่างพากันมาอวยชัยให้
พร ผู้แต่งบทร้องคือ นางสุดา บุษปฤกษ์ ผู้ประดิษฐ์ท่ารําคือ นางลมุล ยมะคุปต์ และนางศุภลักษณ์ ภัทรนาวิก
(หม่อมครูต่วน) ผู้เชี่ยวชาญการสอนนาฏศิลป์ไทย กรมศิลปากร ด้วยความหมายอันเป็นมงคลของระบําชุดนี้
ต่อมาจึงนําออกแสดงในระบําชุดเอกเทศ มักใช้วงปี่พาทย์ไม้นวมในการบรรเลง แต่บางโอกาสก็คงใช้วงดุริยางค์
สากลบรรเลงอยู่ การแสดงระบําชุดนี้ยังเป็นที่นิยมแสดงกันอย่างแพร่หลาย",4,6," 8,000 ",การแสดง ระบำ รำ ฟ้อน,งานเทศมหาชาติ,งานวันสำคัญทางศาสนา
700,นาฏศิลป์อนุรักษ์,ระบำกฤดาภินิหาร,"การแสดงชุดนี้อยู่ในตอนท้ายเรื่องเกียรติศักดิ์ไทย อันเป็นการร่ายรําของเหล่าเทวดานางฟ้า
ที่ได้ทราบถึงความเจริญรุ่งเรืองยิ่งใหญ่ของชาติไทย จึงเกิดความปิติยินดีชื่นชมโสมนัส ต่างพากันมาอวยชัยให้
พร ผู้แต่งบทร้องคือ นางสุดา บุษปฤกษ์ ผู้ประดิษฐ์ท่ารําคือ นางลมุล ยมะคุปต์ และนางศุภลักษณ์ ภัทรนาวิก
(หม่อมครูต่วน) ผู้เชี่ยวชาญการสอนนาฏศิลป์ไทย กรมศิลปากร ด้วยความหมายอันเป็นมงคลของระบําชุดนี้
ต่อมาจึงนําออกแสดงในระบําชุดเอกเทศ มักใช้วงปี่พาทย์ไม้นวมในการบรรเลง แต่บางโอกาสก็คงใช้วงดุริยางค์
สากลบรรเลงอยู่ การแสดงระบําชุดนี้ยังเป็นที่นิยมแสดงกันอย่างแพร่หลาย",4,6," 8,000 ",การแสดง ระบำ รำ ฟ้อน,งานประชุมสงฆ์,งานวันสำคัญทางศาสนา
701,นาฏศิลป์อนุรักษ์,ระบำกินรีร่อน,ระบำกินรีร่อน กล่าวถึงเหล่ากินรีที่มีลักษณะเป็นมนุษย์ผู้หญิง ซึ่งมีปีกหางประดุจนก พากันบินร่อนลงมาจากเขาไกรลาสเพื่อเล่นล่นน้ำในสระอโนดาต มีลีลาการเริงระบำอ่อนช้อยงดงาม สนุกสนาน ตามท่วงทำนองและจัะจังหวะเพลง,7,10," 14,000 ",การแสดง ระบำ รำ ฟ้อน,งานต้อนรับอาคันตุกะ,งานรัฐพิธี
702,นาฏศิลป์อนุรักษ์,ระบำกินรีร่อน,ระบำกินรีร่อน กล่าวถึงเหล่ากินรีที่มีลักษณะเป็นมนุษย์ผู้หญิง ซึ่งมีปีกหางประดุจนก พากันบินร่อนลงมาจากเขาไกรลาสเพื่อเล่นล่นน้ำในสระอโนดาต มีลีลาการเริงระบำอ่อนช้อยงดงาม สนุกสนาน ตามท่วงทำนองและจัะจังหวะเพลง,7,10," 14,000 ",การแสดง ระบำ รำ ฟ้อน,งานทำบุญ,งานมงคล
703,นาฏศิลป์อนุรักษ์,ระบำกินรีร่อน,ระบำกินรีร่อน กล่าวถึงเหล่ากินรีที่มีลักษณะเป็นมนุษย์ผู้หญิง ซึ่งมีปีกหางประดุจนก พากันบินร่อนลงมาจากเขาไกรลาสเพื่อเล่นล่นน้ำในสระอโนดาต มีลีลาการเริงระบำอ่อนช้อยงดงาม สนุกสนาน ตามท่วงทำนองและจัะจังหวะเพลง,7,10," 14,000 ",การแสดง ระบำ รำ ฟ้อน,งานวันเกิด,งานมงคล
704,นาฏศิลป์อนุรักษ์,ระบำกินรีร่อน,ระบำกินรีร่อน กล่าวถึงเหล่ากินรีที่มีลักษณะเป็นมนุษย์ผู้หญิง ซึ่งมีปีกหางประดุจนก พากันบินร่อนลงมาจากเขาไกรลาสเพื่อเล่นล่นน้ำในสระอโนดาต มีลีลาการเริงระบำอ่อนช้อยงดงาม สนุกสนาน ตามท่วงทำนองและจัะจังหวะเพลง,7,10," 14,000 ",การแสดง ระบำ รำ ฟ้อน,งานแต่งงาน,งานมงคล
705,นาฏศิลป์อนุรักษ์,ระบำกินรีร่อน,ระบำกินรีร่อน กล่าวถึงเหล่ากินรีที่มีลักษณะเป็นมนุษย์ผู้หญิง ซึ่งมีปีกหางประดุจนก พากันบินร่อนลงมาจากเขาไกรลาสเพื่อเล่นล่นน้ำในสระอโนดาต มีลีลาการเริงระบำอ่อนช้อยงดงาม สนุกสนาน ตามท่วงทำนองและจัะจังหวะเพลง,7,10," 14,000 ",การแสดง ระบำ รำ ฟ้อน,งานขึ้นบ้านใหม่,งานมงคล
706,นาฏศิลป์อนุรักษ์,ระบำกินรีร่อน,ระบำกินรีร่อน กล่าวถึงเหล่ากินรีที่มีลักษณะเป็นมนุษย์ผู้หญิง ซึ่งมีปีกหางประดุจนก พากันบินร่อนลงมาจากเขาไกรลาสเพื่อเล่นล่นน้ำในสระอโนดาต มีลีลาการเริงระบำอ่อนช้อยงดงาม สนุกสนาน ตามท่วงทำนองและจัะจังหวะเพลง,7,10," 14,000 ",การแสดง ระบำ รำ ฟ้อน,งานเปิดบริษัท,งานมงคล
707,นาฏศิลป์อนุรักษ์,ระบำกินรีร่อน,ระบำกินรีร่อน กล่าวถึงเหล่ากินรีที่มีลักษณะเป็นมนุษย์ผู้หญิง ซึ่งมีปีกหางประดุจนก พากันบินร่อนลงมาจากเขาไกรลาสเพื่อเล่นล่นน้ำในสระอโนดาต มีลีลาการเริงระบำอ่อนช้อยงดงาม สนุกสนาน ตามท่วงทำนองและจัะจังหวะเพลง,7,10," 14,000 ",การแสดง ระบำ รำ ฟ้อน,งานบวงสรวง,งานมงคล
708,นาฏศิลป์อนุรักษ์,ระบำกินรีร่อน,ระบำกินรีร่อน กล่าวถึงเหล่ากินรีที่มีลักษณะเป็นมนุษย์ผู้หญิง ซึ่งมีปีกหางประดุจนก พากันบินร่อนลงมาจากเขาไกรลาสเพื่อเล่นล่นน้ำในสระอโนดาต มีลีลาการเริงระบำอ่อนช้อยงดงาม สนุกสนาน ตามท่วงทำนองและจัะจังหวะเพลง,7,10," 14,000 ",การแสดง ระบำ รำ ฟ้อน,งานไหว้ครู,งานมงคล
709,นาฏศิลป์อนุรักษ์,ระบำกินรีร่อน,ระบำกินรีร่อน กล่าวถึงเหล่ากินรีที่มีลักษณะเป็นมนุษย์ผู้หญิง ซึ่งมีปีกหางประดุจนก พากันบินร่อนลงมาจากเขาไกรลาสเพื่อเล่นล่นน้ำในสระอโนดาต มีลีลาการเริงระบำอ่อนช้อยงดงาม สนุกสนาน ตามท่วงทำนองและจัะจังหวะเพลง,7,10," 14,000 ",การแสดง ระบำ รำ ฟ้อน,งานสวดอภิธรรม,งานอวมงคล
710,นาฏศิลป์อนุรักษ์,ระบำกินรีร่อน,ระบำกินรีร่อน กล่าวถึงเหล่ากินรีที่มีลักษณะเป็นมนุษย์ผู้หญิง ซึ่งมีปีกหางประดุจนก พากันบินร่อนลงมาจากเขาไกรลาสเพื่อเล่นล่นน้ำในสระอโนดาต มีลีลาการเริงระบำอ่อนช้อยงดงาม สนุกสนาน ตามท่วงทำนองและจัะจังหวะเพลง,7,10," 14,000 ",การแสดง ระบำ รำ ฟ้อน,งานพระราชทานเพลิงศพ,งานอวมงคล
711,นาฏศิลป์อนุรักษ์,ระบำกินรีร่อน,ระบำกินรีร่อน กล่าวถึงเหล่ากินรีที่มีลักษณะเป็นมนุษย์ผู้หญิง ซึ่งมีปีกหางประดุจนก พากันบินร่อนลงมาจากเขาไกรลาสเพื่อเล่นล่นน้ำในสระอโนดาต มีลีลาการเริงระบำอ่อนช้อยงดงาม สนุกสนาน ตามท่วงทำนองและจัะจังหวะเพลง,7,10," 14,000 ",การแสดง ระบำ รำ ฟ้อน,งานฌาปนกิจศพ,งานอวมงคล
712,นาฏศิลป์อนุรักษ์,ระบำกินรีร่อน,ระบำกินรีร่อน กล่าวถึงเหล่ากินรีที่มีลักษณะเป็นมนุษย์ผู้หญิง ซึ่งมีปีกหางประดุจนก พากันบินร่อนลงมาจากเขาไกรลาสเพื่อเล่นล่นน้ำในสระอโนดาต มีลีลาการเริงระบำอ่อนช้อยงดงาม สนุกสนาน ตามท่วงทำนองและจัะจังหวะเพลง,7,10," 14,000 ",การแสดง ระบำ รำ ฟ้อน,วันสงกรานต์,งานเทศกาล
713,นาฏศิลป์อนุรักษ์,ระบำกินรีร่อน,ระบำกินรีร่อน กล่าวถึงเหล่ากินรีที่มีลักษณะเป็นมนุษย์ผู้หญิง ซึ่งมีปีกหางประดุจนก พากันบินร่อนลงมาจากเขาไกรลาสเพื่อเล่นล่นน้ำในสระอโนดาต มีลีลาการเริงระบำอ่อนช้อยงดงาม สนุกสนาน ตามท่วงทำนองและจัะจังหวะเพลง,7,10," 14,000 ",การแสดง ระบำ รำ ฟ้อน,วันขึ้นปีใหม่,งานเทศกาล
714,นาฏศิลป์อนุรักษ์,ระบำกินรีร่อน,ระบำกินรีร่อน กล่าวถึงเหล่ากินรีที่มีลักษณะเป็นมนุษย์ผู้หญิง ซึ่งมีปีกหางประดุจนก พากันบินร่อนลงมาจากเขาไกรลาสเพื่อเล่นล่นน้ำในสระอโนดาต มีลีลาการเริงระบำอ่อนช้อยงดงาม สนุกสนาน ตามท่วงทำนองและจัะจังหวะเพลง,7,10," 14,000 ",การแสดง ระบำ รำ ฟ้อน,วันตรุษจีน,งานเทศกาล
715,นาฏศิลป์อนุรักษ์,ระบำกินรีร่อน,ระบำกินรีร่อน กล่าวถึงเหล่ากินรีที่มีลักษณะเป็นมนุษย์ผู้หญิง ซึ่งมีปีกหางประดุจนก พากันบินร่อนลงมาจากเขาไกรลาสเพื่อเล่นล่นน้ำในสระอโนดาต มีลีลาการเริงระบำอ่อนช้อยงดงาม สนุกสนาน ตามท่วงทำนองและจัะจังหวะเพลง,7,10," 14,000 ",การแสดง ระบำ รำ ฟ้อน,วันลอยกระทง,งานเทศกาล
716,นาฏศิลป์อนุรักษ์,ระบำกินรีร่อน,ระบำกินรีร่อน กล่าวถึงเหล่ากินรีที่มีลักษณะเป็นมนุษย์ผู้หญิง ซึ่งมีปีกหางประดุจนก พากันบินร่อนลงมาจากเขาไกรลาสเพื่อเล่นล่นน้ำในสระอโนดาต มีลีลาการเริงระบำอ่อนช้อยงดงาม สนุกสนาน ตามท่วงทำนองและจัะจังหวะเพลง,7,10," 14,000 ",การแสดง ระบำ รำ ฟ้อน,การเผยแพร่วัฒนธรรมในประเทศ,งานเผยแพร่วัฒนธรรม
717,นาฏศิลป์อนุรักษ์,ระบำกินรีร่อน,ระบำกินรีร่อน กล่าวถึงเหล่ากินรีที่มีลักษณะเป็นมนุษย์ผู้หญิง ซึ่งมีปีกหางประดุจนก พากันบินร่อนลงมาจากเขาไกรลาสเพื่อเล่นล่นน้ำในสระอโนดาต มีลีลาการเริงระบำอ่อนช้อยงดงาม สนุกสนาน ตามท่วงทำนองและจัะจังหวะเพลง,7,10," 14,000 ",การแสดง ระบำ รำ ฟ้อน,การเผยแพร่วัฒนธรรมต่างประเทศ,งานเผยแพร่วัฒนธรรม
718,นาฏศิลป์อนุรักษ์,ระบำกินรีร่อน,ระบำกินรีร่อน กล่าวถึงเหล่ากินรีที่มีลักษณะเป็นมนุษย์ผู้หญิง ซึ่งมีปีกหางประดุจนก พากันบินร่อนลงมาจากเขาไกรลาสเพื่อเล่นล่นน้ำในสระอโนดาต มีลีลาการเริงระบำอ่อนช้อยงดงาม สนุกสนาน ตามท่วงทำนองและจัะจังหวะเพลง,7,10," 14,000 ",การแสดง ระบำ รำ ฟ้อน,วันวิสาขบูชา,งานวันสำคัญทางศาสนา
719,นาฏศิลป์อนุรักษ์,ระบำกินรีร่อน,ระบำกินรีร่อน กล่าวถึงเหล่ากินรีที่มีลักษณะเป็นมนุษย์ผู้หญิง ซึ่งมีปีกหางประดุจนก พากันบินร่อนลงมาจากเขาไกรลาสเพื่อเล่นล่นน้ำในสระอโนดาต มีลีลาการเริงระบำอ่อนช้อยงดงาม สนุกสนาน ตามท่วงทำนองและจัะจังหวะเพลง,7,10," 14,000 ",การแสดง ระบำ รำ ฟ้อน,วันเข้าพรรษา,งานวันสำคัญทางศาสนา
720,นาฏศิลป์อนุรักษ์,ระบำกินรีร่อน,ระบำกินรีร่อน กล่าวถึงเหล่ากินรีที่มีลักษณะเป็นมนุษย์ผู้หญิง ซึ่งมีปีกหางประดุจนก พากันบินร่อนลงมาจากเขาไกรลาสเพื่อเล่นล่นน้ำในสระอโนดาต มีลีลาการเริงระบำอ่อนช้อยงดงาม สนุกสนาน ตามท่วงทำนองและจัะจังหวะเพลง,7,10," 14,000 ",การแสดง ระบำ รำ ฟ้อน,วันออกพรรษา,งานวันสำคัญทางศาสนา
721,นาฏศิลป์อนุรักษ์,ระบำกินรีร่อน,ระบำกินรีร่อน กล่าวถึงเหล่ากินรีที่มีลักษณะเป็นมนุษย์ผู้หญิง ซึ่งมีปีกหางประดุจนก พากันบินร่อนลงมาจากเขาไกรลาสเพื่อเล่นล่นน้ำในสระอโนดาต มีลีลาการเริงระบำอ่อนช้อยงดงาม สนุกสนาน ตามท่วงทำนองและจัะจังหวะเพลง,7,10," 14,000 ",การแสดง ระบำ รำ ฟ้อน,งานสวดมนต์ข้ามปี,งานวันสำคัญทางศาสนา
722,นาฏศิลป์อนุรักษ์,ระบำกินรีร่อน,ระบำกินรีร่อน กล่าวถึงเหล่ากินรีที่มีลักษณะเป็นมนุษย์ผู้หญิง ซึ่งมีปีกหางประดุจนก พากันบินร่อนลงมาจากเขาไกรลาสเพื่อเล่นล่นน้ำในสระอโนดาต มีลีลาการเริงระบำอ่อนช้อยงดงาม สนุกสนาน ตามท่วงทำนองและจัะจังหวะเพลง,7,10," 14,000 ",การแสดง ระบำ รำ ฟ้อน,งานเทศมหาชาติ,งานวันสำคัญทางศาสนา
723,นาฏศิลป์อนุรักษ์,ระบำกินรีร่อน,ระบำกินรีร่อน กล่าวถึงเหล่ากินรีที่มีลักษณะเป็นมนุษย์ผู้หญิง ซึ่งมีปีกหางประดุจนก พากันบินร่อนลงมาจากเขาไกรลาสเพื่อเล่นล่นน้ำในสระอโนดาต มีลีลาการเริงระบำอ่อนช้อยงดงาม สนุกสนาน ตามท่วงทำนองและจัะจังหวะเพลง,7,10," 14,000 ",การแสดง ระบำ รำ ฟ้อน,งานประชุมสงฆ์,งานวันสำคัญทางศาสนา
724,นาฏศิลป์อนุรักษ์,ระบำฉิ่ง,"ระบำฉิ่ง เป็นระบำที่ใช้ฉิ่งประกอบการแสดง ซึ่ง ""ฉิ่ง"" 
เป็นเครื่องดนตรีไทย ที่ใช้กำกับจังหวะในวงดนตรีไทยทุกประเภท โดยผู้แสดงใช้มือทั้งสองถือฉิ่ง ร่ายรำพร้อมกับตีกระทบให้เกิดเสียง ""ฉิ่ง"" ""ฉับ"" และ ""รัวฉิ่ง"" อย่างต่อเนื่อง ตามท่วงทำนอง จังหวะของเพลงที่ประกอบด้วยจังหวะช้าและจังหวะเร็ว",4,10," 8,000 ",การแสดง ระบำ รำ ฟ้อน,งานต้อนรับอาคันตุกะ,งานรัฐพิธี
725,นาฏศิลป์อนุรักษ์,ระบำฉิ่ง,"ระบำฉิ่ง เป็นระบำที่ใช้ฉิ่งประกอบการแสดง ซึ่ง ""ฉิ่ง"" 
เป็นเครื่องดนตรีไทย ที่ใช้กำกับจังหวะในวงดนตรีไทยทุกประเภท โดยผู้แสดงใช้มือทั้งสองถือฉิ่ง ร่ายรำพร้อมกับตีกระทบให้เกิดเสียง ""ฉิ่ง"" ""ฉับ"" และ ""รัวฉิ่ง"" อย่างต่อเนื่อง ตามท่วงทำนอง จังหวะของเพลงที่ประกอบด้วยจังหวะช้าและจังหวะเร็ว",4,10," 8,000 ",การแสดง ระบำ รำ ฟ้อน,งานสโมสรสันนิบาต,งานรัฐพิธี
726,นาฏศิลป์อนุรักษ์,ระบำฉิ่ง,"ระบำฉิ่ง เป็นระบำที่ใช้ฉิ่งประกอบการแสดง ซึ่ง ""ฉิ่ง"" 
เป็นเครื่องดนตรีไทย ที่ใช้กำกับจังหวะในวงดนตรีไทยทุกประเภท โดยผู้แสดงใช้มือทั้งสองถือฉิ่ง ร่ายรำพร้อมกับตีกระทบให้เกิดเสียง ""ฉิ่ง"" ""ฉับ"" และ ""รัวฉิ่ง"" อย่างต่อเนื่อง ตามท่วงทำนอง จังหวะของเพลงที่ประกอบด้วยจังหวะช้าและจังหวะเร็ว",4,10," 8,000 ",การแสดง ระบำ รำ ฟ้อน,งานเฉลิมพระชนมพรรษาพระบรมวงศานุวงศ์,งานราชพิธี
727,นาฏศิลป์อนุรักษ์,ระบำฉิ่ง,"ระบำฉิ่ง เป็นระบำที่ใช้ฉิ่งประกอบการแสดง ซึ่ง ""ฉิ่ง"" 
เป็นเครื่องดนตรีไทย ที่ใช้กำกับจังหวะในวงดนตรีไทยทุกประเภท โดยผู้แสดงใช้มือทั้งสองถือฉิ่ง ร่ายรำพร้อมกับตีกระทบให้เกิดเสียง ""ฉิ่ง"" ""ฉับ"" และ ""รัวฉิ่ง"" อย่างต่อเนื่อง ตามท่วงทำนอง จังหวะของเพลงที่ประกอบด้วยจังหวะช้าและจังหวะเร็ว",4,10," 8,000 ",การแสดง ระบำ รำ ฟ้อน,งานทำบุญ,งานมงคล
728,นาฏศิลป์อนุรักษ์,ระบำฉิ่ง,"ระบำฉิ่ง เป็นระบำที่ใช้ฉิ่งประกอบการแสดง ซึ่ง ""ฉิ่ง"" 
เป็นเครื่องดนตรีไทย ที่ใช้กำกับจังหวะในวงดนตรีไทยทุกประเภท โดยผู้แสดงใช้มือทั้งสองถือฉิ่ง ร่ายรำพร้อมกับตีกระทบให้เกิดเสียง ""ฉิ่ง"" ""ฉับ"" และ ""รัวฉิ่ง"" อย่างต่อเนื่อง ตามท่วงทำนอง จังหวะของเพลงที่ประกอบด้วยจังหวะช้าและจังหวะเร็ว",4,10," 8,000 ",การแสดง ระบำ รำ ฟ้อน,งานวันเกิด,งานมงคล
729,นาฏศิลป์อนุรักษ์,ระบำฉิ่ง,"ระบำฉิ่ง เป็นระบำที่ใช้ฉิ่งประกอบการแสดง ซึ่ง ""ฉิ่ง"" 
เป็นเครื่องดนตรีไทย ที่ใช้กำกับจังหวะในวงดนตรีไทยทุกประเภท โดยผู้แสดงใช้มือทั้งสองถือฉิ่ง ร่ายรำพร้อมกับตีกระทบให้เกิดเสียง ""ฉิ่ง"" ""ฉับ"" และ ""รัวฉิ่ง"" อย่างต่อเนื่อง ตามท่วงทำนอง จังหวะของเพลงที่ประกอบด้วยจังหวะช้าและจังหวะเร็ว",4,10," 8,000 ",การแสดง ระบำ รำ ฟ้อน,งานแต่งงาน,งานมงคล
730,นาฏศิลป์อนุรักษ์,ระบำฉิ่ง,"ระบำฉิ่ง เป็นระบำที่ใช้ฉิ่งประกอบการแสดง ซึ่ง ""ฉิ่ง"" 
เป็นเครื่องดนตรีไทย ที่ใช้กำกับจังหวะในวงดนตรีไทยทุกประเภท โดยผู้แสดงใช้มือทั้งสองถือฉิ่ง ร่ายรำพร้อมกับตีกระทบให้เกิดเสียง ""ฉิ่ง"" ""ฉับ"" และ ""รัวฉิ่ง"" อย่างต่อเนื่อง ตามท่วงทำนอง จังหวะของเพลงที่ประกอบด้วยจังหวะช้าและจังหวะเร็ว",4,10," 8,000 ",การแสดง ระบำ รำ ฟ้อน,งานขึ้นบ้านใหม่,งานมงคล
731,นาฏศิลป์อนุรักษ์,ระบำฉิ่ง,"ระบำฉิ่ง เป็นระบำที่ใช้ฉิ่งประกอบการแสดง ซึ่ง ""ฉิ่ง"" 
เป็นเครื่องดนตรีไทย ที่ใช้กำกับจังหวะในวงดนตรีไทยทุกประเภท โดยผู้แสดงใช้มือทั้งสองถือฉิ่ง ร่ายรำพร้อมกับตีกระทบให้เกิดเสียง ""ฉิ่ง"" ""ฉับ"" และ ""รัวฉิ่ง"" อย่างต่อเนื่อง ตามท่วงทำนอง จังหวะของเพลงที่ประกอบด้วยจังหวะช้าและจังหวะเร็ว",4,10," 8,000 ",การแสดง ระบำ รำ ฟ้อน,งานเปิดบริษัท,งานมงคล
732,นาฏศิลป์อนุรักษ์,ระบำฉิ่ง,"ระบำฉิ่ง เป็นระบำที่ใช้ฉิ่งประกอบการแสดง ซึ่ง ""ฉิ่ง"" 
เป็นเครื่องดนตรีไทย ที่ใช้กำกับจังหวะในวงดนตรีไทยทุกประเภท โดยผู้แสดงใช้มือทั้งสองถือฉิ่ง ร่ายรำพร้อมกับตีกระทบให้เกิดเสียง ""ฉิ่ง"" ""ฉับ"" และ ""รัวฉิ่ง"" อย่างต่อเนื่อง ตามท่วงทำนอง จังหวะของเพลงที่ประกอบด้วยจังหวะช้าและจังหวะเร็ว",4,10," 8,000 ",การแสดง ระบำ รำ ฟ้อน,งานบวงสรวง,งานมงคล
733,นาฏศิลป์อนุรักษ์,ระบำฉิ่ง,"ระบำฉิ่ง เป็นระบำที่ใช้ฉิ่งประกอบการแสดง ซึ่ง ""ฉิ่ง"" 
เป็นเครื่องดนตรีไทย ที่ใช้กำกับจังหวะในวงดนตรีไทยทุกประเภท โดยผู้แสดงใช้มือทั้งสองถือฉิ่ง ร่ายรำพร้อมกับตีกระทบให้เกิดเสียง ""ฉิ่ง"" ""ฉับ"" และ ""รัวฉิ่ง"" อย่างต่อเนื่อง ตามท่วงทำนอง จังหวะของเพลงที่ประกอบด้วยจังหวะช้าและจังหวะเร็ว",4,10," 8,000 ",การแสดง ระบำ รำ ฟ้อน,งานไหว้ครู,งานมงคล
734,นาฏศิลป์อนุรักษ์,ระบำฉิ่ง,"ระบำฉิ่ง เป็นระบำที่ใช้ฉิ่งประกอบการแสดง ซึ่ง ""ฉิ่ง"" 
เป็นเครื่องดนตรีไทย ที่ใช้กำกับจังหวะในวงดนตรีไทยทุกประเภท โดยผู้แสดงใช้มือทั้งสองถือฉิ่ง ร่ายรำพร้อมกับตีกระทบให้เกิดเสียง ""ฉิ่ง"" ""ฉับ"" และ ""รัวฉิ่ง"" อย่างต่อเนื่อง ตามท่วงทำนอง จังหวะของเพลงที่ประกอบด้วยจังหวะช้าและจังหวะเร็ว",4,10," 8,000 ",การแสดง ระบำ รำ ฟ้อน,วันสงกรานต์,งานเทศกาล
735,นาฏศิลป์อนุรักษ์,ระบำฉิ่ง,"ระบำฉิ่ง เป็นระบำที่ใช้ฉิ่งประกอบการแสดง ซึ่ง ""ฉิ่ง"" 
เป็นเครื่องดนตรีไทย ที่ใช้กำกับจังหวะในวงดนตรีไทยทุกประเภท โดยผู้แสดงใช้มือทั้งสองถือฉิ่ง ร่ายรำพร้อมกับตีกระทบให้เกิดเสียง ""ฉิ่ง"" ""ฉับ"" และ ""รัวฉิ่ง"" อย่างต่อเนื่อง ตามท่วงทำนอง จังหวะของเพลงที่ประกอบด้วยจังหวะช้าและจังหวะเร็ว",4,10," 8,000 ",การแสดง ระบำ รำ ฟ้อน,วันขึ้นปีใหม่,งานเทศกาล
736,นาฏศิลป์อนุรักษ์,ระบำฉิ่ง,"ระบำฉิ่ง เป็นระบำที่ใช้ฉิ่งประกอบการแสดง ซึ่ง ""ฉิ่ง"" 
เป็นเครื่องดนตรีไทย ที่ใช้กำกับจังหวะในวงดนตรีไทยทุกประเภท โดยผู้แสดงใช้มือทั้งสองถือฉิ่ง ร่ายรำพร้อมกับตีกระทบให้เกิดเสียง ""ฉิ่ง"" ""ฉับ"" และ ""รัวฉิ่ง"" อย่างต่อเนื่อง ตามท่วงทำนอง จังหวะของเพลงที่ประกอบด้วยจังหวะช้าและจังหวะเร็ว",4,10," 8,000 ",การแสดง ระบำ รำ ฟ้อน,วันตรุษจีน,งานเทศกาล
737,นาฏศิลป์อนุรักษ์,ระบำฉิ่ง,"ระบำฉิ่ง เป็นระบำที่ใช้ฉิ่งประกอบการแสดง ซึ่ง ""ฉิ่ง"" 
เป็นเครื่องดนตรีไทย ที่ใช้กำกับจังหวะในวงดนตรีไทยทุกประเภท โดยผู้แสดงใช้มือทั้งสองถือฉิ่ง ร่ายรำพร้อมกับตีกระทบให้เกิดเสียง ""ฉิ่ง"" ""ฉับ"" และ ""รัวฉิ่ง"" อย่างต่อเนื่อง ตามท่วงทำนอง จังหวะของเพลงที่ประกอบด้วยจังหวะช้าและจังหวะเร็ว",4,10," 8,000 ",การแสดง ระบำ รำ ฟ้อน,วันลอยกระทง,งานเทศกาล
738,นาฏศิลป์อนุรักษ์,ระบำฉิ่ง,"ระบำฉิ่ง เป็นระบำที่ใช้ฉิ่งประกอบการแสดง ซึ่ง ""ฉิ่ง"" 
เป็นเครื่องดนตรีไทย ที่ใช้กำกับจังหวะในวงดนตรีไทยทุกประเภท โดยผู้แสดงใช้มือทั้งสองถือฉิ่ง ร่ายรำพร้อมกับตีกระทบให้เกิดเสียง ""ฉิ่ง"" ""ฉับ"" และ ""รัวฉิ่ง"" อย่างต่อเนื่อง ตามท่วงทำนอง จังหวะของเพลงที่ประกอบด้วยจังหวะช้าและจังหวะเร็ว",4,10," 8,000 ",การแสดง ระบำ รำ ฟ้อน,การเผยแพร่วัฒนธรรมในประเทศ,งานเผยแพร่วัฒนธรรม
739,นาฏศิลป์อนุรักษ์,ระบำฉิ่ง,"ระบำฉิ่ง เป็นระบำที่ใช้ฉิ่งประกอบการแสดง ซึ่ง ""ฉิ่ง"" 
เป็นเครื่องดนตรีไทย ที่ใช้กำกับจังหวะในวงดนตรีไทยทุกประเภท โดยผู้แสดงใช้มือทั้งสองถือฉิ่ง ร่ายรำพร้อมกับตีกระทบให้เกิดเสียง ""ฉิ่ง"" ""ฉับ"" และ ""รัวฉิ่ง"" อย่างต่อเนื่อง ตามท่วงทำนอง จังหวะของเพลงที่ประกอบด้วยจังหวะช้าและจังหวะเร็ว",4,10," 8,000 ",การแสดง ระบำ รำ ฟ้อน,การเผยแพร่วัฒนธรรมต่างประเทศ,งานเผยแพร่วัฒนธรรม
740,นาฏศิลป์อนุรักษ์,ระบำฉิ่ง,"ระบำฉิ่ง เป็นระบำที่ใช้ฉิ่งประกอบการแสดง ซึ่ง ""ฉิ่ง"" 
เป็นเครื่องดนตรีไทย ที่ใช้กำกับจังหวะในวงดนตรีไทยทุกประเภท โดยผู้แสดงใช้มือทั้งสองถือฉิ่ง ร่ายรำพร้อมกับตีกระทบให้เกิดเสียง ""ฉิ่ง"" ""ฉับ"" และ ""รัวฉิ่ง"" อย่างต่อเนื่อง ตามท่วงทำนอง จังหวะของเพลงที่ประกอบด้วยจังหวะช้าและจังหวะเร็ว",4,10," 8,000 ",การแสดง ระบำ รำ ฟ้อน,วันวิสาขบูชา,งานวันสำคัญทางศาสนา
741,นาฏศิลป์อนุรักษ์,ระบำฉิ่ง,"ระบำฉิ่ง เป็นระบำที่ใช้ฉิ่งประกอบการแสดง ซึ่ง ""ฉิ่ง"" 
เป็นเครื่องดนตรีไทย ที่ใช้กำกับจังหวะในวงดนตรีไทยทุกประเภท โดยผู้แสดงใช้มือทั้งสองถือฉิ่ง ร่ายรำพร้อมกับตีกระทบให้เกิดเสียง ""ฉิ่ง"" ""ฉับ"" และ ""รัวฉิ่ง"" อย่างต่อเนื่อง ตามท่วงทำนอง จังหวะของเพลงที่ประกอบด้วยจังหวะช้าและจังหวะเร็ว",4,10," 8,000 ",การแสดง ระบำ รำ ฟ้อน,วันเข้าพรรษา,งานวันสำคัญทางศาสนา
742,นาฏศิลป์อนุรักษ์,ระบำฉิ่ง,"ระบำฉิ่ง เป็นระบำที่ใช้ฉิ่งประกอบการแสดง ซึ่ง ""ฉิ่ง"" 
เป็นเครื่องดนตรีไทย ที่ใช้กำกับจังหวะในวงดนตรีไทยทุกประเภท โดยผู้แสดงใช้มือทั้งสองถือฉิ่ง ร่ายรำพร้อมกับตีกระทบให้เกิดเสียง ""ฉิ่ง"" ""ฉับ"" และ ""รัวฉิ่ง"" อย่างต่อเนื่อง ตามท่วงทำนอง จังหวะของเพลงที่ประกอบด้วยจังหวะช้าและจังหวะเร็ว",4,10," 8,000 ",การแสดง ระบำ รำ ฟ้อน,วันออกพรรษา,งานวันสำคัญทางศาสนา
743,นาฏศิลป์อนุรักษ์,ระบำฉิ่ง,"ระบำฉิ่ง เป็นระบำที่ใช้ฉิ่งประกอบการแสดง ซึ่ง ""ฉิ่ง"" 
เป็นเครื่องดนตรีไทย ที่ใช้กำกับจังหวะในวงดนตรีไทยทุกประเภท โดยผู้แสดงใช้มือทั้งสองถือฉิ่ง ร่ายรำพร้อมกับตีกระทบให้เกิดเสียง ""ฉิ่ง"" ""ฉับ"" และ ""รัวฉิ่ง"" อย่างต่อเนื่อง ตามท่วงทำนอง จังหวะของเพลงที่ประกอบด้วยจังหวะช้าและจังหวะเร็ว",4,10," 8,000 ",การแสดง ระบำ รำ ฟ้อน,งานสวดมนต์ข้ามปี,งานวันสำคัญทางศาสนา
744,นาฏศิลป์อนุรักษ์,ระบำฉิ่ง,"ระบำฉิ่ง เป็นระบำที่ใช้ฉิ่งประกอบการแสดง ซึ่ง ""ฉิ่ง"" 
เป็นเครื่องดนตรีไทย ที่ใช้กำกับจังหวะในวงดนตรีไทยทุกประเภท โดยผู้แสดงใช้มือทั้งสองถือฉิ่ง ร่ายรำพร้อมกับตีกระทบให้เกิดเสียง ""ฉิ่ง"" ""ฉับ"" และ ""รัวฉิ่ง"" อย่างต่อเนื่อง ตามท่วงทำนอง จังหวะของเพลงที่ประกอบด้วยจังหวะช้าและจังหวะเร็ว",4,10," 8,000 ",การแสดง ระบำ รำ ฟ้อน,งานเทศมหาชาติ,งานวันสำคัญทางศาสนา
745,นาฏศิลป์อนุรักษ์,ระบำฉิ่ง,"ระบำฉิ่ง เป็นระบำที่ใช้ฉิ่งประกอบการแสดง ซึ่ง ""ฉิ่ง"" 
เป็นเครื่องดนตรีไทย ที่ใช้กำกับจังหวะในวงดนตรีไทยทุกประเภท โดยผู้แสดงใช้มือทั้งสองถือฉิ่ง ร่ายรำพร้อมกับตีกระทบให้เกิดเสียง ""ฉิ่ง"" ""ฉับ"" และ ""รัวฉิ่ง"" อย่างต่อเนื่อง ตามท่วงทำนอง จังหวะของเพลงที่ประกอบด้วยจังหวะช้าและจังหวะเร็ว",4,10," 8,000 ",การแสดง ระบำ รำ ฟ้อน,งานประชุมสงฆ์,งานวันสำคัญทางศาสนา
746,นาฏศิลป์อนุรักษ์,ระบำชุดไทยพระราชนิยม,"ระบำชุดไทยพระราชนิยม สร้างสรรค์ขึ้นโดยนำเครื่องแต่งกายสำหรับสตรีไทย ตามแบบฉลองพระองค์ของสมเด็จพระนางเจ้าสิริกิติ์ พระบรมราชินีนาถ พระบรมราชชนนีพันปีหลวง ประกอบด้วย ไทยเรือนต้น ไทยจิตรลดา ไทยอมรินทร์ ไทยบรมพิมาน ไทยจักรี ไทยดุสิต ไทยจักรพรรดิ์ และไทยศิวาลัย ประดิษฐ์ลีลาท่ารำ
ตามบทร้องเพื่อการอนุรักษ์และเผยแพร่เครื่องแต่งกายสตรีไทย",8,10," 16,000 ",การแสดง ระบำ รำ ฟ้อน,งานต้อนรับอาคันตุกะ,งานรัฐพิธี
747,นาฏศิลป์อนุรักษ์,ระบำชุดไทยพระราชนิยม,"ระบำชุดไทยพระราชนิยม สร้างสรรค์ขึ้นโดยนำเครื่องแต่งกายสำหรับสตรีไทย ตามแบบฉลองพระองค์ของสมเด็จพระนางเจ้าสิริกิติ์ พระบรมราชินีนาถ พระบรมราชชนนีพันปีหลวง ประกอบด้วย ไทยเรือนต้น ไทยจิตรลดา ไทยอมรินทร์ ไทยบรมพิมาน ไทยจักรี ไทยดุสิต ไทยจักรพรรดิ์ และไทยศิวาลัย ประดิษฐ์ลีลาท่ารำ
ตามบทร้องเพื่อการอนุรักษ์และเผยแพร่เครื่องแต่งกายสตรีไทย",8,10," 16,000 ",การแสดง ระบำ รำ ฟ้อน,งานเฉลิมพระชนมพรรษาพระบรมวงศานุวงศ์,งานราชพิธี
748,นาฏศิลป์อนุรักษ์,ระบำชุดไทยพระราชนิยม,"ระบำชุดไทยพระราชนิยม สร้างสรรค์ขึ้นโดยนำเครื่องแต่งกายสำหรับสตรีไทย ตามแบบฉลองพระองค์ของสมเด็จพระนางเจ้าสิริกิติ์ พระบรมราชินีนาถ พระบรมราชชนนีพันปีหลวง ประกอบด้วย ไทยเรือนต้น ไทยจิตรลดา ไทยอมรินทร์ ไทยบรมพิมาน ไทยจักรี ไทยดุสิต ไทยจักรพรรดิ์ และไทยศิวาลัย ประดิษฐ์ลีลาท่ารำ
ตามบทร้องเพื่อการอนุรักษ์และเผยแพร่เครื่องแต่งกายสตรีไทย",8,10," 16,000 ",การแสดง ระบำ รำ ฟ้อน,การเผยแพร่วัฒนธรรมในประเทศ,งานเผยแพร่วัฒนธรรม
749,นาฏศิลป์อนุรักษ์,ระบำดาวดึงส์,"ระบำดาวดึงส์ เป็นระบำมาตรฐานที่อยู่ในละครดึกดำบรรพ์ 
เรื่องสังข์ทอง ผู้แสดงแต่งกายยืนเครื่องพระ นาง เปรียบเสมือนเทพบุตร เทพธิดา จับระบำด้วยลีลาท่ารำที่งดงาม บรรยายถึงทิพยวิมานอันยิ่งใหญ่ ซึ่งเป็นที่ประทับของพระอินทร์บนสวรรค์ชั้นดาวดึงส์",4,10," 8,000 ",การแสดง ระบำ รำ ฟ้อน,งานต้อนรับอาคันตุกะ,งานรัฐพิธี
750,นาฏศิลป์อนุรักษ์,ระบำดาวดึงส์,"ระบำดาวดึงส์ เป็นระบำมาตรฐานที่อยู่ในละครดึกดำบรรพ์ 
เรื่องสังข์ทอง ผู้แสดงแต่งกายยืนเครื่องพระ นาง เปรียบเสมือนเทพบุตร เทพธิดา จับระบำด้วยลีลาท่ารำที่งดงาม บรรยายถึงทิพยวิมานอันยิ่งใหญ่ ซึ่งเป็นที่ประทับของพระอินทร์บนสวรรค์ชั้นดาวดึงส์",4,10," 8,000 ",การแสดง ระบำ รำ ฟ้อน,งานสโมสรสันนิบาต,งานรัฐพิธี
751,นาฏศิลป์อนุรักษ์,ระบำดาวดึงส์,"ระบำดาวดึงส์ เป็นระบำมาตรฐานที่อยู่ในละครดึกดำบรรพ์ 
เรื่องสังข์ทอง ผู้แสดงแต่งกายยืนเครื่องพระ นาง เปรียบเสมือนเทพบุตร เทพธิดา จับระบำด้วยลีลาท่ารำที่งดงาม บรรยายถึงทิพยวิมานอันยิ่งใหญ่ ซึ่งเป็นที่ประทับของพระอินทร์บนสวรรค์ชั้นดาวดึงส์",4,10," 8,000 ",การแสดง ระบำ รำ ฟ้อน,งานเฉลิมพระชนมพรรษาพระบรมวงศานุวงศ์,งานราชพิธี
752,นาฏศิลป์อนุรักษ์,ระบำดาวดึงส์,"ระบำดาวดึงส์ เป็นระบำมาตรฐานที่อยู่ในละครดึกดำบรรพ์ 
เรื่องสังข์ทอง ผู้แสดงแต่งกายยืนเครื่องพระ นาง เปรียบเสมือนเทพบุตร เทพธิดา จับระบำด้วยลีลาท่ารำที่งดงาม บรรยายถึงทิพยวิมานอันยิ่งใหญ่ ซึ่งเป็นที่ประทับของพระอินทร์บนสวรรค์ชั้นดาวดึงส์",4,10," 8,000 ",การแสดง ระบำ รำ ฟ้อน,งานทำบุญ,งานมงคล
753,นาฏศิลป์อนุรักษ์,ระบำดาวดึงส์,"ระบำดาวดึงส์ เป็นระบำมาตรฐานที่อยู่ในละครดึกดำบรรพ์ 
เรื่องสังข์ทอง ผู้แสดงแต่งกายยืนเครื่องพระ นาง เปรียบเสมือนเทพบุตร เทพธิดา จับระบำด้วยลีลาท่ารำที่งดงาม บรรยายถึงทิพยวิมานอันยิ่งใหญ่ ซึ่งเป็นที่ประทับของพระอินทร์บนสวรรค์ชั้นดาวดึงส์",4,10," 8,000 ",การแสดง ระบำ รำ ฟ้อน,งานวันเกิด,งานมงคล
754,นาฏศิลป์อนุรักษ์,ระบำดาวดึงส์,"ระบำดาวดึงส์ เป็นระบำมาตรฐานที่อยู่ในละครดึกดำบรรพ์ 
เรื่องสังข์ทอง ผู้แสดงแต่งกายยืนเครื่องพระ นาง เปรียบเสมือนเทพบุตร เทพธิดา จับระบำด้วยลีลาท่ารำที่งดงาม บรรยายถึงทิพยวิมานอันยิ่งใหญ่ ซึ่งเป็นที่ประทับของพระอินทร์บนสวรรค์ชั้นดาวดึงส์",4,10," 8,000 ",การแสดง ระบำ รำ ฟ้อน,งานแต่งงาน,งานมงคล
755,นาฏศิลป์อนุรักษ์,ระบำดาวดึงส์,"ระบำดาวดึงส์ เป็นระบำมาตรฐานที่อยู่ในละครดึกดำบรรพ์ 
เรื่องสังข์ทอง ผู้แสดงแต่งกายยืนเครื่องพระ นาง เปรียบเสมือนเทพบุตร เทพธิดา จับระบำด้วยลีลาท่ารำที่งดงาม บรรยายถึงทิพยวิมานอันยิ่งใหญ่ ซึ่งเป็นที่ประทับของพระอินทร์บนสวรรค์ชั้นดาวดึงส์",4,10," 8,000 ",การแสดง ระบำ รำ ฟ้อน,งานขึ้นบ้านใหม่,งานมงคล
756,นาฏศิลป์อนุรักษ์,ระบำดาวดึงส์,"ระบำดาวดึงส์ เป็นระบำมาตรฐานที่อยู่ในละครดึกดำบรรพ์ 
เรื่องสังข์ทอง ผู้แสดงแต่งกายยืนเครื่องพระ นาง เปรียบเสมือนเทพบุตร เทพธิดา จับระบำด้วยลีลาท่ารำที่งดงาม บรรยายถึงทิพยวิมานอันยิ่งใหญ่ ซึ่งเป็นที่ประทับของพระอินทร์บนสวรรค์ชั้นดาวดึงส์",4,10," 8,000 ",การแสดง ระบำ รำ ฟ้อน,งานเปิดบริษัท,งานมงคล
757,นาฏศิลป์อนุรักษ์,ระบำดาวดึงส์,"ระบำดาวดึงส์ เป็นระบำมาตรฐานที่อยู่ในละครดึกดำบรรพ์ 
เรื่องสังข์ทอง ผู้แสดงแต่งกายยืนเครื่องพระ นาง เปรียบเสมือนเทพบุตร เทพธิดา จับระบำด้วยลีลาท่ารำที่งดงาม บรรยายถึงทิพยวิมานอันยิ่งใหญ่ ซึ่งเป็นที่ประทับของพระอินทร์บนสวรรค์ชั้นดาวดึงส์",4,10," 8,000 ",การแสดง ระบำ รำ ฟ้อน,งานบวงสรวง,งานมงคล
758,นาฏศิลป์อนุรักษ์,ระบำดาวดึงส์,"ระบำดาวดึงส์ เป็นระบำมาตรฐานที่อยู่ในละครดึกดำบรรพ์ 
เรื่องสังข์ทอง ผู้แสดงแต่งกายยืนเครื่องพระ นาง เปรียบเสมือนเทพบุตร เทพธิดา จับระบำด้วยลีลาท่ารำที่งดงาม บรรยายถึงทิพยวิมานอันยิ่งใหญ่ ซึ่งเป็นที่ประทับของพระอินทร์บนสวรรค์ชั้นดาวดึงส์",4,10," 8,000 ",การแสดง ระบำ รำ ฟ้อน,งานไหว้ครู,งานมงคล
759,นาฏศิลป์อนุรักษ์,ระบำดาวดึงส์,"ระบำดาวดึงส์ เป็นระบำมาตรฐานที่อยู่ในละครดึกดำบรรพ์ 
เรื่องสังข์ทอง ผู้แสดงแต่งกายยืนเครื่องพระ นาง เปรียบเสมือนเทพบุตร เทพธิดา จับระบำด้วยลีลาท่ารำที่งดงาม บรรยายถึงทิพยวิมานอันยิ่งใหญ่ ซึ่งเป็นที่ประทับของพระอินทร์บนสวรรค์ชั้นดาวดึงส์",4,10," 8,000 ",การแสดง ระบำ รำ ฟ้อน,การเผยแพร่วัฒนธรรมในประเทศ,งานเผยแพร่วัฒนธรรม
760,นาฏศิลป์อนุรักษ์,ระบำดาวดึงส์,"ระบำดาวดึงส์ เป็นระบำมาตรฐานที่อยู่ในละครดึกดำบรรพ์ 
เรื่องสังข์ทอง ผู้แสดงแต่งกายยืนเครื่องพระ นาง เปรียบเสมือนเทพบุตร เทพธิดา จับระบำด้วยลีลาท่ารำที่งดงาม บรรยายถึงทิพยวิมานอันยิ่งใหญ่ ซึ่งเป็นที่ประทับของพระอินทร์บนสวรรค์ชั้นดาวดึงส์",4,10," 8,000 ",การแสดง ระบำ รำ ฟ้อน,การเผยแพร่วัฒนธรรมต่างประเทศ,งานเผยแพร่วัฒนธรรม
761,นาฏศิลป์อนุรักษ์,ระบำดาวดึงส์,"ระบำดาวดึงส์ เป็นระบำมาตรฐานที่อยู่ในละครดึกดำบรรพ์ 
เรื่องสังข์ทอง ผู้แสดงแต่งกายยืนเครื่องพระ นาง เปรียบเสมือนเทพบุตร เทพธิดา จับระบำด้วยลีลาท่ารำที่งดงาม บรรยายถึงทิพยวิมานอันยิ่งใหญ่ ซึ่งเป็นที่ประทับของพระอินทร์บนสวรรค์ชั้นดาวดึงส์",4,10," 8,000 ",การแสดง ระบำ รำ ฟ้อน,วันวิสาขบูชา,งานวันสำคัญทางศาสนา
762,นาฏศิลป์อนุรักษ์,ระบำดาวดึงส์,"ระบำดาวดึงส์ เป็นระบำมาตรฐานที่อยู่ในละครดึกดำบรรพ์ 
เรื่องสังข์ทอง ผู้แสดงแต่งกายยืนเครื่องพระ นาง เปรียบเสมือนเทพบุตร เทพธิดา จับระบำด้วยลีลาท่ารำที่งดงาม บรรยายถึงทิพยวิมานอันยิ่งใหญ่ ซึ่งเป็นที่ประทับของพระอินทร์บนสวรรค์ชั้นดาวดึงส์",4,10," 8,000 ",การแสดง ระบำ รำ ฟ้อน,วันเข้าพรรษา,งานวันสำคัญทางศาสนา
763,นาฏศิลป์อนุรักษ์,ระบำดาวดึงส์,"ระบำดาวดึงส์ เป็นระบำมาตรฐานที่อยู่ในละครดึกดำบรรพ์ 
เรื่องสังข์ทอง ผู้แสดงแต่งกายยืนเครื่องพระ นาง เปรียบเสมือนเทพบุตร เทพธิดา จับระบำด้วยลีลาท่ารำที่งดงาม บรรยายถึงทิพยวิมานอันยิ่งใหญ่ ซึ่งเป็นที่ประทับของพระอินทร์บนสวรรค์ชั้นดาวดึงส์",4,10," 8,000 ",การแสดง ระบำ รำ ฟ้อน,วันออกพรรษา,งานวันสำคัญทางศาสนา
764,นาฏศิลป์อนุรักษ์,ระบำดาวดึงส์,"ระบำดาวดึงส์ เป็นระบำมาตรฐานที่อยู่ในละครดึกดำบรรพ์ 
เรื่องสังข์ทอง ผู้แสดงแต่งกายยืนเครื่องพระ นาง เปรียบเสมือนเทพบุตร เทพธิดา จับระบำด้วยลีลาท่ารำที่งดงาม บรรยายถึงทิพยวิมานอันยิ่งใหญ่ ซึ่งเป็นที่ประทับของพระอินทร์บนสวรรค์ชั้นดาวดึงส์",4,10," 8,000 ",การแสดง ระบำ รำ ฟ้อน,งานสวดมนต์ข้ามปี,งานวันสำคัญทางศาสนา
765,นาฏศิลป์อนุรักษ์,ระบำดาวดึงส์,"ระบำดาวดึงส์ เป็นระบำมาตรฐานที่อยู่ในละครดึกดำบรรพ์ 
เรื่องสังข์ทอง ผู้แสดงแต่งกายยืนเครื่องพระ นาง เปรียบเสมือนเทพบุตร เทพธิดา จับระบำด้วยลีลาท่ารำที่งดงาม บรรยายถึงทิพยวิมานอันยิ่งใหญ่ ซึ่งเป็นที่ประทับของพระอินทร์บนสวรรค์ชั้นดาวดึงส์",4,10," 8,000 ",การแสดง ระบำ รำ ฟ้อน,งานเทศมหาชาติ,งานวันสำคัญทางศาสนา
766,นาฏศิลป์อนุรักษ์,ระบำดาวดึงส์,"ระบำดาวดึงส์ เป็นระบำมาตรฐานที่อยู่ในละครดึกดำบรรพ์ 
เรื่องสังข์ทอง ผู้แสดงแต่งกายยืนเครื่องพระ นาง เปรียบเสมือนเทพบุตร เทพธิดา จับระบำด้วยลีลาท่ารำที่งดงาม บรรยายถึงทิพยวิมานอันยิ่งใหญ่ ซึ่งเป็นที่ประทับของพระอินทร์บนสวรรค์ชั้นดาวดึงส์",4,10," 8,000 ",การแสดง ระบำ รำ ฟ้อน,งานประชุมสงฆ์,งานวันสำคัญทางศาสนา
767,นาฏศิลป์อนุรักษ์,ระบำเทพบันเทิง,"ระบำเทพบันเทิง เป็นระบำมาตรฐานที่อยู่ในละครในเรื่องอิเหนา 
ผู้แสดงแต่งกายยืนเครื่องพระ-นาง เปรียบเสมือนเทพบุตร เทพธิดา ร่ายรำด้วยลีลาท่ารำที่งดงามเพื่อบูชาชาถวายเทพผู้ศักดิ์สิทธิ์ คือ ""องค์ปะตาระกาหลา"" นอกจากนี้ สามารถจัดแสดงในงานต่างๆ เพื่อความเป็นสิริมงคล",4,6," 8,000 ",การแสดง ระบำ รำ ฟ้อน,งานต้อนรับอาคันตุกะ,งานรัฐพิธี
768,นาฏศิลป์อนุรักษ์,ระบำเทพบันเทิง,"ระบำเทพบันเทิง เป็นระบำมาตรฐานที่อยู่ในละครในเรื่องอิเหนา 
ผู้แสดงแต่งกายยืนเครื่องพระ-นาง เปรียบเสมือนเทพบุตร เทพธิดา ร่ายรำด้วยลีลาท่ารำที่งดงามเพื่อบูชาชาถวายเทพผู้ศักดิ์สิทธิ์ คือ ""องค์ปะตาระกาหลา"" นอกจากนี้ สามารถจัดแสดงในงานต่างๆ เพื่อความเป็นสิริมงคล",4,6," 8,000 ",การแสดง ระบำ รำ ฟ้อน,งานสโมสรสันนิบาต,งานรัฐพิธี
769,นาฏศิลป์อนุรักษ์,ระบำเทพบันเทิง,"ระบำเทพบันเทิง เป็นระบำมาตรฐานที่อยู่ในละครในเรื่องอิเหนา 
ผู้แสดงแต่งกายยืนเครื่องพระ-นาง เปรียบเสมือนเทพบุตร เทพธิดา ร่ายรำด้วยลีลาท่ารำที่งดงามเพื่อบูชาชาถวายเทพผู้ศักดิ์สิทธิ์ คือ ""องค์ปะตาระกาหลา"" นอกจากนี้ สามารถจัดแสดงในงานต่างๆ เพื่อความเป็นสิริมงคล",4,6," 8,000 ",การแสดง ระบำ รำ ฟ้อน,งานเฉลิมพระชนมพรรษาพระบรมวงศานุวงศ์,งานราชพิธี
770,นาฏศิลป์อนุรักษ์,ระบำเทพบันเทิง,"ระบำเทพบันเทิง เป็นระบำมาตรฐานที่อยู่ในละครในเรื่องอิเหนา 
ผู้แสดงแต่งกายยืนเครื่องพระ-นาง เปรียบเสมือนเทพบุตร เทพธิดา ร่ายรำด้วยลีลาท่ารำที่งดงามเพื่อบูชาชาถวายเทพผู้ศักดิ์สิทธิ์ คือ ""องค์ปะตาระกาหลา"" นอกจากนี้ สามารถจัดแสดงในงานต่างๆ เพื่อความเป็นสิริมงคล",4,6," 8,000 ",การแสดง ระบำ รำ ฟ้อน,งานทำบุญ,งานมงคล
771,นาฏศิลป์อนุรักษ์,ระบำเทพบันเทิง,"ระบำเทพบันเทิง เป็นระบำมาตรฐานที่อยู่ในละครในเรื่องอิเหนา 
ผู้แสดงแต่งกายยืนเครื่องพระ-นาง เปรียบเสมือนเทพบุตร เทพธิดา ร่ายรำด้วยลีลาท่ารำที่งดงามเพื่อบูชาชาถวายเทพผู้ศักดิ์สิทธิ์ คือ ""องค์ปะตาระกาหลา"" นอกจากนี้ สามารถจัดแสดงในงานต่างๆ เพื่อความเป็นสิริมงคล",4,6," 8,000 ",การแสดง ระบำ รำ ฟ้อน,งานวันเกิด,งานมงคล
772,นาฏศิลป์อนุรักษ์,ระบำเทพบันเทิง,"ระบำเทพบันเทิง เป็นระบำมาตรฐานที่อยู่ในละครในเรื่องอิเหนา 
ผู้แสดงแต่งกายยืนเครื่องพระ-นาง เปรียบเสมือนเทพบุตร เทพธิดา ร่ายรำด้วยลีลาท่ารำที่งดงามเพื่อบูชาชาถวายเทพผู้ศักดิ์สิทธิ์ คือ ""องค์ปะตาระกาหลา"" นอกจากนี้ สามารถจัดแสดงในงานต่างๆ เพื่อความเป็นสิริมงคล",4,6," 8,000 ",การแสดง ระบำ รำ ฟ้อน,งานแต่งงาน,งานมงคล
773,นาฏศิลป์อนุรักษ์,ระบำเทพบันเทิง,"ระบำเทพบันเทิง เป็นระบำมาตรฐานที่อยู่ในละครในเรื่องอิเหนา 
ผู้แสดงแต่งกายยืนเครื่องพระ-นาง เปรียบเสมือนเทพบุตร เทพธิดา ร่ายรำด้วยลีลาท่ารำที่งดงามเพื่อบูชาชาถวายเทพผู้ศักดิ์สิทธิ์ คือ ""องค์ปะตาระกาหลา"" นอกจากนี้ สามารถจัดแสดงในงานต่างๆ เพื่อความเป็นสิริมงคล",4,6," 8,000 ",การแสดง ระบำ รำ ฟ้อน,งานขึ้นบ้านใหม่,งานมงคล
774,นาฏศิลป์อนุรักษ์,ระบำเทพบันเทิง,"ระบำเทพบันเทิง เป็นระบำมาตรฐานที่อยู่ในละครในเรื่องอิเหนา 
ผู้แสดงแต่งกายยืนเครื่องพระ-นาง เปรียบเสมือนเทพบุตร เทพธิดา ร่ายรำด้วยลีลาท่ารำที่งดงามเพื่อบูชาชาถวายเทพผู้ศักดิ์สิทธิ์ คือ ""องค์ปะตาระกาหลา"" นอกจากนี้ สามารถจัดแสดงในงานต่างๆ เพื่อความเป็นสิริมงคล",4,6," 8,000 ",การแสดง ระบำ รำ ฟ้อน,งานเปิดบริษัท,งานมงคล
775,นาฏศิลป์อนุรักษ์,ระบำเทพบันเทิง,"ระบำเทพบันเทิง เป็นระบำมาตรฐานที่อยู่ในละครในเรื่องอิเหนา 
ผู้แสดงแต่งกายยืนเครื่องพระ-นาง เปรียบเสมือนเทพบุตร เทพธิดา ร่ายรำด้วยลีลาท่ารำที่งดงามเพื่อบูชาชาถวายเทพผู้ศักดิ์สิทธิ์ คือ ""องค์ปะตาระกาหลา"" นอกจากนี้ สามารถจัดแสดงในงานต่างๆ เพื่อความเป็นสิริมงคล",4,6," 8,000 ",การแสดง ระบำ รำ ฟ้อน,งานบวงสรวง,งานมงคล
776,นาฏศิลป์อนุรักษ์,ระบำเทพบันเทิง,"ระบำเทพบันเทิง เป็นระบำมาตรฐานที่อยู่ในละครในเรื่องอิเหนา 
ผู้แสดงแต่งกายยืนเครื่องพระ-นาง เปรียบเสมือนเทพบุตร เทพธิดา ร่ายรำด้วยลีลาท่ารำที่งดงามเพื่อบูชาชาถวายเทพผู้ศักดิ์สิทธิ์ คือ ""องค์ปะตาระกาหลา"" นอกจากนี้ สามารถจัดแสดงในงานต่างๆ เพื่อความเป็นสิริมงคล",4,6," 8,000 ",การแสดง ระบำ รำ ฟ้อน,งานไหว้ครู,งานมงคล
777,นาฏศิลป์อนุรักษ์,ระบำเทพบันเทิง,"ระบำเทพบันเทิง เป็นระบำมาตรฐานที่อยู่ในละครในเรื่องอิเหนา 
ผู้แสดงแต่งกายยืนเครื่องพระ-นาง เปรียบเสมือนเทพบุตร เทพธิดา ร่ายรำด้วยลีลาท่ารำที่งดงามเพื่อบูชาชาถวายเทพผู้ศักดิ์สิทธิ์ คือ ""องค์ปะตาระกาหลา"" นอกจากนี้ สามารถจัดแสดงในงานต่างๆ เพื่อความเป็นสิริมงคล",4,6," 8,000 ",การแสดง ระบำ รำ ฟ้อน,การเผยแพร่วัฒนธรรมในประเทศ,งานเผยแพร่วัฒนธรรม
778,นาฏศิลป์อนุรักษ์,ระบำเทพบันเทิง,"ระบำเทพบันเทิง เป็นระบำมาตรฐานที่อยู่ในละครในเรื่องอิเหนา 
ผู้แสดงแต่งกายยืนเครื่องพระ-นาง เปรียบเสมือนเทพบุตร เทพธิดา ร่ายรำด้วยลีลาท่ารำที่งดงามเพื่อบูชาชาถวายเทพผู้ศักดิ์สิทธิ์ คือ ""องค์ปะตาระกาหลา"" นอกจากนี้ สามารถจัดแสดงในงานต่างๆ เพื่อความเป็นสิริมงคล",4,6," 8,000 ",การแสดง ระบำ รำ ฟ้อน,วันวิสาขบูชา,งานวันสำคัญทางศาสนา
779,นาฏศิลป์อนุรักษ์,ระบำเทพบันเทิง,"ระบำเทพบันเทิง เป็นระบำมาตรฐานที่อยู่ในละครในเรื่องอิเหนา 
ผู้แสดงแต่งกายยืนเครื่องพระ-นาง เปรียบเสมือนเทพบุตร เทพธิดา ร่ายรำด้วยลีลาท่ารำที่งดงามเพื่อบูชาชาถวายเทพผู้ศักดิ์สิทธิ์ คือ ""องค์ปะตาระกาหลา"" นอกจากนี้ สามารถจัดแสดงในงานต่างๆ เพื่อความเป็นสิริมงคล",4,6," 8,000 ",การแสดง ระบำ รำ ฟ้อน,วันเข้าพรรษา,งานวันสำคัญทางศาสนา
780,นาฏศิลป์อนุรักษ์,ระบำเทพบันเทิง,"ระบำเทพบันเทิง เป็นระบำมาตรฐานที่อยู่ในละครในเรื่องอิเหนา 
ผู้แสดงแต่งกายยืนเครื่องพระ-นาง เปรียบเสมือนเทพบุตร เทพธิดา ร่ายรำด้วยลีลาท่ารำที่งดงามเพื่อบูชาชาถวายเทพผู้ศักดิ์สิทธิ์ คือ ""องค์ปะตาระกาหลา"" นอกจากนี้ สามารถจัดแสดงในงานต่างๆ เพื่อความเป็นสิริมงคล",4,6," 8,000 ",การแสดง ระบำ รำ ฟ้อน,วันออกพรรษา,งานวันสำคัญทางศาสนา
781,นาฏศิลป์อนุรักษ์,ระบำเทพบันเทิง,"ระบำเทพบันเทิง เป็นระบำมาตรฐานที่อยู่ในละครในเรื่องอิเหนา 
ผู้แสดงแต่งกายยืนเครื่องพระ-นาง เปรียบเสมือนเทพบุตร เทพธิดา ร่ายรำด้วยลีลาท่ารำที่งดงามเพื่อบูชาชาถวายเทพผู้ศักดิ์สิทธิ์ คือ ""องค์ปะตาระกาหลา"" นอกจากนี้ สามารถจัดแสดงในงานต่างๆ เพื่อความเป็นสิริมงคล",4,6," 8,000 ",การแสดง ระบำ รำ ฟ้อน,งานสวดมนต์ข้ามปี,งานวันสำคัญทางศาสนา
782,นาฏศิลป์อนุรักษ์,ระบำเทพบันเทิง,"ระบำเทพบันเทิง เป็นระบำมาตรฐานที่อยู่ในละครในเรื่องอิเหนา 
ผู้แสดงแต่งกายยืนเครื่องพระ-นาง เปรียบเสมือนเทพบุตร เทพธิดา ร่ายรำด้วยลีลาท่ารำที่งดงามเพื่อบูชาชาถวายเทพผู้ศักดิ์สิทธิ์ คือ ""องค์ปะตาระกาหลา"" นอกจากนี้ สามารถจัดแสดงในงานต่างๆ เพื่อความเป็นสิริมงคล",4,6," 8,000 ",การแสดง ระบำ รำ ฟ้อน,งานเทศมหาชาติ,งานวันสำคัญทางศาสนา
783,นาฏศิลป์อนุรักษ์,ระบำเทพบันเทิง,"ระบำเทพบันเทิง เป็นระบำมาตรฐานที่อยู่ในละครในเรื่องอิเหนา 
ผู้แสดงแต่งกายยืนเครื่องพระ-นาง เปรียบเสมือนเทพบุตร เทพธิดา ร่ายรำด้วยลีลาท่ารำที่งดงามเพื่อบูชาชาถวายเทพผู้ศักดิ์สิทธิ์ คือ ""องค์ปะตาระกาหลา"" นอกจากนี้ สามารถจัดแสดงในงานต่างๆ เพื่อความเป็นสิริมงคล",4,6," 8,000 ",การแสดง ระบำ รำ ฟ้อน,งานประชุมสงฆ์,งานวันสำคัญทางศาสนา
784,นาฏศิลป์อนุรักษ์,ระบำนพรัตน์,"ระบำนพรัตน์ เป็นระบำที่สร้างสรรค์จากความเชื่อในคุณค่า
ของอัญมณี ที่เสริมความเป็นสิริมงคลแก่ผู้ประดับ โดยผู้แสดงเปรียบเสมือนอัญมณี 9 ชนิด ประกอบด้วย เพชร ทับทิม มรกต บุษราคัม โกเมน นิล มุก เพทาย และไพฑูรย์",9,10," 18,000 ",การแสดง ระบำ รำ ฟ้อน,งานต้อนรับอาคันตุกะ,งานรัฐพิธี
785,นาฏศิลป์อนุรักษ์,ระบำนพรัตน์,"ระบำนพรัตน์ เป็นระบำที่สร้างสรรค์จากความเชื่อในคุณค่า
ของอัญมณี ที่เสริมความเป็นสิริมงคลแก่ผู้ประดับ โดยผู้แสดงเปรียบเสมือนอัญมณี 9 ชนิด ประกอบด้วย เพชร ทับทิม มรกต บุษราคัม โกเมน นิล มุก เพทาย และไพฑูรย์",9,10," 18,000 ",การแสดง ระบำ รำ ฟ้อน,งานเฉลิมพระชนมพรรษาพระบรมวงศานุวงศ์,งานราชพิธี
786,นาฏศิลป์อนุรักษ์,ระบำนพรัตน์,"ระบำนพรัตน์ เป็นระบำที่สร้างสรรค์จากความเชื่อในคุณค่า
ของอัญมณี ที่เสริมความเป็นสิริมงคลแก่ผู้ประดับ โดยผู้แสดงเปรียบเสมือนอัญมณี 9 ชนิด ประกอบด้วย เพชร ทับทิม มรกต บุษราคัม โกเมน นิล มุก เพทาย และไพฑูรย์",9,10," 18,000 ",การแสดง ระบำ รำ ฟ้อน,งานทำบุญ,งานมงคล
787,นาฏศิลป์อนุรักษ์,ระบำนพรัตน์,"ระบำนพรัตน์ เป็นระบำที่สร้างสรรค์จากความเชื่อในคุณค่า
ของอัญมณี ที่เสริมความเป็นสิริมงคลแก่ผู้ประดับ โดยผู้แสดงเปรียบเสมือนอัญมณี 9 ชนิด ประกอบด้วย เพชร ทับทิม มรกต บุษราคัม โกเมน นิล มุก เพทาย และไพฑูรย์",9,10," 18,000 ",การแสดง ระบำ รำ ฟ้อน,งานวันเกิด,งานมงคล
788,นาฏศิลป์อนุรักษ์,ระบำนพรัตน์,"ระบำนพรัตน์ เป็นระบำที่สร้างสรรค์จากความเชื่อในคุณค่า
ของอัญมณี ที่เสริมความเป็นสิริมงคลแก่ผู้ประดับ โดยผู้แสดงเปรียบเสมือนอัญมณี 9 ชนิด ประกอบด้วย เพชร ทับทิม มรกต บุษราคัม โกเมน นิล มุก เพทาย และไพฑูรย์",9,10," 18,000 ",การแสดง ระบำ รำ ฟ้อน,งานแต่งงาน,งานมงคล
789,นาฏศิลป์อนุรักษ์,ระบำนพรัตน์,"ระบำนพรัตน์ เป็นระบำที่สร้างสรรค์จากความเชื่อในคุณค่า
ของอัญมณี ที่เสริมความเป็นสิริมงคลแก่ผู้ประดับ โดยผู้แสดงเปรียบเสมือนอัญมณี 9 ชนิด ประกอบด้วย เพชร ทับทิม มรกต บุษราคัม โกเมน นิล มุก เพทาย และไพฑูรย์",9,10," 18,000 ",การแสดง ระบำ รำ ฟ้อน,งานขึ้นบ้านใหม่,งานมงคล
790,นาฏศิลป์อนุรักษ์,ระบำนพรัตน์,"ระบำนพรัตน์ เป็นระบำที่สร้างสรรค์จากความเชื่อในคุณค่า
ของอัญมณี ที่เสริมความเป็นสิริมงคลแก่ผู้ประดับ โดยผู้แสดงเปรียบเสมือนอัญมณี 9 ชนิด ประกอบด้วย เพชร ทับทิม มรกต บุษราคัม โกเมน นิล มุก เพทาย และไพฑูรย์",9,10," 18,000 ",การแสดง ระบำ รำ ฟ้อน,งานเปิดบริษัท,งานมงคล
791,นาฏศิลป์อนุรักษ์,ระบำนพรัตน์,"ระบำนพรัตน์ เป็นระบำที่สร้างสรรค์จากความเชื่อในคุณค่า
ของอัญมณี ที่เสริมความเป็นสิริมงคลแก่ผู้ประดับ โดยผู้แสดงเปรียบเสมือนอัญมณี 9 ชนิด ประกอบด้วย เพชร ทับทิม มรกต บุษราคัม โกเมน นิล มุก เพทาย และไพฑูรย์",9,10," 18,000 ",การแสดง ระบำ รำ ฟ้อน,งานบวงสรวง,งานมงคล
792,นาฏศิลป์อนุรักษ์,ระบำนพรัตน์,"ระบำนพรัตน์ เป็นระบำที่สร้างสรรค์จากความเชื่อในคุณค่า
ของอัญมณี ที่เสริมความเป็นสิริมงคลแก่ผู้ประดับ โดยผู้แสดงเปรียบเสมือนอัญมณี 9 ชนิด ประกอบด้วย เพชร ทับทิม มรกต บุษราคัม โกเมน นิล มุก เพทาย และไพฑูรย์",9,10," 18,000 ",การแสดง ระบำ รำ ฟ้อน,งานไหว้ครู,งานมงคล
793,นาฏศิลป์อนุรักษ์,ระบำนพรัตน์,"ระบำนพรัตน์ เป็นระบำที่สร้างสรรค์จากความเชื่อในคุณค่า
ของอัญมณี ที่เสริมความเป็นสิริมงคลแก่ผู้ประดับ โดยผู้แสดงเปรียบเสมือนอัญมณี 9 ชนิด ประกอบด้วย เพชร ทับทิม มรกต บุษราคัม โกเมน นิล มุก เพทาย และไพฑูรย์",9,10," 18,000 ",การแสดง ระบำ รำ ฟ้อน,งานสวดอภิธรรม,งานอวมงคล
794,นาฏศิลป์อนุรักษ์,ระบำนพรัตน์,"ระบำนพรัตน์ เป็นระบำที่สร้างสรรค์จากความเชื่อในคุณค่า
ของอัญมณี ที่เสริมความเป็นสิริมงคลแก่ผู้ประดับ โดยผู้แสดงเปรียบเสมือนอัญมณี 9 ชนิด ประกอบด้วย เพชร ทับทิม มรกต บุษราคัม โกเมน นิล มุก เพทาย และไพฑูรย์",9,10," 18,000 ",การแสดง ระบำ รำ ฟ้อน,งานพระราชทานเพลิงศพ,งานอวมงคล
795,นาฏศิลป์อนุรักษ์,ระบำนพรัตน์,"ระบำนพรัตน์ เป็นระบำที่สร้างสรรค์จากความเชื่อในคุณค่า
ของอัญมณี ที่เสริมความเป็นสิริมงคลแก่ผู้ประดับ โดยผู้แสดงเปรียบเสมือนอัญมณี 9 ชนิด ประกอบด้วย เพชร ทับทิม มรกต บุษราคัม โกเมน นิล มุก เพทาย และไพฑูรย์",9,10," 18,000 ",การแสดง ระบำ รำ ฟ้อน,งานฌาปนกิจศพ,งานอวมงคล
796,นาฏศิลป์อนุรักษ์,ระบำนพรัตน์,"ระบำนพรัตน์ เป็นระบำที่สร้างสรรค์จากความเชื่อในคุณค่า
ของอัญมณี ที่เสริมความเป็นสิริมงคลแก่ผู้ประดับ โดยผู้แสดงเปรียบเสมือนอัญมณี 9 ชนิด ประกอบด้วย เพชร ทับทิม มรกต บุษราคัม โกเมน นิล มุก เพทาย และไพฑูรย์",9,10," 18,000 ",การแสดง ระบำ รำ ฟ้อน,วันสงกรานต์,งานเทศกาล
797,นาฏศิลป์อนุรักษ์,ระบำนพรัตน์,"ระบำนพรัตน์ เป็นระบำที่สร้างสรรค์จากความเชื่อในคุณค่า
ของอัญมณี ที่เสริมความเป็นสิริมงคลแก่ผู้ประดับ โดยผู้แสดงเปรียบเสมือนอัญมณี 9 ชนิด ประกอบด้วย เพชร ทับทิม มรกต บุษราคัม โกเมน นิล มุก เพทาย และไพฑูรย์",9,10," 18,000 ",การแสดง ระบำ รำ ฟ้อน,วันขึ้นปีใหม่,งานเทศกาล
798,นาฏศิลป์อนุรักษ์,ระบำนพรัตน์,"ระบำนพรัตน์ เป็นระบำที่สร้างสรรค์จากความเชื่อในคุณค่า
ของอัญมณี ที่เสริมความเป็นสิริมงคลแก่ผู้ประดับ โดยผู้แสดงเปรียบเสมือนอัญมณี 9 ชนิด ประกอบด้วย เพชร ทับทิม มรกต บุษราคัม โกเมน นิล มุก เพทาย และไพฑูรย์",9,10," 18,000 ",การแสดง ระบำ รำ ฟ้อน,วันตรุษจีน,งานเทศกาล
799,นาฏศิลป์อนุรักษ์,ระบำนพรัตน์,"ระบำนพรัตน์ เป็นระบำที่สร้างสรรค์จากความเชื่อในคุณค่า
ของอัญมณี ที่เสริมความเป็นสิริมงคลแก่ผู้ประดับ โดยผู้แสดงเปรียบเสมือนอัญมณี 9 ชนิด ประกอบด้วย เพชร ทับทิม มรกต บุษราคัม โกเมน นิล มุก เพทาย และไพฑูรย์",9,10," 18,000 ",การแสดง ระบำ รำ ฟ้อน,วันลอยกระทง,งานเทศกาล
800,นาฏศิลป์อนุรักษ์,ระบำนพรัตน์,"ระบำนพรัตน์ เป็นระบำที่สร้างสรรค์จากความเชื่อในคุณค่า
ของอัญมณี ที่เสริมความเป็นสิริมงคลแก่ผู้ประดับ โดยผู้แสดงเปรียบเสมือนอัญมณี 9 ชนิด ประกอบด้วย เพชร ทับทิม มรกต บุษราคัม โกเมน นิล มุก เพทาย และไพฑูรย์",9,10," 18,000 ",การแสดง ระบำ รำ ฟ้อน,การเผยแพร่วัฒนธรรมในประเทศ,งานเผยแพร่วัฒนธรรม
801,นาฏศิลป์อนุรักษ์,ระบำพรมมาสตร์,"เป็นระบำของเหล่าเทวดา – นางฟ้า สำหรับแสดงประกอบการแสดงโขน เรื่องรามเกียรติ์ 
ชุดศึกพรหมาสตร์ เนื้อเรื่องกล่าวถึงอินทรชิตโอรสของทศกัณฐ์ กำลังทำสงครามติดพันอยู่กับพระลักษมณ์ จึงใช้กลยุทธลวงพระลักษมณ์และกองทัพวานร โดยอินทรชิตได้แปลงกายเป็นพระอินทร์ และให้การุณราชแปลงตัวเป็นช้างเอราวัณ ซึ่งเป็นพาหนะทรงของตน อีกทั้งให้บรรดาพลยักษ์นักรบในกองทัพแปลงกายเป็นเทพบุตร และนางฟ้า พากันเหาะฟ้อนรำ นำขบวนไปหน้าช้าง เพื่อลวงพระลักษมณ์ และกองทัพวานร ว่าขบวนเสด็จของพระอินทร์กำลังเสด็จผ่านมาในกลางอากาศ ",4,10," 8,000 ",การแสดง ระบำ รำ ฟ้อน,การเผยแพร่วัฒนธรรมในประเทศ,งานเผยแพร่วัฒนธรรม
802,นาฏศิลป์อนุรักษ์,ระบำย่องหงิด,ระบำย่องหงิดเป็นระบำที่อยู่ในละครในเรื่องอุณรุท ตอนศุภลักษณ์วาดรูปซึ่งมีเนื้อเรื่องกล่าวถึง นางศุภลักษณ์พี่เลี้ยงของนางอุษาได้ขออาสาขึ้นไปวาดรูปเทพบุตรบนสวรรค์ขณะที่นางศุภลักษณ์ขึ้นไปบนสวรรค์นั้น ได้พบกับเหล่าเทพบุตรเทพธิดาจับระบำกันด้วยความรื่นเริง บันเทิงใจ ระบำย่องหงิด เป็นระบำที่มีกระบวนท่ารำที่งดงามและมีการแปรแถวที่สอดประสานกันได้อย่างกลมกลืนตามรูปแบบนาฏศิลป์ไทยท่วงท่าต่าง ๆ มีลีลางดงามตามคำร้อง และทำนองเพลงลักษณะการแสดงเป็นการรำเป็นหมู่คู่กันระหว่างเทวดาและนางฟ้า ,4,10," 8,000 ",การแสดง ระบำ รำ ฟ้อน,การเผยแพร่วัฒนธรรมในประเทศ,งานเผยแพร่วัฒนธรรม
803,นาฏศิลป์อนุรักษ์,ระบำวิชนี,"ระบำวิชนี สร้างสรรค์ขึ้นด้วยแนวคิดความนิยมในการใช้พัด 
เพื่อบรรเทาความร้อนจากสภาพอากาศของประเทศไทย ผู้แสดงเป็นหญิงสาวแต่งกายชุดนางในราชสำนัก มือขวาถือพัด ""วิชนี"" ร่ายรำตามทำนองเพลงและบทร้อง",6,10," 12,000 ",การแสดง ระบำ รำ ฟ้อน,งานต้อนรับอาคันตุกะ,งานรัฐพิธี
804,นาฏศิลป์อนุรักษ์,ระบำวิชนี,"ระบำวิชนี สร้างสรรค์ขึ้นด้วยแนวคิดความนิยมในการใช้พัด 
เพื่อบรรเทาความร้อนจากสภาพอากาศของประเทศไทย ผู้แสดงเป็นหญิงสาวแต่งกายชุดนางในราชสำนัก มือขวาถือพัด ""วิชนี"" ร่ายรำตามทำนองเพลงและบทร้อง",6,10," 12,000 ",การแสดง ระบำ รำ ฟ้อน,งานเฉลิมพระชนมพรรษาพระบรมวงศานุวงศ์,งานราชพิธี
805,นาฏศิลป์อนุรักษ์,ระบำวิชนี,"ระบำวิชนี สร้างสรรค์ขึ้นด้วยแนวคิดความนิยมในการใช้พัด 
เพื่อบรรเทาความร้อนจากสภาพอากาศของประเทศไทย ผู้แสดงเป็นหญิงสาวแต่งกายชุดนางในราชสำนัก มือขวาถือพัด ""วิชนี"" ร่ายรำตามทำนองเพลงและบทร้อง",6,10," 12,000 ",การแสดง ระบำ รำ ฟ้อน,งานทำบุญ,งานมงคล
806,นาฏศิลป์อนุรักษ์,ระบำวิชนี,"ระบำวิชนี สร้างสรรค์ขึ้นด้วยแนวคิดความนิยมในการใช้พัด 
เพื่อบรรเทาความร้อนจากสภาพอากาศของประเทศไทย ผู้แสดงเป็นหญิงสาวแต่งกายชุดนางในราชสำนัก มือขวาถือพัด ""วิชนี"" ร่ายรำตามทำนองเพลงและบทร้อง",6,10," 12,000 ",การแสดง ระบำ รำ ฟ้อน,งานวันเกิด,งานมงคล
807,นาฏศิลป์อนุรักษ์,ระบำวิชนี,"ระบำวิชนี สร้างสรรค์ขึ้นด้วยแนวคิดความนิยมในการใช้พัด 
เพื่อบรรเทาความร้อนจากสภาพอากาศของประเทศไทย ผู้แสดงเป็นหญิงสาวแต่งกายชุดนางในราชสำนัก มือขวาถือพัด ""วิชนี"" ร่ายรำตามทำนองเพลงและบทร้อง",6,10," 12,000 ",การแสดง ระบำ รำ ฟ้อน,งานขึ้นบ้านใหม่,งานมงคล
808,นาฏศิลป์อนุรักษ์,ระบำวิชนี,"ระบำวิชนี สร้างสรรค์ขึ้นด้วยแนวคิดความนิยมในการใช้พัด 
เพื่อบรรเทาความร้อนจากสภาพอากาศของประเทศไทย ผู้แสดงเป็นหญิงสาวแต่งกายชุดนางในราชสำนัก มือขวาถือพัด ""วิชนี"" ร่ายรำตามทำนองเพลงและบทร้อง",6,10," 12,000 ",การแสดง ระบำ รำ ฟ้อน,งานเปิดบริษัท,งานมงคล
809,นาฏศิลป์อนุรักษ์,ระบำวิชนี,"ระบำวิชนี สร้างสรรค์ขึ้นด้วยแนวคิดความนิยมในการใช้พัด 
เพื่อบรรเทาความร้อนจากสภาพอากาศของประเทศไทย ผู้แสดงเป็นหญิงสาวแต่งกายชุดนางในราชสำนัก มือขวาถือพัด ""วิชนี"" ร่ายรำตามทำนองเพลงและบทร้อง",6,10," 12,000 ",การแสดง ระบำ รำ ฟ้อน,งานสวดอภิธรรม,งานอวมงคล
810,นาฏศิลป์อนุรักษ์,ระบำวิชนี,"ระบำวิชนี สร้างสรรค์ขึ้นด้วยแนวคิดความนิยมในการใช้พัด 
เพื่อบรรเทาความร้อนจากสภาพอากาศของประเทศไทย ผู้แสดงเป็นหญิงสาวแต่งกายชุดนางในราชสำนัก มือขวาถือพัด ""วิชนี"" ร่ายรำตามทำนองเพลงและบทร้อง",6,10," 12,000 ",การแสดง ระบำ รำ ฟ้อน,วันสงกรานต์,งานเทศกาล
811,นาฏศิลป์อนุรักษ์,ระบำวิชนี,"ระบำวิชนี สร้างสรรค์ขึ้นด้วยแนวคิดความนิยมในการใช้พัด 
เพื่อบรรเทาความร้อนจากสภาพอากาศของประเทศไทย ผู้แสดงเป็นหญิงสาวแต่งกายชุดนางในราชสำนัก มือขวาถือพัด ""วิชนี"" ร่ายรำตามทำนองเพลงและบทร้อง",6,10," 12,000 ",การแสดง ระบำ รำ ฟ้อน,วันขึ้นปีใหม่,งานเทศกาล
812,นาฏศิลป์อนุรักษ์,ระบำวิชนี,"ระบำวิชนี สร้างสรรค์ขึ้นด้วยแนวคิดความนิยมในการใช้พัด 
เพื่อบรรเทาความร้อนจากสภาพอากาศของประเทศไทย ผู้แสดงเป็นหญิงสาวแต่งกายชุดนางในราชสำนัก มือขวาถือพัด ""วิชนี"" ร่ายรำตามทำนองเพลงและบทร้อง",6,10," 12,000 ",การแสดง ระบำ รำ ฟ้อน,วันลอยกระทง,งานเทศกาล
813,นาฏศิลป์อนุรักษ์,ระบำวิชนี,"ระบำวิชนี สร้างสรรค์ขึ้นด้วยแนวคิดความนิยมในการใช้พัด 
เพื่อบรรเทาความร้อนจากสภาพอากาศของประเทศไทย ผู้แสดงเป็นหญิงสาวแต่งกายชุดนางในราชสำนัก มือขวาถือพัด ""วิชนี"" ร่ายรำตามทำนองเพลงและบทร้อง",6,10," 12,000 ",การแสดง ระบำ รำ ฟ้อน,การเผยแพร่วัฒนธรรมในประเทศ,งานเผยแพร่วัฒนธรรม
814,นาฏศิลป์อนุรักษ์,ระบำศรีชยสิงห์,"ระบำศรีชยสิงห์ เป็นระบำที่สร้างสรรค์ท่ารำและ
เครื่องแต่งกายเลียนแบบภาพจำหลักของนางอัปสราบายน บริเวณปราสาทเมืองสิงห์ ริมแม่น้ำแควน้อย จังหวัดกาญจนบุรี ปรากฏในจารึกปราสาทพระขรรค์ สมัยพระเจ้าชัยวรมันที่ 7 ว่าดินแดนแถบนี้มีวัฒนธรรมดั้งเดิมผสมผสานระหว่าง มอญ ขอม และไทย",7,8," 12,500 ",การแสดง ระบำ รำ ฟ้อน,งานต้อนรับอาคันตุกะ,งานรัฐพิธี
815,นาฏศิลป์อนุรักษ์,ระบำศรีชยสิงห์,"ระบำศรีชยสิงห์ เป็นระบำที่สร้างสรรค์ท่ารำและ
เครื่องแต่งกายเลียนแบบภาพจำหลักของนางอัปสราบายน บริเวณปราสาทเมืองสิงห์ ริมแม่น้ำแควน้อย จังหวัดกาญจนบุรี ปรากฏในจารึกปราสาทพระขรรค์ สมัยพระเจ้าชัยวรมันที่ 7 ว่าดินแดนแถบนี้มีวัฒนธรรมดั้งเดิมผสมผสานระหว่าง มอญ ขอม และไทย",7,8," 12,500 ",การแสดง ระบำ รำ ฟ้อน,งานทำบุญ,งานมงคล
816,นาฏศิลป์อนุรักษ์,ระบำศรีชยสิงห์,"ระบำศรีชยสิงห์ เป็นระบำที่สร้างสรรค์ท่ารำและ
เครื่องแต่งกายเลียนแบบภาพจำหลักของนางอัปสราบายน บริเวณปราสาทเมืองสิงห์ ริมแม่น้ำแควน้อย จังหวัดกาญจนบุรี ปรากฏในจารึกปราสาทพระขรรค์ สมัยพระเจ้าชัยวรมันที่ 7 ว่าดินแดนแถบนี้มีวัฒนธรรมดั้งเดิมผสมผสานระหว่าง มอญ ขอม และไทย",7,8," 12,500 ",การแสดง ระบำ รำ ฟ้อน,งานวันเกิด,งานมงคล
817,นาฏศิลป์อนุรักษ์,ระบำศรีชยสิงห์,"ระบำศรีชยสิงห์ เป็นระบำที่สร้างสรรค์ท่ารำและ
เครื่องแต่งกายเลียนแบบภาพจำหลักของนางอัปสราบายน บริเวณปราสาทเมืองสิงห์ ริมแม่น้ำแควน้อย จังหวัดกาญจนบุรี ปรากฏในจารึกปราสาทพระขรรค์ สมัยพระเจ้าชัยวรมันที่ 7 ว่าดินแดนแถบนี้มีวัฒนธรรมดั้งเดิมผสมผสานระหว่าง มอญ ขอม และไทย",7,8," 12,500 ",การแสดง ระบำ รำ ฟ้อน,งานแต่งงาน,งานมงคล
818,นาฏศิลป์อนุรักษ์,ระบำศรีชยสิงห์,"ระบำศรีชยสิงห์ เป็นระบำที่สร้างสรรค์ท่ารำและ
เครื่องแต่งกายเลียนแบบภาพจำหลักของนางอัปสราบายน บริเวณปราสาทเมืองสิงห์ ริมแม่น้ำแควน้อย จังหวัดกาญจนบุรี ปรากฏในจารึกปราสาทพระขรรค์ สมัยพระเจ้าชัยวรมันที่ 7 ว่าดินแดนแถบนี้มีวัฒนธรรมดั้งเดิมผสมผสานระหว่าง มอญ ขอม และไทย",7,8," 12,500 ",การแสดง ระบำ รำ ฟ้อน,งานขึ้นบ้านใหม่,งานมงคล
819,นาฏศิลป์อนุรักษ์,ระบำศรีชยสิงห์,"ระบำศรีชยสิงห์ เป็นระบำที่สร้างสรรค์ท่ารำและ
เครื่องแต่งกายเลียนแบบภาพจำหลักของนางอัปสราบายน บริเวณปราสาทเมืองสิงห์ ริมแม่น้ำแควน้อย จังหวัดกาญจนบุรี ปรากฏในจารึกปราสาทพระขรรค์ สมัยพระเจ้าชัยวรมันที่ 7 ว่าดินแดนแถบนี้มีวัฒนธรรมดั้งเดิมผสมผสานระหว่าง มอญ ขอม และไทย",7,8," 12,500 ",การแสดง ระบำ รำ ฟ้อน,งานเปิดบริษัท,งานมงคล
820,นาฏศิลป์อนุรักษ์,ระบำศรีชยสิงห์,"ระบำศรีชยสิงห์ เป็นระบำที่สร้างสรรค์ท่ารำและ
เครื่องแต่งกายเลียนแบบภาพจำหลักของนางอัปสราบายน บริเวณปราสาทเมืองสิงห์ ริมแม่น้ำแควน้อย จังหวัดกาญจนบุรี ปรากฏในจารึกปราสาทพระขรรค์ สมัยพระเจ้าชัยวรมันที่ 7 ว่าดินแดนแถบนี้มีวัฒนธรรมดั้งเดิมผสมผสานระหว่าง มอญ ขอม และไทย",7,8," 12,500 ",การแสดง ระบำ รำ ฟ้อน,งานบวงสรวง,งานมงคล
821,นาฏศิลป์อนุรักษ์,ระบำศรีชยสิงห์,"ระบำศรีชยสิงห์ เป็นระบำที่สร้างสรรค์ท่ารำและ
เครื่องแต่งกายเลียนแบบภาพจำหลักของนางอัปสราบายน บริเวณปราสาทเมืองสิงห์ ริมแม่น้ำแควน้อย จังหวัดกาญจนบุรี ปรากฏในจารึกปราสาทพระขรรค์ สมัยพระเจ้าชัยวรมันที่ 7 ว่าดินแดนแถบนี้มีวัฒนธรรมดั้งเดิมผสมผสานระหว่าง มอญ ขอม และไทย",7,8," 12,500 ",การแสดง ระบำ รำ ฟ้อน,งานไหว้ครู,งานมงคล
822,นาฏศิลป์อนุรักษ์,ระบำศรีชยสิงห์,"ระบำศรีชยสิงห์ เป็นระบำที่สร้างสรรค์ท่ารำและ
เครื่องแต่งกายเลียนแบบภาพจำหลักของนางอัปสราบายน บริเวณปราสาทเมืองสิงห์ ริมแม่น้ำแควน้อย จังหวัดกาญจนบุรี ปรากฏในจารึกปราสาทพระขรรค์ สมัยพระเจ้าชัยวรมันที่ 7 ว่าดินแดนแถบนี้มีวัฒนธรรมดั้งเดิมผสมผสานระหว่าง มอญ ขอม และไทย",7,8," 12,500 ",การแสดง ระบำ รำ ฟ้อน,งานสวดอภิธรรม,งานอวมงคล
823,นาฏศิลป์อนุรักษ์,ระบำศรีชยสิงห์,"ระบำศรีชยสิงห์ เป็นระบำที่สร้างสรรค์ท่ารำและ
เครื่องแต่งกายเลียนแบบภาพจำหลักของนางอัปสราบายน บริเวณปราสาทเมืองสิงห์ ริมแม่น้ำแควน้อย จังหวัดกาญจนบุรี ปรากฏในจารึกปราสาทพระขรรค์ สมัยพระเจ้าชัยวรมันที่ 7 ว่าดินแดนแถบนี้มีวัฒนธรรมดั้งเดิมผสมผสานระหว่าง มอญ ขอม และไทย",7,8," 12,500 ",การแสดง ระบำ รำ ฟ้อน,งานพระราชทานเพลิงศพ,งานอวมงคล
824,นาฏศิลป์อนุรักษ์,ระบำศรีชยสิงห์,"ระบำศรีชยสิงห์ เป็นระบำที่สร้างสรรค์ท่ารำและ
เครื่องแต่งกายเลียนแบบภาพจำหลักของนางอัปสราบายน บริเวณปราสาทเมืองสิงห์ ริมแม่น้ำแควน้อย จังหวัดกาญจนบุรี ปรากฏในจารึกปราสาทพระขรรค์ สมัยพระเจ้าชัยวรมันที่ 7 ว่าดินแดนแถบนี้มีวัฒนธรรมดั้งเดิมผสมผสานระหว่าง มอญ ขอม และไทย",7,8," 12,500 ",การแสดง ระบำ รำ ฟ้อน,งานฌาปนกิจศพ,งานอวมงคล
825,นาฏศิลป์อนุรักษ์,ระบำศรีชยสิงห์,"ระบำศรีชยสิงห์ เป็นระบำที่สร้างสรรค์ท่ารำและ
เครื่องแต่งกายเลียนแบบภาพจำหลักของนางอัปสราบายน บริเวณปราสาทเมืองสิงห์ ริมแม่น้ำแควน้อย จังหวัดกาญจนบุรี ปรากฏในจารึกปราสาทพระขรรค์ สมัยพระเจ้าชัยวรมันที่ 7 ว่าดินแดนแถบนี้มีวัฒนธรรมดั้งเดิมผสมผสานระหว่าง มอญ ขอม และไทย",7,8," 12,500 ",การแสดง ระบำ รำ ฟ้อน,วันสงกรานต์,งานเทศกาล
826,นาฏศิลป์อนุรักษ์,ระบำศรีชยสิงห์,"ระบำศรีชยสิงห์ เป็นระบำที่สร้างสรรค์ท่ารำและ
เครื่องแต่งกายเลียนแบบภาพจำหลักของนางอัปสราบายน บริเวณปราสาทเมืองสิงห์ ริมแม่น้ำแควน้อย จังหวัดกาญจนบุรี ปรากฏในจารึกปราสาทพระขรรค์ สมัยพระเจ้าชัยวรมันที่ 7 ว่าดินแดนแถบนี้มีวัฒนธรรมดั้งเดิมผสมผสานระหว่าง มอญ ขอม และไทย",7,8," 12,500 ",การแสดง ระบำ รำ ฟ้อน,วันขึ้นปีใหม่,งานเทศกาล
827,นาฏศิลป์อนุรักษ์,ระบำศรีชยสิงห์,"ระบำศรีชยสิงห์ เป็นระบำที่สร้างสรรค์ท่ารำและ
เครื่องแต่งกายเลียนแบบภาพจำหลักของนางอัปสราบายน บริเวณปราสาทเมืองสิงห์ ริมแม่น้ำแควน้อย จังหวัดกาญจนบุรี ปรากฏในจารึกปราสาทพระขรรค์ สมัยพระเจ้าชัยวรมันที่ 7 ว่าดินแดนแถบนี้มีวัฒนธรรมดั้งเดิมผสมผสานระหว่าง มอญ ขอม และไทย",7,8," 12,500 ",การแสดง ระบำ รำ ฟ้อน,วันตรุษจีน,งานเทศกาล
828,นาฏศิลป์อนุรักษ์,ระบำศรีชยสิงห์,"ระบำศรีชยสิงห์ เป็นระบำที่สร้างสรรค์ท่ารำและ
เครื่องแต่งกายเลียนแบบภาพจำหลักของนางอัปสราบายน บริเวณปราสาทเมืองสิงห์ ริมแม่น้ำแควน้อย จังหวัดกาญจนบุรี ปรากฏในจารึกปราสาทพระขรรค์ สมัยพระเจ้าชัยวรมันที่ 7 ว่าดินแดนแถบนี้มีวัฒนธรรมดั้งเดิมผสมผสานระหว่าง มอญ ขอม และไทย",7,8," 12,500 ",การแสดง ระบำ รำ ฟ้อน,วันลอยกระทง,งานเทศกาล
829,นาฏศิลป์อนุรักษ์,ระบำศรีชยสิงห์,"ระบำศรีชยสิงห์ เป็นระบำที่สร้างสรรค์ท่ารำและ
เครื่องแต่งกายเลียนแบบภาพจำหลักของนางอัปสราบายน บริเวณปราสาทเมืองสิงห์ ริมแม่น้ำแควน้อย จังหวัดกาญจนบุรี ปรากฏในจารึกปราสาทพระขรรค์ สมัยพระเจ้าชัยวรมันที่ 7 ว่าดินแดนแถบนี้มีวัฒนธรรมดั้งเดิมผสมผสานระหว่าง มอญ ขอม และไทย",7,8," 12,500 ",การแสดง ระบำ รำ ฟ้อน,การเผยแพร่วัฒนธรรมในประเทศ,งานเผยแพร่วัฒนธรรม
830,นาฏศิลป์อนุรักษ์,ระบำศรีชยสิงห์,"ระบำศรีชยสิงห์ เป็นระบำที่สร้างสรรค์ท่ารำและ
เครื่องแต่งกายเลียนแบบภาพจำหลักของนางอัปสราบายน บริเวณปราสาทเมืองสิงห์ ริมแม่น้ำแควน้อย จังหวัดกาญจนบุรี ปรากฏในจารึกปราสาทพระขรรค์ สมัยพระเจ้าชัยวรมันที่ 7 ว่าดินแดนแถบนี้มีวัฒนธรรมดั้งเดิมผสมผสานระหว่าง มอญ ขอม และไทย",7,8," 12,500 ",การแสดง ระบำ รำ ฟ้อน,การเผยแพร่วัฒนธรรมต่างประเทศ,งานเผยแพร่วัฒนธรรม
831,นาฏศิลป์อนุรักษ์,รำซัดชาตรี,"รำซัดซาตรี เป็นการแสดงที่ปรับปรุงมาจากการรำซัดไหว้ครู
ในการแสดงละครชาตรี เป็นรูปแบบการรำเบิกโรงก่อนการแสดงละคร
ในลักษณะการรำคู่ ประกอบด้วยผู้แสดงฝ่ายชายและผู้แสดงฝ่ายหญิง
แสดงลีลาท่ารำรวดเร็วตามท่วงทำนองดนตรี",4,7," 8,000 ",การแสดง ระบำ รำ ฟ้อน,งานต้อนรับอาคันตุกะ,งานรัฐพิธี
832,นาฏศิลป์อนุรักษ์,รำซัดชาตรี,"รำซัดซาตรี เป็นการแสดงที่ปรับปรุงมาจากการรำซัดไหว้ครู
ในการแสดงละครชาตรี เป็นรูปแบบการรำเบิกโรงก่อนการแสดงละคร
ในลักษณะการรำคู่ ประกอบด้วยผู้แสดงฝ่ายชายและผู้แสดงฝ่ายหญิง
แสดงลีลาท่ารำรวดเร็วตามท่วงทำนองดนตรี",4,7," 8,000 ",การแสดง ระบำ รำ ฟ้อน,งานสโมสรสันนิบาต,งานรัฐพิธี
833,นาฏศิลป์อนุรักษ์,รำซัดชาตรี,"รำซัดซาตรี เป็นการแสดงที่ปรับปรุงมาจากการรำซัดไหว้ครู
ในการแสดงละครชาตรี เป็นรูปแบบการรำเบิกโรงก่อนการแสดงละคร
ในลักษณะการรำคู่ ประกอบด้วยผู้แสดงฝ่ายชายและผู้แสดงฝ่ายหญิง
แสดงลีลาท่ารำรวดเร็วตามท่วงทำนองดนตรี",4,7," 8,000 ",การแสดง ระบำ รำ ฟ้อน,งานเฉลิมพระชนมพรรษาพระบรมวงศานุวงศ์,งานราชพิธี
834,นาฏศิลป์อนุรักษ์,รำซัดชาตรี,"รำซัดซาตรี เป็นการแสดงที่ปรับปรุงมาจากการรำซัดไหว้ครู
ในการแสดงละครชาตรี เป็นรูปแบบการรำเบิกโรงก่อนการแสดงละคร
ในลักษณะการรำคู่ ประกอบด้วยผู้แสดงฝ่ายชายและผู้แสดงฝ่ายหญิง
แสดงลีลาท่ารำรวดเร็วตามท่วงทำนองดนตรี",4,7," 8,000 ",การแสดง ระบำ รำ ฟ้อน,งานทำบุญ,งานมงคล
835,นาฏศิลป์อนุรักษ์,รำซัดชาตรี,"รำซัดซาตรี เป็นการแสดงที่ปรับปรุงมาจากการรำซัดไหว้ครู
ในการแสดงละครชาตรี เป็นรูปแบบการรำเบิกโรงก่อนการแสดงละคร
ในลักษณะการรำคู่ ประกอบด้วยผู้แสดงฝ่ายชายและผู้แสดงฝ่ายหญิง
แสดงลีลาท่ารำรวดเร็วตามท่วงทำนองดนตรี",4,7," 8,000 ",การแสดง ระบำ รำ ฟ้อน,งานวันเกิด,งานมงคล
836,นาฏศิลป์อนุรักษ์,รำซัดชาตรี,"รำซัดซาตรี เป็นการแสดงที่ปรับปรุงมาจากการรำซัดไหว้ครู
ในการแสดงละครชาตรี เป็นรูปแบบการรำเบิกโรงก่อนการแสดงละคร
ในลักษณะการรำคู่ ประกอบด้วยผู้แสดงฝ่ายชายและผู้แสดงฝ่ายหญิง
แสดงลีลาท่ารำรวดเร็วตามท่วงทำนองดนตรี",4,7," 8,000 ",การแสดง ระบำ รำ ฟ้อน,งานแต่งงาน,งานมงคล
837,นาฏศิลป์อนุรักษ์,รำซัดชาตรี,"รำซัดซาตรี เป็นการแสดงที่ปรับปรุงมาจากการรำซัดไหว้ครู
ในการแสดงละครชาตรี เป็นรูปแบบการรำเบิกโรงก่อนการแสดงละคร
ในลักษณะการรำคู่ ประกอบด้วยผู้แสดงฝ่ายชายและผู้แสดงฝ่ายหญิง
แสดงลีลาท่ารำรวดเร็วตามท่วงทำนองดนตรี",4,7," 8,000 ",การแสดง ระบำ รำ ฟ้อน,งานขึ้นบ้านใหม่,งานมงคล
838,นาฏศิลป์อนุรักษ์,รำซัดชาตรี,"รำซัดซาตรี เป็นการแสดงที่ปรับปรุงมาจากการรำซัดไหว้ครู
ในการแสดงละครชาตรี เป็นรูปแบบการรำเบิกโรงก่อนการแสดงละคร
ในลักษณะการรำคู่ ประกอบด้วยผู้แสดงฝ่ายชายและผู้แสดงฝ่ายหญิง
แสดงลีลาท่ารำรวดเร็วตามท่วงทำนองดนตรี",4,7," 8,000 ",การแสดง ระบำ รำ ฟ้อน,งานเปิดบริษัท,งานมงคล
839,นาฏศิลป์อนุรักษ์,รำซัดชาตรี,"รำซัดซาตรี เป็นการแสดงที่ปรับปรุงมาจากการรำซัดไหว้ครู
ในการแสดงละครชาตรี เป็นรูปแบบการรำเบิกโรงก่อนการแสดงละคร
ในลักษณะการรำคู่ ประกอบด้วยผู้แสดงฝ่ายชายและผู้แสดงฝ่ายหญิง
แสดงลีลาท่ารำรวดเร็วตามท่วงทำนองดนตรี",4,7," 8,000 ",การแสดง ระบำ รำ ฟ้อน,งานบวงสรวง,งานมงคล
840,นาฏศิลป์อนุรักษ์,รำซัดชาตรี,"รำซัดซาตรี เป็นการแสดงที่ปรับปรุงมาจากการรำซัดไหว้ครู
ในการแสดงละครชาตรี เป็นรูปแบบการรำเบิกโรงก่อนการแสดงละคร
ในลักษณะการรำคู่ ประกอบด้วยผู้แสดงฝ่ายชายและผู้แสดงฝ่ายหญิง
แสดงลีลาท่ารำรวดเร็วตามท่วงทำนองดนตรี",4,7," 8,000 ",การแสดง ระบำ รำ ฟ้อน,งานไหว้ครู,งานมงคล
841,นาฏศิลป์อนุรักษ์,รำซัดชาตรี,"รำซัดซาตรี เป็นการแสดงที่ปรับปรุงมาจากการรำซัดไหว้ครู
ในการแสดงละครชาตรี เป็นรูปแบบการรำเบิกโรงก่อนการแสดงละคร
ในลักษณะการรำคู่ ประกอบด้วยผู้แสดงฝ่ายชายและผู้แสดงฝ่ายหญิง
แสดงลีลาท่ารำรวดเร็วตามท่วงทำนองดนตรี",4,7," 8,000 ",การแสดง ระบำ รำ ฟ้อน,งานสวดอภิธรรม,งานอวมงคล
842,นาฏศิลป์อนุรักษ์,รำซัดชาตรี,"รำซัดซาตรี เป็นการแสดงที่ปรับปรุงมาจากการรำซัดไหว้ครู
ในการแสดงละครชาตรี เป็นรูปแบบการรำเบิกโรงก่อนการแสดงละคร
ในลักษณะการรำคู่ ประกอบด้วยผู้แสดงฝ่ายชายและผู้แสดงฝ่ายหญิง
แสดงลีลาท่ารำรวดเร็วตามท่วงทำนองดนตรี",4,7," 8,000 ",การแสดง ระบำ รำ ฟ้อน,งานพระราชทานเพลิงศพ,งานอวมงคล
843,นาฏศิลป์อนุรักษ์,รำซัดชาตรี,"รำซัดซาตรี เป็นการแสดงที่ปรับปรุงมาจากการรำซัดไหว้ครู
ในการแสดงละครชาตรี เป็นรูปแบบการรำเบิกโรงก่อนการแสดงละคร
ในลักษณะการรำคู่ ประกอบด้วยผู้แสดงฝ่ายชายและผู้แสดงฝ่ายหญิง
แสดงลีลาท่ารำรวดเร็วตามท่วงทำนองดนตรี",4,7," 8,000 ",การแสดง ระบำ รำ ฟ้อน,งานฌาปนกิจศพ,งานอวมงคล
844,นาฏศิลป์อนุรักษ์,รำซัดชาตรี,"รำซัดซาตรี เป็นการแสดงที่ปรับปรุงมาจากการรำซัดไหว้ครู
ในการแสดงละครชาตรี เป็นรูปแบบการรำเบิกโรงก่อนการแสดงละคร
ในลักษณะการรำคู่ ประกอบด้วยผู้แสดงฝ่ายชายและผู้แสดงฝ่ายหญิง
แสดงลีลาท่ารำรวดเร็วตามท่วงทำนองดนตรี",4,7," 8,000 ",การแสดง ระบำ รำ ฟ้อน,วันสงกรานต์,งานเทศกาล
845,นาฏศิลป์อนุรักษ์,รำซัดชาตรี,"รำซัดซาตรี เป็นการแสดงที่ปรับปรุงมาจากการรำซัดไหว้ครู
ในการแสดงละครชาตรี เป็นรูปแบบการรำเบิกโรงก่อนการแสดงละคร
ในลักษณะการรำคู่ ประกอบด้วยผู้แสดงฝ่ายชายและผู้แสดงฝ่ายหญิง
แสดงลีลาท่ารำรวดเร็วตามท่วงทำนองดนตรี",4,7," 8,000 ",การแสดง ระบำ รำ ฟ้อน,วันขึ้นปีใหม่,งานเทศกาล
846,นาฏศิลป์อนุรักษ์,รำซัดชาตรี,"รำซัดซาตรี เป็นการแสดงที่ปรับปรุงมาจากการรำซัดไหว้ครู
ในการแสดงละครชาตรี เป็นรูปแบบการรำเบิกโรงก่อนการแสดงละคร
ในลักษณะการรำคู่ ประกอบด้วยผู้แสดงฝ่ายชายและผู้แสดงฝ่ายหญิง
แสดงลีลาท่ารำรวดเร็วตามท่วงทำนองดนตรี",4,7," 8,000 ",การแสดง ระบำ รำ ฟ้อน,วันตรุษจีน,งานเทศกาล
847,นาฏศิลป์อนุรักษ์,รำซัดชาตรี,"รำซัดซาตรี เป็นการแสดงที่ปรับปรุงมาจากการรำซัดไหว้ครู
ในการแสดงละครชาตรี เป็นรูปแบบการรำเบิกโรงก่อนการแสดงละคร
ในลักษณะการรำคู่ ประกอบด้วยผู้แสดงฝ่ายชายและผู้แสดงฝ่ายหญิง
แสดงลีลาท่ารำรวดเร็วตามท่วงทำนองดนตรี",4,7," 8,000 ",การแสดง ระบำ รำ ฟ้อน,วันลอยกระทง,งานเทศกาล
848,นาฏศิลป์อนุรักษ์,รำซัดชาตรี,"รำซัดซาตรี เป็นการแสดงที่ปรับปรุงมาจากการรำซัดไหว้ครู
ในการแสดงละครชาตรี เป็นรูปแบบการรำเบิกโรงก่อนการแสดงละคร
ในลักษณะการรำคู่ ประกอบด้วยผู้แสดงฝ่ายชายและผู้แสดงฝ่ายหญิง
แสดงลีลาท่ารำรวดเร็วตามท่วงทำนองดนตรี",4,7," 8,000 ",การแสดง ระบำ รำ ฟ้อน,การเผยแพร่วัฒนธรรมในประเทศ,งานเผยแพร่วัฒนธรรม
849,นาฏศิลป์อนุรักษ์,รำซัดชาตรี,"รำซัดซาตรี เป็นการแสดงที่ปรับปรุงมาจากการรำซัดไหว้ครู
ในการแสดงละครชาตรี เป็นรูปแบบการรำเบิกโรงก่อนการแสดงละคร
ในลักษณะการรำคู่ ประกอบด้วยผู้แสดงฝ่ายชายและผู้แสดงฝ่ายหญิง
แสดงลีลาท่ารำรวดเร็วตามท่วงทำนองดนตรี",4,7," 8,000 ",การแสดง ระบำ รำ ฟ้อน,การเผยแพร่วัฒนธรรมต่างประเทศ,งานเผยแพร่วัฒนธรรม
850,นาฏศิลป์อนุรักษ์,รำเบิกโรงดอกไม้เงินทอง,"รำเบิกโรงดอกไม้เงินทอง เป็นระบำเบิกโรงละครใน
พระบาทสมเด็จพระจอมเกล้าเจ้าอยู่หัวโปรดฯ ให้ประดิษฐ์ขึ้นใหม่
โดยใช้ผู้แสดง 2 คน แต่งกายยืนเครื่องพระ มือขวาถือดอกไม้ทอง
ส่วนมือซ้ายถือดอกไม้เงิน ร่ายรำตามบทร้องและทำนองเพลง มุ่งให้เกิดความสวัสดิมงคลแก่การแสดง และผู้ชมโดยทั่วกัน",2,10," 4,000 ",การแสดง ระบำ รำ ฟ้อน,งานต้อนรับอาคันตุกะ,งานรัฐพิธี
851,นาฏศิลป์อนุรักษ์,รำเบิกโรงดอกไม้เงินทอง,"รำเบิกโรงดอกไม้เงินทอง เป็นระบำเบิกโรงละครใน
พระบาทสมเด็จพระจอมเกล้าเจ้าอยู่หัวโปรดฯ ให้ประดิษฐ์ขึ้นใหม่
โดยใช้ผู้แสดง 2 คน แต่งกายยืนเครื่องพระ มือขวาถือดอกไม้ทอง
ส่วนมือซ้ายถือดอกไม้เงิน ร่ายรำตามบทร้องและทำนองเพลง มุ่งให้เกิดความสวัสดิมงคลแก่การแสดง และผู้ชมโดยทั่วกัน",2,10," 4,000 ",การแสดง ระบำ รำ ฟ้อน,งานสโมสรสันนิบาต,งานรัฐพิธี
852,นาฏศิลป์อนุรักษ์,รำเบิกโรงดอกไม้เงินทอง,"รำเบิกโรงดอกไม้เงินทอง เป็นระบำเบิกโรงละครใน
พระบาทสมเด็จพระจอมเกล้าเจ้าอยู่หัวโปรดฯ ให้ประดิษฐ์ขึ้นใหม่
โดยใช้ผู้แสดง 2 คน แต่งกายยืนเครื่องพระ มือขวาถือดอกไม้ทอง
ส่วนมือซ้ายถือดอกไม้เงิน ร่ายรำตามบทร้องและทำนองเพลง มุ่งให้เกิดความสวัสดิมงคลแก่การแสดง และผู้ชมโดยทั่วกัน",2,10," 4,000 ",การแสดง ระบำ รำ ฟ้อน,งานเฉลิมพระชนมพรรษาพระบรมวงศานุวงศ์,งานราชพิธี
853,นาฏศิลป์อนุรักษ์,รำเบิกโรงดอกไม้เงินทอง,"รำเบิกโรงดอกไม้เงินทอง เป็นระบำเบิกโรงละครใน
พระบาทสมเด็จพระจอมเกล้าเจ้าอยู่หัวโปรดฯ ให้ประดิษฐ์ขึ้นใหม่
โดยใช้ผู้แสดง 2 คน แต่งกายยืนเครื่องพระ มือขวาถือดอกไม้ทอง
ส่วนมือซ้ายถือดอกไม้เงิน ร่ายรำตามบทร้องและทำนองเพลง มุ่งให้เกิดความสวัสดิมงคลแก่การแสดง และผู้ชมโดยทั่วกัน",2,10," 4,000 ",การแสดง ระบำ รำ ฟ้อน,งานทำบุญ,งานมงคล
854,นาฏศิลป์อนุรักษ์,รำเบิกโรงดอกไม้เงินทอง,"รำเบิกโรงดอกไม้เงินทอง เป็นระบำเบิกโรงละครใน
พระบาทสมเด็จพระจอมเกล้าเจ้าอยู่หัวโปรดฯ ให้ประดิษฐ์ขึ้นใหม่
โดยใช้ผู้แสดง 2 คน แต่งกายยืนเครื่องพระ มือขวาถือดอกไม้ทอง
ส่วนมือซ้ายถือดอกไม้เงิน ร่ายรำตามบทร้องและทำนองเพลง มุ่งให้เกิดความสวัสดิมงคลแก่การแสดง และผู้ชมโดยทั่วกัน",2,10," 4,000 ",การแสดง ระบำ รำ ฟ้อน,งานวันเกิด,งานมงคล
855,นาฏศิลป์อนุรักษ์,รำเบิกโรงดอกไม้เงินทอง,"รำเบิกโรงดอกไม้เงินทอง เป็นระบำเบิกโรงละครใน
พระบาทสมเด็จพระจอมเกล้าเจ้าอยู่หัวโปรดฯ ให้ประดิษฐ์ขึ้นใหม่
โดยใช้ผู้แสดง 2 คน แต่งกายยืนเครื่องพระ มือขวาถือดอกไม้ทอง
ส่วนมือซ้ายถือดอกไม้เงิน ร่ายรำตามบทร้องและทำนองเพลง มุ่งให้เกิดความสวัสดิมงคลแก่การแสดง และผู้ชมโดยทั่วกัน",2,10," 4,000 ",การแสดง ระบำ รำ ฟ้อน,งานแต่งงาน,งานมงคล
856,นาฏศิลป์อนุรักษ์,รำเบิกโรงดอกไม้เงินทอง,"รำเบิกโรงดอกไม้เงินทอง เป็นระบำเบิกโรงละครใน
พระบาทสมเด็จพระจอมเกล้าเจ้าอยู่หัวโปรดฯ ให้ประดิษฐ์ขึ้นใหม่
โดยใช้ผู้แสดง 2 คน แต่งกายยืนเครื่องพระ มือขวาถือดอกไม้ทอง
ส่วนมือซ้ายถือดอกไม้เงิน ร่ายรำตามบทร้องและทำนองเพลง มุ่งให้เกิดความสวัสดิมงคลแก่การแสดง และผู้ชมโดยทั่วกัน",2,10," 4,000 ",การแสดง ระบำ รำ ฟ้อน,งานขึ้นบ้านใหม่,งานมงคล
857,นาฏศิลป์อนุรักษ์,รำเบิกโรงดอกไม้เงินทอง,"รำเบิกโรงดอกไม้เงินทอง เป็นระบำเบิกโรงละครใน
พระบาทสมเด็จพระจอมเกล้าเจ้าอยู่หัวโปรดฯ ให้ประดิษฐ์ขึ้นใหม่
โดยใช้ผู้แสดง 2 คน แต่งกายยืนเครื่องพระ มือขวาถือดอกไม้ทอง
ส่วนมือซ้ายถือดอกไม้เงิน ร่ายรำตามบทร้องและทำนองเพลง มุ่งให้เกิดความสวัสดิมงคลแก่การแสดง และผู้ชมโดยทั่วกัน",2,10," 4,000 ",การแสดง ระบำ รำ ฟ้อน,งานเปิดบริษัท,งานมงคล
858,นาฏศิลป์อนุรักษ์,รำเบิกโรงดอกไม้เงินทอง,"รำเบิกโรงดอกไม้เงินทอง เป็นระบำเบิกโรงละครใน
พระบาทสมเด็จพระจอมเกล้าเจ้าอยู่หัวโปรดฯ ให้ประดิษฐ์ขึ้นใหม่
โดยใช้ผู้แสดง 2 คน แต่งกายยืนเครื่องพระ มือขวาถือดอกไม้ทอง
ส่วนมือซ้ายถือดอกไม้เงิน ร่ายรำตามบทร้องและทำนองเพลง มุ่งให้เกิดความสวัสดิมงคลแก่การแสดง และผู้ชมโดยทั่วกัน",2,10," 4,000 ",การแสดง ระบำ รำ ฟ้อน,งานบวงสรวง,งานมงคล
859,นาฏศิลป์อนุรักษ์,รำเบิกโรงดอกไม้เงินทอง,"รำเบิกโรงดอกไม้เงินทอง เป็นระบำเบิกโรงละครใน
พระบาทสมเด็จพระจอมเกล้าเจ้าอยู่หัวโปรดฯ ให้ประดิษฐ์ขึ้นใหม่
โดยใช้ผู้แสดง 2 คน แต่งกายยืนเครื่องพระ มือขวาถือดอกไม้ทอง
ส่วนมือซ้ายถือดอกไม้เงิน ร่ายรำตามบทร้องและทำนองเพลง มุ่งให้เกิดความสวัสดิมงคลแก่การแสดง และผู้ชมโดยทั่วกัน",2,10," 4,000 ",การแสดง ระบำ รำ ฟ้อน,งานไหว้ครู,งานมงคล
860,นาฏศิลป์อนุรักษ์,รำเบิกโรงดอกไม้เงินทอง,"รำเบิกโรงดอกไม้เงินทอง เป็นระบำเบิกโรงละครใน
พระบาทสมเด็จพระจอมเกล้าเจ้าอยู่หัวโปรดฯ ให้ประดิษฐ์ขึ้นใหม่
โดยใช้ผู้แสดง 2 คน แต่งกายยืนเครื่องพระ มือขวาถือดอกไม้ทอง
ส่วนมือซ้ายถือดอกไม้เงิน ร่ายรำตามบทร้องและทำนองเพลง มุ่งให้เกิดความสวัสดิมงคลแก่การแสดง และผู้ชมโดยทั่วกัน",2,10," 4,000 ",การแสดง ระบำ รำ ฟ้อน,การเผยแพร่วัฒนธรรมในประเทศ,งานเผยแพร่วัฒนธรรม
861,นาฏศิลป์อนุรักษ์,รำเบิกโรงดอกไม้เงินทอง,"รำเบิกโรงดอกไม้เงินทอง เป็นระบำเบิกโรงละครใน
พระบาทสมเด็จพระจอมเกล้าเจ้าอยู่หัวโปรดฯ ให้ประดิษฐ์ขึ้นใหม่
โดยใช้ผู้แสดง 2 คน แต่งกายยืนเครื่องพระ มือขวาถือดอกไม้ทอง
ส่วนมือซ้ายถือดอกไม้เงิน ร่ายรำตามบทร้องและทำนองเพลง มุ่งให้เกิดความสวัสดิมงคลแก่การแสดง และผู้ชมโดยทั่วกัน",2,10," 4,000 ",การแสดง ระบำ รำ ฟ้อน,วันวิสาขบูชา,งานวันสำคัญทางศาสนา
862,นาฏศิลป์อนุรักษ์,รำเบิกโรงดอกไม้เงินทอง,"รำเบิกโรงดอกไม้เงินทอง เป็นระบำเบิกโรงละครใน
พระบาทสมเด็จพระจอมเกล้าเจ้าอยู่หัวโปรดฯ ให้ประดิษฐ์ขึ้นใหม่
โดยใช้ผู้แสดง 2 คน แต่งกายยืนเครื่องพระ มือขวาถือดอกไม้ทอง
ส่วนมือซ้ายถือดอกไม้เงิน ร่ายรำตามบทร้องและทำนองเพลง มุ่งให้เกิดความสวัสดิมงคลแก่การแสดง และผู้ชมโดยทั่วกัน",2,10," 4,000 ",การแสดง ระบำ รำ ฟ้อน,วันเข้าพรรษา,งานวันสำคัญทางศาสนา
863,นาฏศิลป์อนุรักษ์,รำเบิกโรงดอกไม้เงินทอง,"รำเบิกโรงดอกไม้เงินทอง เป็นระบำเบิกโรงละครใน
พระบาทสมเด็จพระจอมเกล้าเจ้าอยู่หัวโปรดฯ ให้ประดิษฐ์ขึ้นใหม่
โดยใช้ผู้แสดง 2 คน แต่งกายยืนเครื่องพระ มือขวาถือดอกไม้ทอง
ส่วนมือซ้ายถือดอกไม้เงิน ร่ายรำตามบทร้องและทำนองเพลง มุ่งให้เกิดความสวัสดิมงคลแก่การแสดง และผู้ชมโดยทั่วกัน",2,10," 4,000 ",การแสดง ระบำ รำ ฟ้อน,วันออกพรรษา,งานวันสำคัญทางศาสนา
864,นาฏศิลป์อนุรักษ์,รำเบิกโรงดอกไม้เงินทอง,"รำเบิกโรงดอกไม้เงินทอง เป็นระบำเบิกโรงละครใน
พระบาทสมเด็จพระจอมเกล้าเจ้าอยู่หัวโปรดฯ ให้ประดิษฐ์ขึ้นใหม่
โดยใช้ผู้แสดง 2 คน แต่งกายยืนเครื่องพระ มือขวาถือดอกไม้ทอง
ส่วนมือซ้ายถือดอกไม้เงิน ร่ายรำตามบทร้องและทำนองเพลง มุ่งให้เกิดความสวัสดิมงคลแก่การแสดง และผู้ชมโดยทั่วกัน",2,10," 4,000 ",การแสดง ระบำ รำ ฟ้อน,งานสวดมนต์ข้ามปี,งานวันสำคัญทางศาสนา
865,นาฏศิลป์อนุรักษ์,รำเบิกโรงดอกไม้เงินทอง,"รำเบิกโรงดอกไม้เงินทอง เป็นระบำเบิกโรงละครใน
พระบาทสมเด็จพระจอมเกล้าเจ้าอยู่หัวโปรดฯ ให้ประดิษฐ์ขึ้นใหม่
โดยใช้ผู้แสดง 2 คน แต่งกายยืนเครื่องพระ มือขวาถือดอกไม้ทอง
ส่วนมือซ้ายถือดอกไม้เงิน ร่ายรำตามบทร้องและทำนองเพลง มุ่งให้เกิดความสวัสดิมงคลแก่การแสดง และผู้ชมโดยทั่วกัน",2,10," 4,000 ",การแสดง ระบำ รำ ฟ้อน,งานเทศมหาชาติ,งานวันสำคัญทางศาสนา
866,นาฏศิลป์อนุรักษ์,รำเบิกโรงดอกไม้เงินทอง,"รำเบิกโรงดอกไม้เงินทอง เป็นระบำเบิกโรงละครใน
พระบาทสมเด็จพระจอมเกล้าเจ้าอยู่หัวโปรดฯ ให้ประดิษฐ์ขึ้นใหม่
โดยใช้ผู้แสดง 2 คน แต่งกายยืนเครื่องพระ มือขวาถือดอกไม้ทอง
ส่วนมือซ้ายถือดอกไม้เงิน ร่ายรำตามบทร้องและทำนองเพลง มุ่งให้เกิดความสวัสดิมงคลแก่การแสดง และผู้ชมโดยทั่วกัน",2,10," 4,000 ",การแสดง ระบำ รำ ฟ้อน,งานประชุมสงฆ์,งานวันสำคัญทางศาสนา
867,นาฏศิลป์อนุรักษ์,รำประเลง,"เป็นการรำเบิกโรงละครใน อันมีมาแต่โบราณโดยถือกันว่า เป็นประเพณีที่ต้องแสดงก่อนเริ่มการแสดงเรื่องใหญ่ใช้ผู้แสดงแต่งกายยืน เครื่องพระ และสวมหัวเทวดาโล้น ปิดหน้า 2 คน สมมติว่าเป็นเทวดาถือ
หางนกยูงทั้งสองมือ ออกมารำตามทำนองเพลงหน้าพาทย์ ซึ่งอาจใช้เพลงกลมหรือโคมเวียน แล้วออกด้วยเพลงชำนาญ อันเป็นเพลงประกอบอิริยาบถไปมาของผู้มีอิทธิฤทธิ์ศักดิ์สิทธิ์ เพื่อให้เกิดสวัสดิมงคลและ
ปัดรังควาญ ป้องกันเสนียดจัญไร ที่จะเป็นอุปสรรคแก่การแสดงต่อไป",2,10," 4,000 ",การแสดง ระบำ รำ ฟ้อน,งานต้อนรับอาคันตุกะ,งานรัฐพิธี
868,นาฏศิลป์อนุรักษ์,รำประเลง,"เป็นการรำเบิกโรงละครใน อันมีมาแต่โบราณโดยถือกันว่า เป็นประเพณีที่ต้องแสดงก่อนเริ่มการแสดงเรื่องใหญ่ใช้ผู้แสดงแต่งกายยืน เครื่องพระ และสวมหัวเทวดาโล้น ปิดหน้า 2 คน สมมติว่าเป็นเทวดาถือ
หางนกยูงทั้งสองมือ ออกมารำตามทำนองเพลงหน้าพาทย์ ซึ่งอาจใช้เพลงกลมหรือโคมเวียน แล้วออกด้วยเพลงชำนาญ อันเป็นเพลงประกอบอิริยาบถไปมาของผู้มีอิทธิฤทธิ์ศักดิ์สิทธิ์ เพื่อให้เกิดสวัสดิมงคลและ
ปัดรังควาญ ป้องกันเสนียดจัญไร ที่จะเป็นอุปสรรคแก่การแสดงต่อไป",2,10," 4,000 ",การแสดง ระบำ รำ ฟ้อน,งานสโมสรสันนิบาต,งานรัฐพิธี
869,นาฏศิลป์อนุรักษ์,รำประเลง,"เป็นการรำเบิกโรงละครใน อันมีมาแต่โบราณโดยถือกันว่า เป็นประเพณีที่ต้องแสดงก่อนเริ่มการแสดงเรื่องใหญ่ใช้ผู้แสดงแต่งกายยืน เครื่องพระ และสวมหัวเทวดาโล้น ปิดหน้า 2 คน สมมติว่าเป็นเทวดาถือ
หางนกยูงทั้งสองมือ ออกมารำตามทำนองเพลงหน้าพาทย์ ซึ่งอาจใช้เพลงกลมหรือโคมเวียน แล้วออกด้วยเพลงชำนาญ อันเป็นเพลงประกอบอิริยาบถไปมาของผู้มีอิทธิฤทธิ์ศักดิ์สิทธิ์ เพื่อให้เกิดสวัสดิมงคลและ
ปัดรังควาญ ป้องกันเสนียดจัญไร ที่จะเป็นอุปสรรคแก่การแสดงต่อไป",2,10," 4,000 ",การแสดง ระบำ รำ ฟ้อน,งานเฉลิมพระชนมพรรษาพระบรมวงศานุวงศ์,งานราชพิธี
870,นาฏศิลป์อนุรักษ์,รำประเลง,"เป็นการรำเบิกโรงละครใน อันมีมาแต่โบราณโดยถือกันว่า เป็นประเพณีที่ต้องแสดงก่อนเริ่มการแสดงเรื่องใหญ่ใช้ผู้แสดงแต่งกายยืน เครื่องพระ และสวมหัวเทวดาโล้น ปิดหน้า 2 คน สมมติว่าเป็นเทวดาถือ
หางนกยูงทั้งสองมือ ออกมารำตามทำนองเพลงหน้าพาทย์ ซึ่งอาจใช้เพลงกลมหรือโคมเวียน แล้วออกด้วยเพลงชำนาญ อันเป็นเพลงประกอบอิริยาบถไปมาของผู้มีอิทธิฤทธิ์ศักดิ์สิทธิ์ เพื่อให้เกิดสวัสดิมงคลและ
ปัดรังควาญ ป้องกันเสนียดจัญไร ที่จะเป็นอุปสรรคแก่การแสดงต่อไป",2,10," 4,000 ",การแสดง ระบำ รำ ฟ้อน,งานทำบุญ,งานมงคล
871,นาฏศิลป์อนุรักษ์,รำประเลง,"เป็นการรำเบิกโรงละครใน อันมีมาแต่โบราณโดยถือกันว่า เป็นประเพณีที่ต้องแสดงก่อนเริ่มการแสดงเรื่องใหญ่ใช้ผู้แสดงแต่งกายยืน เครื่องพระ และสวมหัวเทวดาโล้น ปิดหน้า 2 คน สมมติว่าเป็นเทวดาถือ
หางนกยูงทั้งสองมือ ออกมารำตามทำนองเพลงหน้าพาทย์ ซึ่งอาจใช้เพลงกลมหรือโคมเวียน แล้วออกด้วยเพลงชำนาญ อันเป็นเพลงประกอบอิริยาบถไปมาของผู้มีอิทธิฤทธิ์ศักดิ์สิทธิ์ เพื่อให้เกิดสวัสดิมงคลและ
ปัดรังควาญ ป้องกันเสนียดจัญไร ที่จะเป็นอุปสรรคแก่การแสดงต่อไป",2,10," 4,000 ",การแสดง ระบำ รำ ฟ้อน,งานวันเกิด,งานมงคล
872,นาฏศิลป์อนุรักษ์,รำประเลง,"เป็นการรำเบิกโรงละครใน อันมีมาแต่โบราณโดยถือกันว่า เป็นประเพณีที่ต้องแสดงก่อนเริ่มการแสดงเรื่องใหญ่ใช้ผู้แสดงแต่งกายยืน เครื่องพระ และสวมหัวเทวดาโล้น ปิดหน้า 2 คน สมมติว่าเป็นเทวดาถือ
หางนกยูงทั้งสองมือ ออกมารำตามทำนองเพลงหน้าพาทย์ ซึ่งอาจใช้เพลงกลมหรือโคมเวียน แล้วออกด้วยเพลงชำนาญ อันเป็นเพลงประกอบอิริยาบถไปมาของผู้มีอิทธิฤทธิ์ศักดิ์สิทธิ์ เพื่อให้เกิดสวัสดิมงคลและ
ปัดรังควาญ ป้องกันเสนียดจัญไร ที่จะเป็นอุปสรรคแก่การแสดงต่อไป",2,10," 4,000 ",การแสดง ระบำ รำ ฟ้อน,งานแต่งงาน,งานมงคล
873,นาฏศิลป์อนุรักษ์,รำประเลง,"เป็นการรำเบิกโรงละครใน อันมีมาแต่โบราณโดยถือกันว่า เป็นประเพณีที่ต้องแสดงก่อนเริ่มการแสดงเรื่องใหญ่ใช้ผู้แสดงแต่งกายยืน เครื่องพระ และสวมหัวเทวดาโล้น ปิดหน้า 2 คน สมมติว่าเป็นเทวดาถือ
หางนกยูงทั้งสองมือ ออกมารำตามทำนองเพลงหน้าพาทย์ ซึ่งอาจใช้เพลงกลมหรือโคมเวียน แล้วออกด้วยเพลงชำนาญ อันเป็นเพลงประกอบอิริยาบถไปมาของผู้มีอิทธิฤทธิ์ศักดิ์สิทธิ์ เพื่อให้เกิดสวัสดิมงคลและ
ปัดรังควาญ ป้องกันเสนียดจัญไร ที่จะเป็นอุปสรรคแก่การแสดงต่อไป",2,10," 4,000 ",การแสดง ระบำ รำ ฟ้อน,งานขึ้นบ้านใหม่,งานมงคล
874,นาฏศิลป์อนุรักษ์,รำประเลง,"เป็นการรำเบิกโรงละครใน อันมีมาแต่โบราณโดยถือกันว่า เป็นประเพณีที่ต้องแสดงก่อนเริ่มการแสดงเรื่องใหญ่ใช้ผู้แสดงแต่งกายยืน เครื่องพระ และสวมหัวเทวดาโล้น ปิดหน้า 2 คน สมมติว่าเป็นเทวดาถือ
หางนกยูงทั้งสองมือ ออกมารำตามทำนองเพลงหน้าพาทย์ ซึ่งอาจใช้เพลงกลมหรือโคมเวียน แล้วออกด้วยเพลงชำนาญ อันเป็นเพลงประกอบอิริยาบถไปมาของผู้มีอิทธิฤทธิ์ศักดิ์สิทธิ์ เพื่อให้เกิดสวัสดิมงคลและ
ปัดรังควาญ ป้องกันเสนียดจัญไร ที่จะเป็นอุปสรรคแก่การแสดงต่อไป",2,10," 4,000 ",การแสดง ระบำ รำ ฟ้อน,งานเปิดบริษัท,งานมงคล
875,นาฏศิลป์อนุรักษ์,รำประเลง,"เป็นการรำเบิกโรงละครใน อันมีมาแต่โบราณโดยถือกันว่า เป็นประเพณีที่ต้องแสดงก่อนเริ่มการแสดงเรื่องใหญ่ใช้ผู้แสดงแต่งกายยืน เครื่องพระ และสวมหัวเทวดาโล้น ปิดหน้า 2 คน สมมติว่าเป็นเทวดาถือ
หางนกยูงทั้งสองมือ ออกมารำตามทำนองเพลงหน้าพาทย์ ซึ่งอาจใช้เพลงกลมหรือโคมเวียน แล้วออกด้วยเพลงชำนาญ อันเป็นเพลงประกอบอิริยาบถไปมาของผู้มีอิทธิฤทธิ์ศักดิ์สิทธิ์ เพื่อให้เกิดสวัสดิมงคลและ
ปัดรังควาญ ป้องกันเสนียดจัญไร ที่จะเป็นอุปสรรคแก่การแสดงต่อไป",2,10," 4,000 ",การแสดง ระบำ รำ ฟ้อน,งานบวงสรวง,งานมงคล
876,นาฏศิลป์อนุรักษ์,รำประเลง,"เป็นการรำเบิกโรงละครใน อันมีมาแต่โบราณโดยถือกันว่า เป็นประเพณีที่ต้องแสดงก่อนเริ่มการแสดงเรื่องใหญ่ใช้ผู้แสดงแต่งกายยืน เครื่องพระ และสวมหัวเทวดาโล้น ปิดหน้า 2 คน สมมติว่าเป็นเทวดาถือ
หางนกยูงทั้งสองมือ ออกมารำตามทำนองเพลงหน้าพาทย์ ซึ่งอาจใช้เพลงกลมหรือโคมเวียน แล้วออกด้วยเพลงชำนาญ อันเป็นเพลงประกอบอิริยาบถไปมาของผู้มีอิทธิฤทธิ์ศักดิ์สิทธิ์ เพื่อให้เกิดสวัสดิมงคลและ
ปัดรังควาญ ป้องกันเสนียดจัญไร ที่จะเป็นอุปสรรคแก่การแสดงต่อไป",2,10," 4,000 ",การแสดง ระบำ รำ ฟ้อน,งานไหว้ครู,งานมงคล
877,นาฏศิลป์อนุรักษ์,รำประเลง,"เป็นการรำเบิกโรงละครใน อันมีมาแต่โบราณโดยถือกันว่า เป็นประเพณีที่ต้องแสดงก่อนเริ่มการแสดงเรื่องใหญ่ใช้ผู้แสดงแต่งกายยืน เครื่องพระ และสวมหัวเทวดาโล้น ปิดหน้า 2 คน สมมติว่าเป็นเทวดาถือ
หางนกยูงทั้งสองมือ ออกมารำตามทำนองเพลงหน้าพาทย์ ซึ่งอาจใช้เพลงกลมหรือโคมเวียน แล้วออกด้วยเพลงชำนาญ อันเป็นเพลงประกอบอิริยาบถไปมาของผู้มีอิทธิฤทธิ์ศักดิ์สิทธิ์ เพื่อให้เกิดสวัสดิมงคลและ
ปัดรังควาญ ป้องกันเสนียดจัญไร ที่จะเป็นอุปสรรคแก่การแสดงต่อไป",2,10," 4,000 ",การแสดง ระบำ รำ ฟ้อน,การเผยแพร่วัฒนธรรมในประเทศ,งานเผยแพร่วัฒนธรรม
878,นาฏศิลป์อนุรักษ์,รำประเลง,"เป็นการรำเบิกโรงละครใน อันมีมาแต่โบราณโดยถือกันว่า เป็นประเพณีที่ต้องแสดงก่อนเริ่มการแสดงเรื่องใหญ่ใช้ผู้แสดงแต่งกายยืน เครื่องพระ และสวมหัวเทวดาโล้น ปิดหน้า 2 คน สมมติว่าเป็นเทวดาถือ
หางนกยูงทั้งสองมือ ออกมารำตามทำนองเพลงหน้าพาทย์ ซึ่งอาจใช้เพลงกลมหรือโคมเวียน แล้วออกด้วยเพลงชำนาญ อันเป็นเพลงประกอบอิริยาบถไปมาของผู้มีอิทธิฤทธิ์ศักดิ์สิทธิ์ เพื่อให้เกิดสวัสดิมงคลและ
ปัดรังควาญ ป้องกันเสนียดจัญไร ที่จะเป็นอุปสรรคแก่การแสดงต่อไป",2,10," 4,000 ",การแสดง ระบำ รำ ฟ้อน,วันวิสาขบูชา,งานวันสำคัญทางศาสนา
879,นาฏศิลป์อนุรักษ์,รำประเลง,"เป็นการรำเบิกโรงละครใน อันมีมาแต่โบราณโดยถือกันว่า เป็นประเพณีที่ต้องแสดงก่อนเริ่มการแสดงเรื่องใหญ่ใช้ผู้แสดงแต่งกายยืน เครื่องพระ และสวมหัวเทวดาโล้น ปิดหน้า 2 คน สมมติว่าเป็นเทวดาถือ
หางนกยูงทั้งสองมือ ออกมารำตามทำนองเพลงหน้าพาทย์ ซึ่งอาจใช้เพลงกลมหรือโคมเวียน แล้วออกด้วยเพลงชำนาญ อันเป็นเพลงประกอบอิริยาบถไปมาของผู้มีอิทธิฤทธิ์ศักดิ์สิทธิ์ เพื่อให้เกิดสวัสดิมงคลและ
ปัดรังควาญ ป้องกันเสนียดจัญไร ที่จะเป็นอุปสรรคแก่การแสดงต่อไป",2,10," 4,000 ",การแสดง ระบำ รำ ฟ้อน,วันเข้าพรรษา,งานวันสำคัญทางศาสนา
880,นาฏศิลป์อนุรักษ์,รำประเลง,"เป็นการรำเบิกโรงละครใน อันมีมาแต่โบราณโดยถือกันว่า เป็นประเพณีที่ต้องแสดงก่อนเริ่มการแสดงเรื่องใหญ่ใช้ผู้แสดงแต่งกายยืน เครื่องพระ และสวมหัวเทวดาโล้น ปิดหน้า 2 คน สมมติว่าเป็นเทวดาถือ
หางนกยูงทั้งสองมือ ออกมารำตามทำนองเพลงหน้าพาทย์ ซึ่งอาจใช้เพลงกลมหรือโคมเวียน แล้วออกด้วยเพลงชำนาญ อันเป็นเพลงประกอบอิริยาบถไปมาของผู้มีอิทธิฤทธิ์ศักดิ์สิทธิ์ เพื่อให้เกิดสวัสดิมงคลและ
ปัดรังควาญ ป้องกันเสนียดจัญไร ที่จะเป็นอุปสรรคแก่การแสดงต่อไป",2,10," 4,000 ",การแสดง ระบำ รำ ฟ้อน,วันออกพรรษา,งานวันสำคัญทางศาสนา
881,นาฏศิลป์อนุรักษ์,รำประเลง,"เป็นการรำเบิกโรงละครใน อันมีมาแต่โบราณโดยถือกันว่า เป็นประเพณีที่ต้องแสดงก่อนเริ่มการแสดงเรื่องใหญ่ใช้ผู้แสดงแต่งกายยืน เครื่องพระ และสวมหัวเทวดาโล้น ปิดหน้า 2 คน สมมติว่าเป็นเทวดาถือ
หางนกยูงทั้งสองมือ ออกมารำตามทำนองเพลงหน้าพาทย์ ซึ่งอาจใช้เพลงกลมหรือโคมเวียน แล้วออกด้วยเพลงชำนาญ อันเป็นเพลงประกอบอิริยาบถไปมาของผู้มีอิทธิฤทธิ์ศักดิ์สิทธิ์ เพื่อให้เกิดสวัสดิมงคลและ
ปัดรังควาญ ป้องกันเสนียดจัญไร ที่จะเป็นอุปสรรคแก่การแสดงต่อไป",2,10," 4,000 ",การแสดง ระบำ รำ ฟ้อน,งานสวดมนต์ข้ามปี,งานวันสำคัญทางศาสนา
882,นาฏศิลป์อนุรักษ์,รำประเลง,"เป็นการรำเบิกโรงละครใน อันมีมาแต่โบราณโดยถือกันว่า เป็นประเพณีที่ต้องแสดงก่อนเริ่มการแสดงเรื่องใหญ่ใช้ผู้แสดงแต่งกายยืน เครื่องพระ และสวมหัวเทวดาโล้น ปิดหน้า 2 คน สมมติว่าเป็นเทวดาถือ
หางนกยูงทั้งสองมือ ออกมารำตามทำนองเพลงหน้าพาทย์ ซึ่งอาจใช้เพลงกลมหรือโคมเวียน แล้วออกด้วยเพลงชำนาญ อันเป็นเพลงประกอบอิริยาบถไปมาของผู้มีอิทธิฤทธิ์ศักดิ์สิทธิ์ เพื่อให้เกิดสวัสดิมงคลและ
ปัดรังควาญ ป้องกันเสนียดจัญไร ที่จะเป็นอุปสรรคแก่การแสดงต่อไป",2,10," 4,000 ",การแสดง ระบำ รำ ฟ้อน,งานเทศมหาชาติ,งานวันสำคัญทางศาสนา
883,นาฏศิลป์อนุรักษ์,รำประเลง,"เป็นการรำเบิกโรงละครใน อันมีมาแต่โบราณโดยถือกันว่า เป็นประเพณีที่ต้องแสดงก่อนเริ่มการแสดงเรื่องใหญ่ใช้ผู้แสดงแต่งกายยืน เครื่องพระ และสวมหัวเทวดาโล้น ปิดหน้า 2 คน สมมติว่าเป็นเทวดาถือ
หางนกยูงทั้งสองมือ ออกมารำตามทำนองเพลงหน้าพาทย์ ซึ่งอาจใช้เพลงกลมหรือโคมเวียน แล้วออกด้วยเพลงชำนาญ อันเป็นเพลงประกอบอิริยาบถไปมาของผู้มีอิทธิฤทธิ์ศักดิ์สิทธิ์ เพื่อให้เกิดสวัสดิมงคลและ
ปัดรังควาญ ป้องกันเสนียดจัญไร ที่จะเป็นอุปสรรคแก่การแสดงต่อไป",2,10," 4,000 ",การแสดง ระบำ รำ ฟ้อน,งานประชุมสงฆ์,งานวันสำคัญทางศาสนา
884,นาฏศิลป์อนุรักษ์,รำฝรั่งคู่,"รำฝรั่งคู่ เป็นการแสดงรำคู่ชุดหนึ่ง ผู้แสดงร่ายรำด้วยลีลาประกอบทำนอง
เพลงฝรั่งรำเท้า ตะเขิ่ง เจ้าเซ็น เพลงเร็ว เพลงฉิ่ง จีนรัว จีนรำพัดและจีนถอน
แต่งกายยืนเครื่องพระ-นาง มือทั้งสองถือพัดประกอบการร่ายรำ ในช่วงท้ายของการแสดง",2,10," 4,000 ",การแสดง ระบำ รำ ฟ้อน,งานต้อนรับอาคันตุกะ,งานรัฐพิธี
885,นาฏศิลป์อนุรักษ์,รำฝรั่งคู่,"รำฝรั่งคู่ เป็นการแสดงรำคู่ชุดหนึ่ง ผู้แสดงร่ายรำด้วยลีลาประกอบทำนอง
เพลงฝรั่งรำเท้า ตะเขิ่ง เจ้าเซ็น เพลงเร็ว เพลงฉิ่ง จีนรัว จีนรำพัดและจีนถอน
แต่งกายยืนเครื่องพระ-นาง มือทั้งสองถือพัดประกอบการร่ายรำ ในช่วงท้ายของการแสดง",2,10," 4,000 ",การแสดง ระบำ รำ ฟ้อน,งานสโมสรสันนิบาต,งานรัฐพิธี
886,นาฏศิลป์อนุรักษ์,รำฝรั่งคู่,"รำฝรั่งคู่ เป็นการแสดงรำคู่ชุดหนึ่ง ผู้แสดงร่ายรำด้วยลีลาประกอบทำนอง
เพลงฝรั่งรำเท้า ตะเขิ่ง เจ้าเซ็น เพลงเร็ว เพลงฉิ่ง จีนรัว จีนรำพัดและจีนถอน
แต่งกายยืนเครื่องพระ-นาง มือทั้งสองถือพัดประกอบการร่ายรำ ในช่วงท้ายของการแสดง",2,10," 4,000 ",การแสดง ระบำ รำ ฟ้อน,งานเฉลิมพระชนมพรรษาพระบรมวงศานุวงศ์,งานราชพิธี
887,นาฏศิลป์อนุรักษ์,รำฝรั่งคู่,"รำฝรั่งคู่ เป็นการแสดงรำคู่ชุดหนึ่ง ผู้แสดงร่ายรำด้วยลีลาประกอบทำนอง
เพลงฝรั่งรำเท้า ตะเขิ่ง เจ้าเซ็น เพลงเร็ว เพลงฉิ่ง จีนรัว จีนรำพัดและจีนถอน
แต่งกายยืนเครื่องพระ-นาง มือทั้งสองถือพัดประกอบการร่ายรำ ในช่วงท้ายของการแสดง",2,10," 4,000 ",การแสดง ระบำ รำ ฟ้อน,การเผยแพร่วัฒนธรรมในประเทศ,งานเผยแพร่วัฒนธรรม
888,นาฏศิลป์อนุรักษ์,รำพลายชุมพล,"การรำพลายชุมพลแต่งตัวเป็นการรำเดี่ยวที่อยู่ในละครเสภา เรื่องขุนช้างขุนแผน ตอนพระไวยแตกทัพ  ในตอนนี้ได้กล่าวถึงพลายชุมพล จะออกไปทำศึกกับพระไวย โดยปลอมตัวเป็นมอญไปออกรบกับ
พระไวย เพื่อหวังคิดแก้แค้นที่พระไวยเคยมีวาจาล่วงเกินตน ใช้ทำนองเพลงมอญดูดาวประกอบถึงเนื้อเรื่องบรรยายถึงการแต่งตัว แสดงให้เห็นถึงความองอาจสง่างามของตัวละครพลายชุมพล",1,10," 2,000 ",การแสดง ระบำ รำ ฟ้อน,งานสวดอภิธรรม,งานอวมงคล
889,นาฏศิลป์อนุรักษ์,รำพลายชุมพล,"การรำพลายชุมพลแต่งตัวเป็นการรำเดี่ยวที่อยู่ในละครเสภา เรื่องขุนช้างขุนแผน ตอนพระไวยแตกทัพ  ในตอนนี้ได้กล่าวถึงพลายชุมพล จะออกไปทำศึกกับพระไวย โดยปลอมตัวเป็นมอญไปออกรบกับ
พระไวย เพื่อหวังคิดแก้แค้นที่พระไวยเคยมีวาจาล่วงเกินตน ใช้ทำนองเพลงมอญดูดาวประกอบถึงเนื้อเรื่องบรรยายถึงการแต่งตัว แสดงให้เห็นถึงความองอาจสง่างามของตัวละครพลายชุมพล",1,10," 2,000 ",การแสดง ระบำ รำ ฟ้อน,งานพระราชทานเพลิงศพ,งานอวมงคล
890,นาฏศิลป์อนุรักษ์,รำพลายชุมพล,"การรำพลายชุมพลแต่งตัวเป็นการรำเดี่ยวที่อยู่ในละครเสภา เรื่องขุนช้างขุนแผน ตอนพระไวยแตกทัพ  ในตอนนี้ได้กล่าวถึงพลายชุมพล จะออกไปทำศึกกับพระไวย โดยปลอมตัวเป็นมอญไปออกรบกับ
พระไวย เพื่อหวังคิดแก้แค้นที่พระไวยเคยมีวาจาล่วงเกินตน ใช้ทำนองเพลงมอญดูดาวประกอบถึงเนื้อเรื่องบรรยายถึงการแต่งตัว แสดงให้เห็นถึงความองอาจสง่างามของตัวละครพลายชุมพล",1,10," 2,000 ",การแสดง ระบำ รำ ฟ้อน,งานฌาปนกิจศพ,งานอวมงคล
891,นาฏศิลป์อนุรักษ์,รำพลายชุมพล,"การรำพลายชุมพลแต่งตัวเป็นการรำเดี่ยวที่อยู่ในละครเสภา เรื่องขุนช้างขุนแผน ตอนพระไวยแตกทัพ  ในตอนนี้ได้กล่าวถึงพลายชุมพล จะออกไปทำศึกกับพระไวย โดยปลอมตัวเป็นมอญไปออกรบกับ
พระไวย เพื่อหวังคิดแก้แค้นที่พระไวยเคยมีวาจาล่วงเกินตน ใช้ทำนองเพลงมอญดูดาวประกอบถึงเนื้อเรื่องบรรยายถึงการแต่งตัว แสดงให้เห็นถึงความองอาจสง่างามของตัวละครพลายชุมพล",1,10," 2,000 ",การแสดง ระบำ รำ ฟ้อน,การเผยแพร่วัฒนธรรมในประเทศ,งานเผยแพร่วัฒนธรรม
892,นาฏศิลป์อนุรักษ์,รำมโนห์ราบูชายัญ,"รำมโนห์ราบูชายัญ เป็นการแสดจร้าเดี่ยว กล่าวถึงนาจบโนห์รา
มนุษย์ผู้หญิงที่มีปีกหางประดุจนก การแสดงมุ่งมุ่งเน้นลีลาการร่ายรำรอบกองไฟ ในพิธีบูชายัญก่อนบินหนีกลับไปยังเขาไกรลาส",1,8," 3,500 ",การแสดง ระบำ รำ ฟ้อน,งานสวดอภิธรรม,งานอวมงคล
893,นาฏศิลป์อนุรักษ์,รำมโนห์ราบูชายัญ,"รำมโนห์ราบูชายัญ เป็นการแสดจร้าเดี่ยว กล่าวถึงนาจบโนห์รา
มนุษย์ผู้หญิงที่มีปีกหางประดุจนก การแสดงมุ่งมุ่งเน้นลีลาการร่ายรำรอบกองไฟ ในพิธีบูชายัญก่อนบินหนีกลับไปยังเขาไกรลาส",1,8," 3,500 ",การแสดง ระบำ รำ ฟ้อน,งานพระราชทานเพลิงศพ,งานอวมงคล
894,นาฏศิลป์อนุรักษ์,รำมโนห์ราบูชายัญ,"รำมโนห์ราบูชายัญ เป็นการแสดจร้าเดี่ยว กล่าวถึงนาจบโนห์รา
มนุษย์ผู้หญิงที่มีปีกหางประดุจนก การแสดงมุ่งมุ่งเน้นลีลาการร่ายรำรอบกองไฟ ในพิธีบูชายัญก่อนบินหนีกลับไปยังเขาไกรลาส",1,8," 3,500 ",การแสดง ระบำ รำ ฟ้อน,งานฌาปนกิจศพ,งานอวมงคล
895,นาฏศิลป์อนุรักษ์,รำมโนห์ราบูชายัญ,"รำมโนห์ราบูชายัญ เป็นการแสดจร้าเดี่ยว กล่าวถึงนาจบโนห์รา
มนุษย์ผู้หญิงที่มีปีกหางประดุจนก การแสดงมุ่งมุ่งเน้นลีลาการร่ายรำรอบกองไฟ ในพิธีบูชายัญก่อนบินหนีกลับไปยังเขาไกรลาส",1,8," 3,500 ",การแสดง ระบำ รำ ฟ้อน,การเผยแพร่วัฒนธรรมในประเทศ,งานเผยแพร่วัฒนธรรม
896,นาฏศิลป์อนุรักษ์,รำมโนห์ราบูชายัญ,"รำมโนห์ราบูชายัญ เป็นการแสดจร้าเดี่ยว กล่าวถึงนาจบโนห์รา
มนุษย์ผู้หญิงที่มีปีกหางประดุจนก การแสดงมุ่งมุ่งเน้นลีลาการร่ายรำรอบกองไฟ ในพิธีบูชายัญก่อนบินหนีกลับไปยังเขาไกรลาส",1,8," 3,500 ",การแสดง ระบำ รำ ฟ้อน,การเผยแพร่วัฒนธรรมต่างประเทศ,งานเผยแพร่วัฒนธรรม
897,นาฏศิลป์อนุรักษ์,รำแม่บท,"รำแม่บท เป็นรำมาตรฐาน ใช้สำหรับการฝึกหัดเบื้องต้นด้านนาฏศิลป์ไทย
บทร้องกำหนดชื่อท่ารำไว้อย่างชัดเจน แต่งกายยืนเครื่องพระ-นาง
รำแม่บทนี้เป็นต้นแบบบในการสร้างกระบวนท่ารำในการแสดชุดต่าง ๆ",2,10," 4,000 ",การแสดง ระบำ รำ ฟ้อน,การเผยแพร่วัฒนธรรมในประเทศ,งานเผยแพร่วัฒนธรรม
898,นาฏศิลป์อนุรักษ์,หนุมานจับนางเบญกาย,"หนุมานจับนางเบญกาย เป็นการแสดงชุดหนึ่งอยู่ในการแสดงโขน
เรื่องรามเกียรติ์ แสดงถึงลีลาร่ายรําในการไล่ติดตามและเกี้ยวพาราสีระหว่างหนุมาน
ซึ่งเป็นวานรกับนางเบญกายซึ่งเป็นยักษิณี จากมูลเหตุที่นางเบญกาย
ได้รับคำสั่งจากทศกัณฐ์ให้ปลอมเป็นนางสีดาแสร้งตายลอยน้ำเป็นอุบาย 
ให้พระรามยกทัพกลับไป แต่ถูกพิสูจน์เพื่อหาตัวตนแท้จริงโดยการ
นําไปเผาไฟ เมื่อนางทนต่อความร้อนไม่ได้จึงคืนร่างกลับดังเดิม
แล้วพยายามเหาะหลบหนี แต่หนุมานไล่ตามจับไว้ได้ ",2,10," 4,000 ",การแสดง ระบำ รำ ฟ้อน,งานต้อนรับอาคันตุกะ,งานรัฐพิธี
899,นาฏศิลป์อนุรักษ์,หนุมานจับนางเบญกาย,"หนุมานจับนางเบญกาย เป็นการแสดงชุดหนึ่งอยู่ในการแสดงโขน
เรื่องรามเกียรติ์ แสดงถึงลีลาร่ายรําในการไล่ติดตามและเกี้ยวพาราสีระหว่างหนุมาน
ซึ่งเป็นวานรกับนางเบญกายซึ่งเป็นยักษิณี จากมูลเหตุที่นางเบญกาย
ได้รับคำสั่งจากทศกัณฐ์ให้ปลอมเป็นนางสีดาแสร้งตายลอยน้ำเป็นอุบาย 
ให้พระรามยกทัพกลับไป แต่ถูกพิสูจน์เพื่อหาตัวตนแท้จริงโดยการ
นําไปเผาไฟ เมื่อนางทนต่อความร้อนไม่ได้จึงคืนร่างกลับดังเดิม
แล้วพยายามเหาะหลบหนี แต่หนุมานไล่ตามจับไว้ได้ ",2,10," 4,000 ",การแสดง ระบำ รำ ฟ้อน,งานทำบุญ,งานมงคล
900,นาฏศิลป์อนุรักษ์,หนุมานจับนางเบญกาย,"หนุมานจับนางเบญกาย เป็นการแสดงชุดหนึ่งอยู่ในการแสดงโขน
เรื่องรามเกียรติ์ แสดงถึงลีลาร่ายรําในการไล่ติดตามและเกี้ยวพาราสีระหว่างหนุมาน
ซึ่งเป็นวานรกับนางเบญกายซึ่งเป็นยักษิณี จากมูลเหตุที่นางเบญกาย
ได้รับคำสั่งจากทศกัณฐ์ให้ปลอมเป็นนางสีดาแสร้งตายลอยน้ำเป็นอุบาย 
ให้พระรามยกทัพกลับไป แต่ถูกพิสูจน์เพื่อหาตัวตนแท้จริงโดยการ
นําไปเผาไฟ เมื่อนางทนต่อความร้อนไม่ได้จึงคืนร่างกลับดังเดิม
แล้วพยายามเหาะหลบหนี แต่หนุมานไล่ตามจับไว้ได้ ",2,10," 4,000 ",การแสดง ระบำ รำ ฟ้อน,งานวันเกิด,งานมงคล
901,นาฏศิลป์อนุรักษ์,หนุมานจับนางเบญกาย,"หนุมานจับนางเบญกาย เป็นการแสดงชุดหนึ่งอยู่ในการแสดงโขน
เรื่องรามเกียรติ์ แสดงถึงลีลาร่ายรําในการไล่ติดตามและเกี้ยวพาราสีระหว่างหนุมาน
ซึ่งเป็นวานรกับนางเบญกายซึ่งเป็นยักษิณี จากมูลเหตุที่นางเบญกาย
ได้รับคำสั่งจากทศกัณฐ์ให้ปลอมเป็นนางสีดาแสร้งตายลอยน้ำเป็นอุบาย 
ให้พระรามยกทัพกลับไป แต่ถูกพิสูจน์เพื่อหาตัวตนแท้จริงโดยการ
นําไปเผาไฟ เมื่อนางทนต่อความร้อนไม่ได้จึงคืนร่างกลับดังเดิม
แล้วพยายามเหาะหลบหนี แต่หนุมานไล่ตามจับไว้ได้ ",2,10," 4,000 ",การแสดง ระบำ รำ ฟ้อน,งานแต่งงาน,งานมงคล
902,นาฏศิลป์อนุรักษ์,หนุมานจับนางเบญกาย,"หนุมานจับนางเบญกาย เป็นการแสดงชุดหนึ่งอยู่ในการแสดงโขน
เรื่องรามเกียรติ์ แสดงถึงลีลาร่ายรําในการไล่ติดตามและเกี้ยวพาราสีระหว่างหนุมาน
ซึ่งเป็นวานรกับนางเบญกายซึ่งเป็นยักษิณี จากมูลเหตุที่นางเบญกาย
ได้รับคำสั่งจากทศกัณฐ์ให้ปลอมเป็นนางสีดาแสร้งตายลอยน้ำเป็นอุบาย 
ให้พระรามยกทัพกลับไป แต่ถูกพิสูจน์เพื่อหาตัวตนแท้จริงโดยการ
นําไปเผาไฟ เมื่อนางทนต่อความร้อนไม่ได้จึงคืนร่างกลับดังเดิม
แล้วพยายามเหาะหลบหนี แต่หนุมานไล่ตามจับไว้ได้ ",2,10," 4,000 ",การแสดง ระบำ รำ ฟ้อน,งานขึ้นบ้านใหม่,งานมงคล
903,นาฏศิลป์อนุรักษ์,หนุมานจับนางเบญกาย,"หนุมานจับนางเบญกาย เป็นการแสดงชุดหนึ่งอยู่ในการแสดงโขน
เรื่องรามเกียรติ์ แสดงถึงลีลาร่ายรําในการไล่ติดตามและเกี้ยวพาราสีระหว่างหนุมาน
ซึ่งเป็นวานรกับนางเบญกายซึ่งเป็นยักษิณี จากมูลเหตุที่นางเบญกาย
ได้รับคำสั่งจากทศกัณฐ์ให้ปลอมเป็นนางสีดาแสร้งตายลอยน้ำเป็นอุบาย 
ให้พระรามยกทัพกลับไป แต่ถูกพิสูจน์เพื่อหาตัวตนแท้จริงโดยการ
นําไปเผาไฟ เมื่อนางทนต่อความร้อนไม่ได้จึงคืนร่างกลับดังเดิม
แล้วพยายามเหาะหลบหนี แต่หนุมานไล่ตามจับไว้ได้ ",2,10," 4,000 ",การแสดง ระบำ รำ ฟ้อน,งานเปิดบริษัท,งานมงคล
904,นาฏศิลป์อนุรักษ์,หนุมานจับนางเบญกาย,"หนุมานจับนางเบญกาย เป็นการแสดงชุดหนึ่งอยู่ในการแสดงโขน
เรื่องรามเกียรติ์ แสดงถึงลีลาร่ายรําในการไล่ติดตามและเกี้ยวพาราสีระหว่างหนุมาน
ซึ่งเป็นวานรกับนางเบญกายซึ่งเป็นยักษิณี จากมูลเหตุที่นางเบญกาย
ได้รับคำสั่งจากทศกัณฐ์ให้ปลอมเป็นนางสีดาแสร้งตายลอยน้ำเป็นอุบาย 
ให้พระรามยกทัพกลับไป แต่ถูกพิสูจน์เพื่อหาตัวตนแท้จริงโดยการ
นําไปเผาไฟ เมื่อนางทนต่อความร้อนไม่ได้จึงคืนร่างกลับดังเดิม
แล้วพยายามเหาะหลบหนี แต่หนุมานไล่ตามจับไว้ได้ ",2,10," 4,000 ",การแสดง ระบำ รำ ฟ้อน,งานบวงสรวง,งานมงคล
905,นาฏศิลป์อนุรักษ์,หนุมานจับนางเบญกาย,"หนุมานจับนางเบญกาย เป็นการแสดงชุดหนึ่งอยู่ในการแสดงโขน
เรื่องรามเกียรติ์ แสดงถึงลีลาร่ายรําในการไล่ติดตามและเกี้ยวพาราสีระหว่างหนุมาน
ซึ่งเป็นวานรกับนางเบญกายซึ่งเป็นยักษิณี จากมูลเหตุที่นางเบญกาย
ได้รับคำสั่งจากทศกัณฐ์ให้ปลอมเป็นนางสีดาแสร้งตายลอยน้ำเป็นอุบาย 
ให้พระรามยกทัพกลับไป แต่ถูกพิสูจน์เพื่อหาตัวตนแท้จริงโดยการ
นําไปเผาไฟ เมื่อนางทนต่อความร้อนไม่ได้จึงคืนร่างกลับดังเดิม
แล้วพยายามเหาะหลบหนี แต่หนุมานไล่ตามจับไว้ได้ ",2,10," 4,000 ",การแสดง ระบำ รำ ฟ้อน,งานไหว้ครู,งานมงคล
906,นาฏศิลป์อนุรักษ์,หนุมานจับนางเบญกาย,"หนุมานจับนางเบญกาย เป็นการแสดงชุดหนึ่งอยู่ในการแสดงโขน
เรื่องรามเกียรติ์ แสดงถึงลีลาร่ายรําในการไล่ติดตามและเกี้ยวพาราสีระหว่างหนุมาน
ซึ่งเป็นวานรกับนางเบญกายซึ่งเป็นยักษิณี จากมูลเหตุที่นางเบญกาย
ได้รับคำสั่งจากทศกัณฐ์ให้ปลอมเป็นนางสีดาแสร้งตายลอยน้ำเป็นอุบาย 
ให้พระรามยกทัพกลับไป แต่ถูกพิสูจน์เพื่อหาตัวตนแท้จริงโดยการ
นําไปเผาไฟ เมื่อนางทนต่อความร้อนไม่ได้จึงคืนร่างกลับดังเดิม
แล้วพยายามเหาะหลบหนี แต่หนุมานไล่ตามจับไว้ได้ ",2,10," 4,000 ",การแสดง ระบำ รำ ฟ้อน,งานสวดอภิธรรม,งานอวมงคล
907,นาฏศิลป์อนุรักษ์,หนุมานจับนางเบญกาย,"หนุมานจับนางเบญกาย เป็นการแสดงชุดหนึ่งอยู่ในการแสดงโขน
เรื่องรามเกียรติ์ แสดงถึงลีลาร่ายรําในการไล่ติดตามและเกี้ยวพาราสีระหว่างหนุมาน
ซึ่งเป็นวานรกับนางเบญกายซึ่งเป็นยักษิณี จากมูลเหตุที่นางเบญกาย
ได้รับคำสั่งจากทศกัณฐ์ให้ปลอมเป็นนางสีดาแสร้งตายลอยน้ำเป็นอุบาย 
ให้พระรามยกทัพกลับไป แต่ถูกพิสูจน์เพื่อหาตัวตนแท้จริงโดยการ
นําไปเผาไฟ เมื่อนางทนต่อความร้อนไม่ได้จึงคืนร่างกลับดังเดิม
แล้วพยายามเหาะหลบหนี แต่หนุมานไล่ตามจับไว้ได้ ",2,10," 4,000 ",การแสดง ระบำ รำ ฟ้อน,งานพระราชทานเพลิงศพ,งานอวมงคล
908,นาฏศิลป์อนุรักษ์,หนุมานจับนางเบญกาย,"หนุมานจับนางเบญกาย เป็นการแสดงชุดหนึ่งอยู่ในการแสดงโขน
เรื่องรามเกียรติ์ แสดงถึงลีลาร่ายรําในการไล่ติดตามและเกี้ยวพาราสีระหว่างหนุมาน
ซึ่งเป็นวานรกับนางเบญกายซึ่งเป็นยักษิณี จากมูลเหตุที่นางเบญกาย
ได้รับคำสั่งจากทศกัณฐ์ให้ปลอมเป็นนางสีดาแสร้งตายลอยน้ำเป็นอุบาย 
ให้พระรามยกทัพกลับไป แต่ถูกพิสูจน์เพื่อหาตัวตนแท้จริงโดยการ
นําไปเผาไฟ เมื่อนางทนต่อความร้อนไม่ได้จึงคืนร่างกลับดังเดิม
แล้วพยายามเหาะหลบหนี แต่หนุมานไล่ตามจับไว้ได้ ",2,10," 4,000 ",การแสดง ระบำ รำ ฟ้อน,งานฌาปนกิจศพ,งานอวมงคล
909,นาฏศิลป์อนุรักษ์,หนุมานจับนางเบญกาย,"หนุมานจับนางเบญกาย เป็นการแสดงชุดหนึ่งอยู่ในการแสดงโขน
เรื่องรามเกียรติ์ แสดงถึงลีลาร่ายรําในการไล่ติดตามและเกี้ยวพาราสีระหว่างหนุมาน
ซึ่งเป็นวานรกับนางเบญกายซึ่งเป็นยักษิณี จากมูลเหตุที่นางเบญกาย
ได้รับคำสั่งจากทศกัณฐ์ให้ปลอมเป็นนางสีดาแสร้งตายลอยน้ำเป็นอุบาย 
ให้พระรามยกทัพกลับไป แต่ถูกพิสูจน์เพื่อหาตัวตนแท้จริงโดยการ
นําไปเผาไฟ เมื่อนางทนต่อความร้อนไม่ได้จึงคืนร่างกลับดังเดิม
แล้วพยายามเหาะหลบหนี แต่หนุมานไล่ตามจับไว้ได้ ",2,10," 4,000 ",การแสดง ระบำ รำ ฟ้อน,วันสงกรานต์,งานเทศกาล
910,นาฏศิลป์อนุรักษ์,หนุมานจับนางเบญกาย,"หนุมานจับนางเบญกาย เป็นการแสดงชุดหนึ่งอยู่ในการแสดงโขน
เรื่องรามเกียรติ์ แสดงถึงลีลาร่ายรําในการไล่ติดตามและเกี้ยวพาราสีระหว่างหนุมาน
ซึ่งเป็นวานรกับนางเบญกายซึ่งเป็นยักษิณี จากมูลเหตุที่นางเบญกาย
ได้รับคำสั่งจากทศกัณฐ์ให้ปลอมเป็นนางสีดาแสร้งตายลอยน้ำเป็นอุบาย 
ให้พระรามยกทัพกลับไป แต่ถูกพิสูจน์เพื่อหาตัวตนแท้จริงโดยการ
นําไปเผาไฟ เมื่อนางทนต่อความร้อนไม่ได้จึงคืนร่างกลับดังเดิม
แล้วพยายามเหาะหลบหนี แต่หนุมานไล่ตามจับไว้ได้ ",2,10," 4,000 ",การแสดง ระบำ รำ ฟ้อน,วันขึ้นปีใหม่,งานเทศกาล
911,นาฏศิลป์อนุรักษ์,หนุมานจับนางเบญกาย,"หนุมานจับนางเบญกาย เป็นการแสดงชุดหนึ่งอยู่ในการแสดงโขน
เรื่องรามเกียรติ์ แสดงถึงลีลาร่ายรําในการไล่ติดตามและเกี้ยวพาราสีระหว่างหนุมาน
ซึ่งเป็นวานรกับนางเบญกายซึ่งเป็นยักษิณี จากมูลเหตุที่นางเบญกาย
ได้รับคำสั่งจากทศกัณฐ์ให้ปลอมเป็นนางสีดาแสร้งตายลอยน้ำเป็นอุบาย 
ให้พระรามยกทัพกลับไป แต่ถูกพิสูจน์เพื่อหาตัวตนแท้จริงโดยการ
นําไปเผาไฟ เมื่อนางทนต่อความร้อนไม่ได้จึงคืนร่างกลับดังเดิม
แล้วพยายามเหาะหลบหนี แต่หนุมานไล่ตามจับไว้ได้ ",2,10," 4,000 ",การแสดง ระบำ รำ ฟ้อน,วันตรุษจีน,งานเทศกาล
912,นาฏศิลป์อนุรักษ์,หนุมานจับนางเบญกาย,"หนุมานจับนางเบญกาย เป็นการแสดงชุดหนึ่งอยู่ในการแสดงโขน
เรื่องรามเกียรติ์ แสดงถึงลีลาร่ายรําในการไล่ติดตามและเกี้ยวพาราสีระหว่างหนุมาน
ซึ่งเป็นวานรกับนางเบญกายซึ่งเป็นยักษิณี จากมูลเหตุที่นางเบญกาย
ได้รับคำสั่งจากทศกัณฐ์ให้ปลอมเป็นนางสีดาแสร้งตายลอยน้ำเป็นอุบาย 
ให้พระรามยกทัพกลับไป แต่ถูกพิสูจน์เพื่อหาตัวตนแท้จริงโดยการ
นําไปเผาไฟ เมื่อนางทนต่อความร้อนไม่ได้จึงคืนร่างกลับดังเดิม
แล้วพยายามเหาะหลบหนี แต่หนุมานไล่ตามจับไว้ได้ ",2,10," 4,000 ",การแสดง ระบำ รำ ฟ้อน,วันลอยกระทง,งานเทศกาล
913,นาฏศิลป์อนุรักษ์,หนุมานจับนางเบญกาย,"หนุมานจับนางเบญกาย เป็นการแสดงชุดหนึ่งอยู่ในการแสดงโขน
เรื่องรามเกียรติ์ แสดงถึงลีลาร่ายรําในการไล่ติดตามและเกี้ยวพาราสีระหว่างหนุมาน
ซึ่งเป็นวานรกับนางเบญกายซึ่งเป็นยักษิณี จากมูลเหตุที่นางเบญกาย
ได้รับคำสั่งจากทศกัณฐ์ให้ปลอมเป็นนางสีดาแสร้งตายลอยน้ำเป็นอุบาย 
ให้พระรามยกทัพกลับไป แต่ถูกพิสูจน์เพื่อหาตัวตนแท้จริงโดยการ
นําไปเผาไฟ เมื่อนางทนต่อความร้อนไม่ได้จึงคืนร่างกลับดังเดิม
แล้วพยายามเหาะหลบหนี แต่หนุมานไล่ตามจับไว้ได้ ",2,10," 4,000 ",การแสดง ระบำ รำ ฟ้อน,การเผยแพร่วัฒนธรรมในประเทศ,งานเผยแพร่วัฒนธรรม
914,นาฏศิลป์อนุรักษ์,หนุมานจับนางเบญกาย,"หนุมานจับนางเบญกาย เป็นการแสดงชุดหนึ่งอยู่ในการแสดงโขน
เรื่องรามเกียรติ์ แสดงถึงลีลาร่ายรําในการไล่ติดตามและเกี้ยวพาราสีระหว่างหนุมาน
ซึ่งเป็นวานรกับนางเบญกายซึ่งเป็นยักษิณี จากมูลเหตุที่นางเบญกาย
ได้รับคำสั่งจากทศกัณฐ์ให้ปลอมเป็นนางสีดาแสร้งตายลอยน้ำเป็นอุบาย 
ให้พระรามยกทัพกลับไป แต่ถูกพิสูจน์เพื่อหาตัวตนแท้จริงโดยการ
นําไปเผาไฟ เมื่อนางทนต่อความร้อนไม่ได้จึงคืนร่างกลับดังเดิม
แล้วพยายามเหาะหลบหนี แต่หนุมานไล่ตามจับไว้ได้ ",2,10," 4,000 ",การแสดง ระบำ รำ ฟ้อน,การเผยแพร่วัฒนธรรมต่างประเทศ,งานเผยแพร่วัฒนธรรม
915,นาฏศิลป์อนุรักษ์,หนุมานจับนางเบญกาย,"หนุมานจับนางเบญกาย เป็นการแสดงชุดหนึ่งอยู่ในการแสดงโขน
เรื่องรามเกียรติ์ แสดงถึงลีลาร่ายรําในการไล่ติดตามและเกี้ยวพาราสีระหว่างหนุมาน
ซึ่งเป็นวานรกับนางเบญกายซึ่งเป็นยักษิณี จากมูลเหตุที่นางเบญกาย
ได้รับคำสั่งจากทศกัณฐ์ให้ปลอมเป็นนางสีดาแสร้งตายลอยน้ำเป็นอุบาย 
ให้พระรามยกทัพกลับไป แต่ถูกพิสูจน์เพื่อหาตัวตนแท้จริงโดยการ
นําไปเผาไฟ เมื่อนางทนต่อความร้อนไม่ได้จึงคืนร่างกลับดังเดิม
แล้วพยายามเหาะหลบหนี แต่หนุมานไล่ตามจับไว้ได้ ",2,10," 4,000 ",การแสดง ระบำ รำ ฟ้อน,วันวิสาขบูชา,งานวันสำคัญทางศาสนา
916,นาฏศิลป์อนุรักษ์,หนุมานจับนางเบญกาย,"หนุมานจับนางเบญกาย เป็นการแสดงชุดหนึ่งอยู่ในการแสดงโขน
เรื่องรามเกียรติ์ แสดงถึงลีลาร่ายรําในการไล่ติดตามและเกี้ยวพาราสีระหว่างหนุมาน
ซึ่งเป็นวานรกับนางเบญกายซึ่งเป็นยักษิณี จากมูลเหตุที่นางเบญกาย
ได้รับคำสั่งจากทศกัณฐ์ให้ปลอมเป็นนางสีดาแสร้งตายลอยน้ำเป็นอุบาย 
ให้พระรามยกทัพกลับไป แต่ถูกพิสูจน์เพื่อหาตัวตนแท้จริงโดยการ
นําไปเผาไฟ เมื่อนางทนต่อความร้อนไม่ได้จึงคืนร่างกลับดังเดิม
แล้วพยายามเหาะหลบหนี แต่หนุมานไล่ตามจับไว้ได้ ",2,10," 4,000 ",การแสดง ระบำ รำ ฟ้อน,วันเข้าพรรษา,งานวันสำคัญทางศาสนา
917,นาฏศิลป์อนุรักษ์,หนุมานจับนางเบญกาย,"หนุมานจับนางเบญกาย เป็นการแสดงชุดหนึ่งอยู่ในการแสดงโขน
เรื่องรามเกียรติ์ แสดงถึงลีลาร่ายรําในการไล่ติดตามและเกี้ยวพาราสีระหว่างหนุมาน
ซึ่งเป็นวานรกับนางเบญกายซึ่งเป็นยักษิณี จากมูลเหตุที่นางเบญกาย
ได้รับคำสั่งจากทศกัณฐ์ให้ปลอมเป็นนางสีดาแสร้งตายลอยน้ำเป็นอุบาย 
ให้พระรามยกทัพกลับไป แต่ถูกพิสูจน์เพื่อหาตัวตนแท้จริงโดยการ
นําไปเผาไฟ เมื่อนางทนต่อความร้อนไม่ได้จึงคืนร่างกลับดังเดิม
แล้วพยายามเหาะหลบหนี แต่หนุมานไล่ตามจับไว้ได้ ",2,10," 4,000 ",การแสดง ระบำ รำ ฟ้อน,วันออกพรรษา,งานวันสำคัญทางศาสนา
918,นาฏศิลป์อนุรักษ์,หนุมานจับนางเบญกาย,"หนุมานจับนางเบญกาย เป็นการแสดงชุดหนึ่งอยู่ในการแสดงโขน
เรื่องรามเกียรติ์ แสดงถึงลีลาร่ายรําในการไล่ติดตามและเกี้ยวพาราสีระหว่างหนุมาน
ซึ่งเป็นวานรกับนางเบญกายซึ่งเป็นยักษิณี จากมูลเหตุที่นางเบญกาย
ได้รับคำสั่งจากทศกัณฐ์ให้ปลอมเป็นนางสีดาแสร้งตายลอยน้ำเป็นอุบาย 
ให้พระรามยกทัพกลับไป แต่ถูกพิสูจน์เพื่อหาตัวตนแท้จริงโดยการ
นําไปเผาไฟ เมื่อนางทนต่อความร้อนไม่ได้จึงคืนร่างกลับดังเดิม
แล้วพยายามเหาะหลบหนี แต่หนุมานไล่ตามจับไว้ได้ ",2,10," 4,000 ",การแสดง ระบำ รำ ฟ้อน,งานสวดมนต์ข้ามปี,งานวันสำคัญทางศาสนา
919,นาฏศิลป์อนุรักษ์,หนุมานจับนางเบญกาย,"หนุมานจับนางเบญกาย เป็นการแสดงชุดหนึ่งอยู่ในการแสดงโขน
เรื่องรามเกียรติ์ แสดงถึงลีลาร่ายรําในการไล่ติดตามและเกี้ยวพาราสีระหว่างหนุมาน
ซึ่งเป็นวานรกับนางเบญกายซึ่งเป็นยักษิณี จากมูลเหตุที่นางเบญกาย
ได้รับคำสั่งจากทศกัณฐ์ให้ปลอมเป็นนางสีดาแสร้งตายลอยน้ำเป็นอุบาย 
ให้พระรามยกทัพกลับไป แต่ถูกพิสูจน์เพื่อหาตัวตนแท้จริงโดยการ
นําไปเผาไฟ เมื่อนางทนต่อความร้อนไม่ได้จึงคืนร่างกลับดังเดิม
แล้วพยายามเหาะหลบหนี แต่หนุมานไล่ตามจับไว้ได้ ",2,10," 4,000 ",การแสดง ระบำ รำ ฟ้อน,งานเทศมหาชาติ,งานวันสำคัญทางศาสนา
920,นาฏศิลป์อนุรักษ์,หนุมานจับนางเบญกาย,"หนุมานจับนางเบญกาย เป็นการแสดงชุดหนึ่งอยู่ในการแสดงโขน
เรื่องรามเกียรติ์ แสดงถึงลีลาร่ายรําในการไล่ติดตามและเกี้ยวพาราสีระหว่างหนุมาน
ซึ่งเป็นวานรกับนางเบญกายซึ่งเป็นยักษิณี จากมูลเหตุที่นางเบญกาย
ได้รับคำสั่งจากทศกัณฐ์ให้ปลอมเป็นนางสีดาแสร้งตายลอยน้ำเป็นอุบาย 
ให้พระรามยกทัพกลับไป แต่ถูกพิสูจน์เพื่อหาตัวตนแท้จริงโดยการ
นําไปเผาไฟ เมื่อนางทนต่อความร้อนไม่ได้จึงคืนร่างกลับดังเดิม
แล้วพยายามเหาะหลบหนี แต่หนุมานไล่ตามจับไว้ได้ ",2,10," 4,000 ",การแสดง ระบำ รำ ฟ้อน,งานประชุมสงฆ์,งานวันสำคัญทางศาสนา
921,นาฏศิลป์อนุรักษ์,หนุมานจับนางสุพรรณมัจฉา,"หนุมานจับนางสุพรรณมัจฉา เป็นการแสดงชุดหนึ่งอยู่ในการแสดงโขน
เรื่องรามเกียรติ์  กระบวนท่ารําสื่อถึงการไล่จับ และการเกี้ยวพาราสี
ของตัวละครระหว่างหนุมานซึ่งเป็นวานรกับนางสุพรรณมัจฉา
ซึ่งเป็นผู้หญิงที่มีหางเป็นปลา จากมูลเหตุที่นางสุพรรณมัจฉาพา
เหล่าบริวารปลามาคาบก้อนหินเพื่อขัดขวางมิให้กองทัพของพระราม
ทําถนนข้ามมหาสมุทร เพื่อเดินทางไปชวยนางสีดาที่กรุงลงกา",2,10," 4,000 ",การแสดง ระบำ รำ ฟ้อน,งานต้อนรับอาคันตุกะ,งานรัฐพิธี
922,นาฏศิลป์อนุรักษ์,หนุมานจับนางสุพรรณมัจฉา,"หนุมานจับนางสุพรรณมัจฉา เป็นการแสดงชุดหนึ่งอยู่ในการแสดงโขน
เรื่องรามเกียรติ์  กระบวนท่ารําสื่อถึงการไล่จับ และการเกี้ยวพาราสี
ของตัวละครระหว่างหนุมานซึ่งเป็นวานรกับนางสุพรรณมัจฉา
ซึ่งเป็นผู้หญิงที่มีหางเป็นปลา จากมูลเหตุที่นางสุพรรณมัจฉาพา
เหล่าบริวารปลามาคาบก้อนหินเพื่อขัดขวางมิให้กองทัพของพระราม
ทําถนนข้ามมหาสมุทร เพื่อเดินทางไปชวยนางสีดาที่กรุงลงกา",2,10," 4,000 ",การแสดง ระบำ รำ ฟ้อน,งานทำบุญ,งานมงคล
923,นาฏศิลป์อนุรักษ์,หนุมานจับนางสุพรรณมัจฉา,"หนุมานจับนางสุพรรณมัจฉา เป็นการแสดงชุดหนึ่งอยู่ในการแสดงโขน
เรื่องรามเกียรติ์  กระบวนท่ารําสื่อถึงการไล่จับ และการเกี้ยวพาราสี
ของตัวละครระหว่างหนุมานซึ่งเป็นวานรกับนางสุพรรณมัจฉา
ซึ่งเป็นผู้หญิงที่มีหางเป็นปลา จากมูลเหตุที่นางสุพรรณมัจฉาพา
เหล่าบริวารปลามาคาบก้อนหินเพื่อขัดขวางมิให้กองทัพของพระราม
ทําถนนข้ามมหาสมุทร เพื่อเดินทางไปชวยนางสีดาที่กรุงลงกา",2,10," 4,000 ",การแสดง ระบำ รำ ฟ้อน,งานวันเกิด,งานมงคล
924,นาฏศิลป์อนุรักษ์,หนุมานจับนางสุพรรณมัจฉา,"หนุมานจับนางสุพรรณมัจฉา เป็นการแสดงชุดหนึ่งอยู่ในการแสดงโขน
เรื่องรามเกียรติ์  กระบวนท่ารําสื่อถึงการไล่จับ และการเกี้ยวพาราสี
ของตัวละครระหว่างหนุมานซึ่งเป็นวานรกับนางสุพรรณมัจฉา
ซึ่งเป็นผู้หญิงที่มีหางเป็นปลา จากมูลเหตุที่นางสุพรรณมัจฉาพา
เหล่าบริวารปลามาคาบก้อนหินเพื่อขัดขวางมิให้กองทัพของพระราม
ทําถนนข้ามมหาสมุทร เพื่อเดินทางไปชวยนางสีดาที่กรุงลงกา",2,10," 4,000 ",การแสดง ระบำ รำ ฟ้อน,งานแต่งงาน,งานมงคล
925,นาฏศิลป์อนุรักษ์,หนุมานจับนางสุพรรณมัจฉา,"หนุมานจับนางสุพรรณมัจฉา เป็นการแสดงชุดหนึ่งอยู่ในการแสดงโขน
เรื่องรามเกียรติ์  กระบวนท่ารําสื่อถึงการไล่จับ และการเกี้ยวพาราสี
ของตัวละครระหว่างหนุมานซึ่งเป็นวานรกับนางสุพรรณมัจฉา
ซึ่งเป็นผู้หญิงที่มีหางเป็นปลา จากมูลเหตุที่นางสุพรรณมัจฉาพา
เหล่าบริวารปลามาคาบก้อนหินเพื่อขัดขวางมิให้กองทัพของพระราม
ทําถนนข้ามมหาสมุทร เพื่อเดินทางไปชวยนางสีดาที่กรุงลงกา",2,10," 4,000 ",การแสดง ระบำ รำ ฟ้อน,งานขึ้นบ้านใหม่,งานมงคล
926,นาฏศิลป์อนุรักษ์,หนุมานจับนางสุพรรณมัจฉา,"หนุมานจับนางสุพรรณมัจฉา เป็นการแสดงชุดหนึ่งอยู่ในการแสดงโขน
เรื่องรามเกียรติ์  กระบวนท่ารําสื่อถึงการไล่จับ และการเกี้ยวพาราสี
ของตัวละครระหว่างหนุมานซึ่งเป็นวานรกับนางสุพรรณมัจฉา
ซึ่งเป็นผู้หญิงที่มีหางเป็นปลา จากมูลเหตุที่นางสุพรรณมัจฉาพา
เหล่าบริวารปลามาคาบก้อนหินเพื่อขัดขวางมิให้กองทัพของพระราม
ทําถนนข้ามมหาสมุทร เพื่อเดินทางไปชวยนางสีดาที่กรุงลงกา",2,10," 4,000 ",การแสดง ระบำ รำ ฟ้อน,งานเปิดบริษัท,งานมงคล
927,นาฏศิลป์อนุรักษ์,หนุมานจับนางสุพรรณมัจฉา,"หนุมานจับนางสุพรรณมัจฉา เป็นการแสดงชุดหนึ่งอยู่ในการแสดงโขน
เรื่องรามเกียรติ์  กระบวนท่ารําสื่อถึงการไล่จับ และการเกี้ยวพาราสี
ของตัวละครระหว่างหนุมานซึ่งเป็นวานรกับนางสุพรรณมัจฉา
ซึ่งเป็นผู้หญิงที่มีหางเป็นปลา จากมูลเหตุที่นางสุพรรณมัจฉาพา
เหล่าบริวารปลามาคาบก้อนหินเพื่อขัดขวางมิให้กองทัพของพระราม
ทําถนนข้ามมหาสมุทร เพื่อเดินทางไปชวยนางสีดาที่กรุงลงกา",2,10," 4,000 ",การแสดง ระบำ รำ ฟ้อน,งานบวงสรวง,งานมงคล
928,นาฏศิลป์อนุรักษ์,หนุมานจับนางสุพรรณมัจฉา,"หนุมานจับนางสุพรรณมัจฉา เป็นการแสดงชุดหนึ่งอยู่ในการแสดงโขน
เรื่องรามเกียรติ์  กระบวนท่ารําสื่อถึงการไล่จับ และการเกี้ยวพาราสี
ของตัวละครระหว่างหนุมานซึ่งเป็นวานรกับนางสุพรรณมัจฉา
ซึ่งเป็นผู้หญิงที่มีหางเป็นปลา จากมูลเหตุที่นางสุพรรณมัจฉาพา
เหล่าบริวารปลามาคาบก้อนหินเพื่อขัดขวางมิให้กองทัพของพระราม
ทําถนนข้ามมหาสมุทร เพื่อเดินทางไปชวยนางสีดาที่กรุงลงกา",2,10," 4,000 ",การแสดง ระบำ รำ ฟ้อน,งานไหว้ครู,งานมงคล
929,นาฏศิลป์อนุรักษ์,หนุมานจับนางสุพรรณมัจฉา,"หนุมานจับนางสุพรรณมัจฉา เป็นการแสดงชุดหนึ่งอยู่ในการแสดงโขน
เรื่องรามเกียรติ์  กระบวนท่ารําสื่อถึงการไล่จับ และการเกี้ยวพาราสี
ของตัวละครระหว่างหนุมานซึ่งเป็นวานรกับนางสุพรรณมัจฉา
ซึ่งเป็นผู้หญิงที่มีหางเป็นปลา จากมูลเหตุที่นางสุพรรณมัจฉาพา
เหล่าบริวารปลามาคาบก้อนหินเพื่อขัดขวางมิให้กองทัพของพระราม
ทําถนนข้ามมหาสมุทร เพื่อเดินทางไปชวยนางสีดาที่กรุงลงกา",2,10," 4,000 ",การแสดง ระบำ รำ ฟ้อน,งานสวดอภิธรรม,งานอวมงคล
930,นาฏศิลป์อนุรักษ์,หนุมานจับนางสุพรรณมัจฉา,"หนุมานจับนางสุพรรณมัจฉา เป็นการแสดงชุดหนึ่งอยู่ในการแสดงโขน
เรื่องรามเกียรติ์  กระบวนท่ารําสื่อถึงการไล่จับ และการเกี้ยวพาราสี
ของตัวละครระหว่างหนุมานซึ่งเป็นวานรกับนางสุพรรณมัจฉา
ซึ่งเป็นผู้หญิงที่มีหางเป็นปลา จากมูลเหตุที่นางสุพรรณมัจฉาพา
เหล่าบริวารปลามาคาบก้อนหินเพื่อขัดขวางมิให้กองทัพของพระราม
ทําถนนข้ามมหาสมุทร เพื่อเดินทางไปชวยนางสีดาที่กรุงลงกา",2,10," 4,000 ",การแสดง ระบำ รำ ฟ้อน,งานพระราชทานเพลิงศพ,งานอวมงคล
931,นาฏศิลป์อนุรักษ์,หนุมานจับนางสุพรรณมัจฉา,"หนุมานจับนางสุพรรณมัจฉา เป็นการแสดงชุดหนึ่งอยู่ในการแสดงโขน
เรื่องรามเกียรติ์  กระบวนท่ารําสื่อถึงการไล่จับ และการเกี้ยวพาราสี
ของตัวละครระหว่างหนุมานซึ่งเป็นวานรกับนางสุพรรณมัจฉา
ซึ่งเป็นผู้หญิงที่มีหางเป็นปลา จากมูลเหตุที่นางสุพรรณมัจฉาพา
เหล่าบริวารปลามาคาบก้อนหินเพื่อขัดขวางมิให้กองทัพของพระราม
ทําถนนข้ามมหาสมุทร เพื่อเดินทางไปชวยนางสีดาที่กรุงลงกา",2,10," 4,000 ",การแสดง ระบำ รำ ฟ้อน,งานฌาปนกิจศพ,งานอวมงคล
932,นาฏศิลป์อนุรักษ์,หนุมานจับนางสุพรรณมัจฉา,"หนุมานจับนางสุพรรณมัจฉา เป็นการแสดงชุดหนึ่งอยู่ในการแสดงโขน
เรื่องรามเกียรติ์  กระบวนท่ารําสื่อถึงการไล่จับ และการเกี้ยวพาราสี
ของตัวละครระหว่างหนุมานซึ่งเป็นวานรกับนางสุพรรณมัจฉา
ซึ่งเป็นผู้หญิงที่มีหางเป็นปลา จากมูลเหตุที่นางสุพรรณมัจฉาพา
เหล่าบริวารปลามาคาบก้อนหินเพื่อขัดขวางมิให้กองทัพของพระราม
ทําถนนข้ามมหาสมุทร เพื่อเดินทางไปชวยนางสีดาที่กรุงลงกา",2,10," 4,000 ",การแสดง ระบำ รำ ฟ้อน,วันสงกรานต์,งานเทศกาล
933,นาฏศิลป์อนุรักษ์,หนุมานจับนางสุพรรณมัจฉา,"หนุมานจับนางสุพรรณมัจฉา เป็นการแสดงชุดหนึ่งอยู่ในการแสดงโขน
เรื่องรามเกียรติ์  กระบวนท่ารําสื่อถึงการไล่จับ และการเกี้ยวพาราสี
ของตัวละครระหว่างหนุมานซึ่งเป็นวานรกับนางสุพรรณมัจฉา
ซึ่งเป็นผู้หญิงที่มีหางเป็นปลา จากมูลเหตุที่นางสุพรรณมัจฉาพา
เหล่าบริวารปลามาคาบก้อนหินเพื่อขัดขวางมิให้กองทัพของพระราม
ทําถนนข้ามมหาสมุทร เพื่อเดินทางไปชวยนางสีดาที่กรุงลงกา",2,10," 4,000 ",การแสดง ระบำ รำ ฟ้อน,วันขึ้นปีใหม่,งานเทศกาล
934,นาฏศิลป์อนุรักษ์,หนุมานจับนางสุพรรณมัจฉา,"หนุมานจับนางสุพรรณมัจฉา เป็นการแสดงชุดหนึ่งอยู่ในการแสดงโขน
เรื่องรามเกียรติ์  กระบวนท่ารําสื่อถึงการไล่จับ และการเกี้ยวพาราสี
ของตัวละครระหว่างหนุมานซึ่งเป็นวานรกับนางสุพรรณมัจฉา
ซึ่งเป็นผู้หญิงที่มีหางเป็นปลา จากมูลเหตุที่นางสุพรรณมัจฉาพา
เหล่าบริวารปลามาคาบก้อนหินเพื่อขัดขวางมิให้กองทัพของพระราม
ทําถนนข้ามมหาสมุทร เพื่อเดินทางไปชวยนางสีดาที่กรุงลงกา",2,10," 4,000 ",การแสดง ระบำ รำ ฟ้อน,วันตรุษจีน,งานเทศกาล
935,นาฏศิลป์อนุรักษ์,หนุมานจับนางสุพรรณมัจฉา,"หนุมานจับนางสุพรรณมัจฉา เป็นการแสดงชุดหนึ่งอยู่ในการแสดงโขน
เรื่องรามเกียรติ์  กระบวนท่ารําสื่อถึงการไล่จับ และการเกี้ยวพาราสี
ของตัวละครระหว่างหนุมานซึ่งเป็นวานรกับนางสุพรรณมัจฉา
ซึ่งเป็นผู้หญิงที่มีหางเป็นปลา จากมูลเหตุที่นางสุพรรณมัจฉาพา
เหล่าบริวารปลามาคาบก้อนหินเพื่อขัดขวางมิให้กองทัพของพระราม
ทําถนนข้ามมหาสมุทร เพื่อเดินทางไปชวยนางสีดาที่กรุงลงกา",2,10," 4,000 ",การแสดง ระบำ รำ ฟ้อน,วันลอยกระทง,งานเทศกาล
936,นาฏศิลป์อนุรักษ์,หนุมานจับนางสุพรรณมัจฉา,"หนุมานจับนางสุพรรณมัจฉา เป็นการแสดงชุดหนึ่งอยู่ในการแสดงโขน
เรื่องรามเกียรติ์  กระบวนท่ารําสื่อถึงการไล่จับ และการเกี้ยวพาราสี
ของตัวละครระหว่างหนุมานซึ่งเป็นวานรกับนางสุพรรณมัจฉา
ซึ่งเป็นผู้หญิงที่มีหางเป็นปลา จากมูลเหตุที่นางสุพรรณมัจฉาพา
เหล่าบริวารปลามาคาบก้อนหินเพื่อขัดขวางมิให้กองทัพของพระราม
ทําถนนข้ามมหาสมุทร เพื่อเดินทางไปชวยนางสีดาที่กรุงลงกา",2,10," 4,000 ",การแสดง ระบำ รำ ฟ้อน,การเผยแพร่วัฒนธรรมในประเทศ,งานเผยแพร่วัฒนธรรม
937,นาฏศิลป์อนุรักษ์,หนุมานจับนางสุพรรณมัจฉา,"หนุมานจับนางสุพรรณมัจฉา เป็นการแสดงชุดหนึ่งอยู่ในการแสดงโขน
เรื่องรามเกียรติ์  กระบวนท่ารําสื่อถึงการไล่จับ และการเกี้ยวพาราสี
ของตัวละครระหว่างหนุมานซึ่งเป็นวานรกับนางสุพรรณมัจฉา
ซึ่งเป็นผู้หญิงที่มีหางเป็นปลา จากมูลเหตุที่นางสุพรรณมัจฉาพา
เหล่าบริวารปลามาคาบก้อนหินเพื่อขัดขวางมิให้กองทัพของพระราม
ทําถนนข้ามมหาสมุทร เพื่อเดินทางไปชวยนางสีดาที่กรุงลงกา",2,10," 4,000 ",การแสดง ระบำ รำ ฟ้อน,การเผยแพร่วัฒนธรรมต่างประเทศ,งานเผยแพร่วัฒนธรรม
938,นาฏศิลป์อนุรักษ์,หนุมานจับนางสุพรรณมัจฉา,"หนุมานจับนางสุพรรณมัจฉา เป็นการแสดงชุดหนึ่งอยู่ในการแสดงโขน
เรื่องรามเกียรติ์  กระบวนท่ารําสื่อถึงการไล่จับ และการเกี้ยวพาราสี
ของตัวละครระหว่างหนุมานซึ่งเป็นวานรกับนางสุพรรณมัจฉา
ซึ่งเป็นผู้หญิงที่มีหางเป็นปลา จากมูลเหตุที่นางสุพรรณมัจฉาพา
เหล่าบริวารปลามาคาบก้อนหินเพื่อขัดขวางมิให้กองทัพของพระราม
ทําถนนข้ามมหาสมุทร เพื่อเดินทางไปชวยนางสีดาที่กรุงลงกา",2,10," 4,000 ",การแสดง ระบำ รำ ฟ้อน,วันวิสาขบูชา,งานวันสำคัญทางศาสนา
939,นาฏศิลป์อนุรักษ์,หนุมานจับนางสุพรรณมัจฉา,"หนุมานจับนางสุพรรณมัจฉา เป็นการแสดงชุดหนึ่งอยู่ในการแสดงโขน
เรื่องรามเกียรติ์  กระบวนท่ารําสื่อถึงการไล่จับ และการเกี้ยวพาราสี
ของตัวละครระหว่างหนุมานซึ่งเป็นวานรกับนางสุพรรณมัจฉา
ซึ่งเป็นผู้หญิงที่มีหางเป็นปลา จากมูลเหตุที่นางสุพรรณมัจฉาพา
เหล่าบริวารปลามาคาบก้อนหินเพื่อขัดขวางมิให้กองทัพของพระราม
ทําถนนข้ามมหาสมุทร เพื่อเดินทางไปชวยนางสีดาที่กรุงลงกา",2,10," 4,000 ",การแสดง ระบำ รำ ฟ้อน,วันเข้าพรรษา,งานวันสำคัญทางศาสนา
940,นาฏศิลป์อนุรักษ์,หนุมานจับนางสุพรรณมัจฉา,"หนุมานจับนางสุพรรณมัจฉา เป็นการแสดงชุดหนึ่งอยู่ในการแสดงโขน
เรื่องรามเกียรติ์  กระบวนท่ารําสื่อถึงการไล่จับ และการเกี้ยวพาราสี
ของตัวละครระหว่างหนุมานซึ่งเป็นวานรกับนางสุพรรณมัจฉา
ซึ่งเป็นผู้หญิงที่มีหางเป็นปลา จากมูลเหตุที่นางสุพรรณมัจฉาพา
เหล่าบริวารปลามาคาบก้อนหินเพื่อขัดขวางมิให้กองทัพของพระราม
ทําถนนข้ามมหาสมุทร เพื่อเดินทางไปชวยนางสีดาที่กรุงลงกา",2,10," 4,000 ",การแสดง ระบำ รำ ฟ้อน,วันออกพรรษา,งานวันสำคัญทางศาสนา
941,นาฏศิลป์อนุรักษ์,หนุมานจับนางสุพรรณมัจฉา,"หนุมานจับนางสุพรรณมัจฉา เป็นการแสดงชุดหนึ่งอยู่ในการแสดงโขน
เรื่องรามเกียรติ์  กระบวนท่ารําสื่อถึงการไล่จับ และการเกี้ยวพาราสี
ของตัวละครระหว่างหนุมานซึ่งเป็นวานรกับนางสุพรรณมัจฉา
ซึ่งเป็นผู้หญิงที่มีหางเป็นปลา จากมูลเหตุที่นางสุพรรณมัจฉาพา
เหล่าบริวารปลามาคาบก้อนหินเพื่อขัดขวางมิให้กองทัพของพระราม
ทําถนนข้ามมหาสมุทร เพื่อเดินทางไปชวยนางสีดาที่กรุงลงกา",2,10," 4,000 ",การแสดง ระบำ รำ ฟ้อน,งานสวดมนต์ข้ามปี,งานวันสำคัญทางศาสนา
942,นาฏศิลป์อนุรักษ์,หนุมานจับนางสุพรรณมัจฉา,"หนุมานจับนางสุพรรณมัจฉา เป็นการแสดงชุดหนึ่งอยู่ในการแสดงโขน
เรื่องรามเกียรติ์  กระบวนท่ารําสื่อถึงการไล่จับ และการเกี้ยวพาราสี
ของตัวละครระหว่างหนุมานซึ่งเป็นวานรกับนางสุพรรณมัจฉา
ซึ่งเป็นผู้หญิงที่มีหางเป็นปลา จากมูลเหตุที่นางสุพรรณมัจฉาพา
เหล่าบริวารปลามาคาบก้อนหินเพื่อขัดขวางมิให้กองทัพของพระราม
ทําถนนข้ามมหาสมุทร เพื่อเดินทางไปชวยนางสีดาที่กรุงลงกา",2,10," 4,000 ",การแสดง ระบำ รำ ฟ้อน,งานเทศมหาชาติ,งานวันสำคัญทางศาสนา
943,นาฏศิลป์อนุรักษ์,หนุมานจับนางสุพรรณมัจฉา,"หนุมานจับนางสุพรรณมัจฉา เป็นการแสดงชุดหนึ่งอยู่ในการแสดงโขน
เรื่องรามเกียรติ์  กระบวนท่ารําสื่อถึงการไล่จับ และการเกี้ยวพาราสี
ของตัวละครระหว่างหนุมานซึ่งเป็นวานรกับนางสุพรรณมัจฉา
ซึ่งเป็นผู้หญิงที่มีหางเป็นปลา จากมูลเหตุที่นางสุพรรณมัจฉาพา
เหล่าบริวารปลามาคาบก้อนหินเพื่อขัดขวางมิให้กองทัพของพระราม
ทําถนนข้ามมหาสมุทร เพื่อเดินทางไปชวยนางสีดาที่กรุงลงกา",2,10," 4,000 ",การแสดง ระบำ รำ ฟ้อน,งานประชุมสงฆ์,งานวันสำคัญทางศาสนา
944,ระบำโบราณคดี,ระบำเซียงแสน,"ระบําเชียงแสน เป็นระบําโบราณคดีที่สร้างสรรค์ท่ารําจากภาพจิตรกรรมฝาผนัง 
และลายปูนปั้นยุคอาณาจักรเชียงแสน ประมาณพุทธศตวรรษที่ 16 - 23 
ที่ปรากฎในโบราณสถาน ลีลาท่ารําและเสียงดนตรีภาคเหนือ
และภาคตะวันออกเฉียงเหนือ",6,8," 12,000 ",การแสดง ระบำ รำ ฟ้อน,งานต้อนรับอาคันตุกะ,งานรัฐพิธี
945,ระบำโบราณคดี,ระบำเซียงแสน,"ระบําเชียงแสน เป็นระบําโบราณคดีที่สร้างสรรค์ท่ารําจากภาพจิตรกรรมฝาผนัง 
และลายปูนปั้นยุคอาณาจักรเชียงแสน ประมาณพุทธศตวรรษที่ 16 - 23 
ที่ปรากฎในโบราณสถาน ลีลาท่ารําและเสียงดนตรีภาคเหนือ
และภาคตะวันออกเฉียงเหนือ",6,8," 12,000 ",การแสดง ระบำ รำ ฟ้อน,งานสวดอภิธรรม,งานอวมงคล
946,ระบำโบราณคดี,ระบำเซียงแสน,"ระบําเชียงแสน เป็นระบําโบราณคดีที่สร้างสรรค์ท่ารําจากภาพจิตรกรรมฝาผนัง 
และลายปูนปั้นยุคอาณาจักรเชียงแสน ประมาณพุทธศตวรรษที่ 16 - 23 
ที่ปรากฎในโบราณสถาน ลีลาท่ารําและเสียงดนตรีภาคเหนือ
และภาคตะวันออกเฉียงเหนือ",6,8," 12,000 ",การแสดง ระบำ รำ ฟ้อน,งานพระราชทานเพลิงศพ,งานอวมงคล
947,ระบำโบราณคดี,ระบำเซียงแสน,"ระบําเชียงแสน เป็นระบําโบราณคดีที่สร้างสรรค์ท่ารําจากภาพจิตรกรรมฝาผนัง 
และลายปูนปั้นยุคอาณาจักรเชียงแสน ประมาณพุทธศตวรรษที่ 16 - 23 
ที่ปรากฎในโบราณสถาน ลีลาท่ารําและเสียงดนตรีภาคเหนือ
และภาคตะวันออกเฉียงเหนือ",6,8," 12,000 ",การแสดง ระบำ รำ ฟ้อน,งานฌาปนกิจศพ,งานอวมงคล
948,ระบำโบราณคดี,ระบำเซียงแสน,"ระบําเชียงแสน เป็นระบําโบราณคดีที่สร้างสรรค์ท่ารําจากภาพจิตรกรรมฝาผนัง 
และลายปูนปั้นยุคอาณาจักรเชียงแสน ประมาณพุทธศตวรรษที่ 16 - 23 
ที่ปรากฎในโบราณสถาน ลีลาท่ารําและเสียงดนตรีภาคเหนือ
และภาคตะวันออกเฉียงเหนือ",6,8," 12,000 ",การแสดง ระบำ รำ ฟ้อน,การเผยแพร่วัฒนธรรมในประเทศ,งานเผยแพร่วัฒนธรรม
949,ระบำโบราณคดี,ระบำทวารวดี,"ระบําทวารวดี เป็นระบําโบราณคดีที่สร้างสรรค์ท่ารําจากโบราณวัตถุ
ภาพจิตรกรรมและประติมากรรม ในสมัยทวารวดีประมาณพุทธศตวรรษที่ 12 - 16
ลีลาท่ารําและเสียงดนตรี ตลอดจนเครื่องแต่งกายมีแบบอย่างจากเชื้อชาติมอญ
อันเป็นชนเผ่าดังเดิมในดินแดนทวารวดี",6,7," 12,000 ",การแสดง ระบำ รำ ฟ้อน,งานต้อนรับอาคันตุกะ,งานรัฐพิธี
950,ระบำโบราณคดี,ระบำทวารวดี,"ระบําทวารวดี เป็นระบําโบราณคดีที่สร้างสรรค์ท่ารําจากโบราณวัตถุ
ภาพจิตรกรรมและประติมากรรม ในสมัยทวารวดีประมาณพุทธศตวรรษที่ 12 - 16
ลีลาท่ารําและเสียงดนตรี ตลอดจนเครื่องแต่งกายมีแบบอย่างจากเชื้อชาติมอญ
อันเป็นชนเผ่าดังเดิมในดินแดนทวารวดี",6,7," 12,000 ",การแสดง ระบำ รำ ฟ้อน,การเผยแพร่วัฒนธรรมในประเทศ,งานเผยแพร่วัฒนธรรม
951,ระบำโบราณคดี,ระบำลพบุรี,"ระบําลพบุรี เป็นระบําโบราณคดีที่สร้างสรรค์ท่ารําเลียนแบบประติมากรรม
และภาพจําหลักสมัยลพบุรี ที่ปรากฏบนทับหลังและหน้าบันของปราสาทหินพิมาย
จังหวัดนครราชสีมา และปราสาทพนมรุ้ง จังหวัดบุรีรัมย์ อันเป็นศิลปะแบบขอม
ระหว่างพุทธศตวรรษที่ 12 - 13 ดังนั้น วัฒนธรรมจากดินแดนในยุคนี้
จึงส่งผลต่อการสร้างสรรค์ท่ารํา ดนตรี และเครื่องแต่งกาย ",5,7," 10,000 ",การแสดง ระบำ รำ ฟ้อน,งานต้อนรับอาคันตุกะ,งานรัฐพิธี
952,ระบำโบราณคดี,ระบำลพบุรี,"ระบําลพบุรี เป็นระบําโบราณคดีที่สร้างสรรค์ท่ารําเลียนแบบประติมากรรม
และภาพจําหลักสมัยลพบุรี ที่ปรากฏบนทับหลังและหน้าบันของปราสาทหินพิมาย
จังหวัดนครราชสีมา และปราสาทพนมรุ้ง จังหวัดบุรีรัมย์ อันเป็นศิลปะแบบขอม
ระหว่างพุทธศตวรรษที่ 12 - 13 ดังนั้น วัฒนธรรมจากดินแดนในยุคนี้
จึงส่งผลต่อการสร้างสรรค์ท่ารํา ดนตรี และเครื่องแต่งกาย ",5,7," 10,000 ",การแสดง ระบำ รำ ฟ้อน,งานเฉลิมพระชนมพรรษาพระบรมวงศานุวงศ์,งานราชพิธี
953,ระบำโบราณคดี,ระบำลพบุรี,"ระบําลพบุรี เป็นระบําโบราณคดีที่สร้างสรรค์ท่ารําเลียนแบบประติมากรรม
และภาพจําหลักสมัยลพบุรี ที่ปรากฏบนทับหลังและหน้าบันของปราสาทหินพิมาย
จังหวัดนครราชสีมา และปราสาทพนมรุ้ง จังหวัดบุรีรัมย์ อันเป็นศิลปะแบบขอม
ระหว่างพุทธศตวรรษที่ 12 - 13 ดังนั้น วัฒนธรรมจากดินแดนในยุคนี้
จึงส่งผลต่อการสร้างสรรค์ท่ารํา ดนตรี และเครื่องแต่งกาย ",5,7," 10,000 ",การแสดง ระบำ รำ ฟ้อน,งานสวดอภิธรรม,งานอวมงคล
954,ระบำโบราณคดี,ระบำลพบุรี,"ระบําลพบุรี เป็นระบําโบราณคดีที่สร้างสรรค์ท่ารําเลียนแบบประติมากรรม
และภาพจําหลักสมัยลพบุรี ที่ปรากฏบนทับหลังและหน้าบันของปราสาทหินพิมาย
จังหวัดนครราชสีมา และปราสาทพนมรุ้ง จังหวัดบุรีรัมย์ อันเป็นศิลปะแบบขอม
ระหว่างพุทธศตวรรษที่ 12 - 13 ดังนั้น วัฒนธรรมจากดินแดนในยุคนี้
จึงส่งผลต่อการสร้างสรรค์ท่ารํา ดนตรี และเครื่องแต่งกาย ",5,7," 10,000 ",การแสดง ระบำ รำ ฟ้อน,งานพระราชทานเพลิงศพ,งานอวมงคล
955,ระบำโบราณคดี,ระบำลพบุรี,"ระบําลพบุรี เป็นระบําโบราณคดีที่สร้างสรรค์ท่ารําเลียนแบบประติมากรรม
และภาพจําหลักสมัยลพบุรี ที่ปรากฏบนทับหลังและหน้าบันของปราสาทหินพิมาย
จังหวัดนครราชสีมา และปราสาทพนมรุ้ง จังหวัดบุรีรัมย์ อันเป็นศิลปะแบบขอม
ระหว่างพุทธศตวรรษที่ 12 - 13 ดังนั้น วัฒนธรรมจากดินแดนในยุคนี้
จึงส่งผลต่อการสร้างสรรค์ท่ารํา ดนตรี และเครื่องแต่งกาย ",5,7," 10,000 ",การแสดง ระบำ รำ ฟ้อน,งานฌาปนกิจศพ,งานอวมงคล
956,ระบำโบราณคดี,ระบำลพบุรี,"ระบําลพบุรี เป็นระบําโบราณคดีที่สร้างสรรค์ท่ารําเลียนแบบประติมากรรม
และภาพจําหลักสมัยลพบุรี ที่ปรากฏบนทับหลังและหน้าบันของปราสาทหินพิมาย
จังหวัดนครราชสีมา และปราสาทพนมรุ้ง จังหวัดบุรีรัมย์ อันเป็นศิลปะแบบขอม
ระหว่างพุทธศตวรรษที่ 12 - 13 ดังนั้น วัฒนธรรมจากดินแดนในยุคนี้
จึงส่งผลต่อการสร้างสรรค์ท่ารํา ดนตรี และเครื่องแต่งกาย ",5,7," 10,000 ",การแสดง ระบำ รำ ฟ้อน,การเผยแพร่วัฒนธรรมในประเทศ,งานเผยแพร่วัฒนธรรม
957,ระบำโบราณคดี,ระบำศรีวิชัย,"ระบําศรีวิชัย เป็นระบําโบราณคดีที่สร้างสรรค์ท่ารําจากหลักฐานศิลปกรรม
และโบราณวัตถุสมัยศรีวิชัย มีอาณาจักรตั้งอยู่บนแหลมมลายู 
บริเวณจังหวัดชุมพร ปัตตานี นครศรีธรรมราชและหมู่เกาะอินโดนีเซีย ราวพุทธศตวรรษที่ 13-18 ดังนั้น วัฒนธรรมจากดินแดนในยุคนี้ จึงส่งผลต่อการสร้างสรรค์ท่ารํา ดนตรี และเครื่องแต่งกาย ",6,5," 12,000 ",การแสดง ระบำ รำ ฟ้อน,งานต้อนรับอาคันตุกะ,งานรัฐพิธี
958,ระบำโบราณคดี,ระบำศรีวิชัย,"ระบําศรีวิชัย เป็นระบําโบราณคดีที่สร้างสรรค์ท่ารําจากหลักฐานศิลปกรรม
และโบราณวัตถุสมัยศรีวิชัย มีอาณาจักรตั้งอยู่บนแหลมมลายู 
บริเวณจังหวัดชุมพร ปัตตานี นครศรีธรรมราชและหมู่เกาะอินโดนีเซีย ราวพุทธศตวรรษที่ 13-18 ดังนั้น วัฒนธรรมจากดินแดนในยุคนี้ จึงส่งผลต่อการสร้างสรรค์ท่ารํา ดนตรี และเครื่องแต่งกาย ",6,5," 12,000 ",การแสดง ระบำ รำ ฟ้อน,งานสวดอภิธรรม,งานอวมงคล
959,ระบำโบราณคดี,ระบำศรีวิชัย,"ระบําศรีวิชัย เป็นระบําโบราณคดีที่สร้างสรรค์ท่ารําจากหลักฐานศิลปกรรม
และโบราณวัตถุสมัยศรีวิชัย มีอาณาจักรตั้งอยู่บนแหลมมลายู 
บริเวณจังหวัดชุมพร ปัตตานี นครศรีธรรมราชและหมู่เกาะอินโดนีเซีย ราวพุทธศตวรรษที่ 13-18 ดังนั้น วัฒนธรรมจากดินแดนในยุคนี้ จึงส่งผลต่อการสร้างสรรค์ท่ารํา ดนตรี และเครื่องแต่งกาย ",6,5," 12,000 ",การแสดง ระบำ รำ ฟ้อน,งานพระราชทานเพลิงศพ,งานอวมงคล
960,ระบำโบราณคดี,ระบำศรีวิชัย,"ระบําศรีวิชัย เป็นระบําโบราณคดีที่สร้างสรรค์ท่ารําจากหลักฐานศิลปกรรม
และโบราณวัตถุสมัยศรีวิชัย มีอาณาจักรตั้งอยู่บนแหลมมลายู 
บริเวณจังหวัดชุมพร ปัตตานี นครศรีธรรมราชและหมู่เกาะอินโดนีเซีย ราวพุทธศตวรรษที่ 13-18 ดังนั้น วัฒนธรรมจากดินแดนในยุคนี้ จึงส่งผลต่อการสร้างสรรค์ท่ารํา ดนตรี และเครื่องแต่งกาย ",6,5," 12,000 ",การแสดง ระบำ รำ ฟ้อน,งานฌาปนกิจศพ,งานอวมงคล
961,ระบำโบราณคดี,ระบำศรีวิชัย,"ระบําศรีวิชัย เป็นระบําโบราณคดีที่สร้างสรรค์ท่ารําจากหลักฐานศิลปกรรม
และโบราณวัตถุสมัยศรีวิชัย มีอาณาจักรตั้งอยู่บนแหลมมลายู 
บริเวณจังหวัดชุมพร ปัตตานี นครศรีธรรมราชและหมู่เกาะอินโดนีเซีย ราวพุทธศตวรรษที่ 13-18 ดังนั้น วัฒนธรรมจากดินแดนในยุคนี้ จึงส่งผลต่อการสร้างสรรค์ท่ารํา ดนตรี และเครื่องแต่งกาย ",6,5," 12,000 ",การแสดง ระบำ รำ ฟ้อน,การเผยแพร่วัฒนธรรมในประเทศ,งานเผยแพร่วัฒนธรรม
962,ระบำโบราณคดี,ระบำศรีวิชัย,"ระบําศรีวิชัย เป็นระบําโบราณคดีที่สร้างสรรค์ท่ารําจากหลักฐานศิลปกรรม
และโบราณวัตถุสมัยศรีวิชัย มีอาณาจักรตั้งอยู่บนแหลมมลายู 
บริเวณจังหวัดชุมพร ปัตตานี นครศรีธรรมราชและหมู่เกาะอินโดนีเซีย ราวพุทธศตวรรษที่ 13-18 ดังนั้น วัฒนธรรมจากดินแดนในยุคนี้ จึงส่งผลต่อการสร้างสรรค์ท่ารํา ดนตรี และเครื่องแต่งกาย ",6,5," 12,000 ",การแสดง ระบำ รำ ฟ้อน,การเผยแพร่วัฒนธรรมต่างประเทศ,งานเผยแพร่วัฒนธรรม
963,ระบำโบราณคดี,ระบำสุโขทัย,"ระบําสุโขทัย เป็นระบําโบราณคดีที่สร้างสรรค์ท่ารําจากประติมากรรม
พระพุทธรูปปูนปั้นและพระพุทธรูปหล่อสําริดปางลีลาสมัยสุโขทัย
ระหว่างพุทธศตวรรษที่ 19 - 20 ดังนั้น ท่ารําและดนตรี
ตลอดจนเครื่องแต่งกายจึงมีรูปแบบจากสมัยสุโขทัย",7,10," 12,500 ",การแสดง ระบำ รำ ฟ้อน,งานต้อนรับอาคันตุกะ,งานรัฐพิธี
964,ระบำโบราณคดี,ระบำสุโขทัย,"ระบําสุโขทัย เป็นระบําโบราณคดีที่สร้างสรรค์ท่ารําจากประติมากรรม
พระพุทธรูปปูนปั้นและพระพุทธรูปหล่อสําริดปางลีลาสมัยสุโขทัย
ระหว่างพุทธศตวรรษที่ 19 - 20 ดังนั้น ท่ารําและดนตรี
ตลอดจนเครื่องแต่งกายจึงมีรูปแบบจากสมัยสุโขทัย",7,10," 12,500 ",การแสดง ระบำ รำ ฟ้อน,งานเฉลิมพระชนมพรรษาพระบรมวงศานุวงศ์,งานราชพิธี
965,ระบำโบราณคดี,ระบำสุโขทัย,"ระบําสุโขทัย เป็นระบําโบราณคดีที่สร้างสรรค์ท่ารําจากประติมากรรม
พระพุทธรูปปูนปั้นและพระพุทธรูปหล่อสําริดปางลีลาสมัยสุโขทัย
ระหว่างพุทธศตวรรษที่ 19 - 20 ดังนั้น ท่ารําและดนตรี
ตลอดจนเครื่องแต่งกายจึงมีรูปแบบจากสมัยสุโขทัย",7,10," 12,500 ",การแสดง ระบำ รำ ฟ้อน,งานทำบุญ,งานมงคล
966,ระบำโบราณคดี,ระบำสุโขทัย,"ระบําสุโขทัย เป็นระบําโบราณคดีที่สร้างสรรค์ท่ารําจากประติมากรรม
พระพุทธรูปปูนปั้นและพระพุทธรูปหล่อสําริดปางลีลาสมัยสุโขทัย
ระหว่างพุทธศตวรรษที่ 19 - 20 ดังนั้น ท่ารําและดนตรี
ตลอดจนเครื่องแต่งกายจึงมีรูปแบบจากสมัยสุโขทัย",7,10," 12,500 ",การแสดง ระบำ รำ ฟ้อน,งานวันเกิด,งานมงคล
967,ระบำโบราณคดี,ระบำสุโขทัย,"ระบําสุโขทัย เป็นระบําโบราณคดีที่สร้างสรรค์ท่ารําจากประติมากรรม
พระพุทธรูปปูนปั้นและพระพุทธรูปหล่อสําริดปางลีลาสมัยสุโขทัย
ระหว่างพุทธศตวรรษที่ 19 - 20 ดังนั้น ท่ารําและดนตรี
ตลอดจนเครื่องแต่งกายจึงมีรูปแบบจากสมัยสุโขทัย",7,10," 12,500 ",การแสดง ระบำ รำ ฟ้อน,งานแต่งงาน,งานมงคล
968,ระบำโบราณคดี,ระบำสุโขทัย,"ระบําสุโขทัย เป็นระบําโบราณคดีที่สร้างสรรค์ท่ารําจากประติมากรรม
พระพุทธรูปปูนปั้นและพระพุทธรูปหล่อสําริดปางลีลาสมัยสุโขทัย
ระหว่างพุทธศตวรรษที่ 19 - 20 ดังนั้น ท่ารําและดนตรี
ตลอดจนเครื่องแต่งกายจึงมีรูปแบบจากสมัยสุโขทัย",7,10," 12,500 ",การแสดง ระบำ รำ ฟ้อน,งานเปิดบริษัท,งานมงคล
969,ระบำโบราณคดี,ระบำสุโขทัย,"ระบําสุโขทัย เป็นระบําโบราณคดีที่สร้างสรรค์ท่ารําจากประติมากรรม
พระพุทธรูปปูนปั้นและพระพุทธรูปหล่อสําริดปางลีลาสมัยสุโขทัย
ระหว่างพุทธศตวรรษที่ 19 - 20 ดังนั้น ท่ารําและดนตรี
ตลอดจนเครื่องแต่งกายจึงมีรูปแบบจากสมัยสุโขทัย",7,10," 12,500 ",การแสดง ระบำ รำ ฟ้อน,วันสงกรานต์,งานเทศกาล
970,ระบำโบราณคดี,ระบำสุโขทัย,"ระบําสุโขทัย เป็นระบําโบราณคดีที่สร้างสรรค์ท่ารําจากประติมากรรม
พระพุทธรูปปูนปั้นและพระพุทธรูปหล่อสําริดปางลีลาสมัยสุโขทัย
ระหว่างพุทธศตวรรษที่ 19 - 20 ดังนั้น ท่ารําและดนตรี
ตลอดจนเครื่องแต่งกายจึงมีรูปแบบจากสมัยสุโขทัย",7,10," 12,500 ",การแสดง ระบำ รำ ฟ้อน,วันขึ้นปีใหม่,งานเทศกาล
971,ระบำโบราณคดี,ระบำสุโขทัย,"ระบําสุโขทัย เป็นระบําโบราณคดีที่สร้างสรรค์ท่ารําจากประติมากรรม
พระพุทธรูปปูนปั้นและพระพุทธรูปหล่อสําริดปางลีลาสมัยสุโขทัย
ระหว่างพุทธศตวรรษที่ 19 - 20 ดังนั้น ท่ารําและดนตรี
ตลอดจนเครื่องแต่งกายจึงมีรูปแบบจากสมัยสุโขทัย",7,10," 12,500 ",การแสดง ระบำ รำ ฟ้อน,วันตรุษจีน,งานเทศกาล
972,ระบำโบราณคดี,ระบำสุโขทัย,"ระบําสุโขทัย เป็นระบําโบราณคดีที่สร้างสรรค์ท่ารําจากประติมากรรม
พระพุทธรูปปูนปั้นและพระพุทธรูปหล่อสําริดปางลีลาสมัยสุโขทัย
ระหว่างพุทธศตวรรษที่ 19 - 20 ดังนั้น ท่ารําและดนตรี
ตลอดจนเครื่องแต่งกายจึงมีรูปแบบจากสมัยสุโขทัย",7,10," 12,500 ",การแสดง ระบำ รำ ฟ้อน,วันลอยกระทง,งานเทศกาล
973,ระบำโบราณคดี,ระบำสุโขทัย,"ระบําสุโขทัย เป็นระบําโบราณคดีที่สร้างสรรค์ท่ารําจากประติมากรรม
พระพุทธรูปปูนปั้นและพระพุทธรูปหล่อสําริดปางลีลาสมัยสุโขทัย
ระหว่างพุทธศตวรรษที่ 19 - 20 ดังนั้น ท่ารําและดนตรี
ตลอดจนเครื่องแต่งกายจึงมีรูปแบบจากสมัยสุโขทัย",7,10," 12,500 ",การแสดง ระบำ รำ ฟ้อน,การเผยแพร่วัฒนธรรมในประเทศ,งานเผยแพร่วัฒนธรรม
974,ระบำโบราณคดี,ระบำสุโขทัย,"ระบําสุโขทัย เป็นระบําโบราณคดีที่สร้างสรรค์ท่ารําจากประติมากรรม
พระพุทธรูปปูนปั้นและพระพุทธรูปหล่อสําริดปางลีลาสมัยสุโขทัย
ระหว่างพุทธศตวรรษที่ 19 - 20 ดังนั้น ท่ารําและดนตรี
ตลอดจนเครื่องแต่งกายจึงมีรูปแบบจากสมัยสุโขทัย",7,10," 12,500 ",การแสดง ระบำ รำ ฟ้อน,การเผยแพร่วัฒนธรรมต่างประเทศ,งานเผยแพร่วัฒนธรรม
975,ระบำโบราณคดี,ระบำสุโขทัย,"ระบําสุโขทัย เป็นระบําโบราณคดีที่สร้างสรรค์ท่ารําจากประติมากรรม
พระพุทธรูปปูนปั้นและพระพุทธรูปหล่อสําริดปางลีลาสมัยสุโขทัย
ระหว่างพุทธศตวรรษที่ 19 - 20 ดังนั้น ท่ารําและดนตรี
ตลอดจนเครื่องแต่งกายจึงมีรูปแบบจากสมัยสุโขทัย",7,10," 12,500 ",การแสดง ระบำ รำ ฟ้อน,วันวิสาขบูชา,งานวันสำคัญทางศาสนา
976,ระบำโบราณคดี,ระบำสุโขทัย,"ระบําสุโขทัย เป็นระบําโบราณคดีที่สร้างสรรค์ท่ารําจากประติมากรรม
พระพุทธรูปปูนปั้นและพระพุทธรูปหล่อสําริดปางลีลาสมัยสุโขทัย
ระหว่างพุทธศตวรรษที่ 19 - 20 ดังนั้น ท่ารําและดนตรี
ตลอดจนเครื่องแต่งกายจึงมีรูปแบบจากสมัยสุโขทัย",7,10," 12,500 ",การแสดง ระบำ รำ ฟ้อน,วันเข้าพรรษา,งานวันสำคัญทางศาสนา
977,ระบำโบราณคดี,ระบำสุโขทัย,"ระบําสุโขทัย เป็นระบําโบราณคดีที่สร้างสรรค์ท่ารําจากประติมากรรม
พระพุทธรูปปูนปั้นและพระพุทธรูปหล่อสําริดปางลีลาสมัยสุโขทัย
ระหว่างพุทธศตวรรษที่ 19 - 20 ดังนั้น ท่ารําและดนตรี
ตลอดจนเครื่องแต่งกายจึงมีรูปแบบจากสมัยสุโขทัย",7,10," 12,500 ",การแสดง ระบำ รำ ฟ้อน,วันออกพรรษา,งานวันสำคัญทางศาสนา
978,ระบำโบราณคดี,ระบำสุโขทัย,"ระบําสุโขทัย เป็นระบําโบราณคดีที่สร้างสรรค์ท่ารําจากประติมากรรม
พระพุทธรูปปูนปั้นและพระพุทธรูปหล่อสําริดปางลีลาสมัยสุโขทัย
ระหว่างพุทธศตวรรษที่ 19 - 20 ดังนั้น ท่ารําและดนตรี
ตลอดจนเครื่องแต่งกายจึงมีรูปแบบจากสมัยสุโขทัย",7,10," 12,500 ",การแสดง ระบำ รำ ฟ้อน,งานสวดมนต์ข้ามปี,งานวันสำคัญทางศาสนา
979,ระบำโบราณคดี,ระบำสุโขทัย,"ระบําสุโขทัย เป็นระบําโบราณคดีที่สร้างสรรค์ท่ารําจากประติมากรรม
พระพุทธรูปปูนปั้นและพระพุทธรูปหล่อสําริดปางลีลาสมัยสุโขทัย
ระหว่างพุทธศตวรรษที่ 19 - 20 ดังนั้น ท่ารําและดนตรี
ตลอดจนเครื่องแต่งกายจึงมีรูปแบบจากสมัยสุโขทัย",7,10," 12,500 ",การแสดง ระบำ รำ ฟ้อน,งานเทศมหาชาติ,งานวันสำคัญทางศาสนา
980,ระบำโบราณคดี,ระบำสุโขทัย,"ระบําสุโขทัย เป็นระบําโบราณคดีที่สร้างสรรค์ท่ารําจากประติมากรรม
พระพุทธรูปปูนปั้นและพระพุทธรูปหล่อสําริดปางลีลาสมัยสุโขทัย
ระหว่างพุทธศตวรรษที่ 19 - 20 ดังนั้น ท่ารําและดนตรี
ตลอดจนเครื่องแต่งกายจึงมีรูปแบบจากสมัยสุโขทัย",7,10," 12,500 ",การแสดง ระบำ รำ ฟ้อน,งานประชุมสงฆ์,งานวันสำคัญทางศาสนา
981,ระบำโบราณคดี,ระบำสุโขทัย,"ระบําสุโขทัย เป็นระบําโบราณคดีที่สร้างสรรค์ท่ารําจากประติมากรรม
พระพุทธรูปปูนปั้นและพระพุทธรูปหล่อสําริดปางลีลาสมัยสุโขทัย
ระหว่างพุทธศตวรรษที่ 19 - 20 ดังนั้น ท่ารําและดนตรี
ตลอดจนเครื่องแต่งกายจึงมีรูปแบบจากสมัยสุโขทัย",7,10," 12,500 ",การแสดง ระบำ รำ ฟ้อน,งานต้อนรับอาคันตุกะ,งานรัฐพิธี
982,ระบำโบราณคดี,ระบำสุโขทัย,"ระบําสุโขทัย เป็นระบําโบราณคดีที่สร้างสรรค์ท่ารําจากประติมากรรม
พระพุทธรูปปูนปั้นและพระพุทธรูปหล่อสําริดปางลีลาสมัยสุโขทัย
ระหว่างพุทธศตวรรษที่ 19 - 20 ดังนั้น ท่ารําและดนตรี
ตลอดจนเครื่องแต่งกายจึงมีรูปแบบจากสมัยสุโขทัย",7,10," 12,500 ",การแสดง ระบำ รำ ฟ้อน,งานสโมสรสันนิบาต,งานรัฐพิธี
983,ระบำโบราณคดี,ระบำสุโขทัย,"ระบําสุโขทัย เป็นระบําโบราณคดีที่สร้างสรรค์ท่ารําจากประติมากรรม
พระพุทธรูปปูนปั้นและพระพุทธรูปหล่อสําริดปางลีลาสมัยสุโขทัย
ระหว่างพุทธศตวรรษที่ 19 - 20 ดังนั้น ท่ารําและดนตรี
ตลอดจนเครื่องแต่งกายจึงมีรูปแบบจากสมัยสุโขทัย",7,10," 12,500 ",การแสดง ระบำ รำ ฟ้อน,งานเฉลิมพระชนมพรรษาพระบรมวงศานุวงศ์,งานราชพิธี
984,ระบำโบราณคดี,ระบำสุโขทัย,"ระบําสุโขทัย เป็นระบําโบราณคดีที่สร้างสรรค์ท่ารําจากประติมากรรม
พระพุทธรูปปูนปั้นและพระพุทธรูปหล่อสําริดปางลีลาสมัยสุโขทัย
ระหว่างพุทธศตวรรษที่ 19 - 20 ดังนั้น ท่ารําและดนตรี
ตลอดจนเครื่องแต่งกายจึงมีรูปแบบจากสมัยสุโขทัย",7,10," 12,500 ",การแสดง ระบำ รำ ฟ้อน,งานทำบุญ,งานมงคล
985,ระบำโบราณคดี,ระบำสุโขทัย,"ระบําสุโขทัย เป็นระบําโบราณคดีที่สร้างสรรค์ท่ารําจากประติมากรรม
พระพุทธรูปปูนปั้นและพระพุทธรูปหล่อสําริดปางลีลาสมัยสุโขทัย
ระหว่างพุทธศตวรรษที่ 19 - 20 ดังนั้น ท่ารําและดนตรี
ตลอดจนเครื่องแต่งกายจึงมีรูปแบบจากสมัยสุโขทัย",7,10," 12,500 ",การแสดง ระบำ รำ ฟ้อน,งานวันเกิด,งานมงคล
986,ระบำโบราณคดี,ระบำสุโขทัย,"ระบําสุโขทัย เป็นระบําโบราณคดีที่สร้างสรรค์ท่ารําจากประติมากรรม
พระพุทธรูปปูนปั้นและพระพุทธรูปหล่อสําริดปางลีลาสมัยสุโขทัย
ระหว่างพุทธศตวรรษที่ 19 - 20 ดังนั้น ท่ารําและดนตรี
ตลอดจนเครื่องแต่งกายจึงมีรูปแบบจากสมัยสุโขทัย",7,10," 12,500 ",การแสดง ระบำ รำ ฟ้อน,งานแต่งงาน,งานมงคล
987,ระบำโบราณคดี,ระบำสุโขทัย,"ระบําสุโขทัย เป็นระบําโบราณคดีที่สร้างสรรค์ท่ารําจากประติมากรรม
พระพุทธรูปปูนปั้นและพระพุทธรูปหล่อสําริดปางลีลาสมัยสุโขทัย
ระหว่างพุทธศตวรรษที่ 19 - 20 ดังนั้น ท่ารําและดนตรี
ตลอดจนเครื่องแต่งกายจึงมีรูปแบบจากสมัยสุโขทัย",7,10," 12,500 ",การแสดง ระบำ รำ ฟ้อน,งานขึ้นบ้านใหม่,งานมงคล
988,ระบำโบราณคดี,ระบำสุโขทัย,"ระบําสุโขทัย เป็นระบําโบราณคดีที่สร้างสรรค์ท่ารําจากประติมากรรม
พระพุทธรูปปูนปั้นและพระพุทธรูปหล่อสําริดปางลีลาสมัยสุโขทัย
ระหว่างพุทธศตวรรษที่ 19 - 20 ดังนั้น ท่ารําและดนตรี
ตลอดจนเครื่องแต่งกายจึงมีรูปแบบจากสมัยสุโขทัย",7,10," 12,500 ",การแสดง ระบำ รำ ฟ้อน,งานเปิดบริษัท,งานมงคล
989,ระบำโบราณคดี,ระบำสุโขทัย,"ระบําสุโขทัย เป็นระบําโบราณคดีที่สร้างสรรค์ท่ารําจากประติมากรรม
พระพุทธรูปปูนปั้นและพระพุทธรูปหล่อสําริดปางลีลาสมัยสุโขทัย
ระหว่างพุทธศตวรรษที่ 19 - 20 ดังนั้น ท่ารําและดนตรี
ตลอดจนเครื่องแต่งกายจึงมีรูปแบบจากสมัยสุโขทัย",7,10," 12,500 ",การแสดง ระบำ รำ ฟ้อน,งานบวงสรวง,งานมงคล
990,ระบำโบราณคดี,ระบำสุโขทัย,"ระบําสุโขทัย เป็นระบําโบราณคดีที่สร้างสรรค์ท่ารําจากประติมากรรม
พระพุทธรูปปูนปั้นและพระพุทธรูปหล่อสําริดปางลีลาสมัยสุโขทัย
ระหว่างพุทธศตวรรษที่ 19 - 20 ดังนั้น ท่ารําและดนตรี
ตลอดจนเครื่องแต่งกายจึงมีรูปแบบจากสมัยสุโขทัย",7,10," 12,500 ",การแสดง ระบำ รำ ฟ้อน,งานไหว้ครู,งานมงคล
991,ระบำโบราณคดี,ระบำสุโขทัย,"ระบําสุโขทัย เป็นระบําโบราณคดีที่สร้างสรรค์ท่ารําจากประติมากรรม
พระพุทธรูปปูนปั้นและพระพุทธรูปหล่อสําริดปางลีลาสมัยสุโขทัย
ระหว่างพุทธศตวรรษที่ 19 - 20 ดังนั้น ท่ารําและดนตรี
ตลอดจนเครื่องแต่งกายจึงมีรูปแบบจากสมัยสุโขทัย",7,10," 12,500 ",การแสดง ระบำ รำ ฟ้อน,วันสงกรานต์,งานเทศกาล
992,ระบำโบราณคดี,ระบำสุโขทัย,"ระบําสุโขทัย เป็นระบําโบราณคดีที่สร้างสรรค์ท่ารําจากประติมากรรม
พระพุทธรูปปูนปั้นและพระพุทธรูปหล่อสําริดปางลีลาสมัยสุโขทัย
ระหว่างพุทธศตวรรษที่ 19 - 20 ดังนั้น ท่ารําและดนตรี
ตลอดจนเครื่องแต่งกายจึงมีรูปแบบจากสมัยสุโขทัย",7,10," 12,500 ",การแสดง ระบำ รำ ฟ้อน,วันขึ้นปีใหม่,งานเทศกาล
993,ระบำโบราณคดี,ระบำสุโขทัย,"ระบําสุโขทัย เป็นระบําโบราณคดีที่สร้างสรรค์ท่ารําจากประติมากรรม
พระพุทธรูปปูนปั้นและพระพุทธรูปหล่อสําริดปางลีลาสมัยสุโขทัย
ระหว่างพุทธศตวรรษที่ 19 - 20 ดังนั้น ท่ารําและดนตรี
ตลอดจนเครื่องแต่งกายจึงมีรูปแบบจากสมัยสุโขทัย",7,10," 12,500 ",การแสดง ระบำ รำ ฟ้อน,วันตรุษจีน,งานเทศกาล
994,ระบำโบราณคดี,ระบำสุโขทัย,"ระบําสุโขทัย เป็นระบําโบราณคดีที่สร้างสรรค์ท่ารําจากประติมากรรม
พระพุทธรูปปูนปั้นและพระพุทธรูปหล่อสําริดปางลีลาสมัยสุโขทัย
ระหว่างพุทธศตวรรษที่ 19 - 20 ดังนั้น ท่ารําและดนตรี
ตลอดจนเครื่องแต่งกายจึงมีรูปแบบจากสมัยสุโขทัย",7,10," 12,500 ",การแสดง ระบำ รำ ฟ้อน,วันลอยกระทง,งานเทศกาล
995,ระบำโบราณคดี,ระบำสุโขทัย,"ระบําสุโขทัย เป็นระบําโบราณคดีที่สร้างสรรค์ท่ารําจากประติมากรรม
พระพุทธรูปปูนปั้นและพระพุทธรูปหล่อสําริดปางลีลาสมัยสุโขทัย
ระหว่างพุทธศตวรรษที่ 19 - 20 ดังนั้น ท่ารําและดนตรี
ตลอดจนเครื่องแต่งกายจึงมีรูปแบบจากสมัยสุโขทัย",7,10," 12,500 ",การแสดง ระบำ รำ ฟ้อน,การเผยแพร่วัฒนธรรมในประเทศ,งานเผยแพร่วัฒนธรรม
996,ระบำโบราณคดี,ระบำสุโขทัย,"ระบําสุโขทัย เป็นระบําโบราณคดีที่สร้างสรรค์ท่ารําจากประติมากรรม
พระพุทธรูปปูนปั้นและพระพุทธรูปหล่อสําริดปางลีลาสมัยสุโขทัย
ระหว่างพุทธศตวรรษที่ 19 - 20 ดังนั้น ท่ารําและดนตรี
ตลอดจนเครื่องแต่งกายจึงมีรูปแบบจากสมัยสุโขทัย",7,10," 12,500 ",การแสดง ระบำ รำ ฟ้อน,วันวิสาขบูชา,งานวันสำคัญทางศาสนา
997,ระบำโบราณคดี,ระบำสุโขทัย,"ระบําสุโขทัย เป็นระบําโบราณคดีที่สร้างสรรค์ท่ารําจากประติมากรรม
พระพุทธรูปปูนปั้นและพระพุทธรูปหล่อสําริดปางลีลาสมัยสุโขทัย
ระหว่างพุทธศตวรรษที่ 19 - 20 ดังนั้น ท่ารําและดนตรี
ตลอดจนเครื่องแต่งกายจึงมีรูปแบบจากสมัยสุโขทัย",7,10," 12,500 ",การแสดง ระบำ รำ ฟ้อน,วันเข้าพรรษา,งานวันสำคัญทางศาสนา
998,ระบำโบราณคดี,ระบำสุโขทัย,"ระบําสุโขทัย เป็นระบําโบราณคดีที่สร้างสรรค์ท่ารําจากประติมากรรม
พระพุทธรูปปูนปั้นและพระพุทธรูปหล่อสําริดปางลีลาสมัยสุโขทัย
ระหว่างพุทธศตวรรษที่ 19 - 20 ดังนั้น ท่ารําและดนตรี
ตลอดจนเครื่องแต่งกายจึงมีรูปแบบจากสมัยสุโขทัย",7,10," 12,500 ",การแสดง ระบำ รำ ฟ้อน,วันออกพรรษา,งานวันสำคัญทางศาสนา
999,ระบำโบราณคดี,ระบำสุโขทัย,"ระบําสุโขทัย เป็นระบําโบราณคดีที่สร้างสรรค์ท่ารําจากประติมากรรม
พระพุทธรูปปูนปั้นและพระพุทธรูปหล่อสําริดปางลีลาสมัยสุโขทัย
ระหว่างพุทธศตวรรษที่ 19 - 20 ดังนั้น ท่ารําและดนตรี
ตลอดจนเครื่องแต่งกายจึงมีรูปแบบจากสมัยสุโขทัย",7,10," 12,500 ",การแสดง ระบำ รำ ฟ้อน,งานสวดมนต์ข้ามปี,งานวันสำคัญทางศาสนา
1000,ระบำโบราณคดี,ระบำสุโขทัย,"ระบําสุโขทัย เป็นระบําโบราณคดีที่สร้างสรรค์ท่ารําจากประติมากรรม
พระพุทธรูปปูนปั้นและพระพุทธรูปหล่อสําริดปางลีลาสมัยสุโขทัย
ระหว่างพุทธศตวรรษที่ 19 - 20 ดังนั้น ท่ารําและดนตรี
ตลอดจนเครื่องแต่งกายจึงมีรูปแบบจากสมัยสุโขทัย",7,10," 12,500 ",การแสดง ระบำ รำ ฟ้อน,งานเทศมหาชาติ,งานวันสำคัญทางศาสนา
1001,ระบำโบราณคดี,ระบำสุโขทัย,"ระบําสุโขทัย เป็นระบําโบราณคดีที่สร้างสรรค์ท่ารําจากประติมากรรม
พระพุทธรูปปูนปั้นและพระพุทธรูปหล่อสําริดปางลีลาสมัยสุโขทัย
ระหว่างพุทธศตวรรษที่ 19 - 20 ดังนั้น ท่ารําและดนตรี
ตลอดจนเครื่องแต่งกายจึงมีรูปแบบจากสมัยสุโขทัย",7,10," 12,500 ",การแสดง ระบำ รำ ฟ้อน,งานประชุมสงฆ์,งานวันสำคัญทางศาสนา
1002,รำฉุยฉาย,ฉุยฉายทศกัณฐ์ลงสวน,"ฉุยฉายทศกัณฐ์ลงสวน เป็นการแสดงชุดหนึ่งในการแสดงโขน
เรื่องรามเกียรติ์  กล่าวถึงทศกัณฐ์ เจ้ากรุงลงกา แสดงลีลาท่ารํา
ด้วยความภาคภูมิใจในความสง่างามของตน โดยมือขวาถือพัด
และคล้องพวงมาลัย เพื่อไปเกี้ยวนางสีดา ",1,13," 3,500 ",การแสดง ระบำ รำ ฟ้อน,งานสวดอภิธรรม,งานอวมงคล
1003,รำฉุยฉาย,ฉุยฉายทศกัณฐ์ลงสวน,"ฉุยฉายทศกัณฐ์ลงสวน เป็นการแสดงชุดหนึ่งในการแสดงโขน
เรื่องรามเกียรติ์  กล่าวถึงทศกัณฐ์ เจ้ากรุงลงกา แสดงลีลาท่ารํา
ด้วยความภาคภูมิใจในความสง่างามของตน โดยมือขวาถือพัด
และคล้องพวงมาลัย เพื่อไปเกี้ยวนางสีดา ",1,13," 3,500 ",การแสดง ระบำ รำ ฟ้อน,การเผยแพร่วัฒนธรรมในประเทศ,งานเผยแพร่วัฒนธรรม
1004,รำฉุยฉาย,ฉุยฉายเบญกาย,"ฉุยฉายเบญกาย เป็นการแสดงชุดหนึ่งในการแสดงโขนเรื่องรามเกียรติ์
กล่าวถึงนางเบญกาย แสดงลีลาท่ารําด้วยความภาคภูมิใจในความงามของตน
ที่สามารถแปลงกายได้งดงามเหมือนนางสีดา เพื่อทําอุบายตามคําสั่ง
ของทศกัณฐ์ ในการยุติสงครามกับพระราม",1,13," 3,500 ",การแสดง ระบำ รำ ฟ้อน,งานสวดอภิธรรม,งานอวมงคล
1005,รำฉุยฉาย,ฉุยฉายเบญกาย,"ฉุยฉายเบญกาย เป็นการแสดงชุดหนึ่งในการแสดงโขนเรื่องรามเกียรติ์
กล่าวถึงนางเบญกาย แสดงลีลาท่ารําด้วยความภาคภูมิใจในความงามของตน
ที่สามารถแปลงกายได้งดงามเหมือนนางสีดา เพื่อทําอุบายตามคําสั่ง
ของทศกัณฐ์ ในการยุติสงครามกับพระราม",1,13," 3,500 ",การแสดง ระบำ รำ ฟ้อน,งานพระราชทานเพลิงศพ,งานอวมงคล
1006,รำฉุยฉาย,ฉุยฉายเบญกาย,"ฉุยฉายเบญกาย เป็นการแสดงชุดหนึ่งในการแสดงโขนเรื่องรามเกียรติ์
กล่าวถึงนางเบญกาย แสดงลีลาท่ารําด้วยความภาคภูมิใจในความงามของตน
ที่สามารถแปลงกายได้งดงามเหมือนนางสีดา เพื่อทําอุบายตามคําสั่ง
ของทศกัณฐ์ ในการยุติสงครามกับพระราม",1,13," 3,500 ",การแสดง ระบำ รำ ฟ้อน,งานฌาปนกิจศพ,งานอวมงคล
1007,รำฉุยฉาย,ฉุยฉายเบญกาย,"ฉุยฉายเบญกาย เป็นการแสดงชุดหนึ่งในการแสดงโขนเรื่องรามเกียรติ์
กล่าวถึงนางเบญกาย แสดงลีลาท่ารําด้วยความภาคภูมิใจในความงามของตน
ที่สามารถแปลงกายได้งดงามเหมือนนางสีดา เพื่อทําอุบายตามคําสั่ง
ของทศกัณฐ์ ในการยุติสงครามกับพระราม",1,13," 3,500 ",การแสดง ระบำ รำ ฟ้อน,การเผยแพร่วัฒนธรรมในประเทศ,งานเผยแพร่วัฒนธรรม
1008,รำฉุยฉาย,ฉุยฉายพราหมณ์,"ฉุยฉายพราหมณ์ เป็นการแสดงชุดหนึ่งปรากฏในการแสดงเบิกโรง
ชุด พระคเณศเสียงา กล่าวถึง พระนารายณ์แปลงกายเป็นพราหมณ์น้อย ร่ายรําอย่างงดงามเพื่อขอพรต่อพระอุมามเหสีของพระอิศวร ผู้เป็นเทพเจ้าองค์หนึ่งตามความเชอของชาวฮินดู",1,13," 3,500 ",การแสดง ระบำ รำ ฟ้อน,งานสวดอภิธรรม,งานอวมงคล
1009,รำฉุยฉาย,ฉุยฉายพราหมณ์,"ฉุยฉายพราหมณ์ เป็นการแสดงชุดหนึ่งปรากฏในการแสดงเบิกโรง
ชุด พระคเณศเสียงา กล่าวถึง พระนารายณ์แปลงกายเป็นพราหมณ์น้อย ร่ายรําอย่างงดงามเพื่อขอพรต่อพระอุมามเหสีของพระอิศวร ผู้เป็นเทพเจ้าองค์หนึ่งตามความเชอของชาวฮินดู",1,13," 3,500 ",การแสดง ระบำ รำ ฟ้อน,งานพระราชทานเพลิงศพ,งานอวมงคล
1010,รำฉุยฉาย,ฉุยฉายพราหมณ์,"ฉุยฉายพราหมณ์ เป็นการแสดงชุดหนึ่งปรากฏในการแสดงเบิกโรง
ชุด พระคเณศเสียงา กล่าวถึง พระนารายณ์แปลงกายเป็นพราหมณ์น้อย ร่ายรําอย่างงดงามเพื่อขอพรต่อพระอุมามเหสีของพระอิศวร ผู้เป็นเทพเจ้าองค์หนึ่งตามความเชอของชาวฮินดู",1,13," 3,500 ",การแสดง ระบำ รำ ฟ้อน,งานฌาปนกิจศพ,งานอวมงคล
1011,รำฉุยฉาย,ฉุยฉายพราหมณ์,"ฉุยฉายพราหมณ์ เป็นการแสดงชุดหนึ่งปรากฏในการแสดงเบิกโรง
ชุด พระคเณศเสียงา กล่าวถึง พระนารายณ์แปลงกายเป็นพราหมณ์น้อย ร่ายรําอย่างงดงามเพื่อขอพรต่อพระอุมามเหสีของพระอิศวร ผู้เป็นเทพเจ้าองค์หนึ่งตามความเชอของชาวฮินดู",1,13," 3,500 ",การแสดง ระบำ รำ ฟ้อน,การเผยแพร่วัฒนธรรมในประเทศ,งานเผยแพร่วัฒนธรรม
1012,รำฉุยฉาย,ฉุยฉายยอพระกลิ่น,"ฉุยฉายยอพระกลิ่น เป็นการแสดงชุดหนึ่งในการแสดงละครนอก
เรื่องมณีพิชัย กล่าวถึง นางยอพระกลิ่นนางเอกของเรื่อง
แสดงลีลาท่ารําด้วยความภาคภูมิใจในความงามของตน
ก่อนออกเดินทางไปพบพระมณีพิชัยผู้เป็นพระสวามี ",1,13," 3,500 ",การแสดง ระบำ รำ ฟ้อน,งานสวดอภิธรรม,งานอวมงคล
1013,รำฉุยฉาย,ฉุยฉายยอพระกลิ่น,"ฉุยฉายยอพระกลิ่น เป็นการแสดงชุดหนึ่งในการแสดงละครนอก
เรื่องมณีพิชัย กล่าวถึง นางยอพระกลิ่นนางเอกของเรื่อง
แสดงลีลาท่ารําด้วยความภาคภูมิใจในความงามของตน
ก่อนออกเดินทางไปพบพระมณีพิชัยผู้เป็นพระสวามี ",1,13," 3,500 ",การแสดง ระบำ รำ ฟ้อน,การเผยแพร่วัฒนธรรมในประเทศ,งานเผยแพร่วัฒนธรรม
1014,รำฉุยฉาย,ฉุยฉายวันทอง,"ฉุยฉายวันทอง เป็นการแสดงชุดหนึ่งอยู่ในการแสดงละคร
เรื่องขุนชางขุนแผน กล่าวถึง นางวันทอง มารดาของพระไวย 
ซึ่งเสียชวิตไปแล้ว แต่ยังคงมีความห่วงใยบุตร จึงแปลงกาย 
เป็นสาวงามแสดงลีลาท่ารําด้วยความภาคภูมิใจในความงามของตน
เพื่อไปแจ้งกลอุบายศึกแก่พระไวยผู้เป็นบุตรชาย",1,13," 3,500 ",การแสดง ระบำ รำ ฟ้อน,งานสวดอภิธรรม,งานอวมงคล
1015,รำฉุยฉาย,ฉุยฉายวันทอง,"ฉุยฉายวันทอง เป็นการแสดงชุดหนึ่งอยู่ในการแสดงละคร
เรื่องขุนชางขุนแผน กล่าวถึง นางวันทอง มารดาของพระไวย 
ซึ่งเสียชวิตไปแล้ว แต่ยังคงมีความห่วงใยบุตร จึงแปลงกาย 
เป็นสาวงามแสดงลีลาท่ารําด้วยความภาคภูมิใจในความงามของตน
เพื่อไปแจ้งกลอุบายศึกแก่พระไวยผู้เป็นบุตรชาย",1,13," 3,500 ",การแสดง ระบำ รำ ฟ้อน,การเผยแพร่วัฒนธรรมในประเทศ,งานเผยแพร่วัฒนธรรม
1016,รำฉุยฉาย,ฉุยฉายศูรปนขา,"ฉุยฉายศูรปนขา เป็นการแสดงชุดหนึ่งอยู่ในการแสดงโขน
เรื่องรามเกียรติ์  กล่าวถึง นางศูรปนขายักษิณีผู้เป็นน้องสาวทศกัณฐ์
แปลงกายเป็นสาวงามแสดงลีลาท่ารําด้วยความภาคภูมิใจในความงามของตน
เพื่อไปเกี้ยวพาราสีพระราม",1,13," 3,500 ",การแสดง ระบำ รำ ฟ้อน,งานสวดอภิธรรม,งานอวมงคล
1017,รำฉุยฉาย,ฉุยฉายศูรปนขา,"ฉุยฉายศูรปนขา เป็นการแสดงชุดหนึ่งอยู่ในการแสดงโขน
เรื่องรามเกียรติ์  กล่าวถึง นางศูรปนขายักษิณีผู้เป็นน้องสาวทศกัณฐ์
แปลงกายเป็นสาวงามแสดงลีลาท่ารําด้วยความภาคภูมิใจในความงามของตน
เพื่อไปเกี้ยวพาราสีพระราม",1,13," 3,500 ",การแสดง ระบำ รำ ฟ้อน,การเผยแพร่วัฒนธรรมในประเทศ,งานเผยแพร่วัฒนธรรม
1018,รำฉุยฉาย,ฉุยฉายหนุมานทรงเครื่อง,"ฉุยฉายหนุมานทรงเครื่อง เป็นการแสดงชุดหนึ่งอยู่ในการแสดงโขน
เรื่องรามเกียรติ์ กล่าวถึงหนุมาน วานรกายสีขาวทหารเอกของพระราม
ทําอุบายไปเป็นฝ่ายทศกัณฐ์ แสดงการแต่งองค์ทรงเครื่องแบบยักษ์ ด้วยลีลาการร่ายรําผสมผสานกิริยาของวานร ก่อนออกเดินทาง ไปร่วมทําสงครามครังสุดท้ายระหว่างพระรามกับทศกัณฐ์ ",1,13," 3,500 ",การแสดง ระบำ รำ ฟ้อน,งานสวดอภิธรรม,งานอวมงคล
1019,รำฉุยฉาย,ฉุยฉายหนุมานทรงเครื่อง,"ฉุยฉายหนุมานทรงเครื่อง เป็นการแสดงชุดหนึ่งอยู่ในการแสดงโขน
เรื่องรามเกียรติ์ กล่าวถึงหนุมาน วานรกายสีขาวทหารเอกของพระราม
ทําอุบายไปเป็นฝ่ายทศกัณฐ์ แสดงการแต่งองค์ทรงเครื่องแบบยักษ์ ด้วยลีลาการร่ายรําผสมผสานกิริยาของวานร ก่อนออกเดินทาง ไปร่วมทําสงครามครังสุดท้ายระหว่างพระรามกับทศกัณฐ์ ",1,13," 3,500 ",การแสดง ระบำ รำ ฟ้อน,งานพระราชทานเพลิงศพ,งานอวมงคล
1020,รำฉุยฉาย,ฉุยฉายหนุมานทรงเครื่อง,"ฉุยฉายหนุมานทรงเครื่อง เป็นการแสดงชุดหนึ่งอยู่ในการแสดงโขน
เรื่องรามเกียรติ์ กล่าวถึงหนุมาน วานรกายสีขาวทหารเอกของพระราม
ทําอุบายไปเป็นฝ่ายทศกัณฐ์ แสดงการแต่งองค์ทรงเครื่องแบบยักษ์ ด้วยลีลาการร่ายรําผสมผสานกิริยาของวานร ก่อนออกเดินทาง ไปร่วมทําสงครามครังสุดท้ายระหว่างพระรามกับทศกัณฐ์ ",1,13," 3,500 ",การแสดง ระบำ รำ ฟ้อน,งานฌาปนกิจศพ,งานอวมงคล
1021,รำฉุยฉาย,ฉุยฉายหนุมานทรงเครื่อง,"ฉุยฉายหนุมานทรงเครื่อง เป็นการแสดงชุดหนึ่งอยู่ในการแสดงโขน
เรื่องรามเกียรติ์ กล่าวถึงหนุมาน วานรกายสีขาวทหารเอกของพระราม
ทําอุบายไปเป็นฝ่ายทศกัณฐ์ แสดงการแต่งองค์ทรงเครื่องแบบยักษ์ ด้วยลีลาการร่ายรําผสมผสานกิริยาของวานร ก่อนออกเดินทาง ไปร่วมทําสงครามครังสุดท้ายระหว่างพระรามกับทศกัณฐ์ ",1,13," 3,500 ",การแสดง ระบำ รำ ฟ้อน,การเผยแพร่วัฒนธรรมในประเทศ,งานเผยแพร่วัฒนธรรม
1022,รำฉุยฉาย,ชุมนุมฉุยฉาย,"ชุมนุมฉุยฉาย เป็นการแสดงชุดหนึ่งที่พัฒนารูปแบบ
การร้องรําฉุยฉาย โดยรวบรวมตัวละครประเภทต่าง ๆ การรําสื่อถึงความภาคภูมิใจ ในความงามของตัวละคร ผู้แสดงแต่งกายยืนเครื่องตามลักษณะตัวละคร พระ-นาง พราหมณ์ ยักษ์ และลิง",5,13," 10,000 ",การแสดง ระบำ รำ ฟ้อน,การเผยแพร่วัฒนธรรมในประเทศ,งานเผยแพร่วัฒนธรรม
