word,definition,lvl1,lvl2,lvl3,entity_type,context_tag
คู่ต่อสู้,ผู้ที่เข้าสู้รบหรือแข่งขันกันในบทละครหรือการแสดง,วรรณคดีและสิ่งมีชีวิตเชิงตำนาน,นามานุกรมและประเภทตัวละคร,ตัวละครหลักและบทบาทในบทละคร,character,performing_arts
เจ้าหญิง,พระราชธิดาหรือสตรีในราชวงศ์ชั้นสูงในเนื้อเรื่อง,วรรณคดีและสิ่งมีชีวิตเชิงตำนาน,สถานภาพและลำดับชั้นทางสังคมในวรรณกรรม,ฐานันดรศักดิ์และระบบเครือญาติ,concept,general
เชษฐา,พี่ชาย หรือคำเรียกพี่ชายในระบบเครือญาติ,วรรณคดีและสิ่งมีชีวิตเชิงตำนาน,สถานภาพและลำดับชั้นทางสังคมในวรรณกรรม,ฐานันดรศักดิ์และระบบเครือญาติ,concept,general
อินทราภิเษก,พระราชพิธีราชาภิเษกที่เชื่อว่าพระอินทร์มาประทานมงกุฎให้,พิธีกรรม ความเชื่อ และจารีตวัฒนธรรม,จารีตประเพณีและพิธีกรรม,พิธีการสำคัญและจารีตทางสังคม,ritual,ritual_belief
จับนาง,กระบวนท่ารำในการแสดงโขนละครที่ตัวเอกไล่จับตัวนาง,ศิลปะการแสดงและดนตรี,นาฏยศิลป์และการแสดง,กระบวนท่ารำและจารีตการแสดง,music,performing_arts
ขุนช้าง,ตัวละครเอกที่มีลักษณะหัวล้านในวรรณคดีเรื่องขุนช้างขุนแผน,วรรณคดีและสิ่งมีชีวิตเชิงตำนาน,นามานุกรมและประเภทตัวละคร,ตัวละครหลักและบทบาทในบทละคร,character,performing_arts
ติดมือ,ทักษะหรือความคล่องแคล่วในการบรรเลงเครื่องดนตรี,ศิลปะการแสดงและดนตรี,บุคลากรและทักษะทางศิลปะ,กลวิธีและสมรรถนะการแสดง,music,performing_arts
ศรนาคบาศ,อาวุธวิเศษที่เป็นบ่วงนาคในวรรณคดีรามเกียรติ์,วัฒนธรรมวัตถุ ศิลปกรรม และงานช่าง,พัสตราภรณ์และเครื่องแต่งกาย,ระเบียบการแต่งกายและอาวุธจำลอง,artifact,material_culture
ตารีบุหงา,ระบำพัดซึ่งเป็นการแสดงพื้นเมืองภาคใต้,ศิลปะการแสดงและดนตรี,นาฏยศิลป์และการแสดง,รูปแบบการแสดงและนาฏศิลป์ท้องถิ่น,music,performing_arts
ปรศุราม,อวตารปางหนึ่งของพระนารายณ์ผู้ใช้ขวานเป็นอาวุธ,วรรณคดีและสิ่งมีชีวิตเชิงตำนาน,นามานุกรมและประเภทตัวละคร,เทวปกรณ์ อสูร และอมนุษย์,character,performing_arts
เครื่องแบบ,เครื่องแต่งกายที่กำหนดไว้เป็นระเบียบตามสังกัดหรือบทบาท,วัฒนธรรมวัตถุ ศิลปกรรม และงานช่าง,พัสตราภรณ์และเครื่องแต่งกาย,ระเบียบการแต่งกายและอาวุธจำลอง,artifact,material_culture
เพลงกลม,ชื่อเพลงหน้าพาทย์ชนิดหนึ่งใช้ประกอบกิริยาไปมาของเทวดา,ศิลปะการแสดงและดนตรี,ดุริยางคศิลป์และคีตศิลป์,ระเบียบวิธีทางดนตรีและประเภทบทเพลง,music,performing_arts
สีทอง,สีที่เลียนแบบความสุกปลั่งของทองคำ ใช้ในงานประณีตศิลป์,วัฒนธรรมวัตถุ ศิลปกรรม และงานช่าง,วัสดุและอัญมณี,วัสดุธรรมชาติและรัตนชาติ,artifact,material_culture
ปราชัย,ความพ่ายแพ้ในการรบหรือการแข่งขัน,บริบทเชิงประวัติศาสตร์ ภูมิศาสตร์ และพื้นที่,ยุคสมัยและเหตุการณ์สำคัญ,ลำดับเวลาและประวัติศาสตร์การสงคราม,concept,historical_spatial
นครพนม,ชื่อจังหวัดในภาคตะวันออกเฉียงเหนือของประเทศไทย,บริบทเชิงประวัติศาสตร์ ภูมิศาสตร์ และพื้นที่,ภูมิศาสตร์และอาณาบริเวณ,เขตปกครองและภูมิภาค,place,historical_spatial
จีนรำพัด,เพลงหน้าพาทย์หรือเพลงที่ใช้ประกอบการแสดงนาฏศิลป์ที่มีท่วงทำนองสำเนียงจีน,ศิลปะการแสดงและดนตรี,ดุริยางคศิลป์และคีตศิลป์,ระเบียบวิธีทางดนตรีและประเภทบทเพลง,music,performing_arts
สวามี,คำเรียกสามี หรือผู้เป็นเจ้าของ มักใช้ในบริบทของชนชั้นสูงหรือวรรณกรรม,วรรณคดีและสิ่งมีชีวิตเชิงตำนาน,สถานภาพและลำดับชั้นทางสังคมในวรรณกรรม,ฐานันดรศักดิ์และระบบเครือญาติ,concept,general
ไทยจิตรลดา,ชุดไทยพระราชนิยมสำหรับสตรี ใช้ในงานพิธีกลางวัน,วัฒนธรรมวัตถุ ศิลปกรรม และงานช่าง,พัสตราภรณ์และเครื่องแต่งกาย,ระเบียบการแต่งกายและอาวุธจำลอง,artifact,material_culture
เถิดเทิง,การแสดงรื่นเริงชนิดหนึ่งที่มีกลองยาวเป็นเครื่องดนตรีหลัก,ศิลปะการแสดงและดนตรี,นาฏยศิลป์และการแสดง,รูปแบบการแสดงและนาฏศิลป์ท้องถิ่น,music,performing_arts
ระดับชาติ,ขอบเขตหรือสถานะที่ครอบคลุมทั้งประเทศ,บริบทเชิงประวัติศาสตร์ ภูมิศาสตร์ และพื้นที่,ภูมิศาสตร์และอาณาบริเวณ,เขตปกครองและภูมิภาค,place,historical_spatial
อนุชา,น้องชาย มักใช้ในราชาศัพท์หรือวรรณคดี,วรรณคดีและสิ่งมีชีวิตเชิงตำนาน,สถานภาพและลำดับชั้นทางสังคมในวรรณกรรม,ฐานันดรศักดิ์และระบบเครือญาติ,concept,general
ตัวต่อตัว,การเผชิญหน้าหรือการต่อสู้กันระหว่างบุคคลสองคน,ศิลปะการแสดงและดนตรี,บุคลากรและทักษะทางศิลปะ,กลวิธีและสมรรถนะการแสดง,music,performing_arts
อิเหนา,ตัวละครเอกในวรรณคดีเรื่องอิเหนา เป็นกษัตริย์วงศ์เทวา,วรรณคดีและสิ่งมีชีวิตเชิงตำนาน,นามานุกรมและประเภทตัวละคร,ตัวละครหลักและบทบาทในบทละคร,character,performing_arts
แต่งกายยืนเครื่องพระ,การแต่งกายตามแบบแผนมาตรฐานของตัวละครชาย (พระ) ในการแสดงโขนละคร,วัฒนธรรมวัตถุ ศิลปกรรม และงานช่าง,พัสตราภรณ์และเครื่องแต่งกาย,ระเบียบการแต่งกายและอาวุธจำลอง,artifact,material_culture
พลับพลา,ที่ประทับชั่วคราวสำหรับพระมหากษัตริย์,บริบทเชิงประวัติศาสตร์ ภูมิศาสตร์ และพื้นที่,พื้นที่ทางวัฒนธรรมและสถาบัน,สถานที่จัดแสดงและเขตพระราชฐาน,place,historical_spatial
ผีภู,วิญญาณหรือสิ่งศักดิ์สิทธิ์ที่ปกปักรักษาภูเขา,พิธีกรรม ความเชื่อ และจารีตวัฒนธรรม,คติความเชื่อและไสยศาสตร์,การขจัดปัดเป่าและอำนาจเหนือธรรมชาติ,mythical_being,ritual_belief
สุครีพ,ตัวละครวานรในเรื่องรามเกียรติ์ เป็นพญาวานรครองเมืองขีดขิน,วรรณคดีและสิ่งมีชีวิตเชิงตำนาน,นามานุกรมและประเภทตัวละคร,เทวปกรณ์ อสูร และอมนุษย์,character,performing_arts
วาจา,ถ้อยคำหรือคำพูด การสื่อสารผ่านเสียง,กลุ่มชาติพันธุ์ ชุมชน และวิถีชีวิต,วิถีชีวิตและพฤติกรรมทางสังคม,จารีตการปฏิบัติและพรรณไม้ในวิถีชีวิต,community,community_life
ขับลำ,การขับร้องหรือการเล่าเรื่องด้วยทำนองท้องถิ่น,ศิลปะการแสดงและดนตรี,ดุริยางคศิลป์และคีตศิลป์,ระเบียบวิธีทางดนตรีและประเภทบทเพลง,music,performing_arts
ไหว้ครู,พิธีกรรมแสดงความกตัญญูและเคารพต่อครูอาจารย์,พิธีกรรม ความเชื่อ และจารีตวัฒนธรรม,จารีตประเพณีและพิธีกรรม,พิธีการสำคัญและจารีตทางสังคม,ritual,ritual_belief
แต่งตัว,การประดับตกแต่งร่างกายด้วยเสื้อผ้าและเครื่องประดับตามระเบียบหรือโอกาส,วัฒนธรรมวัตถุ ศิลปกรรม และงานช่าง,พัสตราภรณ์และเครื่องแต่งกาย,ระเบียบการแต่งกายและอาวุธจำลอง,artifact,material_culture
หญิงสาว,สตรีวัยแรกรุ่นที่มีบทบาทสำคัญในโครงสร้างสังคมหรือตัวละครในเรื่องราว,กลุ่มชาติพันธุ์ ชุมชน และวิถีชีวิต,โครงสร้างสังคมและบุคคลสำคัญ,ฐานันดรศักดิ์และบทบาททางสังคม,community,community_life
ศิลปะป้องกันตัว,ทักษะและกลวิธีในการต่อสู้เพื่อป้องกันอันตราย,ศิลปะการแสดงและดนตรี,บุคลากรและทักษะทางศิลปะ,กลวิธีและสมรรถนะการแสดง,music,performing_arts
นักษัตร,ชื่อรอบปีตามคติความเชื่อที่กำหนดโดยใช้สัตว์เป็นสัญลักษณ์,พิธีกรรม ความเชื่อ และจารีตวัฒนธรรม,ระบบความเชื่อและศาสนา,คติทางศาสนาและสิ่งศักดิ์สิทธิ์,deity,ritual_belief
ชุมนุม,การรวมตัวกันของกลุ่มคนหรือการรวบรวมบทเพลง/บทสวดในจารีต,ศิลปะการแสดงและดนตรี,ดุริยางคศิลป์และคีตศิลป์,ระเบียบวิธีทางดนตรีและประเภทบทเพลง,music,performing_arts
วิรุณจำบัง,ชื่อยักษ์ซึ่งเป็นตัวละครสำคัญในวรรณคดีเรื่องรามเกียรติ์,วรรณคดีและสิ่งมีชีวิตเชิงตำนาน,นามานุกรมและประเภทตัวละคร,เทวปกรณ์ อสูร และอมนุษย์,character,performing_arts
สี่ภาค,การแบ่งเขตการปกครองหรือภูมิภาคทางภูมิศาสตร์ของประเทศไทย,บริบทเชิงประวัติศาสตร์ ภูมิศาสตร์ และพื้นที่,ภูมิศาสตร์และอาณาบริเวณ,เขตปกครองและภูมิภาค,place,historical_spatial
พระพุทธรูป,รูปจำลองของพระพุทธเจ้าที่สร้างขึ้นเพื่อเป็นที่เคารพสักการะ,วัฒนธรรมวัตถุ ศิลปกรรม และงานช่าง,สถาปัตยกรรมและพุทธศิลป์,ศาสนสถานและปูชนียวัตถุ,artifact,material_culture
สุรินทร์,ชื่อจังหวัดในประเทศไทยซึ่งเป็นพื้นที่ที่มีประวัติศาสตร์และวัฒนธรรมเฉพาะตัว,บริบทเชิงประวัติศาสตร์ ภูมิศาสตร์ และพื้นที่,ภูมิศาสตร์และอาณาบริเวณ,เขตปกครองและภูมิภาค,place,historical_spatial
ภูเขา,พื้นที่ทางภูมิศาสตร์ที่มีความสูงโดดเด่น มักเกี่ยวข้องกับคติความเชื่อ,บริบทเชิงประวัติศาสตร์ ภูมิศาสตร์ และพื้นที่,ภูมิศาสตร์และอาณาบริเวณ,พื้นที่ในคติความเชื่อและประวัติศาสตร์,place,historical_spatial
เข้าเฝ้า,การไปพบหรือปรากฏตัวต่อหน้าบุคคลชั้นสูงตามจารีตประเพณี,พิธีกรรม ความเชื่อ และจารีตวัฒนธรรม,จารีตประเพณีและพิธีกรรม,พิธีการสำคัญและจารีตทางสังคม,ritual,ritual_belief
วาดภาพ,กระบวนการสร้างสรรค์งานทัศนศิลป์ด้วยการเขียนหรือระบายสี,วัฒนธรรมวัตถุ ศิลปกรรม และงานช่าง,ประณีตศิลป์และทัศนศิลป์,งานช่างศิลปกรรมและเทคนิควิธี,artifact,material_culture
เพลงรำซิมารำ,บทเพลงประกอบการแสดงนาฏศิลป์พื้นบ้านที่มีท่วงทำนองเฉพาะ,ศิลปะการแสดงและดนตรี,ดุริยางคศิลป์และคีตศิลป์,ระเบียบวิธีทางดนตรีและประเภทบทเพลง,music,performing_arts
ฝั่งน้ำ,พื้นที่ริมตลิ่งซึ่งเป็นจุดศูนย์กลางของวิถีชีวิตและชุมชนริมน้ำ,กลุ่มชาติพันธุ์ ชุมชน และวิถีชีวิต,วิถีชีวิตและพฤติกรรมทางสังคม,จารีตการปฏิบัติและพรรณไม้ในวิถีชีวิต,community,community_life
มือเปล่า,การแสดงหรือการต่อสู้โดยไม่ใช้อาวุธหรืออุปกรณ์เสริม,ศิลปะการแสดงและดนตรี,บุคลากรและทักษะทางศิลปะ,กลวิธีและสมรรถนะการแสดง,music,performing_arts
โบราณวัตถุ,สังหาริมทรัพย์ที่เป็นของโบราณ มีรูปร่างลักษณะที่เป็นประโยชน์ในทางศิลปะ ประวัติศาสตร์ หรือโบราณคดี,วัฒนธรรมวัตถุ ศิลปกรรม และงานช่าง,สถาปัตยกรรมและพุทธศิลป์,ศาสนสถานและปูชนียวัตถุ,artifact,historical_spatial
นางเอก,ตัวละครสตรีที่มีบทบาทสำคัญที่สุดในเรื่องหรือการแสดง,วรรณคดีและสิ่งมีชีวิตเชิงตำนาน,นามานุกรมและประเภทตัวละคร,ตัวละครหลักและบทบาทในบทละคร,character,performing_arts
มโนราห์,ศิลปะการแสดงพื้นเมืองของภาคใต้ หรือตัวละครกินรีในวรรณคดีเรื่องพระสุธน-มโนราห์,ศิลปะการแสดงและดนตรี,นาฏยศิลป์และการแสดง,รูปแบบการแสดงและนาฏศิลป์ท้องถิ่น,music,performing_arts
แกล้งทำ,การแสดงกิริยาอาการที่ไม่จริงเพื่อให้ผู้อื่นเข้าใจผิด ในบริบทการแสดงคือการตีบทบาท,ศิลปะการแสดงและดนตรี,บุคลากรและทักษะทางศิลปะ,กลวิธีและสมรรถนะการแสดง,music,performing_arts
องค์ปะตาระกาหลา,เทพเจ้าสูงสุดหรือเทวดาผู้เป็นต้นวงศ์ของกษัตริย์ในวรรณคดีเรื่องอิเหนา,วรรณคดีและสิ่งมีชีวิตเชิงตำนาน,นามานุกรมและประเภทตัวละคร,เทวปกรณ์ อสูร และอมนุษย์,character,performing_arts
สมัยศรีวิชัย,ช่วงเวลาทางประวัติศาสตร์ของอาณาจักรโบราณในเอเชียตะวันออกเฉียงใต้,บริบทเชิงประวัติศาสตร์ ภูมิศาสตร์ และพื้นที่,ยุคสมัยและเหตุการณ์สำคัญ,ลำดับเวลาและประวัติศาสตร์การสงคราม,concept,historical_spatial
สัตว์น้ำ,สัตว์ที่อาศัยและดำรงชีวิตอยู่ในน้ำ เป็นส่วนหนึ่งของทรัพยากรและโภชนาการ,กลุ่มชาติพันธุ์ ชุมชน และวิถีชีวิต,วิถีชีวิตและระบบเศรษฐกิจ,การประกอบอาชีพและโภชนาการ,community,community_life
ศิลปหัตถกรรม,งานช่างที่ทำด้วยมือโดยอาศัยทักษะทางศิลปะและประณีตศิลป์,วัฒนธรรมวัตถุ ศิลปกรรม และงานช่าง,ประณีตศิลป์และทัศนศิลป์,งานช่างศิลปกรรมและเทคนิควิธี,artifact,material_culture
สายสืบ,ผู้ที่ทำหน้าที่สืบข่าวคราวหรือหาข้อมูลลับในทางราชการหรือการสงคราม,กลุ่มชาติพันธุ์ ชุมชน และวิถีชีวิต,โครงสร้างสังคมและบุคคลสำคัญ,ฐานันดรศักดิ์และบทบาททางสังคม,community,community_life
ดนตรีพื้นบ้าน,ดนตรีที่เกิดจากภูมิปัญญาของคนในท้องถิ่น บรรเลงตามจารีตของชุมชน,ศิลปะการแสดงและดนตรี,ดุริยางคศิลป์และคีตศิลป์,เครื่องดนตรีและวงดนตรี,music,performing_arts
เพลงงามแสงเดือน,หนึ่งในเพลงรำวงมาตรฐานที่มีท่วงทำนองและเนื้อร้องเฉพาะ,ศิลปะการแสดงและดนตรี,ดุริยางคศิลป์และคีตศิลป์,ระเบียบวิธีทางดนตรีและประเภทบทเพลง,music,performing_arts
ขับไล่,การทำพิธีเพื่อไล่สิ่งอัปมงคลหรืออำนาจชั่วร้ายออกไป,พิธีกรรม ความเชื่อ และจารีตวัฒนธรรม,คติความเชื่อและไสยศาสตร์,การขจัดปัดเป่าและอำนาจเหนือธรรมชาติ,mythical_being,ritual_belief
ของที่ระลึก,วัตถุที่มอบให้หรือซื้อไว้เพื่อเป็นเครื่องเตือนความจำถึงบุคคลหรือสถานที่,กลุ่มชาติพันธุ์ ชุมชน และวิถีชีวิต,วิถีชีวิตและพฤติกรรมทางสังคม,จารีตการปฏิบัติและพรรณไม้ในวิถีชีวิต,community,community_life
พระราชพิธี,พิธีที่พระมหากษัตริย์ทรงพระกรุณาโปรดเกล้าฯ ให้จัดขึ้นตามราชประเพณี,พิธีกรรม ความเชื่อ และจารีตวัฒนธรรม,จารีตประเพณีและพิธีกรรม,พิธีการสำคัญและจารีตทางสังคม,ritual,ritual_belief
ชาวเขา,กลุ่มชาติพันธุ์ที่อาศัยอยู่บนพื้นที่สูงหรือภูเขา มีวัฒนธรรมเฉพาะตัว,กลุ่มชาติพันธุ์ ชุมชน และวิถีชีวิต,อัตลักษณ์ทางสังคมและกลุ่มคน,กลุ่มชาติพันธุ์และชุมชนท้องถิ่น,community,community_life
ชาวพื้นเมือง,กลุ่มคนดั้งเดิมที่อาศัยอยู่ในพื้นที่นั้นๆ มาเป็นเวลานาน,กลุ่มชาติพันธุ์ ชุมชน และวิถีชีวิต,อัตลักษณ์ทางสังคมและกลุ่มคน,กลุ่มชาติพันธุ์และชุมชนท้องถิ่น,place,community_life
จิตรกรรม,ผลงานศิลปะที่สร้างขึ้นด้วยการวาด ระบายสี หรือการขีดเขียน,วัฒนธรรมวัตถุ ศิลปกรรม และงานช่าง,ประณีตศิลป์และทัศนศิลป์,งานช่างศิลปกรรมและเทคนิควิธี,artifact,material_culture
นครราชสีมา,ชื่อจังหวัดหนึ่งในภาคตะวันออกเฉียงเหนือของประเทศไทย,บริบทเชิงประวัติศาสตร์ ภูมิศาสตร์ และพื้นที่,ภูมิศาสตร์และอาณาบริเวณ,เขตปกครองและภูมิภาค,place,historical_spatial
แหลมมลายู,คาบสมุทรขนาดใหญ่ในเอเชียตะวันออกเฉียงใต้,บริบทเชิงประวัติศาสตร์ ภูมิศาสตร์ และพื้นที่,ภูมิศาสตร์และอาณาบริเวณ,เขตปกครองและภูมิภาค,place,historical_spatial
พระพี่เลี้ยง,ผู้ทำหน้าที่ดูแลปรนนิบัติเจ้านายหรือตัวละครสำคัญในวรรณคดี,วรรณคดีและสิ่งมีชีวิตเชิงตำนาน,นามานุกรมและประเภทตัวละคร,ตัวละครหลักและบทบาทในบทละคร,character,performing_arts
ดวงแก้ว,อัญมณีที่มีลักษณะกลมใสหรือของวิเศษที่มีอำนาจ,วัฒนธรรมวัตถุ ศิลปกรรม และงานช่าง,วัสดุและอัญมณี,วัสดุธรรมชาติและรัตนชาติ,artifact,material_culture
กราววีรชัยลิง,เพลงหน้าพาทย์ที่ใช้ประกอบการยกทัพของตัวละครประเภทลิง,ศิลปะการแสดงและดนตรี,ดุริยางคศิลป์และคีตศิลป์,ระเบียบวิธีทางดนตรีและประเภทบทเพลง,music,performing_arts
สะล้อ,เครื่องดนตรีประเภทเครื่องสายที่ใช้คันสีของภาคเหนือ,ศิลปะการแสดงและดนตรี,ดุริยางคศิลป์และคีตศิลป์,เครื่องดนตรีและวงดนตรี,music,performing_arts
สกลนคร,ชื่อจังหวัดหนึ่งในภาคตะวันออกเฉียงเหนือของประเทศไทย,บริบทเชิงประวัติศาสตร์ ภูมิศาสตร์ และพื้นที่,ภูมิศาสตร์และอาณาบริเวณ,เขตปกครองและภูมิภาค,place,historical_spatial
กลองสะบัดชัย,กลองพื้นเมืองล้านนาในอดีตใช้ตีในการสงครามเพื่อความเป็นสิริมงคล,ศิลปะการแสดงและดนตรี,ดุริยางคศิลป์และคีตศิลป์,เครื่องดนตรีและวงดนตรี,music,performing_arts
มุสลิม,ผู้นับถือศาสนาอิสลาม,พิธีกรรม ความเชื่อ และจารีตวัฒนธรรม,ระบบความเชื่อและศาสนา,คติทางศาสนาและสิ่งศักดิ์สิทธิ์,deity,ritual_belief
ชั้นเดียว,อัตราจังหวะดนตรีไทยที่มีความเร็วที่สุด,ศิลปะการแสดงและดนตรี,ดุริยางคศิลป์และคีตศิลป์,ระเบียบวิธีทางดนตรีและประเภทบทเพลง,music,performing_arts
พระศิวะ,หนึ่งในตรีมูรติ เทพเจ้าผู้ทำลายล้างในศาสนาพราหมณ์-ฮินดู,วรรณคดีและสิ่งมีชีวิตเชิงตำนาน,นามานุกรมและประเภทตัวละคร,เทวปกรณ์ อสูร และอมนุษย์,character,performing_arts
กรุงลงกา,เมืองหลวงของทศกัณฐ์ในวรรณคดีเรื่องรามเกียรติ์,บริบทเชิงประวัติศาสตร์ ภูมิศาสตร์ และพื้นที่,ภูมิศาสตร์และอาณาบริเวณ,พื้นที่ในคติความเชื่อและประวัติศาสตร์,concept,historical_spatial
ต่อสู้,กระบวนท่ารำที่แสดงการรบหรือการปะทะกันในการแสดง,ศิลปะการแสดงและดนตรี,นาฏยศิลป์และการแสดง,กระบวนท่ารำและจารีตการแสดง,music,performing_arts
พระเจ้าบรมวงศ์เธอกรมพระนราธิปประพันธ์พงศ์,พระราชโอรสในรัชกาลที่ 4 ผู้ทรงเป็นต้นราชกุลวรวรรณ และมีบทบาทสำคัญด้านวรรณกรรมและการละคร,กลุ่มชาติพันธุ์ ชุมชน และวิถีชีวิต,โครงสร้างสังคมและบุคคลสำคัญ,ฐานันดรศักดิ์และบทบาททางสังคม,community,community_life
สมัยลพบุรี,ช่วงเวลาทางประวัติศาสตร์ศิลปะในประเทศไทยที่ได้รับอิทธิพลจากศิลปะขอม,บริบทเชิงประวัติศาสตร์ ภูมิศาสตร์ และพื้นที่,ยุคสมัยและเหตุการณ์สำคัญ,ลำดับเวลาและประวัติศาสตร์การสงคราม,concept,historical_spatial
แผ่อิทธิพล,การขยายอำนาจหรือความเชื่อให้ครอบคลุมพื้นที่หรือกลุ่มคน,บริบทเชิงประวัติศาสตร์ ภูมิศาสตร์ และพื้นที่,ยุคสมัยและเหตุการณ์สำคัญ,ลำดับเวลาและประวัติศาสตร์การสงคราม,concept,historical_spatial
การศึก,การทำสงครามหรือการสู้รบ,บริบทเชิงประวัติศาสตร์ ภูมิศาสตร์ และพื้นที่,ยุคสมัยและเหตุการณ์สำคัญ,ลำดับเวลาและประวัติศาสตร์การสงคราม,concept,historical_spatial
ต้นรัง,ชื่อไม้ยืนต้นชนิดหนึ่ง มักปรากฏในวิถีชีวิตและวรรณคดีไทย,กลุ่มชาติพันธุ์ ชุมชน และวิถีชีวิต,วิถีชีวิตและพฤติกรรมทางสังคม,จารีตการปฏิบัติและพรรณไม้ในวิถีชีวิต,community,community_life
สำเภา,เรือเดินทะเลขนาดใหญ่แบบจีนที่ใช้ในการค้าขายสมัยโบราณ,กลุ่มชาติพันธุ์ ชุมชน และวิถีชีวิต,วิถีชีวิตและระบบเศรษฐกิจ,การประกอบอาชีพและโภชนาการ,community,community_life
กลองยาว,เครื่องดนตรีประเภทตี มีรูปทรงยาว ใช้ในขบวนแห่และการละเล่นพื้นบ้าน,ศิลปะการแสดงและดนตรี,ดุริยางคศิลป์และคีตศิลป์,เครื่องดนตรีและวงดนตรี,music,performing_arts
นายขวัญ,ชื่อตัวละครชายในวรรณกรรมหรือบทละครไทย,วรรณคดีและสิ่งมีชีวิตเชิงตำนาน,นามานุกรมและประเภทตัวละคร,ตัวละครหลักและบทบาทในบทละคร,character,performing_arts
ไส้กะลา,ส่วนประกอบหรือเทคนิคในงานช่างประณีตศิลป์ที่ใช้กะลามะพร้าว,วัฒนธรรมวัตถุ ศิลปกรรม และงานช่าง,ประณีตศิลป์และทัศนศิลป์,งานช่างศิลปกรรมและเทคนิควิธี,artifact,material_culture
ได้ยิน,การรับรู้เสียงผ่านโสตประสาท เป็นพฤติกรรมพื้นฐานของมนุษย์,กลุ่มชาติพันธุ์ ชุมชน และวิถีชีวิต,วิถีชีวิตและพฤติกรรมทางสังคม,จารีตการปฏิบัติและพรรณไม้ในวิถีชีวิต,community,community_life
มารดา,หญิงผู้ให้กำเนิด หรือคำเรียกแสดงลำดับเครือญาติ,วรรณคดีและสิ่งมีชีวิตเชิงตำนาน,สถานภาพและลำดับชั้นทางสังคมในวรรณกรรม,ฐานันดรศักดิ์และระบบเครือญาติ,concept,general
มรกต,รัตนชาติสีเขียว จัดเป็นหนึ่งในนพรัตน์,วัฒนธรรมวัตถุ ศิลปกรรม และงานช่าง,วัสดุและอัญมณี,วัสดุธรรมชาติและรัตนชาติ,artifact,material_culture
พระบาทสมเด็จพระจอมเกล้าเจ้าอยู่หัว,พระมหากษัตริย์ไทยรัชกาลที่ 4 แห่งราชวงศ์จักรี,กลุ่มชาติพันธุ์ ชุมชน และวิถีชีวิต,โครงสร้างสังคมและบุคคลสำคัญ,ฐานันดรศักดิ์และบทบาททางสังคม,community,community_life
สิ่งศักดิ์สิทธิ์,สิ่งที่เคารพบูชาซึ่งเชื่อว่ามีอำนาจเหนือธรรมชาติ,พิธีกรรม ความเชื่อ และจารีตวัฒนธรรม,ระบบความเชื่อและศาสนา,คติทางศาสนาและสิ่งศักดิ์สิทธิ์,deity,ritual_belief
กสิกรรม,การเพาะปลูกพืชเพื่อเป็นอาหารหรือการค้า,กลุ่มชาติพันธุ์ ชุมชน และวิถีชีวิต,วิถีชีวิตและระบบเศรษฐกิจ,การประกอบอาชีพและโภชนาการ,community,community_life
ละครชาตรี,รูปแบบการแสดงละครรำที่เก่าแก่ที่สุดชนิดหนึ่งของไทย นิยมเล่นเรื่องพระสุธน-มโนราห์,ศิลปะการแสดงและดนตรี,นาฏยศิลป์และการแสดง,รูปแบบการแสดงและนาฏศิลป์ท้องถิ่น,music,performing_arts
พระอุโบสถ,อาคารที่พระสงฆ์ใช้ประชุมทำสังฆกรรม เช่น การอุปสมบท,วัฒนธรรมวัตถุ ศิลปกรรม และงานช่าง,สถาปัตยกรรมและพุทธศิลป์,ศาสนสถานและปูชนียวัตถุ,artifact,material_culture
มีแบบแผน,การปฏิบัติที่มีระเบียบ กฎเกณฑ์ หรือจารีตที่สืบทอดต่อกันมา,พิธีกรรม ความเชื่อ และจารีตวัฒนธรรม,จารีตประเพณีและพิธีกรรม,พิธีการสำคัญและจารีตทางสังคม,ritual,ritual_belief
หล่อสำริด,เทคนิคการหลอมโลหะผสมระหว่างทองแดงและดีบุกเพื่อสร้างรูปเคารพหรือวัตถุศิลปะ,วัฒนธรรมวัตถุ ศิลปกรรม และงานช่าง,ประณีตศิลป์และทัศนศิลป์,งานช่างศิลปกรรมและเทคนิควิธี,artifact,material_culture
เจ้าที่เจ้าทาง,วิญญาณหรือเทพารักษ์ที่ปกปักรักษาพื้นที่หรือสถานที่นั้นๆ,พิธีกรรม ความเชื่อ และจารีตวัฒนธรรม,คติความเชื่อและไสยศาสตร์,การขจัดปัดเป่าและอำนาจเหนือธรรมชาติ,mythical_being,ritual_belief
ราชสำนัก,สถานที่ประทับของพระมหากษัตริย์และเป็นศูนย์กลางการบริหารปกครอง,บริบทเชิงประวัติศาสตร์ ภูมิศาสตร์ และพื้นที่,พื้นที่ทางวัฒนธรรมและสถาบัน,สถานที่จัดแสดงและเขตพระราชฐาน,place,historical_spatial
นนทก,ยักษ์ผู้ทำหน้าที่ล้างเท้าเทวดาที่เชิงเขาไกรลาศ เป็นต้นกำเนิดของทศกัณฐ์,วรรณคดีและสิ่งมีชีวิตเชิงตำนาน,นามานุกรมและประเภทตัวละคร,เทวปกรณ์ อสูร และอมนุษย์,character,performing_arts
มังกรกัณฐ์,ตัวละครยักษ์ในเรื่องรามเกียรติ์ เป็นบุตรของพญาขร,วรรณคดีและสิ่งมีชีวิตเชิงตำนาน,นามานุกรมและประเภทตัวละคร,ตัวละครหลักและบทบาทในบทละคร,character,performing_arts
เพลงสำเนียงลาว,บทเพลงไทยเดิมที่แต่งขึ้นโดยใช้ทำนองหรือสำเนียงดนตรีแบบพื้นเมืองลาว,ศิลปะการแสดงและดนตรี,ดุริยางคศิลป์และคีตศิลป์,ระเบียบวิธีทางดนตรีและประเภทบทเพลง,music,performing_arts
ฮินดู,ศาสนาและระบบความเชื่อที่มีอิทธิพลต่อวัฒนธรรมและเทวปกรณ์ของไทย,พิธีกรรม ความเชื่อ และจารีตวัฒนธรรม,ระบบความเชื่อและศาสนา,คติทางศาสนาและสิ่งศักดิ์สิทธิ์,deity,ritual_belief
ของป่า,ทรัพยากรธรรมชาติที่หาได้จากป่าเพื่อการอุปโภคบริโภคหรือการค้า,กลุ่มชาติพันธุ์ ชุมชน และวิถีชีวิต,วิถีชีวิตและระบบเศรษฐกิจ,การประกอบอาชีพและโภชนาการ,community,community_life
พราหมณ์,กลุ่มบุคคลผู้ทำหน้าที่ประกอบพิธีกรรมทางศาสนาและที่ปรึกษาในราชสำนัก,กลุ่มชาติพันธุ์ ชุมชน และวิถีชีวิต,โครงสร้างสังคมและบุคคลสำคัญ,ฐานันดรศักดิ์และบทบาททางสังคม,community,community_life
วิดน้ำ,การตักหรือระบายน้ำออกจากพื้นที่เพื่อการเกษตรหรือการจับปลา,กลุ่มชาติพันธุ์ ชุมชน และวิถีชีวิต,วิถีชีวิตและพฤติกรรมทางสังคม,จารีตการปฏิบัติและพรรณไม้ในวิถีชีวิต,community,community_life
รับอาสา,การเสนอตัวเข้าปฏิบัติหน้าที่สำคัญหรือการสงครามด้วยความสมัครใจ,บริบทเชิงประวัติศาสตร์ ภูมิศาสตร์ และพื้นที่,ยุคสมัยและเหตุการณ์สำคัญ,ลำดับเวลาและประวัติศาสตร์การสงคราม,concept,historical_spatial
อสูร,อมนุษย์จำพวกหนึ่งที่มีพละกำลังมาก มักปรากฏในฐานะคู่ปรับของเทวดา,วรรณคดีและสิ่งมีชีวิตเชิงตำนาน,นามานุกรมและประเภทตัวละคร,เทวปกรณ์ อสูร และอมนุษย์,character,performing_arts
เพทาย,อัญมณีชนิดหนึ่ง มีหลายสี เช่น สีฟ้า สีเหลือง หรือไร้สี เป็นหนึ่งในนพรัตน์,วัฒนธรรมวัตถุ ศิลปกรรม และงานช่าง,วัสดุและอัญมณี,วัสดุธรรมชาติและรัตนชาติ,artifact,material_culture
เครื่องดนตรีตะวันตก,เครื่องมือที่ใช้สร้างเสียงดนตรีตามระบบสากลหรือมีต้นกำเนิดจากชาติตะวันตก,ศิลปะการแสดงและดนตรี,ดุริยางคศิลป์และคีตศิลป์,เครื่องดนตรีและวงดนตรี,music,performing_arts
ขึ้นทะเบียน,การจดบันทึกรายชื่อหรือข้อมูลลงในบัญชีทางการเพื่อรับรองสถานะหรือสิทธิ,พิธีกรรม ความเชื่อ และจารีตวัฒนธรรม,จารีตประเพณีและพิธีกรรม,พิธีการสำคัญและจารีตทางสังคม,ritual,ritual_belief
สังข์ทอง,ชื่อตัวละครเอกและชื่อวรรณคดีไทยสมัยอยุธยา เรื่องราวของเจ้าชายที่ซ่อนตัวในรูปเงาะ,วรรณคดีและสิ่งมีชีวิตเชิงตำนาน,นามานุกรมและประเภทตัวละคร,ตัวละครหลักและบทบาทในบทละคร,character,performing_arts
เทพบุตร,เทวดาผู้ชายที่สถิตอยู่บนสวรรค์,วรรณคดีและสิ่งมีชีวิตเชิงตำนาน,นามานุกรมและประเภทตัวละคร,เทวปกรณ์ อสูร และอมนุษย์,character,performing_arts
มโนห์รา,ตัวละครเอกหญิงในเรื่องพระสุธน-มโนห์รา เป็นกินรีที่มีความสามารถในการร่ายรำ,วรรณคดีและสิ่งมีชีวิตเชิงตำนาน,นามานุกรมและประเภทตัวละคร,ตัวละครหลักและบทบาทในบทละคร,character,performing_arts
เพลงสากล,บทเพลงที่มีโครงสร้างและทำนองตามมาตรฐานดนตรีตะวันตก,ศิลปะการแสดงและดนตรี,ดุริยางคศิลป์และคีตศิลป์,ระเบียบวิธีทางดนตรีและประเภทบทเพลง,music,performing_arts
บุหรงซีงอ,ชื่อเพลงไทยเดิมสำเนียงชวา มีความหมายว่า นกสิงห์,ศิลปะการแสดงและดนตรี,ดุริยางคศิลป์และคีตศิลป์,ระเบียบวิธีทางดนตรีและประเภทบทเพลง,music,performing_arts
สุทธาวาส,ที่อยู่ของพรหมผู้บริสุทธิ์ หรือชื่อเรียกส่วนหนึ่งของวัดที่เป็นเขตสังฆาวาส,บริบทเชิงประวัติศาสตร์ ภูมิศาสตร์ และพื้นที่,ภูมิศาสตร์และอาณาบริเวณ,พื้นที่ในคติความเชื่อและประวัติศาสตร์,concept,historical_spatial
อาหาร,สิ่งที่บริโภคเข้าไปเพื่อบำรุงร่างกายและดำรงชีวิต,กลุ่มชาติพันธุ์ ชุมชน และวิถีชีวิต,วิถีชีวิตและระบบเศรษฐกิจ,การประกอบอาชีพและโภชนาการ,community,community_life
ปางลีลา,ลักษณะของพระพุทธรูปในอิริยาบถกำลังก้าวเดิน,วัฒนธรรมวัตถุ ศิลปกรรม และงานช่าง,สถาปัตยกรรมและพุทธศิลป์,ศาสนสถานและปูชนียวัตถุ,artifact,material_culture
เขาอังกาศ,ชื่อภูเขาในตำนานหรือวรรณคดี มักปรากฏในเรื่องรามเกียรติ์,บริบทเชิงประวัติศาสตร์ ภูมิศาสตร์ และพื้นที่,ภูมิศาสตร์และอาณาบริเวณ,พื้นที่ในคติความเชื่อและประวัติศาสตร์,concept,historical_spatial
พระยา,บรรดาศักดิ์ข้าราชการชั้นสูงในระบบศักดินาไทย,กลุ่มชาติพันธุ์ ชุมชน และวิถีชีวิต,โครงสร้างสังคมและบุคคลสำคัญ,ฐานันดรศักดิ์และบทบาททางสังคม,community,community_life
กรุงเทพมหานคร,เมืองหลวงของประเทศไทยและเขตปกครองพิเศษ,บริบทเชิงประวัติศาสตร์ ภูมิศาสตร์ และพื้นที่,ภูมิศาสตร์และอาณาบริเวณ,เขตปกครองและภูมิภาค,deity,historical_spatial
ไทยรามัญ,กลุ่มคนไทยที่มีเชื้อสายมอญ,กลุ่มชาติพันธุ์ ชุมชน และวิถีชีวิต,อัตลักษณ์ทางสังคมและกลุ่มคน,กลุ่มชาติพันธุ์และชุมชนท้องถิ่น,community,community_life
ชั้นเชิง,ท่วงท่าหรือกลวิธีในการแสดงที่มีความซับซ้อนและงดงาม,ศิลปะการแสดงและดนตรี,บุคลากรและทักษะทางศิลปะ,กลวิธีและสมรรถนะการแสดง,music,performing_arts
เสียงดนตรี,เสียงที่เกิดจากการบรรเลงเครื่องดนตรีตามระเบียบวิธีทางดนตรี,ศิลปะการแสดงและดนตรี,ดุริยางคศิลป์และคีตศิลป์,ระเบียบวิธีทางดนตรีและประเภทบทเพลง,music,performing_arts
เจ้าดารารัศมี,พระราชชายาในรัชกาลที่ 5 ผู้มีบทบาทสำคัญต่อศิลปวัฒนธรรมล้านนา,กลุ่มชาติพันธุ์ ชุมชน และวิถีชีวิต,โครงสร้างสังคมและบุคคลสำคัญ,ฐานันดรศักดิ์และบทบาททางสังคม,community,community_life
พระราชวังบวรสถานมงคล,ที่ประทับของพระมหาอุปราชหรือวังหน้าในสมัยรัตนโกสินทร์,บริบทเชิงประวัติศาสตร์ ภูมิศาสตร์ และพื้นที่,พื้นที่ทางวัฒนธรรมและสถาบัน,สถานที่จัดแสดงและเขตพระราชฐาน,place,historical_spatial
สายน้ำ,ทางน้ำธรรมชาติที่มีความสำคัญต่อวิถีชีวิตและภูมิศาสตร์,บริบทเชิงประวัติศาสตร์ ภูมิศาสตร์ และพื้นที่,ภูมิศาสตร์และอาณาบริเวณ,เขตปกครองและภูมิภาค,place,historical_spatial
กระทุ้ง,กิริยาการใช้เท้าหรือวัตถุกระแทกลงพื้นในจังหวะการแสดง,ศิลปะการแสดงและดนตรี,นาฏยศิลป์และการแสดง,กระบวนท่ารำและจารีตการแสดง,music,performing_arts
ปารวตี,พระนามของพระอุมาเทวี ชายาของพระศิวะในเทวปกรณ์,วรรณคดีและสิ่งมีชีวิตเชิงตำนาน,นามานุกรมและประเภทตัวละคร,เทวปกรณ์ อสูร และอมนุษย์,character,performing_arts
สมมุติเทพ,คติความเชื่อที่ถือว่าพระมหากษัตริย์คือเทพเจ้าอวตารลงมา,พิธีกรรม ความเชื่อ และจารีตวัฒนธรรม,ระบบความเชื่อและศาสนา,คติทางศาสนาและสิ่งศักดิ์สิทธิ์,deity,ritual_belief
ทำพิธี,การประกอบกิจตามจารีตประเพณีหรือความเชื่อ,พิธีกรรม ความเชื่อ และจารีตวัฒนธรรม,จารีตประเพณีและพิธีกรรม,พิธีการสำคัญและจารีตทางสังคม,ritual,ritual_belief
อุณรุท,ตัวละครเอกในบทละครเรื่องอุณรุท,วรรณคดีและสิ่งมีชีวิตเชิงตำนาน,นามานุกรมและประเภทตัวละคร,ตัวละครหลักและบทบาทในบทละคร,character,performing_arts
พี่เลี้ยง,ผู้ดูแลใกล้ชิดตัวละครเอกในวรรณคดี,วรรณคดีและสิ่งมีชีวิตเชิงตำนาน,สถานภาพและลำดับชั้นทางสังคมในวรรณกรรม,ฐานันดรศักดิ์และระบบเครือญาติ,concept,general
หางนกยูง,วัสดุธรรมชาติที่ใช้ประดับตกแต่งหรือประกอบการแสดง,วัฒนธรรมวัตถุ ศิลปกรรม และงานช่าง,วัสดุและอัญมณี,วัสดุธรรมชาติและรัตนชาติ,artifact,material_culture
ค้าขาย,การแลกเปลี่ยนสินค้าและบริการในระบบเศรษฐกิจ,กลุ่มชาติพันธุ์ ชุมชน และวิถีชีวิต,วิถีชีวิตและระบบเศรษฐกิจ,การประกอบอาชีพและโภชนาการ,community,community_life
เสนียดจัญไร,สิ่งอัปมงคลหรือความชั่วร้ายที่ต้องขจัดออกไป,พิธีกรรม ความเชื่อ และจารีตวัฒนธรรม,คติความเชื่อและไสยศาสตร์,การขจัดปัดเป่าและอำนาจเหนือธรรมชาติ,mythical_being,ritual_belief
ช่อดอกไม้,การนำดอกไม้มาจัดรวมกันเพื่อใช้ในโอกาสต่างๆ,กลุ่มชาติพันธุ์ ชุมชน และวิถีชีวิต,วิถีชีวิตและพฤติกรรมทางสังคม,จารีตการปฏิบัติและพรรณไม้ในวิถีชีวิต,community,community_life
ขบวนแห่,การจัดแถวเดินไปเป็นกระบวนเพื่อแสดงความยินดีหรือประกอบพิธี,พิธีกรรม ความเชื่อ และจารีตวัฒนธรรม,จารีตประเพณีและพิธีกรรม,พิธีการสำคัญและจารีตทางสังคม,ritual,ritual_belief
เขาไกรลาส,ภูเขาที่เป็นที่สถิตของพระอิศวรตามคติพราหมณ์-ฮินดู,บริบทเชิงประวัติศาสตร์ ภูมิศาสตร์ และพื้นที่,ภูมิศาสตร์และอาณาบริเวณ,พื้นที่ในคติความเชื่อและประวัติศาสตร์,concept,historical_spatial
จำแลง,การแปลงร่างหรือแปลงกายให้ผิดไปจากรูปเดิม,ศิลปะการแสดงและดนตรี,บุคลากรและทักษะทางศิลปะ,กลวิธีและสมรรถนะการแสดง,music,performing_arts
หยอกล้อ,การแสดงกิริยาเย้าแหย่หรือเล่นสนุกระหว่างตัวละคร,ศิลปะการแสดงและดนตรี,นาฏยศิลป์และการแสดง,กระบวนท่ารำและจารีตการแสดง,music,performing_arts
ลาวครั่ง,กลุ่มชาติพันธุ์ไทยเชื้อสายลาวที่มีเอกลักษณ์ด้านการทอผ้า,กลุ่มชาติพันธุ์ ชุมชน และวิถีชีวิต,อัตลักษณ์ทางสังคมและกลุ่มคน,กลุ่มชาติพันธุ์และชุมชนท้องถิ่น,community,community_life
ยักษิณี,ยักษ์เพศเมีย อมนุษย์ที่มีอำนาจเหนือธรรมชาติ,วรรณคดีและสิ่งมีชีวิตเชิงตำนาน,นามานุกรมและประเภทตัวละคร,เทวปกรณ์ อสูร และอมนุษย์,character,performing_arts
จนตาย,การกระทำที่ดำเนินไปจนสิ้นอายุขัยหรือสิ้นชีวิต,กลุ่มชาติพันธุ์ ชุมชน และวิถีชีวิต,วิถีชีวิตและพฤติกรรมทางสังคม,จารีตการปฏิบัติและพรรณไม้ในวิถีชีวิต,community,community_life
เบิกโรง,การแสดงชุดสั้นๆ ก่อนเริ่มการแสดงเรื่องใหญ่เพื่อความเป็นสิริมงคล,ศิลปะการแสดงและดนตรี,นาฏยศิลป์และการแสดง,รูปแบบการแสดงและนาฏศิลป์ท้องถิ่น,music,performing_arts
การร่อนแร่,วิธีการแยกแร่จากดินหรือทรายโดยใช้ตะแกรงในน้ำ,กลุ่มชาติพันธุ์ ชุมชน และวิถีชีวิต,วิถีชีวิตและระบบเศรษฐกิจ,การประกอบอาชีพและโภชนาการ,community,community_life
แตกทัพ,สภาวะที่กองทัพพ่ายแพ้จนกระจัดกระจายไม่เป็นขบวน,บริบทเชิงประวัติศาสตร์ ภูมิศาสตร์ และพื้นที่,ยุคสมัยและเหตุการณ์สำคัญ,ลำดับเวลาและประวัติศาสตร์การสงคราม,concept,historical_spatial
อาวุธ,เครื่องมือที่ใช้ในการต่อสู้หรือป้องกันตัว,วัฒนธรรมวัตถุ ศิลปกรรม และงานช่าง,พัสตราภรณ์และเครื่องแต่งกาย,ระเบียบการแต่งกายและอาวุธจำลอง,artifact,material_culture
ผู้แสดงฝ่ายชาย,บุคคลที่รับบทบาทเป็นตัวละครเพศชายในการแสดง,วรรณคดีและสิ่งมีชีวิตเชิงตำนาน,นามานุกรมและประเภทตัวละคร,ตัวละครหลักและบทบาทในบทละคร,character,performing_arts
พระบาทสมเด็จพระจุลจอมเกล้าเจ้าอยู่หัว,พระมหากษัตริย์รัชกาลที่ 5 แห่งราชวงศ์จักรี,กลุ่มชาติพันธุ์ ชุมชน และวิถีชีวิต,โครงสร้างสังคมและบุคคลสำคัญ,ฐานันดรศักดิ์และบทบาททางสังคม,community,community_life
เชิงบันได,พื้นที่บริเวณส่วนล่างสุดของบันได,วัฒนธรรมวัตถุ ศิลปกรรม และงานช่าง,สถาปัตยกรรมและพุทธศิลป์,ศาสนสถานและปูชนียวัตถุ,artifact,material_culture
สะเดาะเคราะห์,พิธีกรรมตามความเชื่อเพื่อปัดเป่าสิ่งไม่ดีหรือโชคร้าย,พิธีกรรม ความเชื่อ และจารีตวัฒนธรรม,คติความเชื่อและไสยศาสตร์,การขจัดปัดเป่าและอำนาจเหนือธรรมชาติ,mythical_being,ritual_belief
ทับหลัง,แผ่นหินสลักรูปต่างๆ ประดับอยู่เหนือกรอบประตูของปราสาทหิน,วัฒนธรรมวัตถุ ศิลปกรรม และงานช่าง,สถาปัตยกรรมและพุทธศิลป์,ศาสนสถานและปูชนียวัตถุ,artifact,material_culture
ระบำโบราณคดี,ชุดการแสดงระบำที่ประดิษฐ์ขึ้นใหม่โดยอาศัยหลักฐานจากโบราณวัตถุและโบราณสถาน,ศิลปะการแสดงและดนตรี,นาฏยศิลป์และการแสดง,รูปแบบการแสดงและนาฏศิลป์ท้องถิ่น,music,performing_arts
เกียรติศักดิ์ไทย,ชื่อเพลงไทยสากลที่มีเนื้อหาปลุกใจและเชิดชูเกียรติของความเป็นไทย,ศิลปะการแสดงและดนตรี,ดุริยางคศิลป์และคีตศิลป์,ระเบียบวิธีทางดนตรีและประเภทบทเพลง,music,performing_arts
โรงละครแห่งชาติ,สถานที่สำหรับจัดการแสดงนาฏศิลป์และดุริยางคศิลป์ในความดูแลของรัฐ,บริบทเชิงประวัติศาสตร์ ภูมิศาสตร์ และพื้นที่,พื้นที่ทางวัฒนธรรมและสถาบัน,สถานที่จัดแสดงและเขตพระราชฐาน,performance,performing_arts
ทศกัณฐ์,ตัวละครเอกฝ่ายยักษ์ในเรื่องรามเกียรติ์ มีสิบหน้ายี่สิบมือ,วรรณคดีและสิ่งมีชีวิตเชิงตำนาน,นามานุกรมและประเภทตัวละคร,เทวปกรณ์ อสูร และอมนุษย์,character,ramakien
โบราณสถาน,อสังหาริมทรัพย์ซึ่งโดยอายุหรือโดยลักษณะแห่งการก่อสร้างเป็นประโยชน์ในทางศิลปะ ประวัติศาสตร์ หรือโบราณคดี,วัฒนธรรมวัตถุ ศิลปกรรม และงานช่าง,สถาปัตยกรรมและพุทธศิลป์,ศาสนสถานและปูชนียวัตถุ,artifact,historical_spatial
เพลงดวงจันทร์ขวัญฟ้า,หนึ่งในเพลงรำวงมาตรฐานที่ใช้ประกอบการรำวง,ศิลปะการแสดงและดนตรี,ดุริยางคศิลป์และคีตศิลป์,ระเบียบวิธีทางดนตรีและประเภทบทเพลง,music,performing_arts
หอกโมกขศักดิ์,อาวุธวิเศษของกุมภกรรณในเรื่องรามเกียรติ์,วัฒนธรรมวัตถุ ศิลปกรรม และงานช่าง,พัสตราภรณ์และเครื่องแต่งกาย,ระเบียบการแต่งกายและอาวุธจำลอง,artifact,material_culture
รูปทอง,ลักษณะกายที่มีสีเหลืองทองอร่าม มักใช้บรรยายตัวละครสำคัญในวรรณคดี,วรรณคดีและสิ่งมีชีวิตเชิงตำนาน,นามานุกรมและประเภทตัวละคร,ตัวละครหลักและบทบาทในบทละคร,character,performing_arts
พระจันทร์,เทพเจ้าประจำดาวนพเคราะห์ หรือดวงเดือนในคติความเชื่อไทย,วรรณคดีและสิ่งมีชีวิตเชิงตำนาน,นามานุกรมและประเภทตัวละคร,เทวปกรณ์ อสูร และอมนุษย์,character,performing_arts
นางสีดา,ตัวละครเอกฝ่ายหญิงในเรื่องรามเกียรติ์ เป็นชายาของพระราม,วรรณคดีและสิ่งมีชีวิตเชิงตำนาน,นามานุกรมและประเภทตัวละคร,ตัวละครหลักและบทบาทในบทละคร,character,performing_arts
ผ้าไหม,ผ้าที่ทอจากเส้นใยของตัวไหม มีความเงางามและเป็นเอกลักษณ์ของไทย,วัฒนธรรมวัตถุ ศิลปกรรม และงานช่าง,วัสดุและอัญมณี,วัสดุธรรมชาติและรัตนชาติ,artifact,material_culture
พระลาน,พื้นที่ลานกว้างภายในเขตพระราชฐาน,บริบทเชิงประวัติศาสตร์ ภูมิศาสตร์ และพื้นที่,พื้นที่ทางวัฒนธรรมและสถาบัน,สถานที่จัดแสดงและเขตพระราชฐาน,place,historical_spatial
อัญมณี,หินหรือแร่ที่มีความสวยงามและมีมูลค่า ใช้ทำเครื่องประดับ,วัฒนธรรมวัตถุ ศิลปกรรม และงานช่าง,วัสดุและอัญมณี,วัสดุธรรมชาติและรัตนชาติ,artifact,material_culture
ข้าศึก,ศัตรูหรือฝ่ายตรงข้ามในการทำสงคราม,บริบทเชิงประวัติศาสตร์ ภูมิศาสตร์ และพื้นที่,ยุคสมัยและเหตุการณ์สำคัญ,ลำดับเวลาและประวัติศาสตร์การสงคราม,concept,historical_spatial
ชาติพันธุ์,กลุ่มคนที่มีวัฒนธรรม ขนบธรรมเนียมประเพณี ภาษา และประวัติศาสตร์ร่วมกัน,กลุ่มชาติพันธุ์ ชุมชน และวิถีชีวิต,อัตลักษณ์ทางสังคมและกลุ่มคน,กลุ่มชาติพันธุ์และชุมชนท้องถิ่น,community,community_life
รับใช้,การปฏิบัติหน้าที่ปรนนิบัติหรือทำงานตามคำสั่งของผู้มีอำนาจหรือเจ้านาย,กลุ่มชาติพันธุ์ ชุมชน และวิถีชีวิต,โครงสร้างสังคมและบุคคลสำคัญ,ฐานันดรศักดิ์และบทบาททางสังคม,community,community_life
พระบรมราชชนนีพับปีหลวง,พระนามเรียกพระอัครมเหสีในรัชกาลก่อนที่เป็นพระราชมารดาในพระมหากษัตริย์รัชกาลปัจจุบัน,กลุ่มชาติพันธุ์ ชุมชน และวิถีชีวิต,โครงสร้างสังคมและบุคคลสำคัญ,ฐานันดรศักดิ์และบทบาททางสังคม,community,community_life
ร่มพระบารมี,การอยู่ภายใต้ความคุ้มครองหรือความเมตตาปรานีของพระมหากษัตริย์,พิธีกรรม ความเชื่อ และจารีตวัฒนธรรม,จารีตประเพณีและพิธีกรรม,พิธีการสำคัญและจารีตทางสังคม,ritual,ritual_belief
โคมเวียน,โคมไฟที่ทำขึ้นเพื่อให้ความร้อนจากเปลวไฟดันให้ตัวโคมหมุนเวียนไปรอบๆ มักใช้ในงานเทศกาล,วัฒนธรรมวัตถุ ศิลปกรรม และงานช่าง,ประณีตศิลป์และทัศนศิลป์,งานช่างศิลปกรรมและเทคนิควิธี,artifact,material_culture
นายแก้ว,ชื่อตัวละครชายที่เป็นมหาดเล็กหรือตัวละครรองในวรรณคดีไทย,วรรณคดีและสิ่งมีชีวิตเชิงตำนาน,นามานุกรมและประเภทตัวละคร,ตัวละครหลักและบทบาทในบทละคร,character,performing_arts
แปลงตัว,การใช้ฤทธิ์เดชหรือกลวิธีเปลี่ยนรูปร่างลักษณะเพื่อพรางตาผู้อื่น,ศิลปะการแสดงและดนตรี,บุคลากรและทักษะทางศิลปะ,กลวิธีและสมรรถนะการแสดง,music,performing_arts
พระตำหนัก,ที่ประทับของพระมหากษัตริย์หรือเจ้านายชั้นสูง,บริบทเชิงประวัติศาสตร์ ภูมิศาสตร์ และพื้นที่,พื้นที่ทางวัฒนธรรมและสถาบัน,สถานที่จัดแสดงและเขตพระราชฐาน,place,historical_spatial
พระลอ,ตัวละครเอกชายจากวรรณคดีเรื่องลิลิตพระลอ กษัตริย์แห่งเมืองสรวง,วรรณคดีและสิ่งมีชีวิตเชิงตำนาน,นามานุกรมและประเภทตัวละคร,ตัวละครหลักและบทบาทในบทละคร,character,performing_arts
พระนารายณ์,หนึ่งในสามเทพเจ้าสูงสุดในศาสนาพราหมณ์-ฮินดู ผู้คุ้มครองโลก,วรรณคดีและสิ่งมีชีวิตเชิงตำนาน,นามานุกรมและประเภทตัวละคร,เทวปกรณ์ อสูร และอมนุษย์,character,performing_arts
เพลงหญิงไทยใจงาม,หนึ่งในเพลงรำวงมาตรฐานที่ใช้ประกอบการรำเพื่อความบันเทิง,ศิลปะการแสดงและดนตรี,ดุริยางคศิลป์และคีตศิลป์,ระเบียบวิธีทางดนตรีและประเภทบทเพลง,music,performing_arts
ศูรปนขา,ตัวละครยักษ์เพศหญิงในเรื่องรามเกียรติ์ เป็นขนิษฐาของทศกัณฐ์,วรรณคดีและสิ่งมีชีวิตเชิงตำนาน,นามานุกรมและประเภทตัวละคร,เทวปกรณ์ อสูร และอมนุษย์,character,performing_arts
เครื่องประดับ,สิ่งของที่ใช้ตกแต่งร่างกายเพื่อความสวยงามหรือแสดงฐานะ,วัฒนธรรมวัตถุ ศิลปกรรม และงานช่าง,พัสตราภรณ์และเครื่องแต่งกาย,ระเบียบการแต่งกายและอาวุธจำลอง,artifact,material_culture
ทิพยวิมาน,ที่อยู่อันเป็นทิพย์ของเทวดาบนสวรรค์,บริบทเชิงประวัติศาสตร์ ภูมิศาสตร์ และพื้นที่,ภูมิศาสตร์และอาณาบริเวณ,พื้นที่ในคติความเชื่อและประวัติศาสตร์,concept,historical_spatial
การทำขวัญ,พิธีกรรมเพื่อเรียกขวัญให้กลับมาอยู่กับตัวเพื่อความเป็นสิริมงคล,พิธีกรรม ความเชื่อ และจารีตวัฒนธรรม,จารีตประเพณีและพิธีกรรม,พิธีการสำคัญและจารีตทางสังคม,ritual,ritual_belief
มวยไทย,ศิลปะการต่อสู้ป้องกันตัวของไทยที่ใช้ร่างกายเป็นอาวุธ,ศิลปะการแสดงและดนตรี,นาฏยศิลป์และการแสดง,รูปแบบการแสดงและนาฏศิลป์ท้องถิ่น,music,performing_arts
จับระบำ,การแสดงรำที่เป็นชุดหรือเป็นหมู่คณะที่มีความสวยงาม,ศิลปะการแสดงและดนตรี,นาฏยศิลป์และการแสดง,กระบวนท่ารำและจารีตการแสดง,music,performing_arts
ไตรรงค์,ชื่อเรียกธงชาติไทยที่มีสามสี คือ แดง ขาว และน้ำเงิน,พิธีกรรม ความเชื่อ และจารีตวัฒนธรรม,จารีตประเพณีและพิธีกรรม,พิธีการสำคัญและจารีตทางสังคม,ritual,ritual_belief
พระราม,ตัวละครเอกในวรรณคดีเรื่องรามเกียรติ์ เป็นอวตารของพระนารายณ์,วรรณคดีและสิ่งมีชีวิตเชิงตำนาน,นามานุกรมและประเภทตัวละคร,ตัวละครหลักและบทบาทในบทละคร,character,ramakien
คู่ใจ,บุคคลที่ใกล้ชิดและรู้ใจกันมาก มักใช้เรียกเพื่อนสนิทหรือคนรัก,กลุ่มชาติพันธุ์ ชุมชน และวิถีชีวิต,วิถีชีวิตและพฤติกรรมทางสังคม,จารีตการปฏิบัติและพรรณไม้ในวิถีชีวิต,community,community_life
การุณราช,ชื่อช้างสำคัญในตระกูลช้างมงคลหรือช้างในวรรณคดี,วรรณคดีและสิ่งมีชีวิตเชิงตำนาน,นามานุกรมและประเภทตัวละคร,เทวปกรณ์ อสูร และอมนุษย์,character,performing_arts
พุทธศตวรรษ,ช่วงเวลา 100 ปีตามศักราชทางพุทธศาสนา,บริบทเชิงประวัติศาสตร์ ภูมิศาสตร์ และพื้นที่,ยุคสมัยและเหตุการณ์สำคัญ,ลำดับเวลาและประวัติศาสตร์การสงคราม,concept,historical_spatial
แสงจันทร์,ชื่อเพลงไทยเดิมหรือทำนองเพลงที่มีความไพเราะอ่อนหวาน,ศิลปะการแสดงและดนตรี,ดุริยางคศิลป์และคีตศิลป์,ระเบียบวิธีทางดนตรีและประเภทบทเพลง,music,performing_arts
เทือกเขาภูพาน,แนวทิวเขาสำคัญในภาคตะวันออกเฉียงเหนือของประเทศไทย,บริบทเชิงประวัติศาสตร์ ภูมิศาสตร์ และพื้นที่,ภูมิศาสตร์และอาณาบริเวณ,เขตปกครองและภูมิภาค,place,historical_spatial
แม่ฮ่องสอน,จังหวัดหนึ่งในภาคเหนือของประเทศไทย มีความโดดเด่นทางวัฒนธรรม,บริบทเชิงประวัติศาสตร์ ภูมิศาสตร์ และพื้นที่,ภูมิศาสตร์และอาณาบริเวณ,เขตปกครองและภูมิภาค,place,historical_spatial
ทับทิม,อัญมณีสีแดงที่มีค่า หรืออาจหมายถึงผลไม้ชนิดหนึ่ง,วัฒนธรรมวัตถุ ศิลปกรรม และงานช่าง,วัสดุและอัญมณี,วัสดุธรรมชาติและรัตนชาติ,artifact,material_culture
หมากกั๊บแก๊บ,เครื่องดนตรีประเภทเครื่องกระทบพื้นบ้านภาคอีสาน,ศิลปะการแสดงและดนตรี,ดุริยางคศิลป์และคีตศิลป์,เครื่องดนตรีและวงดนตรี,music,performing_arts
วิรุญมุข,ชื่อตัวละครยักษ์ในเรื่องรามเกียรติ์ เป็นบุตรของวิรุญจำบัง,วรรณคดีและสิ่งมีชีวิตเชิงตำนาน,นามานุกรมและประเภทตัวละคร,เทวปกรณ์ อสูร และอมนุษย์,character,performing_arts
เจ้าเซ็น,กลุ่มชาวไทยมุสลิมนิกายชีอะห์ที่มีพิธีกรรมเฉพาะตัว,กลุ่มชาติพันธุ์ ชุมชน และวิถีชีวิต,อัตลักษณ์ทางสังคมและกลุ่มคน,กลุ่มชาติพันธุ์และชุมชนท้องถิ่น,community,community_life
ภาชนะดินเผา,เครื่องใช้ที่ทำจากดินแล้วนำไปเผาให้แข็งตัว,วัฒนธรรมวัตถุ ศิลปกรรม และงานช่าง,ประณีตศิลป์และทัศนศิลป์,งานช่างศิลปกรรมและเทคนิควิธี,artifact,material_culture
วสันตฤดู,ฤดูฝน หรือช่วงเวลาที่ฝนตกตามฤดูกาล,กลุ่มชาติพันธุ์ ชุมชน และวิถีชีวิต,วิถีชีวิตและพฤติกรรมทางสังคม,จารีตการปฏิบัติและพรรณไม้ในวิถีชีวิต,community,community_life
เมืองขีดขิน,เมืองในวรรณคดีเรื่องรามเกียรติ์ซึ่งเป็นที่อยู่อาศัยของเหล่าพญาวานร,บริบทเชิงประวัติศาสตร์ ภูมิศาสตร์ และพื้นที่,ภูมิศาสตร์และอาณาบริเวณ,พื้นที่ในคติความเชื่อและประวัติศาสตร์,place,historical_spatial
เบญกาย,ตัวละครนางยักษ์ในเรื่องรามเกียรติ์ บุตรีของพิเภก ผู้แปลงกายเป็นนางสีดา,วรรณคดีและสิ่งมีชีวิตเชิงตำนาน,นามานุกรมและประเภทตัวละคร,ตัวละครหลักและบทบาทในบทละคร,character,performing_arts
เพลงเร็ว,ประเภทของเพลงไทยเดิมที่มีจังหวะกระชับ รวดเร็ว ใช้ประกอบการรำหรือการเคลื่อนที่,ศิลปะการแสดงและดนตรี,ดุริยางคศิลป์และคีตศิลป์,ระเบียบวิธีทางดนตรีและประเภทบทเพลง,music,performing_arts
พลวานร,กองทัพลิงที่เป็นบริวารของพระรามในวรรณคดีเรื่องรามเกียรติ์,วรรณคดีและสิ่งมีชีวิตเชิงตำนาน,นามานุกรมและประเภทตัวละคร,เทวปกรณ์ อสูร และอมนุษย์,character,performing_arts
ท้าวสัทธาสูร,ชื่อยักษ์ตนหนึ่งในเรื่องรามเกียรติ์ เป็นเจ้าเมืองอัสดง,วรรณคดีและสิ่งมีชีวิตเชิงตำนาน,นามานุกรมและประเภทตัวละคร,เทวปกรณ์ อสูร และอมนุษย์,character,performing_arts
บุปเพสันนิวาส,การเคยอยู่ร่วมกันในชาติปางก่อน ความเชื่อเรื่องคู่ครองที่ถูกกำหนดไว้,พิธีกรรม ความเชื่อ และจารีตวัฒนธรรม,ระบบความเชื่อและศาสนา,คติทางศาสนาและสิ่งศักดิ์สิทธิ์,deity,ritual_belief
พระพาย,เทพเจ้าแห่งลมในคติพราหมณ์-ฮินดู และเป็นบิดาของหนุมาน,วรรณคดีและสิ่งมีชีวิตเชิงตำนาน,นามานุกรมและประเภทตัวละคร,เทวปกรณ์ อสูร และอมนุษย์,character,performing_arts
กะลา,ส่วนแข็งที่หุ้มเนื้อมะพร้าว ใช้เป็นวัสดุในงานช่างหรือเครื่องใช้,วัฒนธรรมวัตถุ ศิลปกรรม และงานช่าง,วัสดุและอัญมณี,วัสดุธรรมชาติและรัตนชาติ,artifact,material_culture
อินทรชิต,ตัวละครยักษ์ในเรื่องรามเกียรติ์ บุตรของทศกัณฐ์ ผู้มีฤทธิ์มาก,วรรณคดีและสิ่งมีชีวิตเชิงตำนาน,นามานุกรมและประเภทตัวละคร,ตัวละครหลักและบทบาทในบทละคร,character,performing_arts
บรรพต,ภูเขา หรือสิ่งก่อสร้างที่มีลักษณะคล้ายภูเขา,บริบทเชิงประวัติศาสตร์ ภูมิศาสตร์ และพื้นที่,ภูมิศาสตร์และอาณาบริเวณ,พื้นที่ในคติความเชื่อและประวัติศาสตร์,concept,historical_spatial
ดินดาล,ดินที่มีความแข็งมาก มักอยู่ชั้นล่างของผิวดิน,วัฒนธรรมวัตถุ ศิลปกรรม และงานช่าง,วัสดุและอัญมณี,วัสดุธรรมชาติและรัตนชาติ,artifact,material_culture
ทำนองเพลง,ลำดับเสียงสูงต่ำที่เรียบเรียงเป็นระเบียบในดนตรี,ศิลปะการแสดงและดนตรี,ดุริยางคศิลป์และคีตศิลป์,ระเบียบวิธีทางดนตรีและประเภทบทเพลง,music,performing_arts
ขนเพชร,ขนของหนุมานที่มีความแข็งแกร่งเป็นอมตะตามเนื้อเรื่องในรามเกียรติ์,วรรณคดีและสิ่งมีชีวิตเชิงตำนาน,นามานุกรมและประเภทตัวละคร,เทวปกรณ์ อสูร และอมนุษย์,character,performing_arts
ธิเบศร์,ผู้เป็นใหญ่ในหมู่มนุษย์ หรือพระราชา,วรรณคดีและสิ่งมีชีวิตเชิงตำนาน,สถานภาพและลำดับชั้นทางสังคมในวรรณกรรม,ฐานันดรศักดิ์และระบบเครือญาติ,concept,general
สะเดาะ,พิธีกรรมทางไสยศาสตร์เพื่อทำให้เคราะห์หมดไปหรือหลุดพ้นจากสิ่งไม่ดี,พิธีกรรม ความเชื่อ และจารีตวัฒนธรรม,คติความเชื่อและไสยศาสตร์,การขจัดปัดเป่าและอำนาจเหนือธรรมชาติ,mythical_being,ritual_belief
สิบแปดมงกุฎ,วานรที่เป็นเทวดาแบ่งภาคมาช่วยพระรามทำศึกในเรื่องรามเกียรติ์,วรรณคดีและสิ่งมีชีวิตเชิงตำนาน,นามานุกรมและประเภทตัวละคร,เทวปกรณ์ อสูร และอมนุษย์,character,performing_arts
ข้าหลวง,คนที่ถวายตัวเข้ารับราชการในพระราชสำนักหรือรับใช้เจ้านาย,กลุ่มชาติพันธุ์ ชุมชน และวิถีชีวิต,โครงสร้างสังคมและบุคคลสำคัญ,ฐานันดรศักดิ์และบทบาททางสังคม,community,community_life
ไม้สั้น,อาวุธจำลองหรืออุปกรณ์ที่ใช้ในการแสดงกระบี่กระบอง,วัฒนธรรมวัตถุ ศิลปกรรม และงานช่าง,พัสตราภรณ์และเครื่องแต่งกาย,ระเบียบการแต่งกายและอาวุธจำลอง,artifact,material_culture
ไทยจักรี,ชุดไทยพระราชนิยมสำหรับสตรี ใช้ในงานพิธีตอนค่ำ,วัฒนธรรมวัตถุ ศิลปกรรม และงานช่าง,พัสตราภรณ์และเครื่องแต่งกาย,ระเบียบการแต่งกายและอาวุธจำลอง,artifact,material_culture
ต้นขา,อวัยวะส่วนขาที่ใช้ในการกำหนดท่าทางหรือการเคลื่อนไหวในนาฏศิลป์,ศิลปะการแสดงและดนตรี,นาฏยศิลป์และการแสดง,กระบวนท่ารำและจารีตการแสดง,music,performing_arts
ปัดเป่า,การทำพิธีเพื่อขับไล่สิ่งอัปมงคลหรือโรคภัยไข้เจ็บ,พิธีกรรม ความเชื่อ และจารีตวัฒนธรรม,คติความเชื่อและไสยศาสตร์,การขจัดปัดเป่าและอำนาจเหนือธรรมชาติ,mythical_being,ritual_belief
การสอน,การถ่ายทอดวิชาความรู้หรือจารีตปฏิบัติในสังคมไทย,กลุ่มชาติพันธุ์ ชุมชน และวิถีชีวิต,วิถีชีวิตและพฤติกรรมทางสังคม,จารีตการปฏิบัติและพรรณไม้ในวิถีชีวิต,community,community_life
แหล่งน้ำ,พื้นที่ทางภูมิศาสตร์ที่มีน้ำซึ่งมีความสำคัญต่อวิถีชีวิตและประวัติศาสตร์,บริบทเชิงประวัติศาสตร์ ภูมิศาสตร์ และพื้นที่,ภูมิศาสตร์และอาณาบริเวณ,พื้นที่ในคติความเชื่อและประวัติศาสตร์,concept,historical_spatial
ศุภลักษณ์,ตัวละครหญิงที่เป็นพี่เลี้ยงของนางอุษาในเรื่องอนิรุทธ์,วรรณคดีและสิ่งมีชีวิตเชิงตำนาน,นามานุกรมและประเภทตัวละคร,ตัวละครหลักและบทบาทในบทละคร,character,performing_arts
เพลงชำนาญ,ชื่อเพลงไทยเดิมประเภทเพลงหน้าพาทย์หรือเพลงที่มีความซับซ้อน,ศิลปะการแสดงและดนตรี,ดุริยางคศิลป์และคีตศิลป์,ระเบียบวิธีทางดนตรีและประเภทบทเพลง,music,performing_arts
แควน้อย,ชื่อแม่น้ำสำคัญในจังหวัดกาญจนบุรีที่มีความสำคัญทางประวัติศาสตร์,บริบทเชิงประวัติศาสตร์ ภูมิศาสตร์ และพื้นที่,ภูมิศาสตร์และอาณาบริเวณ,เขตปกครองและภูมิภาค,place,historical_spatial
พระไวย,ตัวละครเอกในเรื่องเสภาขุนช้างขุนแผน บุตรของขุนแผนและนางวันทอง,วรรณคดีและสิ่งมีชีวิตเชิงตำนาน,นามานุกรมและประเภทตัวละคร,ตัวละครหลักและบทบาทในบทละคร,character,performing_arts
มือซ้าย,ตำแหน่งหรือบทบาทในการแสดงนาฏศิลป์ที่ต้องใช้ความชำนาญเฉพาะด้าน,ศิลปะการแสดงและดนตรี,บุคลากรและทักษะทางศิลปะ,กลวิธีและสมรรถนะการแสดง,music,performing_arts
อินเดีย,ประเทศที่เป็นแหล่งกำเนิดอารยธรรมและคติความเชื่อที่ส่งอิทธิพลต่อไทย,บริบทเชิงประวัติศาสตร์ ภูมิศาสตร์ และพื้นที่,ภูมิศาสตร์และอาณาบริเวณ,พื้นที่ในคติความเชื่อและประวัติศาสตร์,concept,historical_spatial
สากตำข้าว,อุปกรณ์ไม้รูปทรงกระบอกยาวใช้สำหรับตำข้าวในครก,กลุ่มชาติพันธุ์ ชุมชน และวิถีชีวิต,วิถีชีวิตและระบบเศรษฐกิจ,การประกอบอาชีพและโภชนาการ,community,community_life
พระแพง,ชื่อตัวละครเอกฝ่ายหญิงในวรรณคดีเรื่องลิลิตพระลอ,วรรณคดีและสิ่งมีชีวิตเชิงตำนาน,นามานุกรมและประเภทตัวละคร,ตัวละครหลักและบทบาทในบทละคร,character,performing_arts
ธงไทย,ผืนผ้าที่มีสีและสัญลักษณ์แสดงความเป็นชาติไทย,พิธีกรรม ความเชื่อ และจารีตวัฒนธรรม,จารีตประเพณีและพิธีกรรม,พิธีการสำคัญและจารีตทางสังคม,ritual,ritual_belief
พระคเณศ,เทพเจ้าแห่งความสำเร็จและศิลปวิทยาการในคติพราหมณ์-ฮินดู,วรรณคดีและสิ่งมีชีวิตเชิงตำนาน,นามานุกรมและประเภทตัวละคร,เทวปกรณ์ อสูร และอมนุษย์,character,performing_arts
นางโรย,ชื่อตัวละครหญิงในวรรณคดีหรือบทละคร,วรรณคดีและสิ่งมีชีวิตเชิงตำนาน,นามานุกรมและประเภทตัวละคร,ตัวละครหลักและบทบาทในบทละคร,character,performing_arts
รับสั่ง,คำสั่งหรือคำพูดของพระมหากษัตริย์หรือเจ้านาย,กลุ่มชาติพันธุ์ ชุมชน และวิถีชีวิต,โครงสร้างสังคมและบุคคลสำคัญ,ฐานันดรศักดิ์และบทบาททางสังคม,community,community_life
ละครพันทาง,ละครรำแบบผสมผสานที่นำเอาลีลาท่ารำของต่างชาติมาปรับใช้,ศิลปะการแสดงและดนตรี,นาฏยศิลป์และการแสดง,รูปแบบการแสดงและนาฏศิลป์ท้องถิ่น,music,performing_arts
อุษา,ชื่อตัวละครเอกหญิงในเรื่องอุณรุท หรือหมายถึงรุ่งอรุณ,วรรณคดีและสิ่งมีชีวิตเชิงตำนาน,นามานุกรมและประเภทตัวละคร,ตัวละครหลักและบทบาทในบทละคร,character,performing_arts
พืชพรรณ,กลุ่มของต้นไม้และพรรณไม้ต่างๆ,กลุ่มชาติพันธุ์ ชุมชน และวิถีชีวิต,วิถีชีวิตและพฤติกรรมทางสังคม,จารีตการปฏิบัติและพรรณไม้ในวิถีชีวิต,community,community_life
ทำนอง,ระบบเสียงสูงต่ำที่เรียบเรียงเป็นชุดในดนตรี,ศิลปะการแสดงและดนตรี,ดุริยางคศิลป์และคีตศิลป์,ระเบียบวิธีทางดนตรีและประเภทบทเพลง,music,performing_arts
ธัญญาหาร,อาหารประเภทข้าวหรือเมล็ดพืช,กลุ่มชาติพันธุ์ ชุมชน และวิถีชีวิต,วิถีชีวิตและระบบเศรษฐกิจ,การประกอบอาชีพและโภชนาการ,community,community_life
ชาวเหนือ,กลุ่มคนที่อาศัยอยู่ในพื้นที่ภาคเหนือของประเทศไทย,กลุ่มชาติพันธุ์ ชุมชน และวิถีชีวิต,อัตลักษณ์ทางสังคมและกลุ่มคน,กลุ่มชาติพันธุ์และชุมชนท้องถิ่น,community,community_life
พญาทูษณ์,ชื่อยักษ์ตัวละครหนึ่งในเรื่องรามเกียรติ์,วรรณคดีและสิ่งมีชีวิตเชิงตำนาน,นามานุกรมและประเภทตัวละคร,เทวปกรณ์ อสูร และอมนุษย์,character,performing_arts
พระเอก,ตัวละครชายที่เป็นตัวดำเนินเรื่องหลัก,วรรณคดีและสิ่งมีชีวิตเชิงตำนาน,นามานุกรมและประเภทตัวละคร,ตัวละครหลักและบทบาทในบทละคร,character,performing_arts
เทพธิดา,เทวดาผู้หญิงที่สถิตอยู่บนสวรรค์,วรรณคดีและสิ่งมีชีวิตเชิงตำนาน,นามานุกรมและประเภทตัวละคร,เทวปกรณ์ อสูร และอมนุษย์,character,performing_arts
ยูเนสโก,องค์การเพื่อการศึกษา วิทยาศาสตร์ และวัฒนธรรมแห่งสหประชาชาติ,กลุ่มชาติพันธุ์ ชุมชน และวิถีชีวิต,โครงสร้างสังคมและบุคคลสำคัญ,ฐานันดรศักดิ์และบทบาททางสังคม,community,community_life
สมัยทวารวดี,ยุคสมัยทางประวัติศาสตร์และวัฒนธรรมในช่วงพุทธศตวรรษที่ 11-16,บริบทเชิงประวัติศาสตร์ ภูมิศาสตร์ และพื้นที่,ยุคสมัยและเหตุการณ์สำคัญ,ลำดับเวลาและประวัติศาสตร์การสงคราม,concept,historical_spatial
รำคู่,การแสดงนาฏศิลป์ที่ใช้ผู้แสดงสองคนรำร่วมกัน,ศิลปะการแสดงและดนตรี,นาฏยศิลป์และการแสดง,กระบวนท่ารำและจารีตการแสดง,music,performing_arts
ไทยศิวาลัย,หนึ่งในชุดไทยพระราชนิยมสำหรับสตรีในงานพิธีการ,วัฒนธรรมวัตถุ ศิลปกรรม และงานช่าง,พัสตราภรณ์และเครื่องแต่งกาย,ระเบียบการแต่งกายและอาวุธจำลอง,artifact,material_culture
พญาขร,ตัวละครยักษ์ในเรื่องรามเกียรติ์ เป็นเจ้าเมืองโรมคัล,วรรณคดีและสิ่งมีชีวิตเชิงตำนาน,นามานุกรมและประเภทตัวละคร,เทวปกรณ์ อสูร และอมนุษย์,character,performing_arts
การปั้น,กระบวนการสร้างรูปทรงสามมิติด้วยวัสดุอ่อนตัว,วัฒนธรรมวัตถุ ศิลปกรรม และงานช่าง,ประณีตศิลป์และทัศนศิลป์,งานช่างศิลปกรรมและเทคนิควิธี,artifact,material_culture
ละครนอก,รูปแบบการแสดงละครรำที่ดำเนินเรื่องรวดเร็ว เดิมใช้ผู้ชายแสดงล้วน,ศิลปะการแสดงและดนตรี,นาฏยศิลป์และการแสดง,รูปแบบการแสดงและนาฏศิลป์ท้องถิ่น,music,performing_arts
เครื่องดนตรีพื้นบ้าน,อุปกรณ์ที่ใช้สร้างเสียงดนตรีตามเอกลักษณ์ของท้องถิ่น,ศิลปะการแสดงและดนตรี,ดุริยางคศิลป์และคีตศิลป์,เครื่องดนตรีและวงดนตรี,music,performing_arts
เพลงยอดชายใจหาญ,บทเพลงปลุกใจหรือเพลงในระบำมาตรฐานที่มีเนื้อหาเชิดชูความกล้าหาญ,ศิลปะการแสดงและดนตรี,ดุริยางคศิลป์และคีตศิลป์,ระเบียบวิธีทางดนตรีและประเภทบทเพลง,music,performing_arts
อีสาน,ภูมิภาคตะวันออกเฉียงเหนือของประเทศไทย,บริบทเชิงประวัติศาสตร์ ภูมิศาสตร์ และพื้นที่,ภูมิศาสตร์และอาณาบริเวณ,เขตปกครองและภูมิภาค,place,historical_spatial
ออกศึก,การยกกองทัพไปทำสงครามหรือการแสดงฉากรบ,บริบทเชิงประวัติศาสตร์ ภูมิศาสตร์ และพื้นที่,ยุคสมัยและเหตุการณ์สำคัญ,ลำดับเวลาและประวัติศาสตร์การสงคราม,concept,historical_spatial
พระแม่คงคา,เทวีแห่งแม่น้ำตามคติความเชื่อพราหมณ์-ฮินดู,พิธีกรรม ความเชื่อ และจารีตวัฒนธรรม,ระบบความเชื่อและศาสนา,คติทางศาสนาและสิ่งศักดิ์สิทธิ์,deity,ritual_belief
กลอุบาย,วิธีการหรือเล่ห์เหลี่ยมที่ใช้ในการทำสงครามหรือแก้ปัญหาในวรรณกรรม,ศิลปะการแสดงและดนตรี,บุคลากรและทักษะทางศิลปะ,กลวิธีและสมรรถนะการแสดง,music,performing_arts
พระอุมา,พระชายาของพระศิวะ เป็นเทพีแห่งอำนาจวาสนาและบารมี,วรรณคดีและสิ่งมีชีวิตเชิงตำนาน,นามานุกรมและประเภทตัวละคร,เทวปกรณ์ อสูร และอมนุษย์,character,performing_arts
คำร้อง,เนื้อหาหรือถ้อยคำที่ใช้ขับร้องในบทเพลง,ศิลปะการแสดงและดนตรี,ดุริยางคศิลป์และคีตศิลป์,ระเบียบวิธีทางดนตรีและประเภทบทเพลง,music,performing_arts
สมทบ,การเพิ่มกำลังหรือรวมกำลังเข้าด้วยกันในการสงคราม,บริบทเชิงประวัติศาสตร์ ภูมิศาสตร์ และพื้นที่,ยุคสมัยและเหตุการณ์สำคัญ,ลำดับเวลาและประวัติศาสตร์การสงคราม,concept,historical_spatial
ทัพหน้า,กองกำลังที่ทำหน้าที่เป็นหน่วยหน้าในการรบ,บริบทเชิงประวัติศาสตร์ ภูมิศาสตร์ และพื้นที่,ยุคสมัยและเหตุการณ์สำคัญ,ลำดับเวลาและประวัติศาสตร์การสงคราม,concept,historical_spatial
ฟาดฟัน,การใช้อาวุธต่อสู้กันอย่างรุนแรง,บริบทเชิงประวัติศาสตร์ ภูมิศาสตร์ และพื้นที่,ยุคสมัยและเหตุการณ์สำคัญ,ลำดับเวลาและประวัติศาสตร์การสงคราม,concept,historical_spatial
เต้นสาก,การละเล่นพื้นบ้านที่ใช้ไม้สากกระทบกันเป็นจังหวะแล้วกระโดดข้าม,ศิลปะการแสดงและดนตรี,นาฏยศิลป์และการแสดง,รูปแบบการแสดงและนาฏศิลป์ท้องถิ่น,music,performing_arts
บอกทาง,การขับร้องหรือบอกบทในการแสดงเพื่อดำเนินเรื่อง,ศิลปะการแสดงและดนตรี,บุคลากรและทักษะทางศิลปะ,กลวิธีและสมรรถนะการแสดง,music,performing_arts
การตีกลอง,การใช้อุปกรณ์เคาะลงบนเครื่องดนตรีประเภทหนังเพื่อให้เกิดเสียง,ศิลปะการแสดงและดนตรี,ดุริยางคศิลป์และคีตศิลป์,เครื่องดนตรีและวงดนตรี,music,performing_arts
นางรื่น,ชื่อตัวละครพี่เลี้ยงในวรรณคดีเรื่องลิลิตพระลอ,วรรณคดีและสิ่งมีชีวิตเชิงตำนาน,นามานุกรมและประเภทตัวละคร,ตัวละครหลักและบทบาทในบทละคร,character,performing_arts
ย่านาง,ชื่อพรรณไม้ชนิดหนึ่งที่นิยมใช้ประกอบอาหารและเป็นสมุนไพร,กลุ่มชาติพันธุ์ ชุมชน และวิถีชีวิต,วิถีชีวิตและพฤติกรรมทางสังคม,จารีตการปฏิบัติและพรรณไม้ในวิถีชีวิต,community,community_life
ช้างเอราวัณ,ช้างพาหนะของพระอินทร์ในเทวปกรณ์,วรรณคดีและสิ่งมีชีวิตเชิงตำนาน,นามานุกรมและประเภทตัวละคร,เทวปกรณ์ อสูร และอมนุษย์,character,performing_arts
กราบทูล,การพูดหรือรายงานต่อเจ้านายหรือเชื้อพระวงศ์,วรรณคดีและสิ่งมีชีวิตเชิงตำนาน,สถานภาพและลำดับชั้นทางสังคมในวรรณกรรม,ฐานันดรศักดิ์และระบบเครือญาติ,concept,general
สมรภูมิ,พื้นที่หรือสนามที่ใช้ในการสู้รบ,บริบทเชิงประวัติศาสตร์ ภูมิศาสตร์ และพื้นที่,ภูมิศาสตร์และอาณาบริเวณ,พื้นที่ในคติความเชื่อและประวัติศาสตร์,concept,historical_spatial
หมดแรง,สภาวะที่ร่างกายสูญเสียกำลังจากการทำงานหรือการต่อสู้,กลุ่มชาติพันธุ์ ชุมชน และวิถีชีวิต,วิถีชีวิตและพฤติกรรมทางสังคม,จารีตการปฏิบัติและพรรณไม้ในวิถีชีวิต,community,community_life
ตำนาน,เรื่องราวที่เล่าสืบต่อกันมาเกี่ยวกับบุคคลหรือสถานที่ในอดีต,พิธีกรรม ความเชื่อ และจารีตวัฒนธรรม,ระบบความเชื่อและศาสนา,คติทางศาสนาและสิ่งศักดิ์สิทธิ์,deity,ritual_belief
รังควาญ,การรบกวนหรือทำให้เดือดร้อนด้วยอำนาจเหนือธรรมชาติหรือภูตผี,พิธีกรรม ความเชื่อ และจารีตวัฒนธรรม,คติความเชื่อและไสยศาสตร์,การขจัดปัดเป่าและอำนาจเหนือธรรมชาติ,mythical_being,ritual_belief
ลำเพลิน,รูปแบบการขับร้องหมอลำประเภทหนึ่งที่มีจังหวะสนุกสนาน,ศิลปะการแสดงและดนตรี,ดุริยางคศิลป์และคีตศิลป์,ระเบียบวิธีทางดนตรีและประเภทบทเพลง,music,performing_arts
ไทยจีน,กลุ่มคนที่มีเชื้อสายผสมระหว่างไทยและจีน หรือวัฒนธรรมที่ผสมผสานระหว่างสองชาติ,กลุ่มชาติพันธุ์ ชุมชน และวิถีชีวิต,อัตลักษณ์ทางสังคมและกลุ่มคน,กลุ่มชาติพันธุ์และชุมชนท้องถิ่น,community,community_life
ปัตตานี,ชื่อจังหวัดและพื้นที่ทางประวัติศาสตร์ในภาคใต้ของประเทศไทย,บริบทเชิงประวัติศาสตร์ ภูมิศาสตร์ และพื้นที่,ภูมิศาสตร์และอาณาบริเวณ,เขตปกครองและภูมิภาค,place,historical_spatial
ขับร้อง,การเปล่งเสียงเป็นทำนองเพลงตามระเบียบวิธีทางดนตรี,ศิลปะการแสดงและดนตรี,ดุริยางคศิลป์และคีตศิลป์,ระเบียบวิธีทางดนตรีและประเภทบทเพลง,music,performing_arts
ผู้มีพระคุณ,บุคคลที่มีความสำคัญและมีบุญคุณต่อผู้อื่นตามจารีตทางสังคม,กลุ่มชาติพันธุ์ ชุมชน และวิถีชีวิต,โครงสร้างสังคมและบุคคลสำคัญ,ฐานันดรศักดิ์และบทบาททางสังคม,community,community_life
บริวาร,ผู้ติดตามหรือผู้รับใช้ที่อยู่ในสังกัดหรือความดูแล,กลุ่มชาติพันธุ์ ชุมชน และวิถีชีวิต,โครงสร้างสังคมและบุคคลสำคัญ,ฐานันดรศักดิ์และบทบาททางสังคม,community,community_life
กุณฑล,เครื่องประดับหูหรือต่างหู มักใช้ในบริบทของเครื่องทรงกษัตริย์หรือตัวละครในวรรณคดี,วัฒนธรรมวัตถุ ศิลปกรรม และงานช่าง,พัสตราภรณ์และเครื่องแต่งกาย,ระเบียบการแต่งกายและอาวุธจำลอง,artifact,material_culture
พระสังข์,ตัวละครเอกในวรรณคดีเรื่องสังข์ทอง,วรรณคดีและสิ่งมีชีวิตเชิงตำนาน,นามานุกรมและประเภทตัวละคร,ตัวละครหลักและบทบาทในบทละคร,character,performing_arts
กระทบไม้,การละเล่นหรือการแสดงที่ใช้ไม้ไผ่กระทบกันเป็นจังหวะ,ศิลปะการแสดงและดนตรี,นาฏยศิลป์และการแสดง,รูปแบบการแสดงและนาฏศิลป์ท้องถิ่น,music,performing_arts
ริมแม่น้ำ,พื้นที่บริเวณชายฝั่งหรือขอบของลำน้ำ,บริบทเชิงประวัติศาสตร์ ภูมิศาสตร์ และพื้นที่,ภูมิศาสตร์และอาณาบริเวณ,เขตปกครองและภูมิภาค,place,historical_spatial
ออกเดินทาง,การเริ่มเคลื่อนที่จากที่หนึ่งไปยังอีกที่หนึ่งตามจารีตการปฏิบัติ,กลุ่มชาติพันธุ์ ชุมชน และวิถีชีวิต,วิถีชีวิตและพฤติกรรมทางสังคม,จารีตการปฏิบัติและพรรณไม้ในวิถีชีวิต,community,community_life
มเหสี,ตำแหน่งพระชายาของพระมหากษัตริย์ในวรรณคดีหรือประวัติศาสตร์,วรรณคดีและสิ่งมีชีวิตเชิงตำนาน,สถานภาพและลำดับชั้นทางสังคมในวรรณกรรม,ฐานันดรศักดิ์และระบบเครือญาติ,concept,general
การขับร้อง,กระบวนการเปล่งเสียงเป็นทำนองตามหลักดุริยางคศิลป์,ศิลปะการแสดงและดนตรี,ดุริยางคศิลป์และคีตศิลป์,ระเบียบวิธีทางดนตรีและประเภทบทเพลง,music,performing_arts
เพลงชาวไทย,บทเพลงที่มีลักษณะเฉพาะของกลุ่มคนไทยหรือเพลงพื้นบ้าน,ศิลปะการแสดงและดนตรี,ดุริยางคศิลป์และคีตศิลป์,ระเบียบวิธีทางดนตรีและประเภทบทเพลง,music,performing_arts
ตารีกีปัส,การแสดงนาฏศิลป์พื้นเมืองภาคใต้ที่ใช้พัดเป็นอุปกรณ์ประกอบ,ศิลปะการแสดงและดนตรี,นาฏยศิลป์และการแสดง,รูปแบบการแสดงและนาฏศิลป์ท้องถิ่น,music,performing_arts
งานประติมากรรม,ผลงานศิลปะที่สร้างขึ้นด้วยการปั้น แกะสลัก หรือหล่อ,วัฒนธรรมวัตถุ ศิลปกรรม และงานช่าง,ประณีตศิลป์และทัศนศิลป์,งานช่างศิลปกรรมและเทคนิควิธี,artifact,material_culture
ฟันปลา,ลวดลายไทยที่มีลักษณะเป็นสามเหลี่ยมหยักสลับกันคล้ายฟันของปลา,วัฒนธรรมวัตถุ ศิลปกรรม และงานช่าง,ประณีตศิลป์และทัศนศิลป์,งานช่างศิลปกรรมและเทคนิควิธี,artifact,material_culture
เมืองชมพู,ชื่อเมืองในวรรณคดีหรือดินแดนในคติความเชื่อทางพุทธศาสนา (ชมพูทวีป),บริบทเชิงประวัติศาสตร์ ภูมิศาสตร์ และพื้นที่,ภูมิศาสตร์และอาณาบริเวณ,พื้นที่ในคติความเชื่อและประวัติศาสตร์,place,historical_spatial
สิ้นชีพ,คำราชาศัพท์หรือภาษาเขียนหมายถึงการตาย ใช้กับบุคคลที่มีฐานันดรศักดิ์,กลุ่มชาติพันธุ์ ชุมชน และวิถีชีวิต,โครงสร้างสังคมและบุคคลสำคัญ,ฐานันดรศักดิ์และบทบาททางสังคม,community,community_life
วันวาน,ช่วงเวลาที่ล่วงเลยมาแล้วในอดีต,บริบทเชิงประวัติศาสตร์ ภูมิศาสตร์ และพื้นที่,ยุคสมัยและเหตุการณ์สำคัญ,ลำดับเวลาและประวัติศาสตร์การสงคราม,concept,historical_spatial
พิธีทางศาสนา,ระเบียบแบบแผนที่ปฏิบัติในวันสำคัญหรือเหตุการณ์สำคัญทางศาสนา,พิธีกรรม ความเชื่อ และจารีตวัฒนธรรม,จารีตประเพณีและพิธีกรรม,พิธีการสำคัญและจารีตทางสังคม,ritual,ritual_belief
ล้านนา,อาณาจักรทางภาคเหนือของไทยในอดีตและกลุ่มวัฒนธรรมเฉพาะตัว,บริบทเชิงประวัติศาสตร์ ภูมิศาสตร์ และพื้นที่,ภูมิศาสตร์และอาณาบริเวณ,เขตปกครองและภูมิภาค,place,historical_spatial
อวตาร,การที่เทพเจ้าแบ่งภาคลงมาเกิดในโลกมนุษย์ตามคติพราหมณ์-ฮินดู,วรรณคดีและสิ่งมีชีวิตเชิงตำนาน,นามานุกรมและประเภทตัวละคร,เทวปกรณ์ อสูร และอมนุษย์,character,performing_arts
เทวดา,กายทิพย์ที่มีบุญบารมี อาศัยอยู่ในสรวงสวรรค์,วรรณคดีและสิ่งมีชีวิตเชิงตำนาน,นามานุกรมและประเภทตัวละคร,เทวปกรณ์ อสูร และอมนุษย์,character,performing_arts
ตารี,คำในภาษามาลายูหมายถึงการร่ายรำ มักใช้เรียกศิลปะการแสดงในแถบภาคใต้,ศิลปะการแสดงและดนตรี,นาฏยศิลป์และการแสดง,รูปแบบการแสดงและนาฏศิลป์ท้องถิ่น,music,performing_arts
กองไฟ,กลุ่มไฟที่ก่อขึ้นเพื่อใช้ในกิจกรรมต่างๆ หรือในพิธีกรรม,กลุ่มชาติพันธุ์ ชุมชน และวิถีชีวิต,วิถีชีวิตและพฤติกรรมทางสังคม,จารีตการปฏิบัติและพรรณไม้ในวิถีชีวิต,community,community_life
ปราสาทพนมรุ้ง,โบราณสถานศิลปะขอมตั้งอยู่บนยอดเขาพนมรุ้ง จังหวัดบุรีรัมย์,วัฒนธรรมวัตถุ ศิลปกรรม และงานช่าง,สถาปัตยกรรมและพุทธศิลป์,ศาสนสถานและปูชนียวัตถุ,artifact,material_culture
อิทธิฤทธิ์,อำนาจวิเศษที่เกิดจากบุญฤทธิ์หรืออาคม,พิธีกรรม ความเชื่อ และจารีตวัฒนธรรม,คติความเชื่อและไสยศาสตร์,การขจัดปัดเป่าและอำนาจเหนือธรรมชาติ,mythical_being,ritual_belief
สิ้นชีวิต,การตายหรือการหมดอายุขัยของบุคคลทั่วไป,กลุ่มชาติพันธุ์ ชุมชน และวิถีชีวิต,วิถีชีวิตและพฤติกรรมทางสังคม,จารีตการปฏิบัติและพรรณไม้ในวิถีชีวิต,community,community_life
กลับบ้าน,การเดินทางคืนสู่ที่พำนักเดิมหรือถิ่นกำเนิด,กลุ่มชาติพันธุ์ ชุมชน และวิถีชีวิต,วิถีชีวิตและพฤติกรรมทางสังคม,จารีตการปฏิบัติและพรรณไม้ในวิถีชีวิต,community,community_life
เพลงลาวคำหอม,ชื่อเพลงไทยเดิมที่มีทำนองไพเราะและเป็นที่นิยม,ศิลปะการแสดงและดนตรี,ดุริยางคศิลป์และคีตศิลป์,ระเบียบวิธีทางดนตรีและประเภทบทเพลง,music,performing_arts
เครื่องประกอบจังหวะ,เครื่องดนตรีที่ใช้สำหรับกำกับจังหวะในการบรรเลงเพลง,ศิลปะการแสดงและดนตรี,ดุริยางคศิลป์และคีตศิลป์,เครื่องดนตรีและวงดนตรี,music,performing_arts
พระพรหม,เทพเจ้าผู้สร้างโลกตามคติพราหมณ์-ฮินดู,พิธีกรรม ความเชื่อ และจารีตวัฒนธรรม,ระบบความเชื่อและศาสนา,คติทางศาสนาและสิ่งศักดิ์สิทธิ์,deity,ritual_belief
ทอผ้า,กระบวนการผลิตผืนผ้าด้วยการขัดประสานเส้นด้าย,กลุ่มชาติพันธุ์ ชุมชน และวิถีชีวิต,วิถีชีวิตและระบบเศรษฐกิจ,การประกอบอาชีพและโภชนาการ,artifact,material_culture
พลลิง,กองทัพวานรที่เป็นบริวารของพระรามในเรื่องรามเกียรติ์,วรรณคดีและสิ่งมีชีวิตเชิงตำนาน,นามานุกรมและประเภทตัวละคร,ตัวละครหลักและบทบาทในบทละคร,character,performing_arts
พระสวามี,คำราชาศัพท์หมายถึงสามีหรือเจ้าเหนือหัว,วรรณคดีและสิ่งมีชีวิตเชิงตำนาน,สถานภาพและลำดับชั้นทางสังคมในวรรณกรรม,ฐานันดรศักดิ์และระบบเครือญาติ,concept,general
แม่น้ำโขง,แม่น้ำสายสำคัญในภูมิภาคเอเชียตะวันออกเฉียงใต้,บริบทเชิงประวัติศาสตร์ ภูมิศาสตร์ และพื้นที่,ภูมิศาสตร์และอาณาบริเวณ,เขตปกครองและภูมิภาค,place,historical_spatial
กองทัพ,กลุ่มกำลังทหารที่จัดตั้งขึ้นเพื่อการสงคราม,บริบทเชิงประวัติศาสตร์ ภูมิศาสตร์ และพื้นที่,ยุคสมัยและเหตุการณ์สำคัญ,ลำดับเวลาและประวัติศาสตร์การสงคราม,concept,historical_spatial
ไพฑูรย์,อัญมณีสีเหลืองแกมเขียวหรือที่เรียกว่าเพชรตาแมว,วัฒนธรรมวัตถุ ศิลปกรรม และงานช่าง,วัสดุและอัญมณี,วัสดุธรรมชาติและรัตนชาติ,artifact,material_culture
ลอยน้ำ,การทรงตัวอยู่บนผิวน้ำโดยไม่จม,กลุ่มชาติพันธุ์ ชุมชน และวิถีชีวิต,วิถีชีวิตและพฤติกรรมทางสังคม,จารีตการปฏิบัติและพรรณไม้ในวิถีชีวิต,community,community_life
หน้าบัน,องค์ประกอบสถาปัตยกรรมไทยที่อยู่ส่วนบนของผนังหุ้มกลอง,วัฒนธรรมวัตถุ ศิลปกรรม และงานช่าง,สถาปัตยกรรมและพุทธศิลป์,ศาสนสถานและปูชนียวัตถุ,artifact,material_culture
กรุงเทพ,เมืองหลวงของประเทศไทย,บริบทเชิงประวัติศาสตร์ ภูมิศาสตร์ และพื้นที่,ภูมิศาสตร์และอาณาบริเวณ,เขตปกครองและภูมิภาค,deity,historical_spatial
นางกินรี,อมนุษย์ที่มีร่างกายท่อนบนเป็นมนุษย์และท่อนล่างเป็นนก,วรรณคดีและสิ่งมีชีวิตเชิงตำนาน,นามานุกรมและประเภทตัวละคร,เทวปกรณ์ อสูร และอมนุษย์,character,performing_arts
การรบ,การต่อสู้กันด้วยกำลังอาวุธในสงคราม,บริบทเชิงประวัติศาสตร์ ภูมิศาสตร์ และพื้นที่,ยุคสมัยและเหตุการณ์สำคัญ,ลำดับเวลาและประวัติศาสตร์การสงคราม,concept,historical_spatial
วานรินทร์,พญาวานรหรือผู้เป็นใหญ่ในหมู่ลิง,วรรณคดีและสิ่งมีชีวิตเชิงตำนาน,นามานุกรมและประเภทตัวละคร,ตัวละครหลักและบทบาทในบทละคร,character,performing_arts
ไฟไหม้,เหตุการณ์เพลิงไหม้ที่สร้างความเสียหาย,บริบทเชิงประวัติศาสตร์ ภูมิศาสตร์ และพื้นที่,ยุคสมัยและเหตุการณ์สำคัญ,ลำดับเวลาและประวัติศาสตร์การสงคราม,concept,historical_spatial
ออกรบ,การยกกองทัพออกไปทำสงครามหรือต่อสู้กับข้าศึก,บริบทเชิงประวัติศาสตร์ ภูมิศาสตร์ และพื้นที่,ยุคสมัยและเหตุการณ์สำคัญ,ลำดับเวลาและประวัติศาสตร์การสงคราม,concept,historical_spatial
กลุ่มชาติพันธุ์,กลุ่มคนที่มีวัฒนธรรม ภาษา และประวัติศาสตร์ร่วมกัน,กลุ่มชาติพันธุ์ ชุมชน และวิถีชีวิต,อัตลักษณ์ทางสังคมและกลุ่มคน,กลุ่มชาติพันธุ์และชุมชนท้องถิ่น,community,community_life
ขี่ม้า,การบังคับและโดยสารบนหลังม้าเพื่อการเดินทางหรือการรบ,กลุ่มชาติพันธุ์ ชุมชน และวิถีชีวิต,วิถีชีวิตและพฤติกรรมทางสังคม,จารีตการปฏิบัติและพรรณไม้ในวิถีชีวิต,community,community_life
น้ำมันยาง,น้ำมันที่ได้จากการเจาะต้นยางนา ใช้ในงานช่างและอุตสาหกรรมพื้นบ้าน,วัฒนธรรมวัตถุ ศิลปกรรม และงานช่าง,วัสดุและอัญมณี,วัสดุธรรมชาติและรัตนชาติ,artifact,material_culture
มีฤทธิ์,การมีอำนาจวิเศษหรือพลังเหนือธรรมชาติ,พิธีกรรม ความเชื่อ และจารีตวัฒนธรรม,คติความเชื่อและไสยศาสตร์,การขจัดปัดเป่าและอำนาจเหนือธรรมชาติ,mythical_being,ritual_belief
ฉลองพระองค์,เครื่องแต่งกายสำหรับพระมหากษัตริย์และเจ้านาย,วัฒนธรรมวัตถุ ศิลปกรรม และงานช่าง,พัสตราภรณ์และเครื่องแต่งกาย,ระเบียบการแต่งกายและอาวุธจำลอง,artifact,material_culture
สมัยสุโขทัย,ช่วงเวลาทางประวัติศาสตร์ของอาณาจักรสุโขทัย,บริบทเชิงประวัติศาสตร์ ภูมิศาสตร์ และพื้นที่,ยุคสมัยและเหตุการณ์สำคัญ,ลำดับเวลาและประวัติศาสตร์การสงคราม,concept,historical_spatial
พระอินทร์,เทพเจ้าผู้เป็นใหญ่ในสวรรค์ชั้นดาวดึงส์ตามคติพุทธและพราหมณ์,วรรณคดีและสิ่งมีชีวิตเชิงตำนาน,นามานุกรมและประเภทตัวละคร,เทวปกรณ์ อสูร และอมนุษย์,character,performing_arts
การต่อสู้,การใช้กำลังเข้าประทะกันเพื่อเอาชนะ,ศิลปะการแสดงและดนตรี,บุคลากรและทักษะทางศิลปะ,กลวิธีและสมรรถนะการแสดง,music,performing_arts
พระนิพนธ์,ผลงานการเขียนหรือแต่งหนังสือของเจ้านาย,วรรณคดีและสิ่งมีชีวิตเชิงตำนาน,นามานุกรมและประเภทตัวละคร,ตัวละครหลักและบทบาทในบทละคร,character,performing_arts
การโปรย,กริยาการซัดหรือหว่านสิ่งของ เช่น ดอกไม้ ในพิธีกรรม,พิธีกรรม ความเชื่อ และจารีตวัฒนธรรม,จารีตประเพณีและพิธีกรรม,พิธีการสำคัญและจารีตทางสังคม,ritual,ritual_belief
ดาวดึงส์,ชื่อสวรรค์ชั้นที่ 2 ซึ่งเป็นที่สถิตของพระอินทร์,บริบทเชิงประวัติศาสตร์ ภูมิศาสตร์ และพื้นที่,ภูมิศาสตร์และอาณาบริเวณ,พื้นที่ในคติความเชื่อและประวัติศาสตร์,concept,historical_spatial
กลางคืน,ช่วงเวลาตั้งแต่ค่ำจนถึงเช้า,กลุ่มชาติพันธุ์ ชุมชน และวิถีชีวิต,วิถีชีวิตและพฤติกรรมทางสังคม,จารีตการปฏิบัติและพรรณไม้ในวิถีชีวิต,community,community_life
เพลงฟ้อนดวงดอกไม้,ชื่อบทเพลงประกอบการรำฟ้อนที่มีเนื้อหาเกี่ยวกับดอกไม้,ศิลปะการแสดงและดนตรี,ดุริยางคศิลป์และคีตศิลป์,ระเบียบวิธีทางดนตรีและประเภทบทเพลง,music,performing_arts
ดนตรีไทย,ศิลปะแห่งเสียงที่จัดทำขึ้นตามจารีตวัฒนธรรมไทย,ศิลปะการแสดงและดนตรี,ดุริยางคศิลป์และคีตศิลป์,เครื่องดนตรีและวงดนตรี,music,performing_arts
ชาวภูไท,กลุ่มชาติพันธุ์ตระกูลไท-กะไดที่มีเอกลักษณ์ด้านการแต่งกายและภาษา มีถิ่นฐานเดิมในแคว้นสิบสองจุไทย,กลุ่มชาติพันธุ์ ชุมชน และวิถีชีวิต,อัตลักษณ์ทางสังคมและกลุ่มคน,กลุ่มชาติพันธุ์และชุมชนท้องถิ่น,community,community_life
องคต,ตัวละครในเรื่องรามเกียรติ์ เป็นบุตรของพาลีกับนางมณโฑ มีบทบาทเป็นทหารเอกของพระราม,วรรณคดีและสิ่งมีชีวิตเชิงตำนาน,นามานุกรมและประเภทตัวละคร,ตัวละครหลักและบทบาทในบทละคร,character,performing_arts
ลาวเวียง,กลุ่มชาวลาวที่อพยพมาจากเวียงจันทน์ในสมัยรัตนโกสินทร์ตอนต้น กระจายตัวอยู่ในภาคกลางของไทย,กลุ่มชาติพันธุ์ ชุมชน และวิถีชีวิต,อัตลักษณ์ทางสังคมและกลุ่มคน,กลุ่มชาติพันธุ์และชุมชนท้องถิ่น,community,community_life
ละครเสภา,ศิลปะการแสดงที่พัฒนามาจากการขับเสภา โดยมีการแสดงเป็นเรื่องราวและใช้ปี่พาทย์ประกอบ,ศิลปะการแสดงและดนตรี,นาฏยศิลป์และการแสดง,รูปแบบการแสดงและนาฏศิลป์ท้องถิ่น,music,performing_arts
มวยโบราณ,ศิลปะการต่อสู้ด้วยมือเปล่าของไทยที่มีมาแต่โบราณ มีท่าทางและเอกลักษณ์ตามแต่ละท้องถิ่น,ศิลปะการแสดงและดนตรี,บุคลากรและทักษะทางศิลปะ,กลวิธีและสมรรถนะการแสดง,music,performing_arts
ป้องกันตัว,ทักษะหรือกลวิธีในการใช้ร่างกายหรืออาวุธเพื่อปกป้องตนเองจากการถูกทำร้าย,ศิลปะการแสดงและดนตรี,บุคลากรและทักษะทางศิลปะ,กลวิธีและสมรรถนะการแสดง,music,performing_arts
ลิลิตพระลอ,วรรณคดีประเภทลิลิตที่มีเนื้อหาเกี่ยวกับความรักอมตะระหว่างพระลอ พระเพื่อน และพระแพง,วรรณคดีและสิ่งมีชีวิตเชิงตำนาน,นามานุกรมและประเภทตัวละคร,ตัวละครหลักและบทบาทในบทละคร,character,performing_arts
อยุธยา,ราชธานีเก่าของไทยและชื่อจังหวัดในปัจจุบัน มีความสำคัญทางประวัติศาสตร์และโบราณคดี,บริบทเชิงประวัติศาสตร์ ภูมิศาสตร์ และพื้นที่,ภูมิศาสตร์และอาณาบริเวณ,เขตปกครองและภูมิภาค,place,historical_spatial
หน่อไม้,ส่วนของหน่ออ่อนของไผ่ที่นำมาปรุงเป็นอาหาร เป็นวัตถุดิบสำคัญในวิถีชีวิตไทย,กลุ่มชาติพันธุ์ ชุมชน และวิถีชีวิต,วิถีชีวิตและระบบเศรษฐกิจ,การประกอบอาชีพและโภชนาการ,community,community_life
รำมาตรฐาน,ชุดการแสดงนาฏศิลป์ไทยที่กรมศิลปากรปรับปรุงมาจากรำโทน เพื่อให้เป็นแบบแผนเดียวกัน,ศิลปะการแสดงและดนตรี,นาฏยศิลป์และการแสดง,กระบวนท่ารำและจารีตการแสดง,music,performing_arts
จองถนน,ตอนหนึ่งในเรื่องรามเกียรติ์ที่หนุมานและนิลพัทนำพลลิงถมหินสร้างทางข้ามไปกรุงลงกา,วรรณคดีและสิ่งมีชีวิตเชิงตำนาน,นามานุกรมและประเภทตัวละคร,ตัวละครหลักและบทบาทในบทละคร,character,performing_arts
ทหารเอก,ตำแหน่งหรือบทบาทของนักรบที่มีฝีมือเก่งกล้าที่สุดและเป็นที่ไว้วางใจของกษัตริย์ในวรรณคดี,วรรณคดีและสิ่งมีชีวิตเชิงตำนาน,สถานภาพและลำดับชั้นทางสังคมในวรรณกรรม,ฐานันดรศักดิ์และระบบเครือญาติ,concept,general
สอดแทรก,ชื่อท่ารำแม่บทท่าหนึ่งในนาฏศิลป์ไทย มีลักษณะการสอดมือและเคลื่อนไหวอย่างต่อเนื่อง,ศิลปะการแสดงและดนตรี,นาฏยศิลป์และการแสดง,กระบวนท่ารำและจารีตการแสดง,music,performing_arts
นางพญาคำปิน,ตัวละครในวรรณคดีเรื่องลิลิตพระลอ เป็นพระราชมารดาของพระเพื่อนและพระแพง,วรรณคดีและสิ่งมีชีวิตเชิงตำนาน,นามานุกรมและประเภทตัวละคร,ตัวละครหลักและบทบาทในบทละคร,character,performing_arts
ท้าวพิชัยพิษณุกร,ตัวละครในวรรณคดีเรื่องลิลิตพระลอ เป็นพระราชบิดาของพระเพื่อนและพระแพง,วรรณคดีและสิ่งมีชีวิตเชิงตำนาน,นามานุกรมและประเภทตัวละคร,ตัวละครหลักและบทบาทในบทละคร,character,performing_arts
เพลงดวงจันทร์วันเพ็ญ,ชื่อบทเพลงไทยเดิมที่มีท่วงทำนองอ่อนหวาน นิยมใช้ประกอบการแสดงหรือบรรเลงในวาระมงคล,ศิลปะการแสดงและดนตรี,ดุริยางคศิลป์และคีตศิลป์,ระเบียบวิธีทางดนตรีและประเภทบทเพลง,music,performing_arts
นิ้วเพชร,นิ้วที่มีอำนาจวิเศษของนนทกที่ได้รับประทานจากพระอิศวร สามารถชี้ให้ผู้ใดตายก็ได้,พิธีกรรม ความเชื่อ และจารีตวัฒนธรรม,คติความเชื่อและไสยศาสตร์,การขจัดปัดเป่าและอำนาจเหนือธรรมชาติ,mythical_being,ritual_belief
ขีดขิน,ชื่อเมืองในวรรณคดีเรื่องรามเกียรติ์ เป็นเมืองของพญาวานร,บริบทเชิงประวัติศาสตร์ ภูมิศาสตร์ และพื้นที่,ภูมิศาสตร์และอาณาบริเวณ,พื้นที่ในคติความเชื่อและประวัติศาสตร์,concept,historical_spatial
พื้นบ้านภาคใต้,สิ่งที่เกี่ยวข้องกับวิถีชีวิต ศิลปะ หรือวัฒนธรรมเฉพาะถิ่นของประชากรในภูมิภาคตอนใต้ของไทย,ศิลปะการแสดงและดนตรี,นาฏยศิลป์และการแสดง,รูปแบบการแสดงและนาฏศิลป์ท้องถิ่น,music,performing_arts
พิเภก,ตัวละครในเรื่องรามเกียรติ์ เป็นน้องของทศกัณฐ์ มีความเชี่ยวชาญด้านโหราศาสตร์,วรรณคดีและสิ่งมีชีวิตเชิงตำนาน,นามานุกรมและประเภทตัวละคร,ตัวละครหลักและบทบาทในบทละคร,character,performing_arts
ไทยดุสิต,หนึ่งในชุดไทยพระราชนิยมสำหรับสตรี ใช้ในงานพิธีกลางคืน,วัฒนธรรมวัตถุ ศิลปกรรม และงานช่าง,พัสตราภรณ์และเครื่องแต่งกาย,ระเบียบการแต่งกายและอาวุธจำลอง,artifact,material_culture
การดีด,วิธีการบรรเลงเครื่องดนตรีประเภทเครื่องสายโดยใช้นิ้วหรืออุปกรณ์เขี่ยสายให้เกิดเสียง,ศิลปะการแสดงและดนตรี,บุคลากรและทักษะทางศิลปะ,กลวิธีและสมรรถนะการแสดง,music,performing_arts
ขุนแผน,ตัวละครเอกในวรรณคดีเรื่องเสภาขุนช้างขุนแผน มีความเก่งกาจด้านการรบและอาคม,วรรณคดีและสิ่งมีชีวิตเชิงตำนาน,นามานุกรมและประเภทตัวละคร,ตัวละครหลักและบทบาทในบทละคร,character,performing_arts
รัชฎา,คำเรียกเงินหรือความรุ่งเรือง มักปรากฏในชื่อเฉพาะหรือบรรดาศักดิ์,วัฒนธรรมวัตถุ ศิลปกรรม และงานช่าง,วัสดุและอัญมณี,วัสดุธรรมชาติและรัตนชาติ,artifact,material_culture
ท้าวลัสเตียน,เจ้าเมืองลงกาองค์ที่ 2 ในเรื่องรามเกียรติ์ เป็นบิดาของทศกัณฐ์,วรรณคดีและสิ่งมีชีวิตเชิงตำนาน,นามานุกรมและประเภทตัวละคร,เทวปกรณ์ อสูร และอมนุษย์,character,performing_arts
พระอิศวร,เทพเจ้าสูงสุดองค์หนึ่งในศาสนาพราหมณ์-ฮินดู ผู้เป็นเจ้าแห่งการทำลายและสร้างสรรค์,พิธีกรรม ความเชื่อ และจารีตวัฒนธรรม,ระบบความเชื่อและศาสนา,คติทางศาสนาและสิ่งศักดิ์สิทธิ์,deity,ritual_belief
เขี้ยวแก้ว,ฟันที่เป็นแก้วหรือสิ่งศักดิ์สิทธิ์ มักเป็นลักษณะมงคลของตัวละครสำคัญหรือพระบรมสารีริกธาตุ,วัฒนธรรมวัตถุ ศิลปกรรม และงานช่าง,สถาปัตยกรรมและพุทธศิลป์,ศาสนสถานและปูชนียวัตถุ,artifact,material_culture
กิจจะ,ภาระ หน้าที่ หรือสิ่งที่พึงกระทำตามจารีต,พิธีกรรม ความเชื่อ และจารีตวัฒนธรรม,จารีตประเพณีและพิธีกรรม,พิธีการสำคัญและจารีตทางสังคม,ritual,ritual_belief
ตะเขิ่ง,คำโบราณหมายถึงความรุ่งเรือง หรืออาจหมายถึงชื่อเฉพาะในประวัติศาสตร์ท้องถิ่น,กลุ่มชาติพันธุ์ ชุมชน และวิถีชีวิต,โครงสร้างสังคมและบุคคลสำคัญ,ฐานันดรศักดิ์และบทบาททางสังคม,community,community_life
ภาคกลาง,พื้นที่บริเวณลุ่มแม่น้ำเจ้าพระยาซึ่งเป็นศูนย์กลางการปกครองและวัฒนธรรมหลักของไทย,บริบทเชิงประวัติศาสตร์ ภูมิศาสตร์ และพื้นที่,ภูมิศาสตร์และอาณาบริเวณ,เขตปกครองและภูมิภาค,place,historical_spatial
ขอขมา,การกล่าวคำขอโทษหรือแสดงกิริยาเพื่อขอให้ยกโทษให้ในสิ่งที่ได้ล่วงเกิน,พิธีกรรม ความเชื่อ และจารีตวัฒนธรรม,จารีตประเพณีและพิธีกรรม,พิธีการสำคัญและจารีตทางสังคม,ritual,ritual_belief
ภาคตะวันออกเฉียงเหนือ,ภูมิภาคหนึ่งของประเทศไทย ตั้งอยู่บนที่ราบสูงโคราช,บริบทเชิงประวัติศาสตร์ ภูมิศาสตร์ และพื้นที่,ภูมิศาสตร์และอาณาบริเวณ,เขตปกครองและภูมิภาค,place,historical_spatial
มลายู,กลุ่มชาติพันธุ์ที่อาศัยอยู่บริเวณคาบสมุทรมลายูและทางตอนใต้ของไทย,กลุ่มชาติพันธุ์ ชุมชน และวิถีชีวิต,อัตลักษณ์ทางสังคมและกลุ่มคน,กลุ่มชาติพันธุ์และชุมชนท้องถิ่น,community,community_life
ไทยทรงดำ,กลุ่มชาติพันธุ์ไทยสาขาหนึ่ง เดิมมีถิ่นฐานอยู่ในดินแดนเดียนเบียนฟู มีเอกลักษณ์การแต่งกายสีดำ,กลุ่มชาติพันธุ์ ชุมชน และวิถีชีวิต,อัตลักษณ์ทางสังคมและกลุ่มคน,กลุ่มชาติพันธุ์และชุมชนท้องถิ่น,community,community_life
มุกดาหาร,จังหวัดหนึ่งในภาคตะวันออกเฉียงเหนือของประเทศไทย ติดริมแม่น้ำโขง,บริบทเชิงประวัติศาสตร์ ภูมิศาสตร์ และพื้นที่,ภูมิศาสตร์และอาณาบริเวณ,เขตปกครองและภูมิภาค,place,historical_spatial
พระองค์,ลักษณนามสำหรับเรียกพระพุทธรูป เทพเจ้า หรือเจ้านายชั้นสูง,กลุ่มชาติพันธุ์ ชุมชน และวิถีชีวิต,โครงสร้างสังคมและบุคคลสำคัญ,ฐานันดรศักดิ์และบทบาททางสังคม,community,community_life
ละครใน,ละครรำที่แสดงโดยผู้หญิงล้วน จัดแสดงเฉพาะในพระราชฐาน,ศิลปะการแสดงและดนตรี,นาฏยศิลป์และการแสดง,รูปแบบการแสดงและนาฏศิลป์ท้องถิ่น,music,performing_arts
กุลสตรี,หญิงผู้มีตระกูลและมีความประพฤติดีงามตามจารีต,กลุ่มชาติพันธุ์ ชุมชน และวิถีชีวิต,วิถีชีวิตและพฤติกรรมทางสังคม,จารีตการปฏิบัติและพรรณไม้ในวิถีชีวิต,community,community_life
ฤาษี,นักบวชผู้อยู่ในป่า บำเพ็ญตบะ มีอำนาจเหนือธรรมชาติในวรรณคดี,วรรณคดีและสิ่งมีชีวิตเชิงตำนาน,นามานุกรมและประเภทตัวละคร,เทวปกรณ์ อสูร และอมนุษย์,character,performing_arts
เพลงมอญดูดาว,ชื่อบทเพลงไทยเดิมที่มีทำนองไพเราะและมีระเบียบวิธีเฉพาะ,ศิลปะการแสดงและดนตรี,ดุริยางคศิลป์และคีตศิลป์,ระเบียบวิธีทางดนตรีและประเภทบทเพลง,music,performing_arts
บุษราคัม,อัญมณีประเภทคอรันดัมที่มีสีเหลือง เป็นหนึ่งในนพรัตน์,วัฒนธรรมวัตถุ ศิลปกรรม และงานช่าง,วัสดุและอัญมณี,วัสดุธรรมชาติและรัตนชาติ,artifact,material_culture
บูชายัญ,การเซ่นสรวงด้วยการฆ่าสิ่งมีชีวิตเพื่อถวายแก่เทพเจ้าตามความเชื่อ,พิธีกรรม ความเชื่อ และจารีตวัฒนธรรม,จารีตประเพณีและพิธีกรรม,พิธีการสำคัญและจารีตทางสังคม,ritual,ritual_belief
ข้าวเหนียว,ข้าวที่มีเนื้อเมล็ดขุ่นและเหนียว เป็นอาหารหลักในภาคเหนือและอีสาน,กลุ่มชาติพันธุ์ ชุมชน และวิถีชีวิต,วิถีชีวิตและระบบเศรษฐกิจ,การประกอบอาชีพและโภชนาการ,community,community_life
สระอโนดาต,หนึ่งในเจ็ดสระใหญ่ในป่าหิมพานต์ น้ำใสสะอาดและไม่เคยแห้ง,บริบทเชิงประวัติศาสตร์ ภูมิศาสตร์ และพื้นที่,ภูมิศาสตร์และอาณาบริเวณ,พื้นที่ในคติความเชื่อและประวัติศาสตร์,concept,historical_spatial
สุพรรณมัจฉา,ตัวละครในเรื่องรามเกียรติ์ เป็นธิดาของทศกัณฐ์ที่มีรูปร่างเป็นนางเงือก,วรรณคดีและสิ่งมีชีวิตเชิงตำนาน,นามานุกรมและประเภทตัวละคร,ตัวละครหลักและบทบาทในบทละคร,character,performing_arts
พัดเรนัง,ชื่อเพลงไทยเดิมประเภทเพลงหน้าพาทย์หรือเพลงประกอบการแสดง,ศิลปะการแสดงและดนตรี,ดุริยางคศิลป์และคีตศิลป์,ระเบียบวิธีทางดนตรีและประเภทบทเพลง,music,performing_arts
บินหนี,ชื่อท่ารำไทยท่าหนึ่งในชุดแม่บท,ศิลปะการแสดงและดนตรี,นาฏยศิลป์และการแสดง,กระบวนท่ารำและจารีตการแสดง,music,performing_arts
ภาคอีสาน,ภูมิภาคทางตะวันออกเฉียงเหนือของประเทศไทย,บริบทเชิงประวัติศาสตร์ ภูมิศาสตร์ และพื้นที่,ภูมิศาสตร์และอาณาบริเวณ,เขตปกครองและภูมิภาค,place,historical_spatial
แม่บท,แบบฉบับหรือแม่ท่าหลักของนาฏศิลป์ไทย,ศิลปะการแสดงและดนตรี,นาฏยศิลป์และการแสดง,กระบวนท่ารำและจารีตการแสดง,music,performing_arts
ข่ายเหล็ก,เครื่องป้องกันทำด้วยเหล็กถักเป็นตาข่าย หรือชื่อท่ารำ,วัฒนธรรมวัตถุ ศิลปกรรม และงานช่าง,พัสตราภรณ์และเครื่องแต่งกาย,ระเบียบการแต่งกายและอาวุธจำลอง,artifact,material_culture
ฝากตัว,การมอบตัวเป็นศิษย์หรือผู้อยู่ในปกครองตามจารีต,พิธีกรรม ความเชื่อ และจารีตวัฒนธรรม,จารีตประเพณีและพิธีกรรม,พิธีการสำคัญและจารีตทางสังคม,ritual,ritual_belief
การนุ่งห่ม,วิธีการแต่งกายด้วยผ้าตามระเบียบประเพณีไทย,วัฒนธรรมวัตถุ ศิลปกรรม และงานช่าง,พัสตราภรณ์และเครื่องแต่งกาย,ระเบียบการแต่งกายและอาวุธจำลอง,artifact,material_culture
นางใน,สตรีที่ถวายตัวรับราชการฝ่ายในในพระราชสำนัก,กลุ่มชาติพันธุ์ ชุมชน และวิถีชีวิต,โครงสร้างสังคมและบุคคลสำคัญ,ฐานันดรศักดิ์และบทบาททางสังคม,community,community_life
ฝ่ามือ,ส่วนของร่างกายที่ใช้สื่อความหมายในกระบวนท่ารำ,ศิลปะการแสดงและดนตรี,บุคลากรและทักษะทางศิลปะ,กลวิธีและสมรรถนะการแสดง,music,performing_arts
แม่ท่า,ท่ารำหลักที่เป็นพื้นฐานของนาฏศิลป์,ศิลปะการแสดงและดนตรี,นาฏยศิลป์และการแสดง,กระบวนท่ารำและจารีตการแสดง,music,performing_arts
ขันดอก,พานหรือภาชนะใส่ดอกไม้เพื่อใช้ในพิธีบูชา,พิธีกรรม ความเชื่อ และจารีตวัฒนธรรม,จารีตประเพณีและพิธีกรรม,พิธีการสำคัญและจารีตทางสังคม,ritual,ritual_belief
บุรี,เมือง หรือเขตปกครองในสมัยโบราณ,บริบทเชิงประวัติศาสตร์ ภูมิศาสตร์ และพื้นที่,ภูมิศาสตร์และอาณาบริเวณ,เขตปกครองและภูมิภาค,place,historical_spatial
เพลงหน้าพาทย์,เพลงที่ใช้บรรเลงประกอบกิริยาอาการของตัวละครหรือพิธีกรรม,ศิลปะการแสดงและดนตรี,ดุริยางคศิลป์และคีตศิลป์,ระเบียบวิธีทางดนตรีและประเภทบทเพลง,music,performing_arts
สากล,สิ่งที่เป็นที่ยอมรับทั่วไปหรือเป็นมาตรฐานระดับนานาชาติ,กลุ่มชาติพันธุ์ ชุมชน และวิถีชีวิต,วิถีชีวิตและพฤติกรรมทางสังคม,จารีตการปฏิบัติและพรรณไม้ในวิถีชีวิต,community,community_life
ภารตนาฏยัม,นาฏศิลป์คลาสสิกของอินเดียที่เป็นต้นรากของนาฏศิลป์ในเอเชียตะวันออกเฉียงใต้,ศิลปะการแสดงและดนตรี,นาฏยศิลป์และการแสดง,รูปแบบการแสดงและนาฏศิลป์ท้องถิ่น,music,performing_arts
พระมหากษัตริย์,ประมุขสูงสุดของรัฐในระบอบการปกครองที่มีพระมหากษัตริย์ทรงเป็นประมุข,กลุ่มชาติพันธุ์ ชุมชน และวิถีชีวิต,โครงสร้างสังคมและบุคคลสำคัญ,ฐานันดรศักดิ์และบทบาททางสังคม,community,community_life
กรุงรัตนโกสินทร์,ชื่อยุคสมัยและราชธานีปัจจุบันของประเทศไทย เริ่มตั้งแต่ พ.ศ. 2325,บริบทเชิงประวัติศาสตร์ ภูมิศาสตร์ และพื้นที่,ยุคสมัยและเหตุการณ์สำคัญ,ลำดับเวลาและประวัติศาสตร์การสงคราม,concept,historical_spatial
ลำนำ,บทร้อยกรองที่ใช้สำหรับขับร้องหรืออ่านเป็นทำนอง,ศิลปะการแสดงและดนตรี,ดุริยางคศิลป์และคีตศิลป์,ระเบียบวิธีทางดนตรีและประเภทบทเพลง,music,performing_arts
ตามเพลง,การรำหรือแสดงท่าทางให้สอดคล้องกับจังหวะและทำนองดนตรี,ศิลปะการแสดงและดนตรี,นาฏยศิลป์และการแสดง,กระบวนท่ารำและจารีตการแสดง,music,performing_arts
นางฟ้า,เทวดาผู้หญิงที่สถิตอยู่บนสวรรค์ตามคติความเชื่อ,วรรณคดีและสิ่งมีชีวิตเชิงตำนาน,นามานุกรมและประเภทตัวละคร,เทวปกรณ์ อสูร และอมนุษย์,character,performing_arts
การจับปลา,กิจกรรมการหาปลาเพื่อเป็นอาหารหรือการค้า,กลุ่มชาติพันธุ์ ชุมชน และวิถีชีวิต,วิถีชีวิตและระบบเศรษฐกิจ,การประกอบอาชีพและโภชนาการ,community,community_life
กาฬสินธุ์,ชื่อจังหวัดหนึ่งในภาคตะวันออกเฉียงเหนือของประเทศไทย,บริบทเชิงประวัติศาสตร์ ภูมิศาสตร์ และพื้นที่,ภูมิศาสตร์และอาณาบริเวณ,เขตปกครองและภูมิภาค,place,historical_spatial
เพลงบูชานักรบ,บทเพลงที่แต่งขึ้นเพื่อสดุดีหรือปลุกใจเหล่านักรบ,ศิลปะการแสดงและดนตรี,ดุริยางคศิลป์และคีตศิลป์,ระเบียบวิธีทางดนตรีและประเภทบทเพลง,ritual,ritual_belief
มัยราพณ์,ตัวละครยักษ์ในเรื่องรามเกียรติ์ ผู้ครองเมืองบาดาล,วรรณคดีและสิ่งมีชีวิตเชิงตำนาน,นามานุกรมและประเภทตัวละคร,ตัวละครหลักและบทบาทในบทละคร,character,performing_arts
เพลงฝรั่งรำเท้า,ชื่อเพลงไทยเดิมประเภทเพลงหน้าพาทย์หรือเพลงเกร็ด,ศิลปะการแสดงและดนตรี,ดุริยางคศิลป์และคีตศิลป์,ระเบียบวิธีทางดนตรีและประเภทบทเพลง,music,performing_arts
น้องสาว,หญิงผู้มีพ่อแม่เดียวกันแต่เกิดทีหลัง,วรรณคดีและสิ่งมีชีวิตเชิงตำนาน,สถานภาพและลำดับชั้นทางสังคมในวรรณกรรม,ฐานันดรศักดิ์และระบบเครือญาติ,concept,general
วาดรูป,การสร้างสรรค์ภาพด้วยการขีดเขียนหรือระบายสี,วัฒนธรรมวัตถุ ศิลปกรรม และงานช่าง,ประณีตศิลป์และทัศนศิลป์,งานช่างศิลปกรรมและเทคนิควิธี,artifact,material_culture
ภาพจิตรกรรมฝาผนัง,ภาพเขียนที่ปรากฏบนผนังอาคาร มักพบในโบสถ์หรือวิหาร,วัฒนธรรมวัตถุ ศิลปกรรม และงานช่าง,สถาปัตยกรรมและพุทธศิลป์,ศาสนสถานและปูชนียวัตถุ,artifact,material_culture
ทำนาย,การบอกเหตุการณ์ล่วงหน้าตามความเชื่อหรือสถิติ,พิธีกรรม ความเชื่อ และจารีตวัฒนธรรม,คติความเชื่อและไสยศาสตร์,การขจัดปัดเป่าและอำนาจเหนือธรรมชาติ,mythical_being,ritual_belief
บุหงา,ดอกไม้ชนิดต่างๆ ที่นำมาปรุงหรืออบแห้งเพื่อความหอม,กลุ่มชาติพันธุ์ ชุมชน และวิถีชีวิต,วิถีชีวิตและพฤติกรรมทางสังคม,จารีตการปฏิบัติและพรรณไม้ในวิถีชีวิต,community,community_life
เครื่องดนตรีพื้นเมือง,เครื่องมือที่ใช้สร้างเสียงดนตรีตามเอกลักษณ์ของท้องถิ่น,ศิลปะการแสดงและดนตรี,ดุริยางคศิลป์และคีตศิลป์,เครื่องดนตรีและวงดนตรี,music,performing_arts
ปูนปั้น,งานประติมากรรมที่ใช้ปูนผสมวัสดุอื่นเพื่อขึ้นรูปเป็นลวดลายหรือรูปทรง,วัฒนธรรมวัตถุ ศิลปกรรม และงานช่าง,ประณีตศิลป์และทัศนศิลป์,งานช่างศิลปกรรมและเทคนิควิธี,artifact,material_culture
รัวฉิ่ง,การตีฉิ่งให้เกิดเสียงถี่ๆ ต่อเนื่องกันเพื่อประกอบการแสดงหรือดำเนินทำนอง,ศิลปะการแสดงและดนตรี,ดุริยางคศิลป์และคีตศิลป์,ระเบียบวิธีทางดนตรีและประเภทบทเพลง,music,performing_arts
ให้ร้าย,พฤติกรรมการกล่าวหาหรือใส่ความผู้อื่นให้ได้รับความเสียหาย,กลุ่มชาติพันธุ์ ชุมชน และวิถีชีวิต,วิถีชีวิตและพฤติกรรมทางสังคม,จารีตการปฏิบัติและพรรณไม้ในวิถีชีวิต,community,community_life
นครปฐม,ชื่อจังหวัดในประเทศไทยที่มีความสำคัญทางประวัติศาสตร์และโบราณคดี,บริบทเชิงประวัติศาสตร์ ภูมิศาสตร์ และพื้นที่,ภูมิศาสตร์และอาณาบริเวณ,เขตปกครองและภูมิภาค,place,historical_spatial
สำมนักขา,ตัวละครยักษ์ในเรื่องรามเกียรติ์ เป็นน้องสาวของทศกัณฐ์,วรรณคดีและสิ่งมีชีวิตเชิงตำนาน,นามานุกรมและประเภทตัวละคร,เทวปกรณ์ อสูร และอมนุษย์,character,performing_arts
จัดทัพ,การเตรียมกำลังพลและวางแผนยุทธวิธีในการทำสงคราม,บริบทเชิงประวัติศาสตร์ ภูมิศาสตร์ และพื้นที่,ยุคสมัยและเหตุการณ์สำคัญ,ลำดับเวลาและประวัติศาสตร์การสงคราม,concept,historical_spatial
ลำตังหวาย,รูปแบบการขับร้องและรำพื้นเมืองของชาวไทยลาวและกลุ่มชาติพันธุ์ในอีสาน,ศิลปะการแสดงและดนตรี,นาฏยศิลป์และการแสดง,รูปแบบการแสดงและนาฏศิลป์ท้องถิ่น,music,performing_arts
สัทธาสูร,ชื่อยักษ์ตนหนึ่งในวรรณคดีเรื่องรามเกียรติ์,วรรณคดีและสิ่งมีชีวิตเชิงตำนาน,นามานุกรมและประเภทตัวละคร,เทวปกรณ์ อสูร และอมนุษย์,character,performing_arts
เกษตรกรรม,การเพาะปลูกพืชและการเลี้ยงสัตว์เพื่อการบริโภคและเศรษฐกิจ,กลุ่มชาติพันธุ์ ชุมชน และวิถีชีวิต,วิถีชีวิตและระบบเศรษฐกิจ,การประกอบอาชีพและโภชนาการ,community,community_life
หลักราชการ,แนวทางปฏิบัติและจรรยาบรรณสำหรับข้าราชการ,พิธีกรรม ความเชื่อ และจารีตวัฒนธรรม,จารีตประเพณีและพิธีกรรม,พิธีการสำคัญและจารีตทางสังคม,ritual,ritual_belief
เพลงฉิ่ง,เพลงไทยเดิมประเภทหนึ่งที่ใช้ฉิ่งเป็นตัวดำเนินจังหวะหลัก,ศิลปะการแสดงและดนตรี,ดุริยางคศิลป์และคีตศิลป์,ระเบียบวิธีทางดนตรีและประเภทบทเพลง,music,performing_arts
พระเพื่อน,ตัวละครเอกฝ่ายหญิงในวรรณคดีเรื่องลิลิตพระลอ,วรรณคดีและสิ่งมีชีวิตเชิงตำนาน,นามานุกรมและประเภทตัวละคร,ตัวละครหลักและบทบาทในบทละคร,character,performing_arts
พลายชุมพล,ตัวละครในเรื่องขุนช้างขุนแผน เป็นบุตรของขุนแผนกับนางแก้วกิริยา,วรรณคดีและสิ่งมีชีวิตเชิงตำนาน,นามานุกรมและประเภทตัวละคร,ตัวละครหลักและบทบาทในบทละคร,character,performing_arts
เพลงดอกไม้ของชาติ,หนึ่งในเพลงรำวงมาตรฐานที่แต่งขึ้นในสมัยจอมพล ป. พิบูลสงคราม,ศิลปะการแสดงและดนตรี,นาฏยศิลป์และการแสดง,รูปแบบการแสดงและนาฏศิลป์ท้องถิ่น,music,performing_arts
ประชิดตัว,การเข้าใกล้ตัวคู่ต่อสู้ในระยะประชิดเพื่อการต่อสู้หรือรำอาวุธ,ศิลปะการแสดงและดนตรี,นาฏยศิลป์และการแสดง,กระบวนท่ารำและจารีตการแสดง,music,performing_arts
พระเมรุ,สถาปัตยกรรมชั่วคราวที่สร้างขึ้นเพื่อใช้ในพิธีถวายพระเพลิงพระบรมศพ,วัฒนธรรมวัตถุ ศิลปกรรม และงานช่าง,สถาปัตยกรรมและพุทธศิลป์,ศาสนสถานและปูชนียวัตถุ,artifact,material_culture
ไทยเรือนต้น,ชุดไทยพระราชนิยมสำหรับสตรี ใช้ในโอกาสไม่เป็นทางการ,วัฒนธรรมวัตถุ ศิลปกรรม และงานช่าง,พัสตราภรณ์และเครื่องแต่งกาย,ระเบียบการแต่งกายและอาวุธจำลอง,artifact,material_culture
ชุมพร,ชื่อจังหวัดในภาคใต้ของประเทศไทย หรือเขตการปกครองส่วนภูมิภาค,บริบทเชิงประวัติศาสตร์ ภูมิศาสตร์ และพื้นที่,ภูมิศาสตร์และอาณาบริเวณ,เขตปกครองและภูมิภาค,place,historical_spatial
นางอัปสราบายน,นางอัปสรที่ปรากฏในศิลปะขอมแบบบายน มีลักษณะเฉพาะตัว,วรรณคดีและสิ่งมีชีวิตเชิงตำนาน,นามานุกรมและประเภทตัวละคร,เทวปกรณ์ อสูร และอมนุษย์,character,performing_arts
ศรพาลจันทร์,ชื่ออาวุธประเภทศรในวรรณคดีเรื่องรามเกียรติ์,วัฒนธรรมวัตถุ ศิลปกรรม และงานช่าง,พัสตราภรณ์และเครื่องแต่งกาย,ระเบียบการแต่งกายและอาวุธจำลอง,artifact,material_culture
แสงอาทิตย์,ชื่อยักษ์ตัวละครหนึ่งในเรื่องรามเกียรติ์ ผู้มีแว่นแก้วสุรกานต์,วรรณคดีและสิ่งมีชีวิตเชิงตำนาน,นามานุกรมและประเภทตัวละคร,เทวปกรณ์ อสูร และอมนุษย์,character,performing_arts
ต้นลีลาวดี,พรรณไม้ดอกที่นิยมปลูกในวัดและที่พักอาศัย มีความหมายทางวัฒนธรรม,กลุ่มชาติพันธุ์ ชุมชน และวิถีชีวิต,วิถีชีวิตและพฤติกรรมทางสังคม,จารีตการปฏิบัติและพรรณไม้ในวิถีชีวิต,community,community_life
หนังใหญ่,มหรสพไทยที่ใช้ตัวหนังแกะสลักขนาดใหญ่เชิดหน้าจอผ้าขาว,ศิลปะการแสดงและดนตรี,นาฏยศิลป์และการแสดง,รูปแบบการแสดงและนาฏศิลป์ท้องถิ่น,music,performing_arts
มหาสมุทร,ห้วงน้ำขนาดใหญ่ที่ปรากฏในคติไตรภูมิหรือภูมิศาสตร์โลก,บริบทเชิงประวัติศาสตร์ ภูมิศาสตร์ และพื้นที่,ภูมิศาสตร์และอาณาบริเวณ,พื้นที่ในคติความเชื่อและประวัติศาสตร์,concept,historical_spatial
กินรี,อมนุษย์ที่มีท่อนบนเป็นมนุษย์ท่อนล่างเป็นนก อาศัยในป่าหิมพานต์,วรรณคดีและสิ่งมีชีวิตเชิงตำนาน,นามานุกรมและประเภทตัวละคร,เทวปกรณ์ อสูร และอมนุษย์,character,performing_arts
การไถ,กระบวนการเตรียมดินเพื่อการเกษตรกรรมในวิถีชีวิตไทย,กลุ่มชาติพันธุ์ ชุมชน และวิถีชีวิต,วิถีชีวิตและระบบเศรษฐกิจ,การประกอบอาชีพและโภชนาการ,community,community_life
อาณาประชาราษฎร์,กลุ่มประชาชนที่อยู่ภายใต้การปกครองในระบอบสมบูรณาญาสิทธิราชย์,กลุ่มชาติพันธุ์ ชุมชน และวิถีชีวิต,โครงสร้างสังคมและบุคคลสำคัญ,ฐานันดรศักดิ์และบทบาททางสังคม,community,community_life
ระบำมาตรฐาน,ชุดการแสดงระบำที่กรมศิลปากรปรับปรุงและกำหนดแบบแผนไว้,ศิลปะการแสดงและดนตรี,นาฏยศิลป์และการแสดง,รูปแบบการแสดงและนาฏศิลป์ท้องถิ่น,music,performing_arts
เกราะลอ,เครื่องตีทำด้วยไม้ไผ่ ใช้ตีบอกสัญญาณในชุมชนหรือกองทัพ,ศิลปะการแสดงและดนตรี,ดุริยางคศิลป์และคีตศิลป์,เครื่องดนตรีและวงดนตรี,music,performing_arts
เมขลา,เทพธิดาผู้รักษาสมุทรและถือดวงแก้วล่อให้รามสูรขว้างขวาน,วรรณคดีและสิ่งมีชีวิตเชิงตำนาน,นามานุกรมและประเภทตัวละคร,เทวปกรณ์ อสูร และอมนุษย์,character,performing_arts
บุรีรัมย์,ชื่อจังหวัดหนึ่งในภาคตะวันออกเฉียงเหนือของประเทศไทย,บริบทเชิงประวัติศาสตร์ ภูมิศาสตร์ และพื้นที่,ภูมิศาสตร์และอาณาบริเวณ,เขตปกครองและภูมิภาค,place,historical_spatial
ฉุยฉาย,ชื่อเพลงและท่ารำประเภทหนึ่งที่แสดงความภาคภูมิใจในความงาม,ศิลปะการแสดงและดนตรี,นาฏยศิลป์และการแสดง,กระบวนท่ารำและจารีตการแสดง,music,performing_arts
เทพเจ้า,เทวดาผู้เป็นใหญ่หรือมีอำนาจเหนือธรรมชาติ,พิธีกรรม ความเชื่อ และจารีตวัฒนธรรม,ระบบความเชื่อและศาสนา,คติทางศาสนาและสิ่งศักดิ์สิทธิ์,deity,ritual_belief
ทะเล,แหล่งน้ำเค็มขนาดใหญ่ที่ล้อมรอบด้วยแผ่นดินบางส่วน,บริบทเชิงประวัติศาสตร์ ภูมิศาสตร์ และพื้นที่,ภูมิศาสตร์และอาณาบริเวณ,เขตปกครองและภูมิภาค,place,historical_spatial
กินเนสส์บุ๊ค,หนังสือบันทึกสถิติโลกในด้านต่างๆ,กลุ่มชาติพันธุ์ ชุมชน และวิถีชีวิต,วิถีชีวิตและพฤติกรรมทางสังคม,จารีตการปฏิบัติและพรรณไม้ในวิถีชีวิต,community,community_life
พระญาติ,เครือญาติของพระมหากษัตริย์หรือเจ้านาย,วรรณคดีและสิ่งมีชีวิตเชิงตำนาน,สถานภาพและลำดับชั้นทางสังคมในวรรณกรรม,ฐานันดรศักดิ์และระบบเครือญาติ,concept,general
กลายร่าง,การเปลี่ยนแปลงรูปร่างจากลักษณะหนึ่งไปสู่อีกลักษณะหนึ่งด้วยอำนาจวิเศษ,พิธีกรรม ความเชื่อ และจารีตวัฒนธรรม,คติความเชื่อและไสยศาสตร์,การขจัดปัดเป่าและอำนาจเหนือธรรมชาติ,mythical_being,ritual_belief
ขัดตาทัพ,การตั้งกองทัพคอยสกัดกั้นหรือหน่วงเหนี่ยวศัตรูไว้,บริบทเชิงประวัติศาสตร์ ภูมิศาสตร์ และพื้นที่,ยุคสมัยและเหตุการณ์สำคัญ,ลำดับเวลาและประวัติศาสตร์การสงคราม,concept,historical_spatial
ถอยทัพ,การเคลื่อนกำลังทหารกลับจากแนวรบ,บริบทเชิงประวัติศาสตร์ ภูมิศาสตร์ และพื้นที่,ยุคสมัยและเหตุการณ์สำคัญ,ลำดับเวลาและประวัติศาสตร์การสงคราม,concept,historical_spatial
ใบชา,ใบของต้นชาที่นำมาตากแห้งเพื่อใช้ชงเป็นเครื่องดื่ม,กลุ่มชาติพันธุ์ ชุมชน และวิถีชีวิต,วิถีชีวิตและระบบเศรษฐกิจ,การประกอบอาชีพและโภชนาการ,community,community_life
ตะกร้อ,ชื่อการละเล่นพื้นเมืองของไทยที่ใช้ลูกกลมสานด้วยหวาย,กลุ่มชาติพันธุ์ ชุมชน และวิถีชีวิต,วิถีชีวิตและพฤติกรรมทางสังคม,จารีตการปฏิบัติและพรรณไม้ในวิถีชีวิต,community,community_life
อาสา,การรับทำหน้าที่ด้วยความสมัครใจ,กลุ่มชาติพันธุ์ ชุมชน และวิถีชีวิต,โครงสร้างสังคมและบุคคลสำคัญ,ฐานันดรศักดิ์และบทบาททางสังคม,community,community_life
ตีลังกา,การม้วนตัวกลับหัวกลับหางในอากาศหรือบนพื้น,ศิลปะการแสดงและดนตรี,บุคลากรและทักษะทางศิลปะ,กลวิธีและสมรรถนะการแสดง,music,performing_arts
บรรพบุรุษ,ผู้เป็นต้นวงศ์ตระกูลที่ล่วงลับไปแล้ว,พิธีกรรม ความเชื่อ และจารีตวัฒนธรรม,จารีตประเพณีและพิธีกรรม,พิธีการสำคัญและจารีตทางสังคม,ritual,ritual_belief
เคลื่อนไหว,การขยับร่างกายหรือการแสดงท่าทางในทางนาฏศิลป์,ศิลปะการแสดงและดนตรี,นาฏยศิลป์และการแสดง,กระบวนท่ารำและจารีตการแสดง,music,performing_arts
ทางธรรมชาติ,ลักษณะหรือสภาพที่เป็นไปตามสิ่งแวดล้อมและพรรณไม้ในวิถีชีวิต,กลุ่มชาติพันธุ์ ชุมชน และวิถีชีวิต,วิถีชีวิตและพฤติกรรมทางสังคม,จารีตการปฏิบัติและพรรณไม้ในวิถีชีวิต,community,community_life
ดอกไม้,พรรณไม้ที่ใช้ในวิถีชีวิตและการประกอบพิธีกรรม,กลุ่มชาติพันธุ์ ชุมชน และวิถีชีวิต,วิถีชีวิตและพฤติกรรมทางสังคม,จารีตการปฏิบัติและพรรณไม้ในวิถีชีวิต,community,community_life
การละเล่นพื้นเมือง,กิจกรรมนันทนาการและการแสดงที่เป็นเอกลักษณ์ของท้องถิ่น,ศิลปะการแสดงและดนตรี,นาฏยศิลป์และการแสดง,รูปแบบการแสดงและนาฏศิลป์ท้องถิ่น,music,performing_arts
โปงลาง,เครื่องดนตรีประเภทเครื่องตีของภาคอีสาน,ศิลปะการแสดงและดนตรี,ดุริยางคศิลป์และคีตศิลป์,เครื่องดนตรีและวงดนตรี,music,performing_arts
ชาวนา,ผู้ประกอบอาชีพเกษตรกรรมทำนาซึ่งเป็นรากฐานเศรษฐกิจไทย,กลุ่มชาติพันธุ์ ชุมชน และวิถีชีวิต,วิถีชีวิตและระบบเศรษฐกิจ,การประกอบอาชีพและโภชนาการ,community,community_life
วิชนี,พัดที่ใช้เป็นเครื่องประกอบเกียรติยศหรือเครื่องแต่งกาย,วัฒนธรรมวัตถุ ศิลปกรรม และงานช่าง,พัสตราภรณ์และเครื่องแต่งกาย,ระเบียบการแต่งกายและอาวุธจำลอง,artifact,material_culture
จำกาย,การแปลงกายหรือการแสดงบทบาทสมมติของตัวละครในวรรณคดี,วรรณคดีและสิ่งมีชีวิตเชิงตำนาน,นามานุกรมและประเภทตัวละคร,ตัวละครหลักและบทบาทในบทละคร,character,performing_arts
รัชกาล,ช่วงเวลาแห่งการครองราชย์ของพระมหากษัตริย์ในประวัติศาสตร์,บริบทเชิงประวัติศาสตร์ ภูมิศาสตร์ และพื้นที่,ยุคสมัยและเหตุการณ์สำคัญ,ลำดับเวลาและประวัติศาสตร์การสงคราม,concept,historical_spatial
พรหมาสตร์,ชื่อศรวิเศษซึ่งเป็นอาวุธสำคัญในวรรณคดีรามเกียรติ์,วัฒนธรรมวัตถุ ศิลปกรรม และงานช่าง,พัสตราภรณ์และเครื่องแต่งกาย,ระเบียบการแต่งกายและอาวุธจำลอง,artifact,material_culture
นางสวาหะ,ตัวละครในวรรณคดีรามเกียรติ์ มารดาของหนุมาน,วรรณคดีและสิ่งมีชีวิตเชิงตำนาน,นามานุกรมและประเภทตัวละคร,ตัวละครหลักและบทบาทในบทละคร,character,performing_arts
ลายเส้น,เทคนิคการวาดภาพหรือการสร้างสรรค์งานศิลปกรรมไทย,วัฒนธรรมวัตถุ ศิลปกรรม และงานช่าง,ประณีตศิลป์และทัศนศิลป์,งานช่างศิลปกรรมและเทคนิควิธี,artifact,material_culture
สงคราม,เหตุการณ์การสู้รบและการขัดแย้งในเชิงประวัติศาสตร์,บริบทเชิงประวัติศาสตร์ ภูมิศาสตร์ และพื้นที่,ยุคสมัยและเหตุการณ์สำคัญ,ลำดับเวลาและประวัติศาสตร์การสงคราม,concept,historical_spatial
เดินทาง,การเคลื่อนย้ายผ่านพื้นที่หรือภูมิภาคต่างๆ,บริบทเชิงประวัติศาสตร์ ภูมิศาสตร์ และพื้นที่,ภูมิศาสตร์และอาณาบริเวณ,เขตปกครองและภูมิภาค,place,historical_spatial
สีน้ำเงิน,สีที่ได้จากวัสดุธรรมชาติหรือรัตนชาติที่ใช้ในงานช่าง,วัฒนธรรมวัตถุ ศิลปกรรม และงานช่าง,วัสดุและอัญมณี,วัสดุธรรมชาติและรัตนชาติ,artifact,material_culture
พระราชบัญชา,คำสั่งของพระมหากษัตริย์หรือผู้มีอำนาจสูงสุดในบริบทการปกครอง,กลุ่มชาติพันธุ์ ชุมชน และวิถีชีวิต,โครงสร้างสังคมและบุคคลสำคัญ,ฐานันดรศักดิ์และบทบาททางสังคม,community,community_life
วันทอง,ชื่อตัวละครเอกหญิงในวรรณคดีเรื่องขุนช้างขุนแผน,วรรณคดีและสิ่งมีชีวิตเชิงตำนาน,นามานุกรมและประเภทตัวละคร,ตัวละครหลักและบทบาทในบทละคร,character,performing_arts
นาฏศิลป์อินเดีย,ศิลปะการร่ายรำที่มีต้นกำเนิดจากประเทศอินเดียซึ่งส่งอิทธิพลต่อไทย,ศิลปะการแสดงและดนตรี,นาฏยศิลป์และการแสดง,รูปแบบการแสดงและนาฏศิลป์ท้องถิ่น,music,performing_arts
แว่นแก้วสุรกานต์,แก้ววิเศษที่มีอำนาจรวมแสงหรือใช้เป็นอาวุธในตำนานและวรรณคดี,วัฒนธรรมวัตถุ ศิลปกรรม และงานช่าง,วัสดุและอัญมณี,วัสดุธรรมชาติและรัตนชาติ,artifact,material_culture
อุปราช,ตำแหน่งรองจากพระมหากษัตริย์ มีหน้าที่ช่วยบริหารราชการแผ่นดิน,กลุ่มชาติพันธุ์ ชุมชน และวิถีชีวิต,โครงสร้างสังคมและบุคคลสำคัญ,ฐานันดรศักดิ์และบทบาททางสังคม,community,community_life
ดอกไม้เงิน,เครื่องราชบรรณาการที่ทำจากเงินประดิษฐ์เป็นรูปดอกไม้,พิธีกรรม ความเชื่อ และจารีตวัฒนธรรม,จารีตประเพณีและพิธีกรรม,พิธีการสำคัญและจารีตทางสังคม,ritual,ritual_belief
ภาคเหนือ,ภูมิภาคทางตอนเหนือของประเทศไทยที่มีเอกลักษณ์ทางวัฒนธรรมเฉพาะตัว,บริบทเชิงประวัติศาสตร์ ภูมิศาสตร์ และพื้นที่,ภูมิศาสตร์และอาณาบริเวณ,เขตปกครองและภูมิภาค,place,historical_spatial
เพลงคืนเดือนหงาย,ชื่อบทเพลงไทยเดิมหรือเพลงในหลักสูตรนาฏศิลป์ที่มีทำนองเฉพาะ,ศิลปะการแสดงและดนตรี,ดุริยางคศิลป์และคีตศิลป์,ระเบียบวิธีทางดนตรีและประเภทบทเพลง,music,performing_arts
แปลงกาย,การใช้เวทมนตร์หรืออำนาจเหนือธรรมชาติเปลี่ยนรูปร่าง,พิธีกรรม ความเชื่อ และจารีตวัฒนธรรม,คติความเชื่อและไสยศาสตร์,การขจัดปัดเป่าและอำนาจเหนือธรรมชาติ,mythical_being,ritual_belief
ฤดูฝน,ช่วงเวลาที่มีฝนตกชุกตามฤดูกาล ส่งผลต่อวิถีเกษตรกรรม,กลุ่มชาติพันธุ์ ชุมชน และวิถีชีวิต,วิถีชีวิตและพฤติกรรมทางสังคม,จารีตการปฏิบัติและพรรณไม้ในวิถีชีวิต,community,community_life
เทพนิยาย,เรื่องราวเกี่ยวกับเทพเจ้าและสิ่งศักดิ์สิทธิ์ที่อธิบายปรากฏการณ์ต่างๆ,วรรณคดีและสิ่งมีชีวิตเชิงตำนาน,นามานุกรมและประเภทตัวละคร,เทวปกรณ์ อสูร และอมนุษย์,character,performing_arts
โอรส,ลูกชายของกษัตริย์หรือเชื้อพระวงศ์,วรรณคดีและสิ่งมีชีวิตเชิงตำนาน,สถานภาพและลำดับชั้นทางสังคมในวรรณกรรม,ฐานันดรศักดิ์และระบบเครือญาติ,concept,general
เขาไกลลาศ,ภูเขาศักดิ์สิทธิ์ที่เป็นที่ประทับของพระศิวะตามคติพราหมณ์-ฮินดู,บริบทเชิงประวัติศาสตร์ ภูมิศาสตร์ และพื้นที่,ภูมิศาสตร์และอาณาบริเวณ,พื้นที่ในคติความเชื่อและประวัติศาสตร์,concept,historical_spatial
ไทยอมรินทร์,ชื่อเพลงไทยเดิมหรือชื่อที่เกี่ยวข้องกับพระอินทร์ในบริบทศิลปะ,ศิลปะการแสดงและดนตรี,ดุริยางคศิลป์และคีตศิลป์,ระเบียบวิธีทางดนตรีและประเภทบทเพลง,music,performing_arts
พวงมาลัย,ดอกไม้ที่นำมาประดิษฐ์ร้อยเป็นวงเพื่อใช้ในงานพิธีหรือการบูชา,กลุ่มชาติพันธุ์ ชุมชน และวิถีชีวิต,วิถีชีวิตและพฤติกรรมทางสังคม,จารีตการปฏิบัติและพรรณไม้ในวิถีชีวิต,community,community_life
กาญจนบุรี,ชื่อจังหวัดหนึ่งในภาคตะวันตกของประเทศไทย มีความสำคัญทางประวัติศาสตร์และภูมิศาสตร์,บริบทเชิงประวัติศาสตร์ ภูมิศาสตร์ และพื้นที่,ภูมิศาสตร์และอาณาบริเวณ,เขตปกครองและภูมิภาค,place,historical_spatial
มารีศ,ตัวละครยักษ์ในเรื่องรามเกียรติ์ เป็นบุตรของนางกากนาสูรและเป็นแปลงกายเป็นกวางทอง,วรรณคดีและสิ่งมีชีวิตเชิงตำนาน,นามานุกรมและประเภทตัวละคร,เทวปกรณ์ อสูร และอมนุษย์,character,performing_arts
ผู้ครองนคร,ตำแหน่งผู้มีอำนาจสูงสุดในการปกครองเมืองหรือรัฐในระบบศักดินา,กลุ่มชาติพันธุ์ ชุมชน และวิถีชีวิต,โครงสร้างสังคมและบุคคลสำคัญ,ฐานันดรศักดิ์และบทบาททางสังคม,community,community_life
ไพร่พล,กำลังทหารหรือกลุ่มคนในสังกัดที่ใช้ในการสงครามหรือการทำงาน,บริบทเชิงประวัติศาสตร์ ภูมิศาสตร์ และพื้นที่,ยุคสมัยและเหตุการณ์สำคัญ,ลำดับเวลาและประวัติศาสตร์การสงคราม,concept,historical_spatial
อินโดนีเซีย,ประเทศหมู่เกาะในภูมิภาคเอเชียตะวันออกเฉียงใต้ที่มีความสัมพันธ์ทางวัฒนธรรมกับไทย,บริบทเชิงประวัติศาสตร์ ภูมิศาสตร์ และพื้นที่,ภูมิศาสตร์และอาณาบริเวณ,เขตปกครองและภูมิภาค,place,historical_spatial
ปิดหน้า,กิริยาหรือท่าทางในการแสดงนาฏศิลป์ที่ใช้มือหรืออุปกรณ์ปกปิดใบหน้า,ศิลปะการแสดงและดนตรี,นาฏยศิลป์และการแสดง,กระบวนท่ารำและจารีตการแสดง,music,performing_arts
ลูกไม้,ลวดลายประดิษฐ์ที่เกิดจากการถักหรือปักลงบนผืนผ้าเพื่อความสวยงาม,วัฒนธรรมวัตถุ ศิลปกรรม และงานช่าง,พัสตราภรณ์และเครื่องแต่งกาย,ระเบียบการแต่งกายและอาวุธจำลอง,artifact,material_culture
เล่นน้ำ,กิจกรรมสันทนาการหรือส่วนหนึ่งของประเพณีที่เกี่ยวข้องกับการใช้น้ำ เช่น สงกรานต์,พิธีกรรม ความเชื่อ และจารีตวัฒนธรรม,จารีตประเพณีและพิธีกรรม,พิธีการสำคัญและจารีตทางสังคม,ritual,ritual_belief
หลบหนี,พฤติกรรมการหลีกเลี่ยงหรือหนีจากสถานการณ์หรือสถานที่หนึ่ง,กลุ่มชาติพันธุ์ ชุมชน และวิถีชีวิต,วิถีชีวิตและพฤติกรรมทางสังคม,จารีตการปฏิบัติและพรรณไม้ในวิถีชีวิต,community,community_life
โปรตุเกส,กลุ่มชาติพันธุ์หรือชาวต่างชาติที่มีบทบาทสำคัญในประวัติศาสตร์ไทยสมัยอยุธยา,กลุ่มชาติพันธุ์ ชุมชน และวิถีชีวิต,อัตลักษณ์ทางสังคมและกลุ่มคน,กลุ่มชาติพันธุ์และชุมชนท้องถิ่น,community,community_life
ภาพจำหลัก,งานศิลปะที่เกิดจากการแกะสลักลงบนวัสดุแข็ง เช่น หิน หรือ ไม้,วัฒนธรรมวัตถุ ศิลปกรรม และงานช่าง,ประณีตศิลป์และทัศนศิลป์,งานช่างศิลปกรรมและเทคนิควิธี,artifact,material_culture
กิจวัตร,สิ่งที่ทำเป็นประจำสม่ำเสมอในชีวิตประจำวัน,กลุ่มชาติพันธุ์ ชุมชน และวิถีชีวิต,วิถีชีวิตและพฤติกรรมทางสังคม,จารีตการปฏิบัติและพรรณไม้ในวิถีชีวิต,community,community_life
การเก็บใบชา,กิจกรรมการเกษตรที่เป็นวิถีการผลิตและสร้างรายได้ในชุมชน,กลุ่มชาติพันธุ์ ชุมชน และวิถีชีวิต,วิถีชีวิตและระบบเศรษฐกิจ,การประกอบอาชีพและโภชนาการ,community,community_life
บุตรชาย,ความสัมพันธ์ทางครอบครัวในฐานะลูกที่เป็นเพศชาย,วรรณคดีและสิ่งมีชีวิตเชิงตำนาน,สถานภาพและลำดับชั้นทางสังคมในวรรณกรรม,ฐานันดรศักดิ์และระบบเครือญาติ,concept,general
ศิลปินแห่งชาติ,ตำแหน่งยกย่องเชิดชูเกียรติผู้มีความสามารถยอดเยี่ยมด้านศิลปะของไทย,กลุ่มชาติพันธุ์ ชุมชน และวิถีชีวิต,โครงสร้างสังคมและบุคคลสำคัญ,ฐานันดรศักดิ์และบทบาททางสังคม,community,community_life
วังหน้า,พระราชวังบวรสถานมงคล หรือตำแหน่งพระมหาอุปราช,บริบทเชิงประวัติศาสตร์ ภูมิศาสตร์ และพื้นที่,พื้นที่ทางวัฒนธรรมและสถาบัน,สถานที่จัดแสดงและเขตพระราชฐาน,place,historical_spatial
เจ้าพระยา,บรรดาศักดิ์ชั้นสูงสุดของขุนนางในสมัยโบราณ,กลุ่มชาติพันธุ์ ชุมชน และวิถีชีวิต,โครงสร้างสังคมและบุคคลสำคัญ,ฐานันดรศักดิ์และบทบาททางสังคม,community,community_life
กากนาสูร,ยักษ์เพศหญิงในเรื่องรามเกียรติ์ที่แปลงกายเป็นอีกา,วรรณคดีและสิ่งมีชีวิตเชิงตำนาน,นามานุกรมและประเภทตัวละคร,เทวปกรณ์ อสูร และอมนุษย์,character,performing_arts
รจนา,ตัวละครเอกหญิงในเรื่องสังข์ทอง บุตรีของท้าวสามล,วรรณคดีและสิ่งมีชีวิตเชิงตำนาน,นามานุกรมและประเภทตัวละคร,ตัวละครหลักและบทบาทในบทละคร,character,performing_arts
กวางทอง,ร่างแปลงของมารีศเพื่อล่อลวงนางสีดาในเรื่องรามเกียรติ์,วรรณคดีและสิ่งมีชีวิตเชิงตำนาน,นามานุกรมและประเภทตัวละคร,เทวปกรณ์ อสูร และอมนุษย์,character,performing_arts
นิลพาหุ,ม้าในวรรณคดีเรื่องพระอภัยมณี (ม้านิลมังกร),วรรณคดีและสิ่งมีชีวิตเชิงตำนาน,นามานุกรมและประเภทตัวละคร,เทวปกรณ์ อสูร และอมนุษย์,character,performing_arts
พระเจ้าชัยวรมัน,พระนามของกษัตริย์ผู้ยิ่งใหญ่แห่งอาณาจักรขอม,กลุ่มชาติพันธุ์ ชุมชน และวิถีชีวิต,โครงสร้างสังคมและบุคคลสำคัญ,ฐานันดรศักดิ์และบทบาททางสังคม,community,community_life
แม่น้ำ,ทางน้ำธรรมชาติขนาดใหญ่ที่เป็นเส้นทางคมนาคมและแหล่งอาหาร,บริบทเชิงประวัติศาสตร์ ภูมิศาสตร์ และพื้นที่,ภูมิศาสตร์และอาณาบริเวณ,เขตปกครองและภูมิภาค,place,historical_spatial
ประทาน,กริยาที่ใช้กับเจ้านายหรือผู้ใหญ่ให้ของแก่ผู้น้อย,กลุ่มชาติพันธุ์ ชุมชน และวิถีชีวิต,วิถีชีวิตและพฤติกรรมทางสังคม,จารีตการปฏิบัติและพรรณไม้ในวิถีชีวิต,community,community_life
กรมศิลปากร,หน่วยงานรัฐที่มีหน้าที่ดูแลรักษามรดกทางศิลปวัฒนธรรมของชาติ,บริบทเชิงประวัติศาสตร์ ภูมิศาสตร์ และพื้นที่,พื้นที่ทางวัฒนธรรมและสถาบัน,สถานที่จัดแสดงและเขตพระราชฐาน,place,historical_spatial
เดินอากาศ,วิชาอาคมหรือความสามารถเหนือธรรมชาติในการเหาะเหิน,พิธีกรรม ความเชื่อ และจารีตวัฒนธรรม,คติความเชื่อและไสยศาสตร์,การขจัดปัดเป่าและอำนาจเหนือธรรมชาติ,mythical_being,ritual_belief
หายตัว,การใช้เวทมนตร์ทำให้ผู้อื่นมองไม่เห็นตนเอง,พิธีกรรม ความเชื่อ และจารีตวัฒนธรรม,คติความเชื่อและไสยศาสตร์,การขจัดปัดเป่าและอำนาจเหนือธรรมชาติ,mythical_being,ritual_belief
บูชาครู,พิธีกรรมแสดงความกตัญญูต่อครูอาจารย์ผู้ประสิทธิ์ประสาทวิชา,พิธีกรรม ความเชื่อ และจารีตวัฒนธรรม,จารีตประเพณีและพิธีกรรม,พิธีการสำคัญและจารีตทางสังคม,ritual,ritual_belief
ผึ่งแดด,การนำสิ่งของออกไปวางกลางแดดเพื่อให้แห้งหรือไล่ความชื้น,กลุ่มชาติพันธุ์ ชุมชน และวิถีชีวิต,วิถีชีวิตและพฤติกรรมทางสังคม,จารีตการปฏิบัติและพรรณไม้ในวิถีชีวิต,community,community_life
เจ้าเงาะ,ร่างจำแลงของพระสังข์ที่มีลักษณะตัวดำผมหยิก,วรรณคดีและสิ่งมีชีวิตเชิงตำนาน,นามานุกรมและประเภทตัวละคร,ตัวละครหลักและบทบาทในบทละคร,character,performing_arts
กาลสูร,ชื่อยักษ์ตนหนึ่งในวรรณคดี เป็นเสนาบดีของกรุงลงกา,วรรณคดีและสิ่งมีชีวิตเชิงตำนาน,นามานุกรมและประเภทตัวละคร,เทวปกรณ์ อสูร และอมนุษย์,character,performing_arts
ลอยกระทง,ประเพณีขอขมาพระแม่คงคาและบูชารอยพระพุทธบาทในคืนวันเพ็ญเดือนสิบสอง,พิธีกรรม ความเชื่อ และจารีตวัฒนธรรม,จารีตประเพณีและพิธีกรรม,พิธีการสำคัญและจารีตทางสังคม,ritual,ritual_belief
ศีรษะ,ส่วนหัวของร่างกาย หรือหัวโขนที่ใช้ในการแสดงนาฏศิลป์,วัฒนธรรมวัตถุ ศิลปกรรม และงานช่าง,พัสตราภรณ์และเครื่องแต่งกาย,ระเบียบการแต่งกายและอาวุธจำลอง,artifact,material_culture
การขึ้นลอย,กระบวนท่ารำที่ตัวละครฝ่ายพระและฝ่ายยักษ์ต่อสู้กันโดยการทรงตัวบนขาของอีกฝ่าย,ศิลปะการแสดงและดนตรี,นาฏยศิลป์และการแสดง,กระบวนท่ารำและจารีตการแสดง,music,performing_arts
ตัวพระ,บทบาทตัวละครชายในการแสดงโขนหรือละคร,วรรณคดีและสิ่งมีชีวิตเชิงตำนาน,นามานุกรมและประเภทตัวละคร,ตัวละครหลักและบทบาทในบทละคร,character,performing_arts
วิรุญจำบัง,ชื่อยักษ์ในเรื่องรามเกียรติ์ มีความสามารถในการหายตัวและซ่อนตัวในฟองน้ำ,วรรณคดีและสิ่งมีชีวิตเชิงตำนาน,นามานุกรมและประเภทตัวละคร,เทวปกรณ์ อสูร และอมนุษย์,character,performing_arts
ยมะ,เทพเจ้าแห่งความตายและผู้ปกครองนรกตามคติพราหมณ์-ฮินดู,พิธีกรรม ความเชื่อ และจารีตวัฒนธรรม,ระบบความเชื่อและศาสนา,คติทางศาสนาและสิ่งศักดิ์สิทธิ์,deity,ritual_belief
ปราสาทเมืองสิงห์,โบราณสถานศิลปะขอมตั้งอยู่ในจังหวัดกาญจนบุรี,วัฒนธรรมวัตถุ ศิลปกรรม และงานช่าง,สถาปัตยกรรมและพุทธศิลป์,ศาสนสถานและปูชนียวัตถุ,place,material_culture
ปราสาทหินพิมาย,ปราสาทหินขนาดใหญ่ในศิลปะขอม ตั้งอยู่ในจังหวัดนครราชสีมา,วัฒนธรรมวัตถุ ศิลปกรรม และงานช่าง,สถาปัตยกรรมและพุทธศิลป์,ศาสนสถานและปูชนียวัตถุ,artifact,material_culture
รามเกียรติ์,วรรณคดีเอกของไทยที่มีเค้าโครงมาจากมหากาพย์รามายณะของอินเดีย,วรรณคดีและสิ่งมีชีวิตเชิงตำนาน,นามานุกรมและประเภทตัวละคร,ตัวละครหลักและบทบาทในบทละคร,character,ramakien
การเกี้ยวพาราสี,พฤติกรรมการแสดงความรักหรือการจีบกันตามจารีตสังคม,กลุ่มชาติพันธุ์ ชุมชน และวิถีชีวิต,วิถีชีวิตและพฤติกรรมทางสังคม,จารีตการปฏิบัติและพรรณไม้ในวิถีชีวิต,community,community_life
ไทยบรมพิมาน,ชุดไทยพระราชนิยมสำหรับสตรี ใช้ในงานพิธีการตอนค่ำ,วัฒนธรรมวัตถุ ศิลปกรรม และงานช่าง,พัสตราภรณ์และเครื่องแต่งกาย,ระเบียบการแต่งกายและอาวุธจำลอง,artifact,material_culture
การทอ,กระบวนการผลิตผืนผ้าด้วยการขัดประสานเส้นด้ายพุ่งและด้ายยืน,กลุ่มชาติพันธุ์ ชุมชน และวิถีชีวิต,วิถีชีวิตและระบบเศรษฐกิจ,การประกอบอาชีพและโภชนาการ,community,community_life
ไม้ยาว,ชื่อเรียกเครื่องดนตรีประเภทเครื่องตีหรือส่วนประกอบในวงดนตรีไทยบางประเภท,ศิลปะการแสดงและดนตรี,ดุริยางคศิลป์และคีตศิลป์,เครื่องดนตรีและวงดนตรี,music,performing_arts
วานร,ลิง หรือตัวละครเผ่าพันธุ์ลิงในวรรณคดีเรื่องรามเกียรติ์,วรรณคดีและสิ่งมีชีวิตเชิงตำนาน,นามานุกรมและประเภทตัวละคร,เทวปกรณ์ อสูร และอมนุษย์,character,performing_arts
อาจารย์,ผู้สั่งสอนวิชาความรู้ หรือผู้มีบทบาทสำคัญในทางวิชาการและศิลปะ,กลุ่มชาติพันธุ์ ชุมชน และวิถีชีวิต,โครงสร้างสังคมและบุคคลสำคัญ,ฐานันดรศักดิ์และบทบาททางสังคม,community,community_life
โกเมน,ชื่ออัญมณีชนิดหนึ่ง มีสีแดงเข้มหรือสีเลือดหมู,วัฒนธรรมวัตถุ ศิลปกรรม และงานช่าง,วัสดุและอัญมณี,วัสดุธรรมชาติและรัตนชาติ,artifact,material_culture
กรับพวง,เครื่องดนตรีประเภทตี ทำด้วยไม้หรือโลหะหลายแผ่นร้อยรวมกัน,ศิลปะการแสดงและดนตรี,ดุริยางคศิลป์และคีตศิลป์,เครื่องดนตรีและวงดนตรี,music,performing_arts
ไทยจักรพรรดิ์,ชุดไทยพระราชนิยมสำหรับสตรี ใช้ในงานพิธีที่เป็นทางการมาก,วัฒนธรรมวัตถุ ศิลปกรรม และงานช่าง,พัสตราภรณ์และเครื่องแต่งกาย,ระเบียบการแต่งกายและอาวุธจำลอง,artifact,material_culture
พระชายา,ตำแหน่งภรรยาของเจ้านายชั้นสูงหรือพระมหากษัตริย์,วรรณคดีและสิ่งมีชีวิตเชิงตำนาน,สถานภาพและลำดับชั้นทางสังคมในวรรณกรรม,ฐานันดรศักดิ์และระบบเครือญาติ,concept,general
มือขวา,ท่ารำหรือตำแหน่งการวางมือในการแสดงนาฏศิลป์,ศิลปะการแสดงและดนตรี,นาฏยศิลป์และการแสดง,กระบวนท่ารำและจารีตการแสดง,music,performing_arts
จีนรัว,ชื่อเพลงหน้าพาทย์ที่ใช้ประกอบการแสดงเมื่อตัวละครเดินทางหรือแปลงกาย,ศิลปะการแสดงและดนตรี,ดุริยางคศิลป์และคีตศิลป์,ระเบียบวิธีทางดนตรีและประเภทบทเพลง,music,performing_arts
มณีพิชัย,ชื่อตัวละครเอกในบทละครนอกเรื่องมณีพิชัย,วรรณคดีและสิ่งมีชีวิตเชิงตำนาน,นามานุกรมและประเภทตัวละคร,ตัวละครหลักและบทบาทในบทละคร,character,performing_arts
แมนสรวง,ชื่อเมืองหรือดินแดนในอุดมคติที่ปรากฏในวรรณคดีไทย,บริบทเชิงประวัติศาสตร์ ภูมิศาสตร์ และพื้นที่,ภูมิศาสตร์และอาณาบริเวณ,พื้นที่ในคติความเชื่อและประวัติศาสตร์,concept,historical_spatial
นานาชาติ,ความสัมพันธ์หรือการรวมตัวกันของหลายประเทศ,กลุ่มชาติพันธุ์ ชุมชน และวิถีชีวิต,วิถีชีวิตและพฤติกรรมทางสังคม,จารีตการปฏิบัติและพรรณไม้ในวิถีชีวิต,community,community_life
สวามิภักดิ์,ความจงรักภักดีและการยอมตนอยู่ใต้อำนาจ,พิธีกรรม ความเชื่อ และจารีตวัฒนธรรม,จารีตประเพณีและพิธีกรรม,พิธีการสำคัญและจารีตทางสังคม,ritual,ritual_belief
สำเนียง,น้ำเสียงหรือลักษณะการออกเสียงที่เป็นเอกลักษณ์ของแต่ละท้องถิ่น,ศิลปะการแสดงและดนตรี,บุคลากรและทักษะทางศิลปะ,กลวิธีและสมรรถนะการแสดง,music,performing_arts
พาลี,พญาวานรตัวละครสำคัญในเรื่องรามเกียรติ์ ผู้ครองเมืองขีดขิน,วรรณคดีและสิ่งมีชีวิตเชิงตำนาน,นามานุกรมและประเภทตัวละคร,เทวปกรณ์ อสูร และอมนุษย์,character,performing_arts
นครศรีธรรมราช,จังหวัดในภาคใต้ของประเทศไทยที่มีประวัติศาสตร์ยาวนาน,บริบทเชิงประวัติศาสตร์ ภูมิศาสตร์ และพื้นที่,ภูมิศาสตร์และอาณาบริเวณ,เขตปกครองและภูมิภาค,place,historical_spatial
ผางประทีป,ตะเกียงดินเผาขนาดเล็กใช้จุดไฟบูชาในพิธีกรรมทางภาคเหนือ,วัฒนธรรมวัตถุ ศิลปกรรม และงานช่าง,สถาปัตยกรรมและพุทธศิลป์,ศาสนสถานและปูชนียวัตถุ,artifact,material_culture
ฟองน้ำ,ชื่อท่ารำประเภทหนึ่งในนาฏศิลป์ไทย,ศิลปะการแสดงและดนตรี,นาฏยศิลป์และการแสดง,กระบวนท่ารำและจารีตการแสดง,music,performing_arts
ท่วงทำนอง,ลำดับเสียงสูงต่ำที่เรียบเรียงให้เป็นทำนองเพลง,ศิลปะการแสดงและดนตรี,ดุริยางคศิลป์และคีตศิลป์,ระเบียบวิธีทางดนตรีและประเภทบทเพลง,music,performing_arts
โอดิสสี,มหากาพย์กรีกโบราณที่เทียบเคียงได้กับวรรณคดีสำคัญ,วรรณคดีและสิ่งมีชีวิตเชิงตำนาน,นามานุกรมและประเภทตัวละคร,ตัวละครหลักและบทบาทในบทละคร,character,performing_arts
กุมภกรรณ,ยักษ์ผู้เป็นน้องชายของทศกัณฐ์ในเรื่องรามเกียรติ์,วรรณคดีและสิ่งมีชีวิตเชิงตำนาน,นามานุกรมและประเภทตัวละคร,เทวปกรณ์ อสูร และอมนุษย์,character,performing_arts
พญาผานอง,วีรบุรุษและเจ้าเมืองน่านในตำนานและประวัติศาสตร์ท้องถิ่น,กลุ่มชาติพันธุ์ ชุมชน และวิถีชีวิต,โครงสร้างสังคมและบุคคลสำคัญ,ฐานันดรศักดิ์และบทบาททางสังคม,community,community_life
เพลงไทย,บทเพลงที่มีโครงสร้างและทำนองตามจารีตดนตรีไทย,ศิลปะการแสดงและดนตรี,ดุริยางคศิลป์และคีตศิลป์,ระเบียบวิธีทางดนตรีและประเภทบทเพลง,music,performing_arts
ละครดึกดำบรรพ์,ละครรำประเภทหนึ่งที่ปรับปรุงขึ้นในสมัยรัชกาลที่ 5,ศิลปะการแสดงและดนตรี,นาฏยศิลป์และการแสดง,รูปแบบการแสดงและนาฏศิลป์ท้องถิ่น,music,performing_arts
เขาสัตภัณฑ์,หมู่เขา 7 ชั้นที่ล้อมรอบเขาพระสุเมรุตามคติไตรภูมิ,บริบทเชิงประวัติศาสตร์ ภูมิศาสตร์ และพื้นที่,ภูมิศาสตร์และอาณาบริเวณ,พื้นที่ในคติความเชื่อและประวัติศาสตร์,concept,historical_spatial
ผู้แสดงฝ่ายหญิง,นักแสดงที่รับบทบาทเป็นตัวนางในนาฏศิลป์,ศิลปะการแสดงและดนตรี,บุคลากรและทักษะทางศิลปะ,กลวิธีและสมรรถนะการแสดง,music,performing_arts
ไทภูเขา,กลุ่มชาติพันธุ์ที่อาศัยอยู่บนพื้นที่สูง,กลุ่มชาติพันธุ์ ชุมชน และวิถีชีวิต,อัตลักษณ์ทางสังคมและกลุ่มคน,กลุ่มชาติพันธุ์และชุมชนท้องถิ่น,place,community_life
ชามพูวราช,พญาวานรผู้อาวุโสในกองทัพพระราม,วรรณคดีและสิ่งมีชีวิตเชิงตำนาน,นามานุกรมและประเภทตัวละคร,เทวปกรณ์ อสูร และอมนุษย์,character,performing_arts
พระลักษมณ์,พระอนุชาของพระรามในเรื่องรามเกียรติ์,วรรณคดีและสิ่งมีชีวิตเชิงตำนาน,นามานุกรมและประเภทตัวละคร,ตัวละครหลักและบทบาทในบทละคร,character,performing_arts
สังหาร,การทำให้ตาย มักใช้ในบริบทการสงครามหรือตำนาน,บริบทเชิงประวัติศาสตร์ ภูมิศาสตร์ และพื้นที่,ยุคสมัยและเหตุการณ์สำคัญ,ลำดับเวลาและประวัติศาสตร์การสงคราม,concept,historical_spatial
จารึก,การเขียนเป็นตัวอักษรลงบนวัตถุเพื่อเป็นหลักฐานทางประวัติศาสตร์,วัฒนธรรมวัตถุ ศิลปกรรม และงานช่าง,ประณีตศิลป์และทัศนศิลป์,งานช่างศิลปกรรมและเทคนิควิธี,artifact,material_culture
ข่ายเพชร,ลวดลายประดับหรือเครื่องแต่งกายที่มีลักษณะเป็นตาข่าย,วัฒนธรรมวัตถุ ศิลปกรรม และงานช่าง,พัสตราภรณ์และเครื่องแต่งกาย,ระเบียบการแต่งกายและอาวุธจำลอง,artifact,material_culture
รามสูร,ยักษ์ผู้ถือขวานเป็นอาวุธ มีหน้าที่ไล่จับนางเมขลาในตำนานฟ้าแลบฟ้าร้อง,วรรณคดีและสิ่งมีชีวิตเชิงตำนาน,นามานุกรมและประเภทตัวละคร,เทวปกรณ์ อสูร และอมนุษย์,character,performing_arts
บทร้อง,เนื้อร้องที่ใช้ในการขับร้องประกอบการแสดงหรือดนตรี,ศิลปะการแสดงและดนตรี,ดุริยางคศิลป์และคีตศิลป์,ระเบียบวิธีทางดนตรีและประเภทบทเพลง,music,performing_arts
ศรพรหมาสตร์,อาวุธวิเศษที่มีอานุภาพร้ายแรงในวรรณคดี มักเป็นอาวุธของพระรามหรืออินทรชิต,วัฒนธรรมวัตถุ ศิลปกรรม และงานช่าง,พัสตราภรณ์และเครื่องแต่งกาย,ระเบียบการแต่งกายและอาวุธจำลอง,artifact,material_culture
งานแต่งงาน,พิธีกรรมการมงคลเพื่อประกาศการใช้ชีวิตคู่ร่วมกันของชายหญิง,พิธีกรรม ความเชื่อ และจารีตวัฒนธรรม,จารีตประเพณีและพิธีกรรม,พิธีการสำคัญและจารีตทางสังคม,ritual,ritual_belief
รูปนอก,ลักษณะภายนอกที่ปรากฏให้เห็น มักใช้เรียกกายหยาบหรือรูปลักษณ์ที่ปรุงแต่งขึ้น,วรรณคดีและสิ่งมีชีวิตเชิงตำนาน,นามานุกรมและประเภทตัวละคร,ตัวละครหลักและบทบาทในบทละคร,character,performing_arts
ปราสาทพระขรรค์,ชื่อปราสาทหินโบราณในวัฒนธรรมเขมรที่มีอิทธิพลต่อประวัติศาสตร์ไทย,วัฒนธรรมวัตถุ ศิลปกรรม และงานช่าง,สถาปัตยกรรมและพุทธศิลป์,ศาสนสถานและปูชนียวัตถุ,artifact,material_culture
รำเดี่ยว,การแสดงนาฏศิลป์ที่ใช้ผู้แสดงเพียงคนเดียวเพื่อโชว์ฝีมือและทักษะ,ศิลปะการแสดงและดนตรี,นาฏยศิลป์และการแสดง,รูปแบบการแสดงและนาฏศิลป์ท้องถิ่น,music,performing_arts
กระบวนท่ารำ,ลำดับและรูปแบบการเคลื่อนไหวร่างกายที่เป็นระเบียบแบบแผนในนาฏศิลป์,ศิลปะการแสดงและดนตรี,นาฏยศิลป์และการแสดง,กระบวนท่ารำและจารีตการแสดง,music,performing_arts
แม่ไม้มวย,ท่าหลักที่เป็นพื้นฐานสำคัญของการต่อสู้ในวิชามวยไทย,ศิลปะการแสดงและดนตรี,บุคลากรและทักษะทางศิลปะ,กลวิธีและสมรรถนะการแสดง,music,performing_arts
ยอพระกลิ่น,ชื่อตัวละครเอกหญิงในวรรณคดีไทยที่มีกลิ่นกายหอม,วรรณคดีและสิ่งมีชีวิตเชิงตำนาน,นามานุกรมและประเภทตัวละคร,ตัวละครหลักและบทบาทในบทละคร,character,performing_arts
งานรื่นเริง,กิจกรรมที่จัดขึ้นเพื่อความสนุกสนานและการสังสรรค์ในโอกาสต่างๆ,กลุ่มชาติพันธุ์ ชุมชน และวิถีชีวิต,วิถีชีวิตและพฤติกรรมทางสังคม,จารีตการปฏิบัติและพรรณไม้ในวิถีชีวิต,community,community_life
หนุมาน,ตัวละครเอกในเรื่องรามเกียรติ์ เป็นลิงเผือกที่มีอิทธิฤทธิ์มาก,วรรณคดีและสิ่งมีชีวิตเชิงตำนาน,นามานุกรมและประเภทตัวละคร,ตัวละครหลักและบทบาทในบทละคร,character,ramakien
เวที,พื้นที่ยกพื้นสูงสำหรับใช้ในการแสดงหรือประกอบกิจกรรมต่อหน้าสาธารณชน,บริบทเชิงประวัติศาสตร์ ภูมิศาสตร์ และพื้นที่,พื้นที่ทางวัฒนธรรมและสถาบัน,สถานที่จัดแสดงและเขตพระราชฐาน,place,historical_spatial
รำพัด,การแสดงร่ายรำที่ใช้พัดเป็นอุปกรณ์ประกอบการแสดง,ศิลปะการแสดงและดนตรี,นาฏยศิลป์และการแสดง,รูปแบบการแสดงและนาฏศิลป์ท้องถิ่น,music,performing_arts
จุดไฟ,การทำให้เกิดไฟเพื่อใช้ในพิธีกรรมหรือการให้แสงสว่าง,พิธีกรรม ความเชื่อ และจารีตวัฒนธรรม,จารีตประเพณีและพิธีกรรม,พิธีการสำคัญและจารีตทางสังคม,ritual,ritual_belief
รุทการ,ชื่อยักษ์ตนหนึ่งในวรรณคดี หรืออมนุษย์ที่มีฤทธิ์,วรรณคดีและสิ่งมีชีวิตเชิงตำนาน,นามานุกรมและประเภทตัวละคร,เทวปกรณ์ อสูร และอมนุษย์,character,performing_arts
ออกอุบาย,การใช้เล่ห์เหลี่ยมหรือกลวิธีในการดำเนินเรื่องของตัวละคร,วรรณคดีและสิ่งมีชีวิตเชิงตำนาน,นามานุกรมและประเภทตัวละคร,ตัวละครหลักและบทบาทในบทละคร,character,performing_arts
เชิงมวย,ทักษะและชั้นเชิงในการต่อสู้แบบมวยไทย,ศิลปะการแสดงและดนตรี,บุคลากรและทักษะทางศิลปะ,กลวิธีและสมรรถนะการแสดง,music,performing_arts
เชียงใหม่,ชื่อจังหวัดและอดีตอาณาจักรในภาคเหนือของประเทศไทย,บริบทเชิงประวัติศาสตร์ ภูมิศาสตร์ และพื้นที่,ภูมิศาสตร์และอาณาบริเวณ,เขตปกครองและภูมิภาค,place,historical_spatial
แก้แค้น,พฤติกรรมทางสังคมที่ตอบโต้ต่อการกระทำที่ทำให้ขุ่นเคือง,กลุ่มชาติพันธุ์ ชุมชน และวิถีชีวิต,วิถีชีวิตและพฤติกรรมทางสังคม,จารีตการปฏิบัติและพรรณไม้ในวิถีชีวิต,community,community_life
ชายหนุ่ม,บุคคลเพศชายที่อยู่ในวัยฉกรรจ์,กลุ่มชาติพันธุ์ ชุมชน และวิถีชีวิต,โครงสร้างสังคมและบุคคลสำคัญ,ฐานันดรศักดิ์และบทบาททางสังคม,community,community_life
บทละคร,เนื้อเรื่องที่แต่งขึ้นเพื่อใช้ในการแสดง,วรรณคดีและสิ่งมีชีวิตเชิงตำนาน,นามานุกรมและประเภทตัวละคร,ตัวละครหลักและบทบาทในบทละคร,character,performing_arts
ความคล่องแคล่ว,สมรรถนะและความรวดเร็วในการเคลื่อนไหวร่างกายเพื่อการแสดง,ศิลปะการแสดงและดนตรี,บุคลากรและทักษะทางศิลปะ,กลวิธีและสมรรถนะการแสดง,music,performing_arts
เพลงอัตราจังหวะสองชั้น,ประเภทของเพลงไทยเดิมที่มีอัตราจังหวะปานกลาง,ศิลปะการแสดงและดนตรี,ดุริยางคศิลป์และคีตศิลป์,ระเบียบวิธีทางดนตรีและประเภทบทเพลง,music,performing_arts
น้อยใจยา,ชื่อตัวละครเอกชายในบทละครซอเรื่องน้อยใจยา,วรรณคดีและสิ่งมีชีวิตเชิงตำนาน,นามานุกรมและประเภทตัวละคร,ตัวละครหลักและบทบาทในบทละคร,character,performing_arts
พระราชธิดา,ลูกสาวของพระมหากษัตริย์หรือเจ้าฟ้า,วรรณคดีและสิ่งมีชีวิตเชิงตำนาน,สถานภาพและลำดับชั้นทางสังคมในวรรณกรรม,ฐานันดรศักดิ์และระบบเครือญาติ,concept,general
ประติมากรรม,งานศิลปะที่สร้างสรรค์ด้วยการปั้น แกะสลัก หรือหล่อ,วัฒนธรรมวัตถุ ศิลปกรรม และงานช่าง,ประณีตศิลป์และทัศนศิลป์,งานช่างศิลปกรรมและเทคนิควิธี,artifact,material_culture
ภาษามลายู,ภาษาที่ใช้สื่อสารในกลุ่มชาติพันธุ์มลายู,กลุ่มชาติพันธุ์ ชุมชน และวิถีชีวิต,อัตลักษณ์ทางสังคมและกลุ่มคน,กลุ่มชาติพันธุ์และชุมชนท้องถิ่น,community,community_life
ย่องหงิด,ชื่อเพลงไทยเดิมประเภทเพลงหน้าพาทย์หรือเพลงที่มีท่วงทำนองเฉพาะ,ศิลปะการแสดงและดนตรี,ดุริยางคศิลป์และคีตศิลป์,ระเบียบวิธีทางดนตรีและประเภทบทเพลง,music,performing_arts
